/*
 * argus_data.h — AUTO-GENERATED from assets/argus/argus_sheet.png.
 * Regenerate: python scripts/convert_argus.py
 *
 * 12 mood sprites, 96x96 RGB565, native endian.
 * Render via PoseidonDisplay.pushImage(x, y, ARGUS_W, ARGUS_H, ARGUS_<MOOD>).
 */
#pragma once

#define ARGUS_W  96
#define ARGUS_H  96
#define ARGUS_PIXELS  (96 * 96)

/* Mood enum — values are the row-major index in the source sheet. */
enum argus_mood_t : int {
    ARGUS_WATCHING = 0,
    ARGUS_INTERESTED = 1,
    ARGUS_PLEASED = 2,
    ARGUS_ANNOYED = 3,
    ARGUS_RESIGNED = 4,
    ARGUS_CALCULATING = 5,
    ARGUS_CYNICAL = 6,
    ARGUS_OLD_FURY = 7,
    ARGUS_SLEEPING = 8,
    ARGUS_REFLECTIVE = 9,
    ARGUS_CURIOUS = 10,
    ARGUS_STERN = 11,
    ARGUS_MOOD_COUNT = 12,
};

static const uint16_t ARGUS_SPR_WATCHING[ARGUS_PIXELS] = {
    0x0000, 0x0000, 0x0000, 0x0000, 0x0000, 0x0000, 0x0000, 0x0000, 0x0000, 0x0000, 0x0000, 0x0000,
    0x0000, 0x0000, 0x0000, 0x0000, 0x0000, 0x0000, 0x0000, 0x0000, 0x0000, 0x0000, 0x0000, 0x0000,
    0x0000, 0x0000, 0x0000, 0x0000, 0x0000, 0x0000, 0x0000, 0x0000, 0x0000, 0x0000, 0x0000, 0x0000,
    0x0000, 0x0000, 0x0000, 0x0000, 0x0000, 0x0000, 0x0000, 0x0000, 0x0000, 0x0000, 0x0000, 0x0000,
    0x0000, 0x0000, 0x0000, 0x0000, 0x0000, 0x0000, 0x0000, 0x0000, 0x0000, 0x0000, 0x0000, 0x0000,
    0x0000, 0x0000, 0x0000, 0x0000, 0x0000, 0x0000, 0x0000, 0x0000, 0x0000, 0x0000, 0x0000, 0x0000,
    0x0000, 0x0000, 0x0000, 0x0000, 0x0000, 0x0000, 0x0000, 0x0000, 0x0000, 0x0000, 0x0000, 0x0000,
    0x0000, 0x0000, 0x0000, 0x0000, 0x0000, 0x0000, 0x0000, 0x0000, 0x0000, 0x0000, 0x0000, 0x0000,
    0x0000, 0x0000, 0x0000, 0x0000, 0x0000, 0x0000, 0x0000, 0x0000, 0x0000, 0x0000, 0x0000, 0x0000,
    0x0000, 0x0000, 0x0000, 0x0000, 0x0000, 0x0000, 0x0000, 0x0000, 0x0000, 0x0000, 0x0000, 0x0000,
    0x0000, 0x0000, 0x0000, 0x0000, 0x0000, 0x0000, 0x0000, 0x0000, 0x0000, 0x0000, 0x0000, 0x0000,
    0x0000, 0x0000, 0x0000, 0x0000, 0x0000, 0x0000, 0x0000, 0x0000, 0x0000, 0x0000, 0x0000, 0x0000,
    0x0000, 0x0000, 0x0000, 0x0000, 0x0000, 0x0000, 0x0000, 0x0000, 0x0000, 0x0000, 0x0000, 0x0000,
    0x0000, 0x0000, 0x0000, 0x0000, 0x0000, 0x0000, 0x0000, 0x0000, 0x0000, 0x0000, 0x0000, 0x0000,
    0x0000, 0x0000, 0x0000, 0x0000, 0x0000, 0x0000, 0x0000, 0x0000, 0x0000, 0x0000, 0x0000, 0x0000,
    0x0000, 0x0000, 0x0000, 0x0000, 0x0000, 0x0000, 0x0000, 0x0000, 0x0000, 0x0000, 0x0000, 0x0000,
    0x0000, 0x0000, 0x0000, 0x0000, 0x0000, 0x0000, 0x0000, 0x0000, 0x0000, 0x0000, 0x0000, 0x0000,
    0x0000, 0x0000, 0x0000, 0x0000, 0x0000, 0x0000, 0x0000, 0x0000, 0x0000, 0x0000, 0x0000, 0x0000,
    0x0000, 0x0000, 0x0000, 0x0000, 0x0000, 0x0000, 0x0000, 0x0000, 0x0000, 0x0000, 0x0000, 0x0000,
    0x0000, 0x0000, 0x0000, 0x0000, 0x0000, 0x0000, 0x0000, 0x0000, 0x0000, 0x2000, 0x6208, 0x6208,
    0x6208, 0x8208, 0x2100, 0x0000, 0x0000, 0x0000, 0x0000, 0x0000, 0x0000, 0x0000, 0x0000, 0x0000,
    0x0000, 0x0000, 0x0000, 0x0000, 0x0000, 0x0000, 0x0000, 0x0000, 0x0000, 0x0000, 0x0000, 0x0000,
    0x0000, 0x0000, 0x0000, 0x0000, 0x0000, 0x0000, 0x0000, 0x0000, 0x0000, 0x0000, 0x0000, 0x0000,
    0x0000, 0x0000, 0x0000, 0x0000, 0x0000, 0x0000, 0x0000, 0x0000, 0x0000, 0x0000, 0x0000, 0x0000,
    0x0000, 0x0000, 0x0000, 0x0000, 0x0000, 0x0000, 0x0000, 0x0000, 0x0000, 0x0000, 0x0000, 0x0000,
    0x0000, 0x0000, 0x0000, 0x0000, 0x0000, 0x0000, 0x0000, 0x0000, 0x0000, 0x0000, 0x0000, 0x0000,
    0x0000, 0x0000, 0x0000, 0x0000, 0x0000, 0x0000, 0x0000, 0x0000, 0x0000, 0x0000, 0x0000, 0x0000,
    0x0000, 0x0000, 0x0000, 0x0000, 0x0000, 0x0000, 0x0000, 0x0000, 0x2100, 0x0000, 0x884A, 0xAB7B,
    0xAA73, 0x095B, 0x6108, 0x2000, 0x0000, 0x0000, 0x0000, 0x0000, 0x0000, 0x0000, 0x0000, 0x0000,
    0x0000, 0x0000, 0x0000, 0x0000, 0x0000, 0x0000, 0x0000, 0x0000, 0x0000, 0x0000, 0x0000, 0x0000,
    0x0000, 0x0000, 0x0000, 0x0000, 0x0000, 0x0000, 0x0000, 0x0000, 0x0000, 0x0000, 0x0000, 0x0000,
    0x0000, 0x0000, 0x0000, 0x0000, 0x0000, 0x0000, 0x0000, 0x0000, 0x0000, 0x0000, 0x0000, 0x0000,
    0x0000, 0x0000, 0x0000, 0x0000, 0x0000, 0x0000, 0x0000, 0x0000, 0x0000, 0x0000, 0x0000, 0x0000,
    0x0000, 0x0000, 0x0000, 0x0000, 0x0000, 0x0000, 0x0000, 0x0000, 0x0000, 0x0000, 0x0000, 0x0000,
    0x0000, 0x0000, 0x0000, 0x0000, 0x0000, 0x0000, 0x0000, 0x0000, 0x0000, 0x0000, 0x0000, 0x0000,
    0x0000, 0x0000, 0x0000, 0x0000, 0x0000, 0x2100, 0x0521, 0x2521, 0x2421, 0x4B63, 0xEF9C, 0xD1B5,
    0x12B6, 0x70A5, 0x6E8C, 0xA531, 0x6529, 0x6521, 0x6208, 0x2000, 0x0000, 0x0000, 0x0000, 0x0000,
    0x0000, 0x0000, 0x0000, 0x0000, 0x0000, 0x0000, 0x0000, 0x0000, 0x0000, 0x0000, 0x0000, 0x0000,
    0x0000, 0x0000, 0x0000, 0x0000, 0x0000, 0x0000, 0x0000, 0x0000, 0x0000, 0x0000, 0x0000, 0x0000,
    0x0000, 0x0000, 0x0000, 0x0000, 0x0000, 0x0000, 0x0000, 0x0000, 0x0000, 0x0000, 0x0000, 0x0000,
    0x0000, 0x0000, 0x0000, 0x0000, 0x0000, 0x0000, 0x0000, 0x0000, 0x0000, 0x0000, 0x0000, 0x0000,
    0x0000, 0x0000, 0x0000, 0x0000, 0x0000, 0x0000, 0x0000, 0x0000, 0x0000, 0x0000, 0x0000, 0x0000,
    0x0000, 0x0000, 0x0000, 0x0000, 0x0000, 0x0000, 0x0000, 0x0000, 0x0000, 0x0000, 0x0000, 0x0000,
    0x0000, 0x0000, 0x2100, 0x8308, 0x2619, 0xE418, 0xCC7B, 0x30A5, 0x2D84, 0xD3AD, 0xB7C6, 0x5ADF,
    0x7BDF, 0xB7C6, 0x55BE, 0xAE94, 0xCE9C, 0x6D8C, 0x6529, 0x0511, 0xA308, 0x2100, 0x2000, 0x0000,
    0x0000, 0x0000, 0x0000, 0x0000, 0x0000, 0x0000, 0x0000, 0x0000, 0x0000, 0x0000, 0x0000, 0x0000,
    0x0000, 0x0000, 0x0000, 0x0000, 0x0000, 0x0000, 0x0000, 0x0000, 0x0000, 0x0000, 0x0000, 0x0000,
    0x0000, 0x0000, 0x0000, 0x0000, 0x0000, 0x0000, 0x0000, 0x0000, 0x0000, 0x0000, 0x0000, 0x0000,
    0x0000, 0x0000, 0x0000, 0x0000, 0x0000, 0x0000, 0x0000, 0x0000, 0x0000, 0x0000, 0x0000, 0x0000,
    0x0000, 0x0000, 0x0000, 0x0000, 0x0000, 0x0000, 0x0000, 0x0000, 0x0000, 0x0000, 0x0000, 0x0000,
    0x0000, 0x0000, 0x0000, 0x0000, 0x0000, 0x0000, 0x0000, 0x0000, 0x0000, 0x0000, 0x0000, 0x0000,
    0x0000, 0xC408, 0x6719, 0x4A2A, 0xE829, 0xAB73, 0x50A5, 0x54BE, 0xB3A5, 0x15AE, 0xD9C6, 0x7BE7,
    0x9CE7, 0xB8C6, 0x77BE, 0x519D, 0x75C6, 0x50AD, 0x4D8C, 0x2832, 0xE821, 0xA719, 0xA308, 0x2100,
    0x0000, 0x0000, 0x0000, 0x0000, 0x0000, 0x0000, 0x0000, 0x0000, 0x0000, 0x0000, 0x0000, 0x0000,
    0x0000, 0x0000, 0x0000, 0x0000, 0x0000, 0x0000, 0x0000, 0x0000, 0x0000, 0x0000, 0x0000, 0x0000,
    0x0000, 0x0000, 0x0000, 0x0000, 0x0000, 0x0000, 0x0000, 0x0000, 0x0000, 0x0000, 0x0000, 0x0000,
    0x0000, 0x0000, 0x0000, 0x0000, 0x0000, 0x0000, 0x0000, 0x0000, 0x0000, 0x0000, 0x0000, 0x0000,
    0x0000, 0x0000, 0x0000, 0x0000, 0x0000, 0x0000, 0x0000, 0x0000, 0x0000, 0x0000, 0x0000, 0x0000,
    0x0000, 0x0000, 0x0000, 0x0000, 0x0000, 0x0000, 0x0000, 0x0000, 0x0000, 0x0000, 0x4200, 0x6208,
    0xE410, 0x2922, 0x2D3B, 0xCB32, 0xE952, 0x0FA5, 0x13B6, 0x5AD7, 0xF5AD, 0x36B6, 0xD9C6, 0x9BE7,
    0x9BE7, 0xD9C6, 0x98BE, 0x739D, 0x19CF, 0xB7CE, 0x4FA5, 0xCB73, 0x8932, 0x0C33, 0x6A2A, 0x6619,
    0x8308, 0x4208, 0x0000, 0x0000, 0x0000, 0x0000, 0x0000, 0x0000, 0x0000, 0x0000, 0x0000, 0x0000,
    0x0000, 0x0000, 0x0000, 0x0000, 0x0000, 0x0000, 0x0000, 0x0000, 0x0000, 0x0000, 0x0000, 0x0000,
    0x0000, 0x0000, 0x0000, 0x0000, 0x0000, 0x0000, 0x0000, 0x0000, 0x0000, 0x0000, 0x0000, 0x0000,
    0x0000, 0x0000, 0x0000, 0x0000, 0x0000, 0x0000, 0x0000, 0x0000, 0x0000, 0x0000, 0x0000, 0x0000,
    0x0000, 0x0000, 0x0000, 0x0000, 0x0000, 0x0000, 0x0000, 0x0000, 0x0000, 0x0000, 0x0000, 0x0000,
    0x0000, 0x0000, 0x0000, 0x0000, 0x0000, 0x0000, 0x0000, 0x0000, 0x0000, 0x6208, 0x4619, 0xE921,
    0xAB2A, 0xAE43, 0xEA2A, 0x294B, 0xEE9C, 0x0F9D, 0x97C6, 0x5ADF, 0x15AE, 0x739D, 0x97BE, 0x7BDF,
    0x7BDF, 0xB8C6, 0x93A5, 0x739D, 0x19CF, 0x19D7, 0xEF94, 0xAC94, 0xAA63, 0x2B3B, 0x8D3B, 0x8A2A,
    0x092A, 0x4619, 0x8308, 0x0000, 0x0000, 0x0000, 0x0000, 0x0000, 0x0000, 0x0000, 0x0000, 0x0000,
    0x0000, 0x0000, 0x0000, 0x0000, 0x0000, 0x0000, 0x0000, 0x0000, 0x0000, 0x0000, 0x0000, 0x0000,
    0x0000, 0x0000, 0x0000, 0x0000, 0x0000, 0x0000, 0x0000, 0x0000, 0x0000, 0x0000, 0x0000, 0x0000,
    0x0000, 0x0000, 0x0000, 0x0000, 0x0000, 0x0000, 0x0000, 0x0000, 0x0000, 0x0000, 0x0000, 0x0000,
    0x0000, 0x0000, 0x0000, 0x0000, 0x0000, 0x0000, 0x0000, 0x0000, 0x0000, 0x0000, 0x0000, 0x0000,
    0x0000, 0x0000, 0x0000, 0x0000, 0x0000, 0x0000, 0x2100, 0x4100, 0xA410, 0x6719, 0xAB32, 0x5054,
    0x0F44, 0xAD3B, 0x0943, 0xCE8C, 0xD2AD, 0x3195, 0x56B6, 0x39D7, 0x36B6, 0x3295, 0x56BE, 0x19D7,
    0x19CF, 0xB8C6, 0x1295, 0xB4A5, 0x3AD7, 0xB8C6, 0x118D, 0xF3B5, 0x50A5, 0xAB5B, 0x6D3B, 0x8D33,
    0x4C33, 0xCC32, 0xC921, 0x0519, 0x2100, 0x2100, 0x0000, 0x0000, 0x0000, 0x0000, 0x0000, 0x0000,
    0x0000, 0x0000, 0x0000, 0x0000, 0x0000, 0x0000, 0x0000, 0x0000, 0x0000, 0x0000, 0x0000, 0x0000,
    0x0000, 0x0000, 0x0000, 0x0000, 0x0000, 0x0000, 0x0000, 0x0000, 0x0000, 0x0000, 0x0000, 0x0000,
    0x0000, 0x0000, 0x0000, 0x0000, 0x0000, 0x0000, 0x0000, 0x0000, 0x0000, 0x0000, 0x0000, 0x0000,
    0x0000, 0x0000, 0x0000, 0x0000, 0x0000, 0x0000, 0x0000, 0x0000, 0x0000, 0x0000, 0x0000, 0x0000,
    0x0000, 0x0000, 0x0000, 0x0000, 0x0000, 0x6208, 0xC410, 0xE510, 0x4619, 0x6711, 0x0C33, 0x704C,
    0x4F44, 0x0B2B, 0xE94A, 0x91A5, 0xF8CE, 0x939D, 0xB4A5, 0x19D7, 0x56BE, 0x1195, 0x15B6, 0xF8CE,
    0xD8CE, 0x97C6, 0x1295, 0xF5AD, 0x19D7, 0x36B6, 0x3295, 0x19CF, 0x55BE, 0xAC6B, 0xAA2A, 0x2F44,
    0x914C, 0xAE43, 0x8811, 0x6719, 0xC408, 0xA308, 0x8308, 0x0000, 0x0000, 0x0000, 0x0000, 0x0000,
    0x0000, 0x0000, 0x0000, 0x0000, 0x0000, 0x0000, 0x0000, 0x0000, 0x0000, 0x0000, 0x0000, 0x0000,
    0x0000, 0x0000, 0x0000, 0x0000, 0x0000, 0x0000, 0x0000, 0x0000, 0x0000, 0x0000, 0x0000, 0x0000,
    0x0000, 0x0000, 0x0000, 0x0000, 0x0000, 0x0000, 0x0000, 0x0000, 0x0000, 0x0000, 0x0000, 0x0000,
    0x0000, 0x0000, 0x0000, 0x0000, 0x0000, 0x0000, 0x0000, 0x0000, 0x0000, 0x0000, 0x0000, 0x0000,
    0x0000, 0x0000, 0x0000, 0x0000, 0x4208, 0x2519, 0xD384, 0xF7A5, 0xD6A5, 0x37A6, 0x305C, 0x0B33,
    0x8D3B, 0xCB32, 0xA942, 0x92A5, 0x3AD7, 0x16B6, 0x529D, 0xD8CE, 0x97BE, 0x1195, 0xD4AD, 0x97C6,
    0x96C6, 0x56BE, 0xF194, 0x15B6, 0x19D7, 0x94A5, 0x93A5, 0x3ADF, 0x35BE, 0xCD6B, 0x492A, 0xAE43,
    0x2C33, 0x0C3B, 0x9595, 0xB6A5, 0xD6A5, 0x5595, 0xC829, 0x6208, 0x2100, 0x0000, 0x0000, 0x0000,
    0x0000, 0x0000, 0x0000, 0x0000, 0x0000, 0x0000, 0x0000, 0x0000, 0x0000, 0x0000, 0x0000, 0x0000,
    0x0000, 0x0000, 0x0000, 0x0000, 0x0000, 0x0000, 0x0000, 0x0000, 0x0000, 0x0000, 0x0000, 0x0000,
    0x0000, 0x0000, 0x0000, 0x0000, 0x0000, 0x0000, 0x0000, 0x0000, 0x0000, 0x0000, 0x0000, 0x0000,
    0x0000, 0x0000, 0x0000, 0x0000, 0x0000, 0x0000, 0x0000, 0x0000, 0x0000, 0x0000, 0x0000, 0x0000,
    0x0000, 0x0000, 0x0000, 0x2100, 0xA729, 0xF384, 0x7BCF, 0x5BCF, 0xF9BE, 0x5BC7, 0x5BCF, 0xF37C,
    0x2C3B, 0xEB42, 0xEA5A, 0x329D, 0xD9CE, 0x97C6, 0x539D, 0x15B6, 0x97C6, 0x329D, 0x73A5, 0xF4B5,
    0xF4AD, 0xB4AD, 0xF194, 0x76BE, 0x97C6, 0x329D, 0x36BE, 0x1AD7, 0xB4AD, 0x6B63, 0xEC42, 0x2D43,
    0xCF5B, 0xDABE, 0x5BCF, 0xB9BE, 0xF9BE, 0x3BC7, 0xD69D, 0xAB42, 0x4100, 0x0000, 0x0000, 0x0000,
    0x0000, 0x0000, 0x0000, 0x0000, 0x0000, 0x0000, 0x0000, 0x0000, 0x0000, 0x0000, 0x0000, 0x0000,
    0x0000, 0x0000, 0x0000, 0x0000, 0x0000, 0x0000, 0x0000, 0x0000, 0x0000, 0x0000, 0x0000, 0x0000,
    0x0000, 0x0000, 0x0000, 0x0000, 0x0000, 0x0000, 0x0000, 0x0000, 0x0000, 0x0000, 0x0000, 0x0000,
    0x0000, 0x0000, 0x0000, 0x0000, 0x0000, 0x0000, 0x0000, 0x0000, 0x0000, 0x0000, 0x0000, 0x0000,
    0x0000, 0x0000, 0x6208, 0x6300, 0xCF63, 0x9CCF, 0x78A6, 0x3375, 0xF26C, 0x3375, 0x98AE, 0x7CCF,
    0x9274, 0xA942, 0x6E8C, 0x329D, 0xF5AD, 0xB8CE, 0xB4AD, 0x539D, 0x35B6, 0x93A5, 0xD194, 0xB4A5,
    0xD4AD, 0x1295, 0x539D, 0x77BE, 0xB4AD, 0x73A5, 0xB8CE, 0x57BE, 0x329D, 0x109D, 0x0A53, 0x6E53,
    0xFAC6, 0xFAC6, 0x7485, 0xB264, 0x136D, 0x1696, 0x5BCF, 0x148D, 0x0511, 0x4108, 0x0000, 0x0000,
    0x0000, 0x0000, 0x0000, 0x0000, 0x0000, 0x0000, 0x0000, 0x0000, 0x0000, 0x0000, 0x0000, 0x0000,
    0x0000, 0x0000, 0x0000, 0x0000, 0x0000, 0x0000, 0x0000, 0x0000, 0x0000, 0x0000, 0x0000, 0x0000,
    0x0000, 0x0000, 0x0000, 0x0000, 0x0000, 0x0000, 0x0000, 0x0000, 0x0000, 0x0000, 0x0000, 0x0000,
    0x0000, 0x0000, 0x0000, 0x0000, 0x0000, 0x0000, 0x0000, 0x0000, 0x0000, 0x0000, 0x0000, 0x0000,
    0x0000, 0x0000, 0x8308, 0x4511, 0x548D, 0xB9AE, 0xF26C, 0xEF43, 0x915C, 0x715C, 0xD264, 0xB9AE,
    0xD695, 0xA842, 0xD2B5, 0xF5AD, 0x1295, 0x36BE, 0x56BE, 0x339D, 0x94AD, 0x15B6, 0x339D, 0xB4A5,
    0xD5AD, 0x329D, 0xF5B5, 0x16BE, 0x329D, 0x16B6, 0x98C6, 0x539D, 0xB4AD, 0xF3BD, 0xE952, 0xCE5B,
    0x1ABF, 0xD26C, 0x5154, 0x9264, 0xCE43, 0x715C, 0x78A6, 0xB9BE, 0xCC42, 0x6200, 0x0000, 0x0000,
    0x0000, 0x0000, 0x0000, 0x0000, 0x0000, 0x0000, 0x0000, 0x0000, 0x0000, 0x0000, 0x0000, 0x0000,
    0x0000, 0x0000, 0x0000, 0x0000, 0x0000, 0x0000, 0x0000, 0x0000, 0x0000, 0x0000, 0x0000, 0x0000,
    0x0000, 0x0000, 0x0000, 0x0000, 0x0000, 0x0000, 0x0000, 0x0000, 0x0000, 0x0000, 0x0000, 0x0000,
    0x0000, 0x0000, 0x0000, 0x0000, 0x0000, 0x0000, 0x0000, 0x0000, 0x0000, 0x0000, 0x0000, 0x0000,
    0x0000, 0x4200, 0x6611, 0x2C3B, 0xD9B6, 0x7485, 0x505C, 0x589E, 0xB685, 0x9585, 0xD264, 0xD264,
    0x137D, 0x8942, 0xAE94, 0xF4AD, 0x329D, 0x329D, 0x36BE, 0xB5AD, 0x339D, 0xD5AD, 0x73A5, 0xB4AD,
    0xF5AD, 0x73A5, 0xB5AD, 0x339D, 0x94AD, 0x57C6, 0x73A5, 0x339D, 0xF5B5, 0x309D, 0x0A53, 0xCF5B,
    0xB264, 0x515C, 0xD264, 0x547D, 0xB9AE, 0x7164, 0x5385, 0x3BC7, 0x5164, 0xE819, 0x6300, 0x0000,
    0x0000, 0x0000, 0x0000, 0x0000, 0x0000, 0x0000, 0x0000, 0x0000, 0x0000, 0x0000, 0x0000, 0x0000,
    0x0000, 0x0000, 0x0000, 0x0000, 0x0000, 0x0000, 0x0000, 0x0000, 0x0000, 0x0000, 0x0000, 0x0000,
    0x0000, 0x0000, 0x0000, 0x0000, 0x0000, 0x0000, 0x0000, 0x0000, 0x0000, 0x0000, 0x0000, 0x0000,
    0x0000, 0x0000, 0x0000, 0x0000, 0x0000, 0x0000, 0x0000, 0x0000, 0x0000, 0x2100, 0xE410, 0x4621,
    0x4621, 0x6621, 0x0C33, 0x2B2B, 0xD595, 0x1696, 0xB68D, 0x1BBF, 0xF374, 0xAE43, 0x3475, 0x0F4C,
    0xD26C, 0xEB42, 0x0A5B, 0xF09C, 0xB4AD, 0x129D, 0x329D, 0x16B6, 0x54A5, 0x339D, 0x73A5, 0xD5AD,
    0xF5B5, 0x74A5, 0x74A5, 0x339D, 0x16BE, 0x74A5, 0x129D, 0xD5AD, 0x119D, 0xAC73, 0x893A, 0x3164,
    0x715C, 0x5475, 0x104C, 0x5064, 0x5BCF, 0xD595, 0xB58D, 0x179E, 0xAE43, 0x4D3B, 0xE829, 0xA729,
    0xA729, 0x2519, 0x2100, 0x0000, 0x0000, 0x0000, 0x0000, 0x0000, 0x0000, 0x0000, 0x0000, 0x0000,
    0x0000, 0x0000, 0x0000, 0x0000, 0x0000, 0x0000, 0x0000, 0x0000, 0x0000, 0x0000, 0x0000, 0x0000,
    0x0000, 0x0000, 0x0000, 0x0000, 0x0000, 0x0000, 0x0000, 0x0000, 0x0000, 0x0000, 0x0000, 0x0000,
    0x0000, 0x0000, 0x0000, 0x0000, 0x0000, 0x0000, 0x0000, 0x0000, 0x4100, 0x8408, 0x4E5B, 0x5CD7,
    0xFBCE, 0xFABE, 0xEF4B, 0x6922, 0xEF53, 0xD685, 0x5475, 0x3796, 0x9164, 0x8E43, 0xF36C, 0xF36C,
    0xAE43, 0x8E4B, 0xCA3A, 0x0A53, 0xD094, 0xB4AD, 0x339D, 0x339D, 0xD5B5, 0x53A5, 0x339D, 0x94A5,
    0xB5A5, 0x539D, 0x53A5, 0xB5AD, 0x94AD, 0x1295, 0xD5AD, 0x32A5, 0xAC6B, 0xEB42, 0x4D43, 0x8E43,
    0x5154, 0x757D, 0x1054, 0xCF4B, 0x379E, 0x5475, 0xF68D, 0xCE53, 0xCB2A, 0x6D3B, 0x17A6, 0x1BCF,
    0x3CCF, 0xF384, 0xE510, 0x2100, 0x0000, 0x0000, 0x0000, 0x0000, 0x0000, 0x0000, 0x0000, 0x0000,
    0x0000, 0x0000, 0x0000, 0x0000, 0x0000, 0x0000, 0x0000, 0x0000, 0x0000, 0x0000, 0x0000, 0x0000,
    0x0000, 0x0000, 0x0000, 0x0000, 0x0000, 0x0000, 0x0000, 0x0000, 0x0000, 0x0000, 0x0000, 0x0000,
    0x0000, 0x0000, 0x0000, 0x0000, 0x0000, 0x0000, 0x0000, 0x0000, 0x2100, 0x4A3A, 0x58AE, 0xD9B6,
    0x169E, 0x98AE, 0xB9AE, 0x505C, 0x081A, 0x2D3B, 0xF04B, 0xEF4B, 0xEC32, 0x0C33, 0xF36C, 0x9164,
    0x7164, 0xB695, 0x137D, 0xAA3A, 0x0A5B, 0xB08C, 0xB5AD, 0x73A5, 0x339D, 0x74A5, 0xF284, 0xF27C,
    0x1385, 0xF284, 0x749D, 0x94A5, 0x339D, 0xD5AD, 0xF194, 0x8B6B, 0xCA42, 0x516C, 0xD79D, 0xF374,
    0x3054, 0xD364, 0xF04B, 0xEC32, 0xCF4B, 0x3154, 0x6D43, 0x6A2A, 0x6E4B, 0x78A6, 0xF9BE, 0x98AE,
    0xF69D, 0xFAC6, 0x3174, 0x2200, 0x0000, 0x0000, 0x0000, 0x0000, 0x0000, 0x0000, 0x0000, 0x0000,
    0x0000, 0x0000, 0x0000, 0x0000, 0x0000, 0x0000, 0x0000, 0x0000, 0x0000, 0x0000, 0x0000, 0x0000,
    0x0000, 0x0000, 0x0000, 0x0000, 0x0000, 0x0000, 0x0000, 0x0000, 0x0000, 0x0000, 0x0000, 0x0000,
    0x0000, 0x0000, 0x0000, 0x0000, 0x0000, 0x0000, 0x0000, 0x0000, 0x0100, 0xEC4A, 0x7CCF, 0xF274,
    0x915C, 0xD685, 0x98AE, 0x379E, 0xCE53, 0x4D43, 0x4D3B, 0x6D43, 0x105C, 0x9264, 0xEF53, 0x1054,
    0x5485, 0x17A6, 0x5485, 0x8E53, 0x8942, 0x8942, 0xEE6B, 0x74A5, 0x749D, 0xF284, 0x3485, 0x58A6,
    0x58A6, 0xB695, 0x548D, 0x7495, 0x94A5, 0x507C, 0xEA52, 0x8942, 0x4D43, 0x347D, 0x58AE, 0x968D,
    0x9264, 0xCF4B, 0x315C, 0xD36C, 0xCF4B, 0x6E43, 0x4D43, 0xAF53, 0xF69D, 0xD9BE, 0x57A6, 0x5475,
    0x505C, 0xFAC6, 0xB384, 0x2200, 0x0000, 0x0000, 0x0000, 0x0000, 0x0000, 0x0000, 0x0000, 0x0000,
    0x0000, 0x0000, 0x0000, 0x0000, 0x0000, 0x0000, 0x0000, 0x0000, 0x0000, 0x0000, 0x0000, 0x0000,
    0x0000, 0x0000, 0x0000, 0x0000, 0x0000, 0x0000, 0x0000, 0x0000, 0x0000, 0x0000, 0x0000, 0x0000,
    0x0000, 0x0000, 0x0000, 0x0000, 0x0000, 0x0000, 0x0000, 0x2000, 0x0100, 0xAB42, 0xD9BE, 0xF274,
    0x3154, 0xD264, 0xB585, 0x78A6, 0x58A6, 0x715C, 0x3054, 0x315C, 0x3054, 0xD36C, 0x7164, 0x5164,
    0x926C, 0x958D, 0xF37C, 0x4C53, 0x6842, 0x283A, 0xC94A, 0x6C5B, 0xD284, 0xB274, 0x58A6, 0x98B6,
    0x78B6, 0x99AE, 0xD36C, 0xB274, 0xAD63, 0xA94A, 0x684A, 0x283A, 0x2C4B, 0xF374, 0xB695, 0x926C,
    0xF053, 0xEF4B, 0xB264, 0x715C, 0x505C, 0x515C, 0x3054, 0x1796, 0xD9BE, 0x169E, 0xB264, 0x515C,
    0x137D, 0x58AE, 0xF06B, 0x4200, 0x2100, 0x0000, 0x0000, 0x0000, 0x0000, 0x0000, 0x0000, 0x0000,
    0x0000, 0x0000, 0x0000, 0x0000, 0x0000, 0x0000, 0x0000, 0x0000, 0x0000, 0x0000, 0x0000, 0x0000,
    0x0000, 0x0000, 0x0000, 0x0000, 0x0000, 0x0000, 0x0000, 0x0000, 0x0000, 0x0000, 0x0000, 0x0000,
    0x0000, 0x0000, 0x0000, 0x0000, 0x0000, 0x0000, 0x0000, 0x2100, 0xE510, 0x8B32, 0xF69D, 0x5CC7,
    0xB26C, 0xAE43, 0x725C, 0x515C, 0x305C, 0xD26C, 0xF795, 0xF695, 0xB26C, 0xAE4B, 0x3064, 0xB274,
    0xEF53, 0xAE4B, 0x0F64, 0x2C84, 0x0B84, 0xE85A, 0xAD94, 0xE952, 0xCB42, 0xEF53, 0x389E, 0x78AE,
    0x78B6, 0x58A6, 0xB36C, 0xAA3A, 0x6842, 0x2C8C, 0xC862, 0x8A73, 0xAE94, 0xEE63, 0x8E4B, 0xAE4B,
    0x7264, 0x7164, 0xEF53, 0x8E43, 0x1796, 0x179E, 0x9585, 0xEF53, 0x347D, 0x1375, 0x1054, 0xF053,
    0x9AAE, 0x968D, 0xAF53, 0x2619, 0x4208, 0x0000, 0x0000, 0x0000, 0x0000, 0x0000, 0x0000, 0x0000,
    0x0000, 0x0000, 0x0000, 0x0000, 0x0000, 0x0000, 0x0000, 0x0000, 0x0000, 0x0000, 0x0000, 0x0000,
    0x0000, 0x0000, 0x0000, 0x0000, 0x0000, 0x0000, 0x0000, 0x0000, 0x0000, 0x0000, 0x0000, 0x0000,
    0x0000, 0x0000, 0x0000, 0x0000, 0x0000, 0x0000, 0x0000, 0x0000, 0xA821, 0xCF4B, 0xCB2A, 0x4D43,
    0xF053, 0x515C, 0xD374, 0x9264, 0x4D3B, 0xD36C, 0x179E, 0xD695, 0x926C, 0x8E4B, 0x3064, 0xD184,
    0xF18C, 0x0D74, 0x2FA5, 0x30CE, 0xF0CD, 0xA75A, 0x0EA5, 0xEEA4, 0x0A5B, 0xAA3A, 0xF374, 0xD68D,
    0xB68D, 0x9685, 0xAF53, 0xEA4A, 0x4C8C, 0xCD9C, 0x464A, 0xEA8B, 0x50DE, 0x0DA5, 0x8E84, 0xF284,
    0xD274, 0x3064, 0x6D43, 0x105C, 0x37A6, 0x16A6, 0xB58D, 0x4D43, 0xCF4B, 0xB26C, 0x9264, 0xCF53,
    0x4D43, 0x2D33, 0xD04B, 0x092A, 0x2100, 0x0000, 0x0000, 0x0000, 0x0000, 0x0000, 0x0000, 0x0000,
    0x0000, 0x0000, 0x0000, 0x0000, 0x0000, 0x0000, 0x0000, 0x0000, 0x0000, 0x0000, 0x0000, 0x0000,
    0x0000, 0x0000, 0x0000, 0x0000, 0x0000, 0x0000, 0x0000, 0x0000, 0x0000, 0x0000, 0x0000, 0x0000,
    0x0000, 0x0000, 0x0000, 0x0000, 0x0000, 0x0000, 0x0000, 0x0000, 0x2511, 0x6E43, 0xCF4B, 0x6E3B,
    0x4E3B, 0x315C, 0x958D, 0x147D, 0x1054, 0x3054, 0xF374, 0x137D, 0x506C, 0xCD63, 0x2D7C, 0xEE9C,
    0xAFBD, 0x30CE, 0x30D6, 0x6EBD, 0x6C9C, 0x474A, 0xC631, 0xC631, 0xC731, 0x4619, 0x4A2A, 0x725C,
    0xD364, 0x6E43, 0xA821, 0xC729, 0xE631, 0xC631, 0x6529, 0x296B, 0x0DB5, 0xCECD, 0x10CE, 0x90BD,
    0x2F9D, 0x4D84, 0xCD6B, 0xCE5B, 0xF37C, 0x5485, 0xF374, 0x4D3B, 0xB26C, 0xB695, 0xD274, 0x4D43,
    0x6E43, 0x1054, 0x305C, 0xC821, 0x2100, 0x0000, 0x0000, 0x0000, 0x0000, 0x0000, 0x0000, 0x0000,
    0x0000, 0x0000, 0x0000, 0x0000, 0x0000, 0x0000, 0x0000, 0x0000, 0x0000, 0x0000, 0x0000, 0x0000,
    0x0000, 0x0000, 0x0000, 0x0000, 0x0000, 0x0000, 0x0000, 0x0000, 0x0000, 0x0000, 0x0000, 0x0000,
    0x0000, 0x0000, 0x0000, 0x0000, 0x0000, 0x0000, 0x0000, 0x0000, 0x0511, 0x758D, 0x179E, 0xD695,
    0x315C, 0x4D43, 0x147D, 0xB26C, 0x315C, 0xAF53, 0x8D53, 0xAD63, 0x0D7C, 0x2FAD, 0xAFC5, 0xEFCD,
    0x4DB5, 0xEDAC, 0x496B, 0x6852, 0xE739, 0xA831, 0x6C4A, 0x2E63, 0x0D5B, 0x4E6B, 0x0A3A, 0xE929,
    0x6B32, 0x0A32, 0xED5A, 0xEC5A, 0x0D5B, 0xAC52, 0x8729, 0xA731, 0xC639, 0xA85A, 0x4C94, 0x2DB5,
    0xCFCD, 0xD0C5, 0x2FB5, 0x0C84, 0xCD63, 0xCE5B, 0xCF53, 0xAF4B, 0xD274, 0xB595, 0xEF5B, 0x2D3B,
    0x758D, 0x58AE, 0x99BE, 0x0932, 0x0100, 0x0000, 0x0000, 0x0000, 0x0000, 0x0000, 0x0000, 0x0000,
    0x0000, 0x0000, 0x0000, 0x0000, 0x0000, 0x0000, 0x0000, 0x0000, 0x0000, 0x0000, 0x0000, 0x0000,
    0x0000, 0x0000, 0x0000, 0x0000, 0x0000, 0x0000, 0x0000, 0x0000, 0x0000, 0x0000, 0x0000, 0x0000,
    0x0000, 0x0000, 0x0000, 0x0000, 0x0000, 0x0000, 0x0000, 0x0100, 0x4619, 0x7595, 0x57A6, 0x9595,
    0x716C, 0x2D43, 0x926C, 0xAF53, 0x2C4B, 0x6C5B, 0x6A6B, 0x2B8C, 0x4EB5, 0x0DB5, 0x6C9C, 0x296B,
    0xA95A, 0xE841, 0x0942, 0x2D63, 0xCF73, 0xCF73, 0x718C, 0xF29C, 0x9194, 0x1084, 0x8F73, 0x6E6B,
    0x4E6B, 0x8F73, 0xAE7B, 0x908C, 0xB194, 0x918C, 0xAE73, 0x6E6B, 0x2D63, 0xA831, 0x8731, 0xE741,
    0xE962, 0x296B, 0x8C9C, 0x6EBD, 0xAD9C, 0x0C7C, 0x8C63, 0x8D53, 0xCF53, 0x1375, 0xEF53, 0xF053,
    0x58A6, 0xF69D, 0x17AE, 0x0932, 0x0100, 0x0000, 0x0000, 0x0000, 0x0000, 0x0000, 0x0000, 0x0000,
    0x0000, 0x0000, 0x0000, 0x0000, 0x0000, 0x0000, 0x0000, 0x0000, 0x0000, 0x0000, 0x0000, 0x0000,
    0x0000, 0x0000, 0x0000, 0x0000, 0x0000, 0x0000, 0x0000, 0x0000, 0x0000, 0x0000, 0x0000, 0x0000,
    0x0000, 0x0000, 0x0000, 0x0000, 0x0000, 0x0000, 0x0000, 0x2100, 0x4619, 0x1485, 0x3485, 0xD374,
    0xCF53, 0x2D43, 0x8D53, 0x0B53, 0x095B, 0xCA7B, 0xEB7B, 0x496B, 0x6A6B, 0x2742, 0xE841, 0x4B4A,
    0x0E63, 0xD07B, 0x718C, 0x93AD, 0xF4B5, 0xD3AD, 0xB2AD, 0xD3AD, 0x329D, 0x129D, 0x129D, 0xF29C,
    0xF29C, 0xF29C, 0xD194, 0x72A5, 0xB2A5, 0x71A5, 0xB2A5, 0xB3AD, 0xB3AD, 0xB194, 0xEF7B, 0xED5A,
    0x2B42, 0x4A4A, 0x6852, 0x4A6B, 0xAA7B, 0xCB7B, 0x0C84, 0x8B6B, 0x2B53, 0xAE53, 0xAF4B, 0x8E43,
    0xF36C, 0xF274, 0x5485, 0xC829, 0x2100, 0x0000, 0x0000, 0x0000, 0x0000, 0x0000, 0x0000, 0x0000,
    0x0000, 0x0000, 0x0000, 0x0000, 0x0000, 0x0000, 0x0000, 0x0000, 0x0000, 0x0000, 0x0000, 0x0000,
    0x0000, 0x0000, 0x0000, 0x0000, 0x0000, 0x0000, 0x0000, 0x0000, 0x0000, 0x0000, 0x0000, 0x0000,
    0x0000, 0x0000, 0x0000, 0x0000, 0x0000, 0x0000, 0x0000, 0x0000, 0xE510, 0xEC42, 0xCF53, 0x8E4B,
    0x4D4B, 0x2C53, 0x0A5B, 0x6A6B, 0x8A73, 0xC852, 0x273A, 0x8621, 0x6729, 0x6C52, 0xAD5A, 0xD07B,
    0x73AD, 0xB3AD, 0xD2AD, 0xB2A5, 0x91A5, 0x91A5, 0xB1A5, 0xB3AD, 0xF29C, 0x4C63, 0x4C63, 0x4C63,
    0x2C5B, 0x2C5B, 0x0B5B, 0xEF7B, 0x32A5, 0x92A5, 0x71A5, 0x91A5, 0x91A5, 0xB2AD, 0xD3AD, 0x94AD,
    0x518C, 0x4F73, 0xAD5A, 0x093A, 0x4521, 0xE731, 0xC952, 0x6A6B, 0xCC7B, 0x2A5B, 0x0B4B, 0x2D43,
    0xCF4B, 0xF04B, 0x0D3B, 0x4611, 0x2000, 0x0000, 0x0000, 0x0000, 0x0000, 0x0000, 0x0000, 0x0000,
    0x0000, 0x0000, 0x0000, 0x0000, 0x0000, 0x0000, 0x0000, 0x0000, 0x0000, 0x0000, 0x0000, 0x0000,
    0x0000, 0x0000, 0x0000, 0x0000, 0x0000, 0x0000, 0x0000, 0x0000, 0x0000, 0x0000, 0x0000, 0x0000,
    0x0000, 0x0000, 0x0000, 0x0000, 0x0000, 0x0000, 0x0000, 0x0000, 0x8308, 0x092A, 0xCF53, 0x6D4B,
    0x0B53, 0x6B63, 0xAB73, 0xC95A, 0x0732, 0x8721, 0x6719, 0x6829, 0xEE62, 0x0F6B, 0x1084, 0x72A5,
    0xB1A5, 0x91A5, 0x91A5, 0x91A5, 0x91A5, 0xB2A5, 0xD4B5, 0x3084, 0xE939, 0xE921, 0x8819, 0x0619,
    0x0619, 0x6711, 0x2A22, 0x8821, 0x4D6B, 0x73AD, 0xB2AD, 0x91A5, 0x91A5, 0x91A5, 0xB2A5, 0xB2A5,
    0xD3B5, 0x129D, 0x6F73, 0x0F6B, 0x2B42, 0x8721, 0x6721, 0x6621, 0x684A, 0xAB7B, 0x6A6B, 0x2B53,
    0xEC3A, 0xF053, 0x6B32, 0xA308, 0x0000, 0x0000, 0x0000, 0x0000, 0x0000, 0x0000, 0x0000, 0x0000,
    0x0000, 0x0000, 0x0000, 0x0000, 0x0000, 0x0000, 0x0000, 0x0000, 0x0000, 0x0000, 0x0000, 0x0000,
    0x0000, 0x0000, 0x0000, 0x0000, 0x0000, 0x0000, 0x0000, 0x0000, 0x0000, 0x0000, 0x0000, 0x0000,
    0x0000, 0x0000, 0x0000, 0x0000, 0x0000, 0x0000, 0x0000, 0x0000, 0x2100, 0x4619, 0xAB3A, 0x0A53,
    0x8B6B, 0x6B6B, 0x283A, 0xA721, 0x6A32, 0x092A, 0xC931, 0x6D52, 0xAD5A, 0xB194, 0x92A5, 0xB2A5,
    0x91A5, 0x91A5, 0x92A5, 0x91A5, 0x91A5, 0x93AD, 0x1084, 0xA831, 0xAB3A, 0x1355, 0x4D23, 0x6719,
    0x2932, 0x346D, 0x134D, 0x505C, 0xE831, 0x2D63, 0x329D, 0xB2AD, 0x91A5, 0xB2AD, 0xB2A5, 0xB2A5,
    0x92A5, 0xB2AD, 0x32A5, 0x2E6B, 0xEE62, 0xA931, 0x4719, 0x0A32, 0x8721, 0xE831, 0x0A5B, 0xAB73,
    0x4B5B, 0xCB42, 0x8721, 0x4100, 0x0000, 0x0000, 0x0000, 0x0000, 0x0000, 0x0000, 0x0000, 0x0000,
    0x0000, 0x0000, 0x0000, 0x0000, 0x0000, 0x0000, 0x0000, 0x0000, 0x0000, 0x0000, 0x0000, 0x0000,
    0x0000, 0x0000, 0x0000, 0x0000, 0x0000, 0x0000, 0x0000, 0x0000, 0x0000, 0x0000, 0x0000, 0x0000,
    0x0000, 0x0000, 0x0000, 0x0000, 0x0000, 0x0000, 0x0000, 0x0000, 0x0000, 0x4100, 0xC731, 0x8C73,
    0xEA52, 0xE831, 0xC821, 0x6A32, 0x8B32, 0xA821, 0xAD5A, 0xEF6A, 0x718C, 0xB2AD, 0xB1A5, 0x91A5,
    0x92A5, 0x92A5, 0x92A5, 0x91A5, 0xB2AD, 0x1084, 0x4829, 0x0D53, 0x768E, 0xD455, 0x703C, 0xE508,
    0x6621, 0x8D43, 0xF144, 0x568E, 0x5495, 0xA831, 0xEC62, 0x93AD, 0xB2AD, 0x92A5, 0xB2A5, 0x92A5,
    0x91A5, 0x92A5, 0xB2AD, 0x32A5, 0xEE62, 0x2C4A, 0x6821, 0xE921, 0x8B32, 0xC921, 0xA829, 0x4842,
    0x6B6B, 0x894A, 0x6208, 0x0000, 0x0000, 0x0000, 0x0000, 0x0000, 0x0000, 0x0000, 0x0000, 0x0000,
    0x0000, 0x0000, 0x0000, 0x0000, 0x0000, 0x0000, 0x0000, 0x0000, 0x0000, 0x0000, 0x0000, 0x0000,
    0x0000, 0x0000, 0x0000, 0x0000, 0x0000, 0x0000, 0x0000, 0x0000, 0x0000, 0x0000, 0x0000, 0x0000,
    0x0000, 0x0000, 0x0000, 0x0000, 0x0000, 0x0000, 0x0000, 0x0000, 0x0000, 0x4200, 0xE831, 0x283A,
    0x8721, 0xE921, 0xCB3A, 0x4D43, 0xAB32, 0xA929, 0xAE5A, 0x0E6B, 0x73A5, 0xD2AD, 0x92A5, 0x92A5,
    0x92A5, 0xB2A5, 0x92A5, 0x91A5, 0xB2AD, 0x0F7C, 0xEA41, 0x8B52, 0x9495, 0x5576, 0xF03C, 0xC91A,
    0x891A, 0x2A23, 0x147E, 0x96AE, 0x507C, 0x0A42, 0x2D6B, 0x73AD, 0xB2AD, 0xB2A5, 0xB2A5, 0x92A5,
    0x92A5, 0x91A5, 0xB2A5, 0x93AD, 0x0E63, 0xCF62, 0xEA31, 0xE921, 0x4E43, 0xEC3A, 0x092A, 0x6721,
    0xC731, 0xE839, 0x8208, 0x0000, 0x0000, 0x0000, 0x0000, 0x0000, 0x0000, 0x0000, 0x0000, 0x0000,
    0x0000, 0x0000, 0x0000, 0x0000, 0x0000, 0x0000, 0x0000, 0x0000, 0x0000, 0x0000, 0x0000, 0x0000,
    0x0000, 0x0000, 0x0000, 0x0000, 0x0000, 0x0000, 0x0000, 0x0000, 0x0000, 0x0000, 0x0000, 0x0000,
    0x0000, 0x0000, 0x0000, 0x0000, 0x0000, 0x0000, 0x0000, 0x0000, 0x0000, 0x6208, 0xE610, 0x6719,
    0x2A2A, 0xEC3A, 0x8D43, 0x6D43, 0x2D43, 0xC931, 0xCE62, 0xCE62, 0x329D, 0xB2AD, 0x91A5, 0x91A5,
    0x91A5, 0x91A5, 0x91A5, 0x91A5, 0x91A5, 0xB3AD, 0x508C, 0x6B52, 0x8B52, 0xB074, 0xB26D, 0xD365,
    0xD365, 0xD36D, 0x1496, 0xCD6B, 0x0942, 0xAE73, 0x73AD, 0xD3AD, 0xB2A5, 0x91A5, 0x91A5, 0x91A5,
    0x91A5, 0x91A5, 0x91A5, 0xB3AD, 0x6E73, 0xCF62, 0xEB39, 0x2A2A, 0x4E43, 0x6E43, 0xEC32, 0x2A2A,
    0x4719, 0xE610, 0x8308, 0x0000, 0x0000, 0x0000, 0x0000, 0x0000, 0x0000, 0x0000, 0x0000, 0x0000,
    0x0000, 0x0000, 0x0000, 0x0000, 0x0000, 0x0000, 0x0000, 0x0000, 0x0000, 0x0000, 0x0000, 0x0000,
    0x0000, 0x0000, 0x0000, 0x0000, 0x0000, 0x0000, 0x0000, 0x0000, 0x0000, 0x0000, 0x0000, 0x0000,
    0x0000, 0x0000, 0x0000, 0x0000, 0x0000, 0x0000, 0x0000, 0x0000, 0x0000, 0x6208, 0x0611, 0xAC32,
    0x4D43, 0xAE4B, 0x0C33, 0xAB32, 0x092A, 0x6829, 0xAE62, 0xD07B, 0x92A5, 0xF3AD, 0x14B6, 0x14B6,
    0x14B6, 0x13B6, 0x14B6, 0xB2AD, 0x719D, 0x91A5, 0x92AD, 0x1084, 0xED62, 0xC839, 0x493A, 0x693A,
    0x693A, 0x8A3A, 0x493A, 0x2A42, 0x6E6B, 0x52A5, 0xB2A5, 0x91A5, 0x92A5, 0xF3B5, 0x14B6, 0x14B6,
    0x14B6, 0x13B6, 0x14B6, 0xF3B5, 0x908C, 0xEE62, 0xCA39, 0x4819, 0x4B2A, 0x8B2A, 0x6D3B, 0x2D3B,
    0x8B32, 0x4719, 0x6208, 0x0000, 0x0000, 0x0000, 0x0000, 0x0000, 0x0000, 0x0000, 0x0000, 0x0000,
    0x0000, 0x0000, 0x0000, 0x0000, 0x0000, 0x0000, 0x0000, 0x0000, 0x0000, 0x0000, 0x0000, 0x0000,
    0x0000, 0x0000, 0x0000, 0x0000, 0x0000, 0x0000, 0x0000, 0x0000, 0x0000, 0x0000, 0x0000, 0x0000,
    0x0000, 0x0000, 0x0000, 0x0000, 0x0000, 0x0000, 0x0000, 0x0000, 0x0000, 0x6208, 0x2611, 0x0D3B,
    0xCF43, 0xEC32, 0xCB2A, 0x0D3B, 0x2719, 0x0B42, 0xAD5A, 0xD194, 0x14B6, 0x2E74, 0x0B53, 0x2C5B,
    0x2C5B, 0x2C5B, 0x0B53, 0x1195, 0xF3B5, 0xB2A5, 0x719D, 0x52A5, 0x9194, 0xF083, 0x8F73, 0xD07B,
    0xF07B, 0xD07B, 0xB07B, 0xAF73, 0x129D, 0x92A5, 0x91A5, 0xD2AD, 0xB3AD, 0xAD63, 0x2B53, 0x4C5B,
    0x4C5B, 0x2C5B, 0x0B53, 0x8F84, 0xD4B5, 0x0D6B, 0x6D52, 0x4821, 0x2A2A, 0x4D3B, 0xAB2A, 0x6D43,
    0x4D43, 0x4719, 0x6308, 0x0000, 0x0000, 0x0000, 0x0000, 0x0000, 0x0000, 0x0000, 0x0000, 0x0000,
    0x0000, 0x0000, 0x0000, 0x0000, 0x0000, 0x0000, 0x0000, 0x0000, 0x0000, 0x0000, 0x0000, 0x0000,
    0x0000, 0x0000, 0x0000, 0x0000, 0x0000, 0x0000, 0x0000, 0x0000, 0x0000, 0x0000, 0x0000, 0x0000,
    0x0000, 0x0000, 0x0000, 0x0000, 0x0000, 0x0000, 0x0000, 0x0000, 0x0000, 0x6208, 0x2611, 0x0D3B,
    0x2D33, 0xEC2A, 0xAE43, 0x0C3B, 0x4721, 0x6D52, 0xAD5A, 0xD294, 0xAC63, 0xE821, 0xC819, 0xC819,
    0xE819, 0xC819, 0xC819, 0x4932, 0x4C53, 0x4E7C, 0xF3AD, 0xB2AD, 0x72A5, 0x508C, 0x518C, 0x718C,
    0x718C, 0x518C, 0x308C, 0xD194, 0x92A5, 0xD3AD, 0x529D, 0x4C5B, 0xAA42, 0x0822, 0x2922, 0x2922,
    0x292A, 0x2922, 0x0822, 0xAA3A, 0x7084, 0x8F7B, 0x8D5A, 0xAA31, 0xE921, 0x0F4C, 0x4C33, 0xCB2A,
    0xEC3A, 0x6719, 0x8308, 0x0000, 0x0000, 0x0000, 0x0000, 0x0000, 0x0000, 0x0000, 0x0000, 0x0000,
    0x0000, 0x0000, 0x0000, 0x0000, 0x0000, 0x0000, 0x0000, 0x0000, 0x0000, 0x0000, 0x0000, 0x0000,
    0x0000, 0x0000, 0x0000, 0x0000, 0x0000, 0x0000, 0x0000, 0x0000, 0x0000, 0x0000, 0x0000, 0x0000,
    0x0000, 0x0000, 0x0000, 0x0000, 0x0000, 0x0000, 0x0000, 0x0000, 0x0000, 0x6200, 0x4711, 0xCC32,
    0x0C33, 0xEF43, 0x8E43, 0x6A2A, 0x6821, 0x4C52, 0x0F6B, 0xCC52, 0x4611, 0xAB32, 0xEC3A, 0xEC3A,
    0x0C3B, 0xEC3A, 0x2D3B, 0xCB2A, 0x6A2A, 0x6A32, 0x6C5B, 0x529D, 0xF3B5, 0x92AD, 0x72A5, 0x72A5,
    0x72A5, 0x72A5, 0x72A5, 0xD3AD, 0xB3AD, 0x4F84, 0xCA42, 0x6A2A, 0xAA32, 0x0C3B, 0x2C3B, 0x0C3B,
    0xEC3A, 0xEC3A, 0x0C3B, 0x492A, 0xA729, 0xEE62, 0xCE5A, 0xCA31, 0xC921, 0x4D3B, 0x2F4C, 0x2C33,
    0xAB2A, 0x6819, 0x8308, 0x0000, 0x0000, 0x0000, 0x0000, 0x0000, 0x0000, 0x0000, 0x0000, 0x0000,
    0x0000, 0x0000, 0x0000, 0x0000, 0x0000, 0x0000, 0x0000, 0x0000, 0x0000, 0x0000, 0x0000, 0x0000,
    0x0000, 0x0000, 0x0000, 0x0000, 0x0000, 0x0000, 0x0000, 0x0000, 0x0000, 0x0000, 0x0000, 0x0000,
    0x0000, 0x0000, 0x0000, 0x0000, 0x0000, 0x0000, 0x0000, 0x0000, 0x0000, 0x6208, 0x4711, 0xAB2A,
    0xEF4B, 0xCE43, 0xAB2A, 0xAB32, 0x6821, 0x8D5A, 0x2B42, 0x4719, 0x2719, 0x6719, 0x6719, 0x6719,
    0x6819, 0x6711, 0x4A2A, 0x2D3B, 0xAE43, 0x6D43, 0xAB32, 0x4932, 0xAD63, 0xB3AD, 0xD2AD, 0xD2AD,
    0xD2AD, 0xD2A5, 0x13B6, 0x329D, 0xAA42, 0x6932, 0xEB3A, 0x6D43, 0x4D43, 0xCC3A, 0xA819, 0x6821,
    0x6821, 0x6821, 0x4719, 0x6719, 0x4619, 0x6821, 0xCE5A, 0xCA39, 0xE921, 0xAB2A, 0x8D3B, 0x0F44,
    0xCB32, 0x8819, 0x6308, 0x0000, 0x0000, 0x0000, 0x0000, 0x0000, 0x0000, 0x0000, 0x0000, 0x0000,
    0x0000, 0x0000, 0x0000, 0x0000, 0x0000, 0x0000, 0x0000, 0x0000, 0x0000, 0x0000, 0x0000, 0x0000,
    0x0000, 0x0000, 0x0000, 0x0000, 0x0000, 0x0000, 0x0000, 0x0000, 0x0000, 0x0000, 0x0000, 0x0000,
    0x0000, 0x0000, 0x0000, 0x0000, 0x0000, 0x0000, 0x0000, 0x0000, 0x0000, 0x4200, 0x6711, 0x2C33,
    0xAE43, 0xCB2A, 0x0C33, 0x8B2A, 0x6721, 0xAE5A, 0xEA39, 0x2619, 0xA929, 0x8C52, 0x8C52, 0x8D52,
    0xAD52, 0xCA31, 0x2719, 0x8819, 0x4A2A, 0xCB32, 0x8E43, 0x4D3B, 0x292A, 0xCB52, 0x73A5, 0x52A5,
    0x52A5, 0x72A5, 0xF194, 0xCB4A, 0xAB32, 0x8E43, 0x2D3B, 0x4A2A, 0xC921, 0x8821, 0x6821, 0x6D4A,
    0xAE5A, 0x8D52, 0xAE5A, 0xEA39, 0x6721, 0x4721, 0xCE5A, 0xEA39, 0xC921, 0xCB32, 0xAB2A, 0xAD3B,
    0xCE43, 0x8819, 0x6308, 0x0000, 0x0000, 0x0000, 0x0000, 0x0000, 0x0000, 0x0000, 0x0000, 0x0000,
    0x0000, 0x0000, 0x0000, 0x0000, 0x0000, 0x0000, 0x0000, 0x0000, 0x0000, 0x0000, 0x0000, 0x0000,
    0x0000, 0x0000, 0x0000, 0x0000, 0x0000, 0x0000, 0x0000, 0x0000, 0x0000, 0x0000, 0x0000, 0x0000,
    0x0000, 0x0000, 0x0000, 0x0000, 0x0000, 0x0000, 0x0000, 0x0000, 0x2000, 0x8308, 0x4711, 0x6D43,
    0xEB2A, 0x2C33, 0x4D3B, 0x4A22, 0x6821, 0x8D5A, 0xAE5A, 0xCE5A, 0xEE62, 0xEF6A, 0x0F6B, 0x2F6B,
    0x2F6B, 0x0F63, 0xCD5A, 0x4C42, 0x6821, 0x6819, 0xC921, 0xE921, 0x6719, 0xEA41, 0x518C, 0x718C,
    0x708C, 0x718C, 0xD07B, 0x4721, 0xC821, 0x0922, 0xC921, 0x6821, 0xEA31, 0x8D52, 0xEE5A, 0x0F63,
    0x0F6B, 0x0F6B, 0xEF6A, 0xEF62, 0xCE62, 0xAD5A, 0xCF62, 0xCA39, 0x8819, 0xAB32, 0x0C33, 0xEB2A,
    0x8E43, 0xA819, 0x8408, 0x2100, 0x0000, 0x0000, 0x0000, 0x0000, 0x0000, 0x0000, 0x0000, 0x0000,
    0x0000, 0x0000, 0x0000, 0x0000, 0x0000, 0x0000, 0x0000, 0x0000, 0x0000, 0x0000, 0x0000, 0x0000,
    0x0000, 0x0000, 0x0000, 0x0000, 0x0000, 0x0000, 0x0000, 0x0000, 0x0000, 0x0000, 0x0000, 0x0000,
    0x0000, 0x0000, 0x0000, 0x0000, 0x0000, 0x0000, 0x0000, 0x0000, 0x6208, 0x2719, 0xC508, 0x8711,
    0x0C33, 0xCE43, 0xAA2A, 0x4A2A, 0x8821, 0xAE5A, 0xCE62, 0xEF62, 0xEF6A, 0x0F63, 0xA931, 0x6721,
    0x6829, 0xA931, 0xC931, 0x8929, 0x2721, 0x8929, 0x8929, 0x8829, 0x8931, 0x6C52, 0xD07B, 0xD19C,
    0xF19C, 0xD29C, 0xB07B, 0x2B42, 0x8929, 0x2721, 0x4821, 0x8929, 0x8929, 0xCA31, 0xEA31, 0xA929,
    0xA931, 0x6829, 0x0B42, 0xEF62, 0xCE62, 0xCE62, 0xCF62, 0xEA39, 0x8819, 0x6A2A, 0x8D3B, 0xEC32,
    0xA819, 0xE608, 0x2719, 0xC410, 0x0000, 0x0000, 0x0000, 0x0000, 0x0000, 0x0000, 0x0000, 0x0000,
    0x0000, 0x0000, 0x0000, 0x0000, 0x0000, 0x0000, 0x0000, 0x0000, 0x0000, 0x0000, 0x0000, 0x0000,
    0x0000, 0x0000, 0x0000, 0x0000, 0x0000, 0x0000, 0x0000, 0x0000, 0x0000, 0x0000, 0x0000, 0x0000,
    0x0000, 0x0000, 0x0000, 0x0000, 0x0000, 0x0000, 0x0000, 0x0000, 0x4208, 0x4719, 0x8A42, 0x6A42,
    0xA719, 0xEC32, 0x0C33, 0x2922, 0x8821, 0xCE62, 0xEF62, 0xEF6A, 0xEF62, 0x6721, 0xCB3A, 0xCE43,
    0xAB22, 0x8819, 0x4719, 0x4922, 0x8B32, 0x4721, 0xEA39, 0xAE5A, 0x0F6B, 0xEE6A, 0x4E73, 0x93AD,
    0xF3B5, 0x93AD, 0x0E6B, 0xCF62, 0xEF62, 0x2B4A, 0xEA39, 0xA821, 0xCB32, 0xE821, 0x4719, 0xC819,
    0x8E3B, 0xCF4B, 0x0611, 0x0B42, 0x306B, 0xCE62, 0x0F6B, 0x0B3A, 0x0922, 0xEC32, 0x4D3B, 0x2922,
    0x2932, 0x2D5B, 0xC931, 0x8308, 0x0000, 0x0000, 0x0000, 0x0000, 0x0000, 0x0000, 0x0000, 0x0000,
    0x0000, 0x0000, 0x0000, 0x0000, 0x0000, 0x0000, 0x0000, 0x0000, 0x0000, 0x0000, 0x0000, 0x0000,
    0x0000, 0x0000, 0x0000, 0x0000, 0x0000, 0x0000, 0x0000, 0x0000, 0x0000, 0x0000, 0x0000, 0x0000,
    0x0000, 0x0000, 0x0000, 0x0000, 0x0000, 0x0000, 0x0000, 0x0000, 0x4200, 0x8721, 0xD18C, 0xD4B5,
    0xAE6B, 0x0922, 0xAB2A, 0xCC32, 0xA929, 0xCE62, 0xAE62, 0x0F6B, 0x6829, 0xE829, 0x579E, 0x556E,
    0x534D, 0xA711, 0x4611, 0x5365, 0x936D, 0x2D4B, 0xAA39, 0xEF62, 0xEE6A, 0xAD62, 0x508C, 0xB3AD,
    0xB2AD, 0x92AD, 0x2E73, 0x8E62, 0xEF62, 0xAE5A, 0x6829, 0x706C, 0x5576, 0x4C33, 0xE508, 0x0B33,
    0x3566, 0x5686, 0x717C, 0x6829, 0x2C4A, 0xEF6A, 0xEF6A, 0x0B3A, 0xAB32, 0x6D3B, 0xE821, 0x0C53,
    0x74AD, 0x53A5, 0x293A, 0x6308, 0x0000, 0x0000, 0x0000, 0x0000, 0x0000, 0x0000, 0x0000, 0x0000,
    0x0000, 0x0000, 0x0000, 0x0000, 0x0000, 0x0000, 0x0000, 0x0000, 0x0000, 0x0000, 0x0000, 0x0000,
    0x0000, 0x0000, 0x0000, 0x0000, 0x0000, 0x0000, 0x0000, 0x0000, 0x0000, 0x0000, 0x0000, 0x0000,
    0x0000, 0x0000, 0x0000, 0x0000, 0x0000, 0x0000, 0x0000, 0x0000, 0x4200, 0xA829, 0x9184, 0x2D6B,
    0x718C, 0x4C53, 0x0922, 0xAF4B, 0xC929, 0xCD62, 0x2E6B, 0x4E73, 0xED5A, 0x6E63, 0x35AE, 0x969E,
    0xB365, 0x6C23, 0x2B23, 0x724D, 0x9586, 0x9495, 0x4B4A, 0xAE62, 0xEE6A, 0xCE62, 0x129D, 0xD2AD,
    0xB2AD, 0xD3B5, 0x1084, 0x8D5A, 0xCE62, 0xAE5A, 0xF07B, 0x34A6, 0x3476, 0x2E44, 0xCA22, 0xAC33,
    0x3476, 0x769E, 0xF394, 0x2A42, 0x4E6B, 0xD083, 0x5073, 0x0B3A, 0xCB32, 0x0C33, 0x6A3A, 0x54AD,
    0xEF83, 0xD29C, 0x8A4A, 0x6308, 0x0000, 0x0000, 0x0000, 0x0000, 0x0000, 0x0000, 0x0000, 0x0000,
    0x0000, 0x0000, 0x0000, 0x0000, 0x0000, 0x0000, 0x0000, 0x0000, 0x0000, 0x0000, 0x0000, 0x0000,
    0x0000, 0x0000, 0x0000, 0x0000, 0x0000, 0x0000, 0x0000, 0x0000, 0x0000, 0x0000, 0x0000, 0x0000,
    0x0000, 0x0000, 0x0000, 0x0000, 0x0000, 0x0000, 0x0000, 0x0000, 0x4200, 0xA829, 0xB18C, 0x0E6B,
    0x0F63, 0x4E5B, 0x6A2A, 0xEF4B, 0xE929, 0xED62, 0x73AD, 0xD3B5, 0x92AD, 0x908C, 0x1195, 0x34AE,
    0xF38D, 0x9275, 0xB375, 0xB275, 0x338E, 0xF5AD, 0x0E6B, 0xB07B, 0x907B, 0xAD62, 0x129D, 0xD2AD,
    0xB2AD, 0xF3B5, 0x1084, 0xAD62, 0x7294, 0x0E63, 0x9194, 0x33B6, 0xD28D, 0x9175, 0xB275, 0x926D,
    0xF385, 0x149E, 0x6F84, 0x32A5, 0xD4B5, 0xF4BD, 0x7294, 0xEA39, 0xCB32, 0xEB32, 0xEC4A, 0x8F7B,
    0xCD62, 0xF39C, 0x8A4A, 0x6308, 0x0000, 0x0000, 0x0000, 0x0000, 0x0000, 0x0000, 0x0000, 0x0000,
    0x0000, 0x0000, 0x0000, 0x0000, 0x0000, 0x0000, 0x0000, 0x0000, 0x0000, 0x0000, 0x0000, 0x0000,
    0x0000, 0x0000, 0x0000, 0x0000, 0x0000, 0x0000, 0x0000, 0x0000, 0x0000, 0x0000, 0x0000, 0x0000,
    0x0000, 0x0000, 0x0000, 0x0000, 0x0000, 0x0000, 0x0000, 0x0000, 0x4200, 0xA729, 0xB18C, 0x2E6B,
    0xCE62, 0xA929, 0x4922, 0xCE4B, 0xE929, 0xED62, 0x73AD, 0xF2B5, 0xB2AD, 0xD2AD, 0xB2AD, 0xB1A5,
    0xB2A5, 0xB2A5, 0xB2A5, 0xD2A5, 0x73A5, 0xCF7B, 0x6E73, 0x94AD, 0x1184, 0xAD62, 0x53A5, 0xF3B5,
    0xB2AD, 0xF3B5, 0x108C, 0xCD62, 0x94AD, 0xAF7B, 0x4E73, 0xF19C, 0xB2A5, 0xB1A5, 0xB19D, 0xD29D,
    0xD2A5, 0xB2A5, 0xD3AD, 0xD2AD, 0xB1A5, 0xD3B5, 0x518C, 0xEA39, 0xCB32, 0x0C33, 0x6721, 0xAE5A,
    0x2F73, 0x13A5, 0xAA4A, 0x6308, 0x0000, 0x0000, 0x0000, 0x0000, 0x0000, 0x0000, 0x0000, 0x0000,
    0x0000, 0x0000, 0x0000, 0x0000, 0x0000, 0x0000, 0x0000, 0x0000, 0x0000, 0x0000, 0x0000, 0x0000,
    0x0000, 0x0000, 0x0000, 0x0000, 0x0000, 0x0000, 0x0000, 0x0000, 0x0000, 0x0000, 0x0000, 0x0000,
    0x0000, 0x0000, 0x0000, 0x0000, 0x0000, 0x0000, 0x0000, 0x0000, 0x2200, 0xA721, 0xF294, 0x6E73,
    0xEF62, 0xCA39, 0x2922, 0xCE43, 0xE929, 0x0D63, 0x73AD, 0xF3B5, 0xB2A5, 0xB2A5, 0xB2A5, 0xB1A5,
    0x91AD, 0x91A5, 0x71A5, 0x32A5, 0x6E73, 0x2D6B, 0xF29C, 0xD3AD, 0x308C, 0xEE6A, 0x53A5, 0xF3B5,
    0xD2AD, 0x13B6, 0x508C, 0x2E6B, 0x93AD, 0x92AD, 0xEF83, 0x0C6B, 0x508C, 0x52A5, 0x92AD, 0x91A5,
    0xB1A5, 0xB1A5, 0x91A5, 0x91A5, 0x92A5, 0xD3AD, 0x518C, 0xEA31, 0xCB32, 0xEC32, 0x6821, 0xAE5A,
    0x6F73, 0x53A5, 0xAA4A, 0x6308, 0x0000, 0x0000, 0x0000, 0x0000, 0x0000, 0x0000, 0x0000, 0x0000,
    0x0000, 0x0000, 0x0000, 0x0000, 0x0000, 0x0000, 0x0000, 0x0000, 0x0000, 0x0000, 0x0000, 0x0000,
    0x0000, 0x0000, 0x0000, 0x0000, 0x0000, 0x0000, 0x0000, 0x0000, 0x0000, 0x0000, 0x0000, 0x0000,
    0x0000, 0x0000, 0x0000, 0x0000, 0x0000, 0x0000, 0x0000, 0x0000, 0x4200, 0x6719, 0x6D63, 0xB294,
    0xCE62, 0xCA31, 0x091A, 0xAE43, 0xE929, 0x0E63, 0x93AD, 0xF2AD, 0xB2AD, 0xB2AD, 0xB2A5, 0xB2A5,
    0xB2AD, 0x71A5, 0xB094, 0xCE7B, 0xCF7B, 0x52A5, 0xB2AD, 0x92A5, 0x9194, 0x518C, 0x73AD, 0xF3B5,
    0xD2AD, 0xF3B5, 0x129D, 0x518C, 0x52A5, 0xD2AD, 0xB2AD, 0x9094, 0x4D73, 0x0F84, 0xF094, 0xB2A5,
    0xB2A5, 0xB2A5, 0xB2A5, 0x91A5, 0x91A5, 0xD2AD, 0x3084, 0xC931, 0x8A2A, 0xCB32, 0x4821, 0x6D52,
    0xB294, 0x5084, 0xA829, 0xA308, 0x0000, 0x0000, 0x0000, 0x0000, 0x0000, 0x0000, 0x0000, 0x0000,
    0x0000, 0x0000, 0x0000, 0x0000, 0x0000, 0x0000, 0x0000, 0x0000, 0x0000, 0x0000, 0x0000, 0x0000,
    0x0000, 0x0000, 0x0000, 0x0000, 0x0000, 0x0000, 0x0000, 0x0000, 0x0000, 0x0000, 0x0000, 0x0000,
    0x0000, 0x0000, 0x0000, 0x0000, 0x0000, 0x0000, 0x0000, 0x0000, 0x6208, 0x2719, 0x8721, 0xB18C,
    0xCD62, 0xC931, 0x081A, 0xAE43, 0xE929, 0xED62, 0x73AD, 0xF2AD, 0xB2A5, 0xB2AD, 0xB2AD, 0xB2AD,
    0xB2AD, 0x92AD, 0x92A5, 0x72A5, 0x92AD, 0x92AD, 0x92A5, 0x72A5, 0x908C, 0x718C, 0x92AD, 0xF3AD,
    0xD2AD, 0xF3AD, 0x119D, 0x508C, 0x52A5, 0xB1A5, 0x91A5, 0xB2AD, 0x72AD, 0x72A5, 0x72A5, 0xB2AD,
    0x92A5, 0x92A5, 0xB2A5, 0x91A5, 0x91A5, 0xD3AD, 0x3184, 0xC931, 0x8A2A, 0xAB32, 0x2721, 0x6D5A,
    0xD29C, 0x6A42, 0x0611, 0xE410, 0x0000, 0x0000, 0x0000, 0x0000, 0x0000, 0x0000, 0x0000, 0x0000,
    0x0000, 0x0000, 0x0000, 0x0000, 0x0000, 0x0000, 0x0000, 0x0000, 0x0000, 0x0000, 0x0000, 0x0000,
    0x0000, 0x0000, 0x0000, 0x0000, 0x0000, 0x0000, 0x0000, 0x0000, 0x0000, 0x0000, 0x0000, 0x0000,
    0x0000, 0x0000, 0x0000, 0x0000, 0x0000, 0x0000, 0x0000, 0x0000, 0x2000, 0xA408, 0xA821, 0x7284,
    0xCD5A, 0xC931, 0xE819, 0xAE43, 0xA821, 0x8931, 0x1084, 0xB2AD, 0xB2AD, 0xB2AD, 0xB2A5, 0xB2AD,
    0xB2AD, 0xB2AD, 0xB2AD, 0xB2AD, 0xB2A5, 0x92A5, 0x92A5, 0x93AD, 0x908C, 0x708C, 0x72AD, 0xD2AD,
    0xD2AD, 0xF3AD, 0x119D, 0x5084, 0x52A5, 0xB2AD, 0x92A5, 0xB2A5, 0xB2A5, 0xB2AD, 0xB2AD, 0xB2AD,
    0xB2AD, 0x92AD, 0x92A5, 0x91A5, 0xB2A5, 0xF19C, 0xAC5A, 0x6821, 0xAA32, 0xAA2A, 0x2721, 0x8D5A,
    0x928C, 0x093A, 0xC408, 0x4100, 0x0000, 0x0000, 0x0000, 0x0000, 0x0000, 0x0000, 0x0000, 0x0000,
    0x0000, 0x0000, 0x0000, 0x0000, 0x0000, 0x0000, 0x0000, 0x0000, 0x0000, 0x0000, 0x0000, 0x0000,
    0x0000, 0x0000, 0x0000, 0x0000, 0x0000, 0x0000, 0x0000, 0x0000, 0x0000, 0x0000, 0x0000, 0x0000,
    0x0000, 0x0000, 0x0000, 0x0000, 0x0000, 0x0000, 0x0000, 0x0000, 0x0000, 0x6208, 0x2611, 0xA829,
    0xEE62, 0xCA31, 0xE819, 0xCE43, 0xE921, 0xA931, 0x6C52, 0xF19C, 0xF2AD, 0x91A5, 0xB2AD, 0xB2AD,
    0xB2AD, 0xB2AD, 0xB2AD, 0xB2AD, 0xB2AD, 0xB2A5, 0xB3AD, 0x119D, 0x708C, 0x718C, 0x72A5, 0xD2AD,
    0xB2AD, 0xD2AD, 0xF19C, 0x3084, 0x908C, 0xB2AD, 0xD2AD, 0xB2AD, 0xB2AD, 0xB2A5, 0xB2AD, 0xB2AD,
    0xB2AD, 0xB2AD, 0xB2A5, 0xB1A5, 0xD3AD, 0x8E73, 0xAA31, 0x2711, 0x0C33, 0xAA2A, 0x4719, 0xEE62,
    0x093A, 0x2611, 0xA308, 0x0000, 0x0000, 0x0000, 0x0000, 0x0000, 0x0000, 0x0000, 0x0000, 0x0000,
    0x0000, 0x0000, 0x0000, 0x0000, 0x0000, 0x0000, 0x0000, 0x0000, 0x0000, 0x0000, 0x0000, 0x0000,
    0x0000, 0x0000, 0x0000, 0x0000, 0x0000, 0x0000, 0x0000, 0x0000, 0x0000, 0x0000, 0x0000, 0x0000,
    0x0000, 0x0000, 0x0000, 0x0000, 0x0000, 0x0000, 0x0000, 0x0000, 0x0000, 0x6208, 0x0611, 0x6821,
    0xEF62, 0xCA31, 0xE819, 0xCE43, 0x8B2A, 0x4719, 0x4C52, 0xCF7B, 0x92AD, 0xB2AD, 0xB2AD, 0xB2AD,
    0xB2AD, 0xB2AD, 0xB2AD, 0xB2AD, 0xB2AD, 0xD3AD, 0xF19C, 0x908C, 0xD29C, 0x508C, 0x72A5, 0xD2AD,
    0xB2A5, 0xD2AD, 0xF194, 0x708C, 0xF19C, 0x908C, 0xD3AD, 0xD2AD, 0xB2AD, 0xB2A5, 0xB2AD, 0xB2AD,
    0xB2AD, 0xB2AD, 0xB2A5, 0xD2AD, 0xF19C, 0xAD5A, 0xAA31, 0xC819, 0x8D43, 0xAB2A, 0x4721, 0xEE62,
    0xE931, 0xE508, 0x6208, 0x0000, 0x0000, 0x0000, 0x0000, 0x0000, 0x0000, 0x0000, 0x0000, 0x0000,
    0x0000, 0x0000, 0x0000, 0x0000, 0x0000, 0x0000, 0x0000, 0x0000, 0x0000, 0x0000, 0x0000, 0x0000,
    0x0000, 0x0000, 0x0000, 0x0000, 0x0000, 0x0000, 0x0000, 0x0000, 0x0000, 0x0000, 0x0000, 0x0000,
    0x0000, 0x0000, 0x0000, 0x0000, 0x0000, 0x0000, 0x0000, 0x0000, 0x0000, 0x0000, 0x8300, 0x6829,
    0xEF62, 0xEA39, 0xE819, 0xAE3B, 0x0C33, 0xE921, 0xEB39, 0xAD62, 0xD19C, 0xD2AD, 0xB2AD, 0xB2AD,
    0xB2AD, 0xB2AD, 0xB2AD, 0xB2A5, 0xD2AD, 0x329D, 0x2D63, 0x129D, 0x329D, 0x708C, 0x92A5, 0xD2AD,
    0xB2AD, 0xD2AD, 0x119D, 0x908C, 0xF3B5, 0xCE7B, 0x0F84, 0xD3AD, 0xB2A5, 0xB2A5, 0xB2A5, 0xB2AD,
    0xB2A5, 0xB2A5, 0xB2A5, 0xB3AD, 0xCF7B, 0x2C4A, 0xC921, 0xCB2A, 0xAD3B, 0xCB32, 0x6821, 0x0E63,
    0x0A32, 0xC408, 0x0000, 0x0000, 0x0000, 0x0000, 0x0000, 0x0000, 0x0000, 0x0000, 0x0000, 0x0000,
    0x0000, 0x0000, 0x0000, 0x0000, 0x0000, 0x0000, 0x0000, 0x0000, 0x0000, 0x0000, 0x0000, 0x0000,
    0x0000, 0x0000, 0x0000, 0x0000, 0x0000, 0x0000, 0x0000, 0x0000, 0x0000, 0x0000, 0x0000, 0x0000,
    0x0000, 0x0000, 0x0000, 0x0000, 0x0000, 0x0000, 0x0000, 0x0000, 0x0000, 0x0000, 0x2100, 0xC408,
    0x6729, 0x4A3A, 0xE819, 0xCE43, 0x0C33, 0x0D3B, 0xC929, 0x4C52, 0x6E73, 0x92A5, 0xB2AD, 0xB2AD,
    0xB2A5, 0xB2AD, 0xB2A5, 0xB1A5, 0xD3AD, 0x6E73, 0x4B52, 0x52A5, 0x119D, 0xB194, 0xB3AD, 0xD2AD,
    0xD2AD, 0xF3AD, 0x52A5, 0xD094, 0x13B6, 0xEF83, 0x6C5A, 0xF19C, 0xD2AD, 0xB1A5, 0x91A5, 0x91A5,
    0x92A5, 0x91A5, 0xD3AD, 0x918C, 0x8D5A, 0x2B42, 0x6B32, 0x4D3B, 0x6D3B, 0x6A2A, 0xEA31, 0x0A3A,
    0x0511, 0x8308, 0x0000, 0x0000, 0x0000, 0x0000, 0x0000, 0x0000, 0x0000, 0x0000, 0x0000, 0x0000,
    0x0000, 0x0000, 0x0000, 0x0000, 0x0000, 0x0000, 0x0000, 0x0000, 0x0000, 0x0000, 0x0000, 0x0000,
    0x0000, 0x0000, 0x0000, 0x0000, 0x0000, 0x0000, 0x0000, 0x0000, 0x0000, 0x0000, 0x0000, 0x0000,
    0x0000, 0x0000, 0x0000, 0x0000, 0x0000, 0x0000, 0x0000, 0x0000, 0x0000, 0x0000, 0x2000, 0xA308,
    0x2619, 0xE931, 0xA819, 0x2D3B, 0x8D3B, 0xCF43, 0x2A2A, 0x0B42, 0xCE62, 0x708C, 0xD3AD, 0xB1A5,
    0xB2A5, 0xB2A5, 0xB1A5, 0xB1A5, 0x52A5, 0x4B52, 0xAD5A, 0x53A5, 0xD29C, 0x3084, 0xD4AD, 0xF2AD,
    0xF2AD, 0x13B6, 0xF29C, 0x718C, 0xD4B5, 0x1184, 0x2C52, 0xAF7B, 0xF3B5, 0x91A5, 0xB2A5, 0xB1A5,
    0x91A5, 0xB1A5, 0x92AD, 0x4E73, 0x8E5A, 0x8821, 0xEC32, 0x8D3B, 0x0C33, 0xA821, 0xA929, 0xC929,
    0xC408, 0x2100, 0x0000, 0x0000, 0x0000, 0x0000, 0x0000, 0x0000, 0x0000, 0x0000, 0x0000, 0x0000,
    0x0000, 0x0000, 0x0000, 0x0000, 0x0000, 0x0000, 0x0000, 0x0000, 0x0000, 0x0000, 0x0000, 0x0000,
    0x0000, 0x0000, 0x0000, 0x0000, 0x0000, 0x0000, 0x0000, 0x0000, 0x0000, 0x0000, 0x0000, 0x0000,
    0x0000, 0x0000, 0x0000, 0x0000, 0x0000, 0x0000, 0x0000, 0x0000, 0x0000, 0x0000, 0x0000, 0x2100,
    0xC510, 0xE610, 0x4711, 0x4A2A, 0xEF4B, 0xEF43, 0xAB32, 0x0B3A, 0x8D5A, 0x2E6B, 0x329D, 0xB2AD,
    0xB1A5, 0xB1A5, 0xB1A5, 0xF3B5, 0x0F84, 0xA931, 0xA929, 0xC931, 0xC931, 0xCE5A, 0x3084, 0x93AD,
    0x93AD, 0x93AD, 0xCF7B, 0xEA39, 0xC831, 0xA929, 0x8A31, 0xCD5A, 0x52A5, 0xD2AD, 0x91A5, 0xB1A5,
    0xB1A5, 0xB2AD, 0x708C, 0xAD62, 0xCA39, 0x4A2A, 0x2F4C, 0x8D3B, 0xEC32, 0x8819, 0xE610, 0x0611,
    0x6208, 0x0000, 0x0000, 0x0000, 0x0000, 0x0000, 0x0000, 0x0000, 0x0000, 0x0000, 0x0000, 0x0000,
    0x0000, 0x0000, 0x0000, 0x0000, 0x0000, 0x0000, 0x0000, 0x0000, 0x0000, 0x0000, 0x0000, 0x0000,
    0x0000, 0x0000, 0x0000, 0x0000, 0x0000, 0x0000, 0x0000, 0x0000, 0x0000, 0x0000, 0x0000, 0x0000,
    0x0000, 0x0000, 0x0000, 0x0000, 0x0000, 0x0000, 0x0000, 0x0000, 0x0000, 0x0000, 0x0000, 0x2100,
    0x0619, 0x0711, 0x2711, 0x6A2A, 0xEF43, 0xCE3B, 0x4D3B, 0x2B32, 0x8D52, 0x8D5A, 0x908C, 0xD2AD,
    0x91A5, 0xB2A5, 0xD3AD, 0x918C, 0x6B42, 0x8B32, 0x4A22, 0xA819, 0x4711, 0xAA29, 0x8C4A, 0x0E63,
    0x4E6B, 0x2E63, 0x4B42, 0x4819, 0x4711, 0xA819, 0x6B32, 0x4B3A, 0x0D63, 0x329D, 0xD2AD, 0x91A5,
    0xB1A5, 0x92AD, 0x4E73, 0x4C52, 0xA821, 0x2C3B, 0x904C, 0xCE43, 0xEC32, 0x8819, 0x0611, 0x0619,
    0x6208, 0x0000, 0x0000, 0x0000, 0x0000, 0x0000, 0x0000, 0x0000, 0x0000, 0x0000, 0x0000, 0x0000,
    0x0000, 0x0000, 0x0000, 0x0000, 0x0000, 0x0000, 0x0000, 0x0000, 0x0000, 0x0000, 0x0000, 0x0000,
    0x0000, 0x0000, 0x0000, 0x0000, 0x0000, 0x0000, 0x0000, 0x0000, 0x0000, 0x0000, 0x0000, 0x0000,
    0x0000, 0x0000, 0x0000, 0x0000, 0x0000, 0x0000, 0x0000, 0x0000, 0x0000, 0x0000, 0x0000, 0x0000,
    0x6208, 0x0611, 0xE921, 0x6D3B, 0x2F44, 0xCE3B, 0x6D33, 0x8B32, 0xC931, 0x8D5A, 0x918C, 0xD2AD,
    0xB2AD, 0x93AD, 0xAE73, 0x8C42, 0xEC32, 0x8D33, 0x0F44, 0x2D33, 0x6B2A, 0x8811, 0x8819, 0x8821,
    0x6821, 0x8821, 0x4719, 0xA819, 0x6A2A, 0x6D3B, 0xEE43, 0x6D3B, 0x6B32, 0xAC52, 0xD194, 0xD3AD,
    0xB1A5, 0xB2AD, 0x6F73, 0x8931, 0x2922, 0x8D3B, 0x904C, 0x0F44, 0x0C33, 0x2A2A, 0x4719, 0x8308,
    0x0000, 0x0000, 0x0000, 0x0000, 0x0000, 0x0000, 0x0000, 0x0000, 0x0000, 0x0000, 0x0000, 0x0000,
    0x0000, 0x0000, 0x0000, 0x0000, 0x0000, 0x0000, 0x0000, 0x0000, 0x0000, 0x0000, 0x0000, 0x0000,
    0x0000, 0x0000, 0x0000, 0x0000, 0x0000, 0x0000, 0x0000, 0x0000, 0x0000, 0x0000, 0x0000, 0x0000,
    0x0000, 0x0000, 0x0000, 0x0000, 0x0000, 0x0000, 0x0000, 0x0000, 0x0000, 0x0000, 0x0000, 0x0000,
    0x4200, 0x2711, 0xCC32, 0x4F4C, 0xEE3B, 0x8D33, 0x6D3B, 0xCB2A, 0x2A2A, 0xEA39, 0x9194, 0xF4B5,
    0x93AD, 0xAF73, 0xAC3A, 0xAE43, 0x704C, 0xD14C, 0x4F44, 0x8D3B, 0x4D3B, 0x0D33, 0xC919, 0x6811,
    0x6819, 0x4711, 0xC919, 0x6A22, 0x4C3B, 0x6D33, 0x2E44, 0x904C, 0xCE43, 0xEC3A, 0x8B4A, 0x508C,
    0xB3AD, 0x93AD, 0x6F73, 0xC929, 0xCB2A, 0xAD3B, 0x7044, 0x704C, 0x6D3B, 0x4E43, 0x8821, 0x6208,
    0x0000, 0x0000, 0x0000, 0x0000, 0x0000, 0x0000, 0x0000, 0x0000, 0x0000, 0x0000, 0x0000, 0x0000,
    0x0000, 0x0000, 0x0000, 0x0000, 0x0000, 0x0000, 0x0000, 0x0000, 0x0000, 0x0000, 0x0000, 0x0000,
    0x0000, 0x0000, 0x0000, 0x0000, 0x0000, 0x0000, 0x0000, 0x0000, 0x0000, 0x0000, 0x0000, 0x0000,
    0x0000, 0x0000, 0x0000, 0x0000, 0x0000, 0x0000, 0x0000, 0x0000, 0x0000, 0x0000, 0x0000, 0x0000,
    0x4200, 0x2611, 0xCC32, 0x0F44, 0x8D33, 0x8D33, 0x6D33, 0x8D3B, 0x2D3B, 0xCA31, 0xEE62, 0x1084,
    0x6E6B, 0xAC42, 0xEF4B, 0xF154, 0xD14C, 0x2F44, 0xAD33, 0xAD3B, 0xAD3B, 0x8E3B, 0x0C33, 0xCB32,
    0xAB32, 0x8B32, 0x0C33, 0x8D3B, 0x6D33, 0x6D33, 0x4C2B, 0x0E3C, 0xB04C, 0x504C, 0x0D3B, 0x2A3A,
    0x8F73, 0xD083, 0x4B42, 0x6A2A, 0xEE3B, 0xAD33, 0xEE3B, 0xD14C, 0x0F44, 0x2D3B, 0x8819, 0x6208,
    0x0000, 0x0000, 0x0000, 0x0000, 0x0000, 0x0000, 0x0000, 0x0000, 0x0000, 0x0000, 0x0000, 0x0000,
    0x0000, 0x0000, 0x0000, 0x0000, 0x0000, 0x0000, 0x0000, 0x0000, 0x0000, 0x0000, 0x0000, 0x0000,
    0x0000, 0x0000, 0x0000, 0x0000, 0x0000, 0x0000, 0x0000, 0x0000, 0x0000, 0x0000, 0x0000, 0x0000,
    0x0000, 0x0000, 0x0000, 0x0000, 0x0000, 0x0000, 0x0000, 0x0000, 0x0000, 0x0000, 0x0000, 0x0000,
    0x4200, 0x2611, 0xCC32, 0xAE3B, 0x8D33, 0x6D33, 0xEE3B, 0x0E3C, 0x6D33, 0x4B32, 0xEB39, 0x0B42,
    0x8B3A, 0xCF4B, 0xD154, 0x6F44, 0xCE3B, 0xAE3B, 0xAE3B, 0xAE3B, 0xAE3B, 0x8D3B, 0x4D33, 0x0C33,
    0x0C33, 0x0C33, 0x6D3B, 0xAD3B, 0x8D3B, 0x8D3B, 0x8D3B, 0x8D33, 0x0E44, 0xD14C, 0x5044, 0x4D3B,
    0x2B3A, 0xEB31, 0xA919, 0x2C33, 0x2F44, 0x0F3C, 0x8D33, 0x2F44, 0x7044, 0x4D3B, 0x6719, 0x6200,
    0x0000, 0x0000, 0x0000, 0x0000, 0x0000, 0x0000, 0x0000, 0x0000, 0x0000, 0x0000, 0x0000, 0x0000,
    0x0000, 0x0000, 0x0000, 0x0000, 0x0000, 0x0000, 0x0000, 0x0000, 0x0000, 0x0000, 0x0000, 0x0000,
    0x0000, 0x0000, 0x0000, 0x0000, 0x0000, 0x0000, 0x0000, 0x0000, 0x0000, 0x0000, 0x0000, 0x0000,
    0x0000, 0x0000, 0x0000, 0x0000, 0x0000, 0x0000, 0x0000, 0x0000, 0x0000, 0x0000, 0x0000, 0x0000,
    0x4200, 0x2611, 0x4A2A, 0x6D3B, 0x6C33, 0xCD33, 0x4F44, 0xEE3B, 0xAE3B, 0x8E43, 0xC921, 0x4B2A,
    0xAE43, 0xD154, 0x904C, 0x8D33, 0x0C33, 0xAC32, 0xCC3A, 0xCC3A, 0xCC3A, 0xCC3A, 0x6B2A, 0xAC3A,
    0x0D4B, 0xAC3A, 0x8C32, 0xCC3A, 0xAC3A, 0xCC3A, 0xCC32, 0xCC2A, 0x0C33, 0x2F44, 0xF14C, 0x704C,
    0x0D33, 0xA819, 0xEC32, 0xAE3B, 0xEE3B, 0x7044, 0x8D33, 0x8D33, 0x0F44, 0x0D3B, 0x6719, 0x6200,
    0x0000, 0x0000, 0x0000, 0x0000, 0x0000, 0x0000, 0x0000, 0x0000, 0x0000, 0x0000, 0x0000, 0x0000,
    0x0000, 0x0000, 0x0000, 0x0000, 0x0000, 0x0000, 0x0000, 0x0000, 0x0000, 0x0000, 0x0000, 0x0000,
    0x0000, 0x0000, 0x0000, 0x0000, 0x0000, 0x0000, 0x0000, 0x0000, 0x0000, 0x0000, 0x0000, 0x0000,
    0x0000, 0x0000, 0x0000, 0x0000, 0x0000, 0x0000, 0x0000, 0x0000, 0x0000, 0x0000, 0x0000, 0x0000,
    0x4100, 0x0611, 0xE921, 0xEC3A, 0x8D3B, 0x2F44, 0xEE3B, 0xAD33, 0xCE3B, 0xAE3B, 0xEC32, 0x8D3B,
    0xF154, 0xB04C, 0x6D33, 0x0D33, 0xCA21, 0x4819, 0xCA31, 0xCA31, 0xCA31, 0xCA31, 0xCA31, 0x0B3A,
    0x4C42, 0x0B3A, 0xCA31, 0xCA31, 0xEA31, 0xEB39, 0xCA29, 0x8919, 0x0A22, 0x2D33, 0x0F44, 0x1255,
    0x2F44, 0x0C33, 0x8D3B, 0xAE3B, 0x8D33, 0x0E3C, 0x2F44, 0x6D33, 0x2C33, 0x6B2A, 0x4719, 0x6208,
    0x0000, 0x0000, 0x0000, 0x0000, 0x0000, 0x0000, 0x0000, 0x0000, 0x0000, 0x0000, 0x0000, 0x0000,
    0x0000, 0x0000, 0x0000, 0x0000, 0x0000, 0x0000, 0x0000, 0x0000, 0x0000, 0x0000, 0x0000, 0x0000,
    0x0000, 0x0000, 0x0000, 0x0000, 0x0000, 0x0000, 0x0000, 0x0000, 0x0000, 0x0000, 0x0000, 0x0000,
    0x0000, 0x0000, 0x0000, 0x0000, 0x0000, 0x0000, 0x0000, 0x0000, 0x0000, 0x0000, 0x0000, 0x0000,
    0x2100, 0x0611, 0xE929, 0xCC32, 0x0F44, 0x4F44, 0x8D33, 0xCE3B, 0xAD3B, 0xAE3B, 0x2C33, 0xB04C,
    0x8F44, 0xAE3B, 0xCC32, 0xEA29, 0xEA31, 0x8829, 0x4721, 0x2721, 0x2721, 0x2721, 0x2721, 0x2721,
    0x2721, 0x2721, 0x2721, 0x4721, 0x4821, 0x6829, 0x8829, 0x0A3A, 0x2B3A, 0x6B32, 0x2C33, 0x4F44,
    0x1255, 0x0F44, 0x8D33, 0xAD3B, 0x8D33, 0xEE3B, 0x7044, 0x2C33, 0xEC32, 0x4B2A, 0x4719, 0x6208,
    0x0000, 0x0000, 0x0000, 0x0000, 0x0000, 0x0000, 0x0000, 0x0000, 0x0000, 0x0000, 0x0000, 0x0000,
    0x0000, 0x0000, 0x0000, 0x0000, 0x0000, 0x0000, 0x0000, 0x0000, 0x0000, 0x0000, 0x0000, 0x0000,
    0x0000, 0x0000, 0x0000, 0x0000, 0x0000, 0x0000, 0x0000, 0x0000, 0x0000, 0x0000, 0x0000, 0x0000,
    0x0000, 0x0000, 0x0000, 0x0000, 0x0000, 0x0000, 0x0000, 0x0000, 0x0000, 0x0000, 0x0000, 0x0000,
    0x6208, 0x0611, 0x0A2A, 0xCC3A, 0x6D3B, 0x8D3B, 0xAD3B, 0xAD33, 0xCE3B, 0xAD3B, 0x2C2B, 0xB04C,
    0x0E3C, 0x4D33, 0x6811, 0x8C4A, 0x94AD, 0x52A5, 0x4F84, 0x2F84, 0x2F84, 0x0F84, 0x0F84, 0x107C,
    0x1084, 0x1084, 0x3084, 0x3084, 0x508C, 0x5084, 0x908C, 0xD4B5, 0x139D, 0x2B3A, 0xEC32, 0xAD33,
    0xB04C, 0x7044, 0xAD33, 0xAD3B, 0x8D33, 0xEE3B, 0x6F44, 0x2C33, 0x0C33, 0x4B32, 0x2719, 0x6308,
    0x0000, 0x0000, 0x0000, 0x0000, 0x0000, 0x0000, 0x0000, 0x0000, 0x0000, 0x0000, 0x0000, 0x0000,
    0x0000, 0x0000, 0x0000, 0x0000, 0x0000, 0x0000, 0x0000, 0x0000, 0x0000, 0x0000, 0x0000, 0x0000,
    0x0000, 0x0000, 0x0000, 0x0000, 0x0000, 0x0000, 0x0000, 0x0000, 0x0000, 0x0000, 0x0000, 0x0000,
    0x0000, 0x0000, 0x0000, 0x0000, 0x0000, 0x0000, 0x0000, 0x0000, 0x0000, 0x0000, 0x0000, 0x8308,
    0xE610, 0xC610, 0x6819, 0x2B2A, 0x4A2A, 0x0C33, 0xAD3B, 0x8D33, 0x6D33, 0x8D33, 0xAD33, 0x904C,
    0xEE3B, 0x2D33, 0x6811, 0xCC52, 0xF3B5, 0xD1AD, 0xD2AD, 0x92A5, 0x92AD, 0x93AD, 0x93AD, 0xB4AD,
    0x93AD, 0xB4B5, 0xB4B5, 0xB4B5, 0xB3B5, 0xD3AD, 0xD2AD, 0xF3AD, 0x129D, 0x2B3A, 0xEC32, 0xAE3B,
    0xB04C, 0x6F44, 0xAD33, 0xAD33, 0xAD3B, 0xAD33, 0x2F44, 0x4D3B, 0xAC32, 0x8819, 0xE610, 0x0611,
    0xA410, 0x0000, 0x0000, 0x0000, 0x0000, 0x0000, 0x0000, 0x0000, 0x0000, 0x0000, 0x0000, 0x0000,
    0x0000, 0x0000, 0x0000, 0x0000, 0x0000, 0x0000, 0x0000, 0x0000, 0x0000, 0x0000, 0x0000, 0x0000,
    0x0000, 0x0000, 0x0000, 0x0000, 0x0000, 0x0000, 0x0000, 0x0000, 0x0000, 0x0000, 0x0000, 0x0000,
    0x0000, 0x0000, 0x0000, 0x0000, 0x0000, 0x0000, 0x0000, 0x0000, 0x0000, 0x0000, 0xA410, 0x2719,
    0x4819, 0x0711, 0xE610, 0x6819, 0x2B2A, 0xCC32, 0x6D3B, 0x2D3B, 0xEC32, 0x8D33, 0xEE3B, 0xB04C,
    0xEE3B, 0x2C33, 0xA819, 0x0A3A, 0x329D, 0xF2AD, 0xD2AD, 0xD094, 0xAE73, 0x8F73, 0xB07B, 0xAF7B,
    0x8F73, 0xD07B, 0xD07B, 0xB07B, 0x3084, 0x92AD, 0xB2AD, 0xF4B5, 0x718C, 0xEA31, 0xCC32, 0xCD3B,
    0x904C, 0x2F3C, 0x2E3C, 0x2E3C, 0xAD3B, 0xCE3B, 0xEE3B, 0xEC32, 0x8819, 0x0711, 0x0711, 0x0611,
    0x2719, 0xA410, 0x0000, 0x0000, 0x0000, 0x0000, 0x0000, 0x0000, 0x0000, 0x0000, 0x0000, 0x0000,
    0x0000, 0x0000, 0x0000, 0x0000, 0x0000, 0x0000, 0x0000, 0x0000, 0x0000, 0x0000, 0x0000, 0x0000,
    0x0000, 0x0000, 0x0000, 0x0000, 0x0000, 0x0000, 0x0000, 0x0000, 0x0000, 0x0000, 0x0000, 0x0000,
    0x0000, 0x0000, 0x0000, 0x0000, 0x0000, 0x0000, 0x0000, 0x0000, 0x4200, 0xC410, 0x0619, 0x8819,
    0xAC3A, 0xC921, 0xE610, 0xE710, 0x4719, 0x2A2A, 0x6B32, 0x4A2A, 0xEC32, 0xAD3B, 0xAD33, 0xCE3B,
    0xAD33, 0x6D33, 0xCB32, 0x8819, 0xED5A, 0x93AD, 0x13B6, 0x73AD, 0x4E6B, 0x0B3A, 0x8921, 0xCA29,
    0xC929, 0xE929, 0xCA29, 0xEA39, 0x8F73, 0xB3AD, 0xF3B5, 0xF29C, 0x4B42, 0x2A2A, 0x4D3B, 0xAD3B,
    0xAD3B, 0x8D33, 0x9044, 0x904C, 0x6D33, 0x4D33, 0x0C33, 0x6811, 0x0711, 0xE610, 0x8819, 0x4B32,
    0x6819, 0x0611, 0xC510, 0x4108, 0x0000, 0x0000, 0x0000, 0x0000, 0x0000, 0x0000, 0x0000, 0x0000,
    0x0000, 0x0000, 0x0000, 0x0000, 0x0000, 0x0000, 0x0000, 0x0000, 0x0000, 0x0000, 0x0000, 0x0000,
    0x0000, 0x0000, 0x0000, 0x0000, 0x0000, 0x0000, 0x0000, 0x0000, 0x0000, 0x0000, 0x0000, 0x0000,
    0x0000, 0x0000, 0x0000, 0x0000, 0x0000, 0x0000, 0x0000, 0x6208, 0x4721, 0x6821, 0xA821, 0x8B32,
    0x8B2A, 0x4A2A, 0x6819, 0xC608, 0xC508, 0x4719, 0x0A2A, 0x092A, 0xEC32, 0xCD3B, 0x8D33, 0x8D33,
    0x8D33, 0x8D33, 0x6D33, 0x8B2A, 0xC929, 0x4E6B, 0xF29C, 0xF39C, 0xCC52, 0x0922, 0xAB32, 0xEC32,
    0xEC32, 0xEC32, 0xCC32, 0x4B32, 0x0D5B, 0xF29C, 0xD294, 0x8B4A, 0x6B2A, 0x6D3B, 0x8D3B, 0x8D33,
    0x8D33, 0x8D33, 0x2E3C, 0x704C, 0x0C33, 0xAB2A, 0x2A2A, 0x2711, 0x0611, 0x6719, 0x2A2A, 0x8B2A,
    0x6A2A, 0x4711, 0xE610, 0x0611, 0x8308, 0x0000, 0x0000, 0x0000, 0x0000, 0x0000, 0x0000, 0x0000,
    0x0000, 0x0000, 0x0000, 0x0000, 0x0000, 0x0000, 0x0000, 0x0000, 0x0000, 0x0000, 0x0000, 0x0000,
    0x0000, 0x0000, 0x0000, 0x0000, 0x0000, 0x0000, 0x0000, 0x0000, 0x0000, 0x0000, 0x0000, 0x0000,
    0x0000, 0x0000, 0x0000, 0x0000, 0x0000, 0x4100, 0xC410, 0x2719, 0xC929, 0xA921, 0x6B32, 0xCC3A,
    0xAE4B, 0xAE53, 0x8B32, 0x2611, 0xC508, 0xE610, 0xC929, 0x092A, 0xEC32, 0xCD3B, 0x8D33, 0xAD33,
    0x8D33, 0x8D33, 0x8D33, 0x6D33, 0xAB2A, 0xC929, 0xEA39, 0x2B3A, 0x4B32, 0x2D33, 0xCE43, 0x2F44,
    0x2F44, 0x0E3C, 0xAE3B, 0x0D3B, 0x2B32, 0x0A32, 0x0A32, 0x8B32, 0x8D3B, 0x8D33, 0x8D3B, 0x8D3B,
    0x8D3B, 0x6C33, 0x0E3C, 0x704C, 0xEC32, 0x8B2A, 0xC921, 0xE610, 0x4719, 0x4A32, 0x4D4B, 0x6E4B,
    0x0C3B, 0x292A, 0x8819, 0x4711, 0x2719, 0xC510, 0x6208, 0x0000, 0x0000, 0x0000, 0x0000, 0x0000,
    0x0000, 0x0000, 0x0000, 0x0000, 0x0000, 0x0000, 0x0000, 0x0000, 0x0000, 0x0000, 0x0000, 0x0000,
    0x0000, 0x0000, 0x0000, 0x0000, 0x0000, 0x0000, 0x0000, 0x0000, 0x0000, 0x0000, 0x0000, 0x0000,
    0x0000, 0x0000, 0x0000, 0x0000, 0x8308, 0xE510, 0x4719, 0xE921, 0x4A2A, 0x4A2A, 0x2A2A, 0x6E4B,
    0x1ABF, 0xFAC6, 0x4D4B, 0xC921, 0xE510, 0xC510, 0x0611, 0xC921, 0xAB32, 0x8D3B, 0xAD33, 0xAD3B,
    0x4D3B, 0x4C33, 0xAD33, 0xAD33, 0xAD3B, 0xEC32, 0xAB32, 0xAC32, 0x2C33, 0xAD3B, 0x2F44, 0x0E3C,
    0x0E3C, 0x6F44, 0x0E3C, 0xAE3B, 0x0C33, 0xEC32, 0xEC32, 0x6D3B, 0xAD3B, 0xCE3B, 0x6C33, 0x0C33,
    0x4D3B, 0x8C33, 0x0E3C, 0x904C, 0x0D3B, 0xC921, 0x0611, 0x0611, 0xE929, 0x6A2A, 0x17A6, 0x9CD7,
    0xF37C, 0xE919, 0x4A2A, 0x6A2A, 0xEA21, 0x2719, 0x0611, 0xC410, 0x6208, 0x0000, 0x0000, 0x0000,
    0x0000, 0x0000, 0x0000, 0x0000, 0x0000, 0x0000, 0x0000, 0x0000, 0x0000, 0x0000, 0x0000, 0x0000,
    0x0000, 0x0000, 0x0000, 0x0000, 0x0000, 0x0000, 0x0000, 0x0000, 0x0000, 0x0000, 0x0000, 0x0000,
    0x0000, 0x0000, 0x2000, 0xA410, 0x4719, 0x6719, 0xE921, 0xEC32, 0x2C33, 0x2A22, 0xE921, 0xCC3A,
    0x78B6, 0x99BE, 0xEC42, 0x092A, 0x6719, 0xC510, 0xE610, 0x4719, 0x0A2A, 0x2C33, 0xEE3B, 0xCE3B,
    0xCB32, 0x0C33, 0xCD3B, 0xAD33, 0x8D33, 0xAD3B, 0xAD3B, 0xAD3B, 0xAD3B, 0xCD33, 0xB04C, 0xCE3B,
    0xAD33, 0x4F44, 0x6F44, 0x8C33, 0xAD3B, 0xAD3B, 0xAD3B, 0x8D33, 0xAD33, 0x0E44, 0x6D33, 0xCC32,
    0x0C33, 0x8D33, 0xCE3B, 0x0F44, 0x8B32, 0x4711, 0xE610, 0x8821, 0x8B32, 0x4A22, 0xB69D, 0x1AC7,
    0x306C, 0xC919, 0x4A22, 0x2C33, 0xEC32, 0x2A22, 0x4711, 0x4719, 0xE510, 0x2100, 0x0000, 0x0000,
    0x0000, 0x0000, 0x0000, 0x0000, 0x0000, 0x0000, 0x0000, 0x0000, 0x0000, 0x0000, 0x0000, 0x0000,
    0x0000, 0x0000, 0x0000, 0x0000, 0x0000, 0x0000, 0x0000, 0x0000, 0x0000, 0x0000, 0x0000, 0x0000,
    0x0000, 0x0000, 0x6308, 0x4721, 0x4719, 0xE921, 0x4D3B, 0x8D33, 0x6D33, 0x2C33, 0x4A2A, 0xC821,
    0x4A3A, 0x4A3A, 0xE921, 0x4A2A, 0x6B32, 0x2611, 0xE610, 0xE610, 0xE921, 0x2C33, 0x0E3C, 0xEE43,
    0xAB2A, 0x0C33, 0xCE3B, 0xAD33, 0xCE3B, 0x2E44, 0xAD33, 0xAD3B, 0xAD33, 0x2E3C, 0x704C, 0x8D33,
    0x8D33, 0xCE3B, 0x4F44, 0xCD3B, 0x8D33, 0x8D3B, 0x8D33, 0xCD3B, 0xAD33, 0x0E3C, 0x6D33, 0xCC32,
    0x6A2A, 0x6D3B, 0x6C33, 0x2C3B, 0xC821, 0xA508, 0xE608, 0x6B32, 0x8B32, 0x6B32, 0xAB3A, 0xEC42,
    0xE921, 0x0922, 0x4D3B, 0xAE3B, 0xCE3B, 0x6D3B, 0x0A22, 0x2711, 0x2719, 0xA410, 0x0000, 0x0000,
    0x0000, 0x0000, 0x0000, 0x0000, 0x0000, 0x0000, 0x0000, 0x0000, 0x0000, 0x0000, 0x0000, 0x0000,
    0x0000, 0x0000, 0x0000, 0x0000, 0x0000, 0x0000, 0x0000, 0x0000, 0x0000, 0x0000, 0x0000, 0x0000,
    0x0000, 0x0000, 0x6308, 0x6719, 0x2A2A, 0x4D3B, 0xAD3B, 0x8D33, 0x8D33, 0x8D33, 0x4D3B, 0x4A2A,
    0x6719, 0x8819, 0xE921, 0xE921, 0x2922, 0x2A2A, 0x4719, 0xE610, 0xC929, 0x0C3B, 0xEE43, 0x8E43,
    0x4A2A, 0x0C3B, 0xCE3B, 0xAD33, 0x0E3C, 0xB04C, 0x8D33, 0x8D3B, 0xAD33, 0xD04C, 0x4F44, 0x6D33,
    0x8D33, 0x8D33, 0x904C, 0x6F44, 0x6C33, 0x2C33, 0x6C33, 0x9044, 0xCD33, 0xAD33, 0x6D33, 0xAB2A,
    0xE921, 0x6D3B, 0x6C3B, 0xCB32, 0x4719, 0xA508, 0xC821, 0xE921, 0xE821, 0x4A2A, 0x2A2A, 0x6711,
    0x2A22, 0x6D3B, 0xCE3B, 0xAD3B, 0xAD33, 0xAD3B, 0x0C33, 0x0A2A, 0x8821, 0xA408, 0x0000, 0x0000,
    0x0000, 0x0000, 0x0000, 0x0000, 0x0000, 0x0000, 0x0000, 0x0000, 0x0000, 0x0000, 0x0000, 0x0000,
    0x0000, 0x0000, 0x0000, 0x0000, 0x0000, 0x0000, 0x0000, 0x0000, 0x0000, 0x0000, 0x0000, 0x0000,
    0x0000, 0x0000, 0x6308, 0xA821, 0xEC3A, 0x6D33, 0x8D33, 0x8D33, 0x6D33, 0x8D33, 0x8D33, 0x2C33,
    0x292A, 0xE921, 0x8B32, 0x9174, 0xB274, 0xEC42, 0xC921, 0xC608, 0x4719, 0x4A2A, 0x0D3B, 0x6B2A,
    0x4711, 0x6B2A, 0x4D33, 0xAD3B, 0x0E3C, 0xB04C, 0x2C33, 0x2C33, 0xAD3B, 0xB04C, 0x4F3C, 0x6C33,
    0x8D33, 0x6C33, 0x2E3C, 0x6F44, 0x6C33, 0x8B2A, 0x2C33, 0x9044, 0xED33, 0xAD3B, 0x2C33, 0xE919,
    0x6819, 0x4A2A, 0x4A2A, 0xE929, 0xA508, 0x8821, 0x292A, 0x8E53, 0xD27C, 0x6E53, 0xE921, 0x4A2A,
    0x2C3B, 0xAD3B, 0xAD33, 0xAD33, 0xAD33, 0xAD33, 0x8D3B, 0x8B32, 0xA921, 0xA410, 0x0000, 0x0000,
    0x0000, 0x0000, 0x0000, 0x0000, 0x0000, 0x0000, 0x0000, 0x0000, 0x0000, 0x0000, 0x0000, 0x0000,
    0x0000, 0x0000, 0x0000, 0x0000, 0x0000, 0x0000, 0x0000, 0x0000, 0x0000, 0x0000, 0x0000, 0x0000,
    0x0000, 0x0000, 0x2100, 0x2619, 0xC921, 0x0C33, 0x8D3B, 0x8D33, 0x8D33, 0x8D33, 0x8D33, 0x8D33,
    0x2C33, 0x0922, 0x0C43, 0xB9BE, 0x1ACF, 0x6D53, 0x092A, 0x6819, 0xC608, 0x6819, 0x4B32, 0x4A32,
    0x2711, 0x0A2A, 0x4D3B, 0xAD3B, 0xEE3B, 0xB04C, 0x0C33, 0x0C33, 0xAD3B, 0xB04C, 0x4F3C, 0x6C33,
    0x8D33, 0x6C33, 0xEE3B, 0x6F44, 0x6D33, 0x6B2A, 0x2D33, 0xB044, 0xEE33, 0xAE3B, 0x0D3B, 0xA919,
    0xA919, 0x8B32, 0xC921, 0xA508, 0x0611, 0xE921, 0x0822, 0x9595, 0x5BCF, 0xF384, 0xA819, 0xCB32,
    0x8D3B, 0x8D33, 0x8D33, 0x8D33, 0xAD3B, 0xAE3B, 0xEC32, 0xEA21, 0x6719, 0x4200, 0x0000, 0x0000,
    0x0000, 0x0000, 0x0000, 0x0000, 0x0000, 0x0000, 0x0000, 0x0000, 0x0000, 0x0000, 0x0000, 0x0000,
    0x0000, 0x0000, 0x0000, 0x0000, 0x0000, 0x0000, 0x0000, 0x0000, 0x0000, 0x0000, 0x0000, 0x0000,
    0x0000, 0x0000, 0x0000, 0x4100, 0xC408, 0xA719, 0xCB32, 0x6D3B, 0x8D33, 0xAD33, 0x8D33, 0x8D33,
    0xCE3B, 0xEC32, 0x6B3A, 0xF384, 0x959D, 0xEC42, 0x2A2A, 0x6C3A, 0x8921, 0xC608, 0x6819, 0x6B32,
    0x4719, 0xC921, 0xEC32, 0x8D3B, 0xEE3B, 0x904C, 0xEC32, 0x6B2A, 0x6D33, 0xB14C, 0x4F44, 0x6C33,
    0x8D33, 0x6C33, 0xEE33, 0x4F44, 0x6D3B, 0x6B2A, 0x2C33, 0x904C, 0x0E3C, 0x6D33, 0xAB32, 0x8919,
    0xA919, 0x6B32, 0x0609, 0x4819, 0x2A2A, 0x4A2A, 0x0922, 0x506C, 0x548D, 0x4E53, 0x0922, 0x6D43,
    0x6C33, 0x6C33, 0x6C33, 0x8D3B, 0x8D3B, 0xEC32, 0xA819, 0x2611, 0x6208, 0x0000, 0x0000, 0x0000,
    0x0000, 0x0000, 0x0000, 0x0000, 0x0000, 0x0000, 0x0000, 0x0000, 0x0000, 0x0000, 0x0000, 0x0000,
    0x0000, 0x0000, 0x0000, 0x0000, 0x0000, 0x0000, 0x0000, 0x0000, 0x0000, 0x0000, 0x0000, 0x0000,
    0x0000, 0x0000, 0x0000, 0x0000, 0x0000, 0x6208, 0x6719, 0x2922, 0x4C33, 0xAD3B, 0xAD3B, 0x8D33,
    0x8D33, 0x6D3B, 0x8B32, 0x8819, 0xC921, 0xC921, 0x4B2A, 0x6B32, 0x4B32, 0x0A2A, 0x2711, 0x0611,
    0x0611, 0xA921, 0x4A2A, 0x0C33, 0xCD3B, 0xAD33, 0x4A2A, 0xC819, 0x2C33, 0xCD33, 0x904C, 0x8D33,
    0x6D33, 0x6C33, 0x0E3C, 0x6F44, 0x0C33, 0x2A22, 0xAB2A, 0x0E3C, 0xCE3B, 0xEB32, 0x6B32, 0x8921,
    0x0711, 0xE610, 0x4811, 0x4B32, 0x6B32, 0x0922, 0xE921, 0xA821, 0x8819, 0xA819, 0x0C33, 0x6C33,
    0x6C33, 0x6D3B, 0x6D3B, 0x2C33, 0x4A22, 0x8819, 0xA408, 0x2100, 0x0000, 0x0000, 0x0000, 0x0000,
    0x0000, 0x0000, 0x0000, 0x0000, 0x0000, 0x0000, 0x0000, 0x0000, 0x0000, 0x0000, 0x0000, 0x0000,
    0x0000, 0x0000, 0x0000, 0x0000, 0x0000, 0x0000, 0x0000, 0x0000, 0x0000, 0x0000, 0x0000, 0x0000,
    0x0000, 0x0000, 0x0000, 0x0000, 0x0000, 0x0000, 0x6208, 0xE510, 0x8719, 0xCC32, 0xCC32, 0x2C33,
    0x8D3B, 0xAD3B, 0x6E3B, 0xCC32, 0x2A2A, 0x4B2A, 0x4A2A, 0x4A2A, 0x6A2A, 0x8B32, 0xA821, 0xC508,
    0xE610, 0x2719, 0xE929, 0x4A2A, 0x6D3B, 0x4C33, 0x2A2A, 0xA819, 0x2C33, 0x6C2B, 0x4F44, 0xEE3B,
    0x8D33, 0x8D33, 0x0E3C, 0x4F3C, 0x0C33, 0x0A22, 0xCC32, 0xAD3B, 0x6D3B, 0xEC3A, 0x4B32, 0x2711,
    0xC610, 0x6719, 0x8B32, 0x6B32, 0x4A2A, 0x0922, 0x0A2A, 0xE921, 0x0922, 0x0C33, 0x6D33, 0x6C33,
    0x4D3B, 0xAB2A, 0xAB32, 0xE821, 0xE510, 0xA308, 0x0000, 0x0000, 0x0000, 0x0000, 0x0000, 0x0000,
    0x0000, 0x0000, 0x0000, 0x0000, 0x0000, 0x0000, 0x0000, 0x0000, 0x0000, 0x0000, 0x0000, 0x0000,
    0x0000, 0x0000, 0x0000, 0x0000, 0x0000, 0x0000, 0x0000, 0x0000, 0x0000, 0x0000, 0x0000, 0x0000,
    0x0000, 0x0000, 0x0000, 0x0000, 0x0000, 0x0000, 0x0000, 0x0000, 0x4200, 0x4619, 0x0611, 0x2A22,
    0x4D3B, 0x4C33, 0xAD3B, 0x6D3B, 0xCC32, 0x4A2A, 0x4D4B, 0x57A6, 0xF69D, 0x8A32, 0x4A32, 0xA821,
    0xE510, 0xA508, 0x0611, 0xE929, 0x6B32, 0x6A2A, 0xE921, 0x6719, 0xAB32, 0x4C33, 0xEE3B, 0x904C,
    0xAD33, 0x8D33, 0xCD33, 0xAE3B, 0x6B2A, 0x8819, 0xAC3A, 0xCC32, 0xEC3A, 0x0A2A, 0x0711, 0xE610,
    0xA819, 0xAC32, 0x4A22, 0x7174, 0x79B6, 0x348D, 0x8B32, 0xAB32, 0x2C3B, 0x8D3B, 0x4C33, 0x0C33,
    0xAB32, 0x4711, 0x2611, 0xA308, 0x0000, 0x0000, 0x0000, 0x0000, 0x0000, 0x0000, 0x0000, 0x0000,
    0x0000, 0x0000, 0x0000, 0x0000, 0x0000, 0x0000, 0x0000, 0x0000, 0x0000, 0x0000, 0x0000, 0x0000,
    0x0000, 0x0000, 0x0000, 0x0000, 0x0000, 0x0000, 0x0000, 0x0000, 0x0000, 0x0000, 0x0000, 0x0000,
    0x0000, 0x0000, 0x0000, 0x0000, 0x0000, 0x0000, 0x0000, 0x0000, 0x0000, 0x0000, 0x4100, 0x2611,
    0x4611, 0x4A2A, 0x0C33, 0xAB32, 0xAB32, 0x2922, 0xEF63, 0xF9BE, 0x77AE, 0xAB3A, 0x4A2A, 0x6A32,
    0xE929, 0xE610, 0xC508, 0xE510, 0x2719, 0x8821, 0x2A32, 0xA821, 0x6719, 0xCC32, 0x8D3B, 0x504C,
    0xCE3B, 0x8D3B, 0x8D3B, 0x6A2A, 0xC921, 0x2B32, 0x8B32, 0xA921, 0x4819, 0x0711, 0xE610, 0xE921,
    0xCC3A, 0xCC32, 0x2A22, 0x516C, 0x3BC7, 0x57AE, 0xCB32, 0xCC32, 0xCC32, 0xEC32, 0xAB32, 0x4711,
    0x0611, 0x4200, 0x0000, 0x0000, 0x0000, 0x0000, 0x0000, 0x0000, 0x0000, 0x0000, 0x0000, 0x0000,
    0x0000, 0x0000, 0x0000, 0x0000, 0x0000, 0x0000, 0x0000, 0x0000, 0x0000, 0x0000, 0x0000, 0x0000,
    0x0000, 0x0000, 0x0000, 0x0000, 0x0000, 0x0000, 0x0000, 0x0000, 0x0000, 0x0000, 0x0000, 0x0000,
    0x0000, 0x0000, 0x0000, 0x0000, 0x0000, 0x0000, 0x0000, 0x0000, 0x0000, 0x0000, 0x0000, 0x2000,
    0x0100, 0x0511, 0x6719, 0x4619, 0xC921, 0x4A2A, 0xEC42, 0x506C, 0x6D53, 0x292A, 0x4A2A, 0x4A2A,
    0x4A32, 0x092A, 0x0611, 0xE510, 0xC510, 0x0611, 0x6719, 0x4719, 0x0611, 0xE929, 0xCC32, 0xEC32,
    0xEC32, 0xCC32, 0x8B2A, 0x8819, 0x2719, 0x8821, 0x6819, 0x2711, 0xE610, 0x0711, 0x2A2A, 0xEC32,
    0xCB32, 0xAB2A, 0xAB2A, 0x6A2A, 0x916C, 0x9174, 0x8B32, 0x6B32, 0x4719, 0x4719, 0x2619, 0x2100,
    0x0000, 0x0000, 0x0000, 0x0000, 0x0000, 0x0000, 0x0000, 0x0000, 0x0000, 0x0000, 0x0000, 0x0000,
    0x0000, 0x0000, 0x0000, 0x0000, 0x0000, 0x0000, 0x0000, 0x0000, 0x0000, 0x0000, 0x0000, 0x0000,
    0x0000, 0x0000, 0x0000, 0x0000, 0x0000, 0x0000, 0x0000, 0x0000, 0x0000, 0x0000, 0x0000, 0x0000,
    0x0000, 0x0000, 0x0000, 0x0000, 0x0000, 0x0000, 0x0000, 0x0000, 0x0000, 0x0000, 0x0000, 0x0000,
    0x0000, 0x2000, 0x2100, 0x2100, 0xA410, 0x8721, 0x6719, 0x0611, 0x4611, 0x0922, 0x4A2A, 0x4A2A,
    0x0922, 0xAB32, 0x2C3B, 0xA819, 0xE610, 0x0611, 0x0611, 0x0611, 0x0711, 0x2611, 0x6719, 0x8819,
    0x6719, 0x6719, 0x4719, 0xE610, 0xE610, 0xE610, 0xE610, 0xE610, 0x0611, 0x8B32, 0x8E43, 0x6A22,
    0x8A2A, 0xAB2A, 0xAB32, 0xE921, 0x6711, 0x6819, 0x4719, 0xE410, 0x4200, 0x4100, 0x2100, 0x0000,
    0x0000, 0x0000, 0x0000, 0x0000, 0x0000, 0x0000, 0x0000, 0x0000, 0x0000, 0x0000, 0x0000, 0x0000,
    0x0000, 0x0000, 0x0000, 0x0000, 0x0000, 0x0000, 0x0000, 0x0000, 0x0000, 0x0000, 0x0000, 0x0000,
    0x0000, 0x0000, 0x0000, 0x0000, 0x0000, 0x0000, 0x0000, 0x0000, 0x0000, 0x0000, 0x0000, 0x0000,
    0x0000, 0x0000, 0x0000, 0x0000, 0x0000, 0x0000, 0x0000, 0x0000, 0x0000, 0x0000, 0x0000, 0x0000,
    0x0000, 0x0000, 0x0000, 0x0000, 0x0000, 0x0000, 0xA408, 0xE610, 0x4719, 0x0922, 0xE921, 0x292A,
    0xEF53, 0x0F4C, 0x0B2B, 0x0C33, 0x4711, 0x0611, 0xE610, 0xE610, 0xE610, 0x0611, 0x0611, 0xE610,
    0x0611, 0xE610, 0x0611, 0xE610, 0xC610, 0xC510, 0xE610, 0xC510, 0x0922, 0xAE43, 0xAE4B, 0xB164,
    0x2C3B, 0x2922, 0x2A2A, 0xC921, 0x2719, 0x0519, 0x2100, 0x0000, 0x0000, 0x0000, 0x0000, 0x0000,
    0x0000, 0x0000, 0x0000, 0x0000, 0x0000, 0x0000, 0x0000, 0x0000, 0x0000, 0x0000, 0x0000, 0x0000,
    0x0000, 0x0000, 0x0000, 0x0000, 0x0000, 0x0000, 0x0000, 0x0000, 0x0000, 0x0000, 0x0000, 0x0000,
    0x0000, 0x0000, 0x0000, 0x0000, 0x0000, 0x0000, 0x0000, 0x0000, 0x0000, 0x0000, 0x0000, 0x0000,
    0x0000, 0x0000, 0x0000, 0x0000, 0x0000, 0x0000, 0x0000, 0x0000, 0x0000, 0x0000, 0x0000, 0x0000,
    0x0000, 0x0000, 0x0000, 0x0000, 0x0000, 0x0000, 0x0000, 0x0000, 0x6208, 0x0511, 0xC408, 0x6A32,
    0x926C, 0xEB32, 0xAB2A, 0xCE43, 0x2922, 0x2719, 0x8929, 0xA931, 0xA931, 0x0719, 0xC510, 0xC610,
    0xC510, 0xE510, 0xC510, 0x0719, 0x8931, 0x8829, 0x0619, 0x0609, 0x0C33, 0x4D3B, 0x091A, 0x305C,
    0x8E4B, 0x2611, 0x2611, 0xE510, 0x0000, 0x0000, 0x0000, 0x0000, 0x0000, 0x0000, 0x0000, 0x0000,
    0x0000, 0x0000, 0x0000, 0x0000, 0x0000, 0x0000, 0x0000, 0x0000, 0x0000, 0x0000, 0x0000, 0x0000,
    0x0000, 0x0000, 0x0000, 0x0000, 0x0000, 0x0000, 0x0000, 0x0000, 0x0000, 0x0000, 0x0000, 0x0000,
    0x0000, 0x0000, 0x0000, 0x0000, 0x0000, 0x0000, 0x0000, 0x0000, 0x0000, 0x0000, 0x0000, 0x0000,
    0x0000, 0x0000, 0x0000, 0x0000, 0x0000, 0x0000, 0x0000, 0x0000, 0x0000, 0x0000, 0x0000, 0x0000,
    0x0000, 0x0000, 0x0000, 0x0000, 0x0000, 0x0000, 0x0000, 0x0000, 0x0000, 0x0000, 0x0000, 0x2519,
    0x0611, 0xC921, 0x6B2A, 0xCB2A, 0xAE43, 0x8719, 0x8D52, 0xCE62, 0xCE62, 0x2C4A, 0xEA41, 0xEA41,
    0xEA41, 0xEA41, 0xEA41, 0x2C4A, 0x8D5A, 0xCE62, 0xA829, 0x6A2A, 0x2C33, 0x6A2A, 0xA819, 0x4711,
    0x2611, 0x4200, 0x0000, 0x0000, 0x0000, 0x0000, 0x0000, 0x0000, 0x0000, 0x0000, 0x0000, 0x0000,
    0x0000, 0x0000, 0x0000, 0x0000, 0x0000, 0x0000, 0x0000, 0x0000, 0x0000, 0x0000, 0x0000, 0x0000,
    0x0000, 0x0000, 0x0000, 0x0000, 0x0000, 0x0000, 0x0000, 0x0000, 0x0000, 0x0000, 0x0000, 0x0000,
    0x0000, 0x0000, 0x0000, 0x0000, 0x0000, 0x0000, 0x0000, 0x0000, 0x0000, 0x0000, 0x0000, 0x0000,
    0x0000, 0x0000, 0x0000, 0x0000, 0x0000, 0x0000, 0x0000, 0x0000, 0x0000, 0x0000, 0x0000, 0x0000,
    0x0000, 0x0000, 0x0000, 0x0000, 0x0000, 0x0000, 0x0000, 0x0000, 0x0000, 0x0000, 0x0000, 0x2100,
    0x2100, 0xA410, 0x4719, 0x8819, 0xCB3A, 0xC821, 0x8829, 0x8D5A, 0x8D5A, 0xAE62, 0xCE62, 0xCE62,
    0xCE62, 0xCE62, 0xCE62, 0xAD62, 0xAE5A, 0x0A42, 0x4719, 0xEC32, 0xC819, 0x4719, 0xE510, 0x6208,
    0x2100, 0x0000, 0x0000, 0x0000, 0x0000, 0x0000, 0x0000, 0x0000, 0x0000, 0x0000, 0x0000, 0x0000,
    0x0000, 0x0000, 0x0000, 0x0000, 0x0000, 0x0000, 0x0000, 0x0000, 0x0000, 0x0000, 0x0000, 0x0000,
    0x0000, 0x0000, 0x0000, 0x0000, 0x0000, 0x0000, 0x0000, 0x0000, 0x0000, 0x0000, 0x0000, 0x0000,
    0x0000, 0x0000, 0x0000, 0x0000, 0x0000, 0x0000, 0x0000, 0x0000, 0x0000, 0x0000, 0x0000, 0x0000,
    0x0000, 0x0000, 0x0000, 0x0000, 0x0000, 0x0000, 0x0000, 0x0000, 0x0000, 0x0000, 0x0000, 0x0000,
    0x0000, 0x0000, 0x0000, 0x0000, 0x0000, 0x0000, 0x0000, 0x0000, 0x0000, 0x0000, 0x0000, 0x0000,
    0x0000, 0x0000, 0x8308, 0x8308, 0x6200, 0xA821, 0x0611, 0xAD5A, 0xEF6A, 0xEF62, 0xEF6A, 0xEF6A,
    0xEF62, 0xEF62, 0xEE62, 0xEE62, 0x2F6B, 0xA929, 0x8719, 0x6619, 0x6200, 0x8308, 0x4100, 0x0000,
    0x0000, 0x0000, 0x0000, 0x0000, 0x0000, 0x0000, 0x0000, 0x0000, 0x0000, 0x0000, 0x0000, 0x0000,
    0x0000, 0x0000, 0x0000, 0x0000, 0x0000, 0x0000, 0x0000, 0x0000, 0x0000, 0x0000, 0x0000, 0x0000,
    0x0000, 0x0000, 0x0000, 0x0000, 0x0000, 0x0000, 0x0000, 0x0000, 0x0000, 0x0000, 0x0000, 0x0000,
    0x0000, 0x0000, 0x0000, 0x0000, 0x0000, 0x0000, 0x0000, 0x0000, 0x0000, 0x0000, 0x0000, 0x0000,
    0x0000, 0x0000, 0x0000, 0x0000, 0x0000, 0x0000, 0x0000, 0x0000, 0x0000, 0x0000, 0x0000, 0x0000,
    0x0000, 0x0000, 0x0000, 0x0000, 0x0000, 0x0000, 0x0000, 0x0000, 0x0000, 0x0000, 0x0000, 0x0000,
    0x0000, 0x0000, 0x0000, 0x0000, 0x0000, 0x6208, 0xA408, 0xE939, 0x0A42, 0x0A42, 0x0A42, 0x0A42,
    0x0942, 0x0942, 0xE941, 0xE941, 0x0A42, 0x2621, 0xA308, 0x4100, 0x0000, 0x0000, 0x0000, 0x0000,
    0x0000, 0x0000, 0x0000, 0x0000, 0x0000, 0x0000, 0x0000, 0x0000, 0x0000, 0x0000, 0x0000, 0x0000,
    0x0000, 0x0000, 0x0000, 0x0000, 0x0000, 0x0000, 0x0000, 0x0000, 0x0000, 0x0000, 0x0000, 0x0000,
    0x0000, 0x0000, 0x0000, 0x0000, 0x0000, 0x0000, 0x0000, 0x0000, 0x0000, 0x0000, 0x0000, 0x0000,
    0x0000, 0x0000, 0x0000, 0x0000, 0x0000, 0x0000, 0x0000, 0x0000, 0x0000, 0x0000, 0x0000, 0x0000,
    0x0000, 0x0000, 0x0000, 0x0000, 0x0000, 0x0000, 0x0000, 0x0000, 0x0000, 0x0000, 0x0000, 0x0000,
    0x0000, 0x0000, 0x0000, 0x0000, 0x0000, 0x0000, 0x0000, 0x0000, 0x0000, 0x0000, 0x0000, 0x0000,
    0x0000, 0x0000, 0x0000, 0x0000, 0x0000, 0x0000, 0x0000, 0x0000, 0x0000, 0x0000, 0x0000, 0x0000,
    0x0000, 0x0000, 0x0000, 0x0000, 0x0000, 0x0000, 0x0000, 0x0000, 0x0000, 0x0000, 0x0000, 0x0000,
    0x0000, 0x0000, 0x0000, 0x0000, 0x0000, 0x0000, 0x0000, 0x0000, 0x0000, 0x0000, 0x0000, 0x0000,
    0x0000, 0x0000, 0x0000, 0x0000, 0x0000, 0x0000, 0x0000, 0x0000, 0x0000, 0x0000, 0x0000, 0x0000,
    0x0000, 0x0000, 0x0000, 0x0000, 0x0000, 0x0000, 0x0000, 0x0000, 0x0000, 0x0000, 0x0000, 0x0000,
    0x0000, 0x0000, 0x0000, 0x0000, 0x0000, 0x0000, 0x0000, 0x0000, 0x0000, 0x0000, 0x0000, 0x0000,
    0x0000, 0x0000, 0x0000, 0x0000, 0x0000, 0x0000, 0x0000, 0x0000, 0x0000, 0x0000, 0x0000, 0x0000,
    0x0000, 0x0000, 0x0000, 0x0000, 0x0000, 0x0000, 0x0000, 0x0000, 0x0000, 0x0000, 0x0000, 0x0000,
    0x0000, 0x0000, 0x0000, 0x0000, 0x0000, 0x0000, 0x0000, 0x0000, 0x0000, 0x0000, 0x0000, 0x0000,
    0x0000, 0x0000, 0x0000, 0x0000, 0x0000, 0x0000, 0x0000, 0x0000, 0x0000, 0x0000, 0x0000, 0x0000,
    0x0000, 0x0000, 0x0000, 0x0000, 0x0000, 0x0000, 0x0000, 0x0000, 0x0000, 0x0000, 0x0000, 0x0000,
    0x0000, 0x0000, 0x0000, 0x0000, 0x0000, 0x0000, 0x0000, 0x0000, 0x0000, 0x0000, 0x0000, 0x0000,
    0x0000, 0x0000, 0x0000, 0x0000, 0x0000, 0x0000, 0x0000, 0x0000, 0x0000, 0x0000, 0x0000, 0x0000,
    0x0000, 0x0000, 0x0000, 0x0000, 0x0000, 0x0000, 0x0000, 0x0000, 0x0000, 0x0000, 0x0000, 0x0000,
    0x0000, 0x0000, 0x0000, 0x0000, 0x0000, 0x0000, 0x0000, 0x0000, 0x0000, 0x0000, 0x0000, 0x0000,
    0x0000, 0x0000, 0x0000, 0x0000, 0x0000, 0x0000, 0x0000, 0x0000, 0x0000, 0x0000, 0x0000, 0x0000,
    0x0000, 0x0000, 0x0000, 0x0000, 0x0000, 0x0000, 0x0000, 0x0000, 0x0000, 0x0000, 0x0000, 0x0000,
    0x0000, 0x0000, 0x0000, 0x0000, 0x0000, 0x0000, 0x0000, 0x0000, 0x0000, 0x0000, 0x0000, 0x0000,
    0x0000, 0x0000, 0x0000, 0x0000, 0x0000, 0x0000, 0x0000, 0x0000, 0x0000, 0x0000, 0x0000, 0x0000,
    0x0000, 0x0000, 0x0000, 0x0000, 0x0000, 0x0000, 0x0000, 0x0000, 0x0000, 0x0000, 0x0000, 0x0000,
    0x0000, 0x0000, 0x0000, 0x0000, 0x0000, 0x0000, 0x0000, 0x0000, 0x0000, 0x0000, 0x0000, 0x0000,
    0x0000, 0x0000, 0x0000, 0x0000, 0x0000, 0x0000, 0x0000, 0x0000, 0x0000, 0x0000, 0x0000, 0x0000,
    0x0000, 0x0000, 0x0000, 0x0000, 0x0000, 0x0000, 0x0000, 0x0000, 0x0000, 0x0000, 0x0000, 0x0000,
    0x0000, 0x0000, 0x0000, 0x0000, 0x0000, 0x0000, 0x0000, 0x0000, 0x0000, 0x0000, 0x0000, 0x0000,
    0x0000, 0x0000, 0x0000, 0x0000, 0x0000, 0x0000, 0x0000, 0x0000, 0x0000, 0x0000, 0x0000, 0x0000,
    0x0000, 0x0000, 0x0000, 0x0000, 0x0000, 0x0000, 0x0000, 0x0000, 0x0000, 0x0000, 0x0000, 0x0000,
    0x0000, 0x0000, 0x0000, 0x0000, 0x0000, 0x0000, 0x0000, 0x0000, 0x0000, 0x0000, 0x0000, 0x0000,
    0x0000, 0x0000, 0x0000, 0x0000, 0x0000, 0x0000, 0x0000, 0x0000, 0x0000, 0x0000, 0x0000, 0x0000,
    0x0000, 0x0000, 0x0000, 0x0000, 0x0000, 0x0000, 0x0000, 0x0000, 0x0000, 0x0000, 0x0000, 0x0000,
    0x0000, 0x0000, 0x0000, 0x0000, 0x0000, 0x0000, 0x0000, 0x0000, 0x0000, 0x0000, 0x0000, 0x0000,
    0x0000, 0x0000, 0x0000, 0x0000, 0x0000, 0x0000, 0x0000, 0x0000, 0x0000, 0x0000, 0x0000, 0x0000,
    0x0000, 0x0000, 0x0000, 0x0000, 0x0000, 0x0000, 0x0000, 0x0000, 0x0000, 0x0000, 0x0000, 0x0000,
    0x0000, 0x0000, 0x0000, 0x0000, 0x0000, 0x0000, 0x0000, 0x0000, 0x0000, 0x0000, 0x0000, 0x0000,
    0x0000, 0x0000, 0x0000, 0x0000, 0x0000, 0x0000, 0x0000, 0x0000, 0x0000, 0x0000, 0x0000, 0x0000,
    0x0000, 0x0000, 0x0000, 0x0000, 0x0000, 0x0000, 0x0000, 0x0000, 0x0000, 0x0000, 0x0000, 0x0000,
    0x0000, 0x0000, 0x0000, 0x0000, 0x0000, 0x0000, 0x0000, 0x0000, 0x0000, 0x0000, 0x0000, 0x0000,
    0x0000, 0x0000, 0x0000, 0x0000, 0x0000, 0x0000, 0x0000, 0x0000, 0x0000, 0x0000, 0x0000, 0x0000,
    0x0000, 0x0000, 0x0000, 0x0000, 0x0000, 0x0000, 0x0000, 0x0000, 0x0000, 0x0000, 0x0000, 0x0000,
    0x0000, 0x0000, 0x0000, 0x0000, 0x0000, 0x0000, 0x0000, 0x0000, 0x0000, 0x0000, 0x0000, 0x0000,
    0x0000, 0x0000, 0x0000, 0x0000, 0x0000, 0x0000, 0x0000, 0x0000, 0x0000, 0x0000, 0x0000, 0x0000,
    0x0000, 0x0000, 0x0000, 0x0000, 0x0000, 0x0000, 0x0000, 0x0000, 0x0000, 0x0000, 0x0000, 0x0000,
    0x0000, 0x0000, 0x0000, 0x0000, 0x0000, 0x0000, 0x0000, 0x0000, 0x0000, 0x0000, 0x0000, 0x0000,
    0x0000, 0x0000, 0x0000, 0x0000, 0x0000, 0x0000, 0x0000, 0x0000, 0x0000, 0x0000, 0x0000, 0x0000,
    0x0000, 0x0000, 0x0000, 0x0000, 0x0000, 0x0000, 0x0000, 0x0000, 0x0000, 0x0000, 0x0000, 0x0000,
    0x0000, 0x0000, 0x0000, 0x0000, 0x0000, 0x0000, 0x0000, 0x0000, 0x0000, 0x0000, 0x0000, 0x0000,
    0x0000, 0x0000, 0x0000, 0x0000, 0x0000, 0x0000, 0x0000, 0x0000, 0x0000, 0x0000, 0x0000, 0x0000,
    0x0000, 0x0000, 0x0000, 0x0000, 0x0000, 0x0000, 0x0000, 0x0000, 0x0000, 0x0000, 0x0000, 0x0000,
    0x0000, 0x0000, 0x0000, 0x0000, 0x0000, 0x0000, 0x0000, 0x0000, 0x0000, 0x0000, 0x0000, 0x0000,
    0x0000, 0x0000, 0x0000, 0x0000, 0x0000, 0x0000, 0x0000, 0x0000, 0x0000, 0x0000, 0x0000, 0x0000,
    0x0000, 0x0000, 0x0000, 0x0000, 0x0000, 0x0000, 0x0000, 0x0000, 0x0000, 0x0000, 0x0000, 0x0000,
    0x0000, 0x0000, 0x0000, 0x0000, 0x0000, 0x0000, 0x0000, 0x0000, 0x0000, 0x0000, 0x0000, 0x0000,
    0x0000, 0x0000, 0x0000, 0x0000, 0x0000, 0x0000, 0x0000, 0x0000, 0x0000, 0x0000, 0x0000, 0x0000,
    0x0000, 0x0000, 0x0000, 0x0000, 0x0000, 0x0000, 0x0000, 0x0000, 0x0000, 0x0000, 0x0000, 0x0000,
};

static const uint16_t ARGUS_SPR_INTERESTED[ARGUS_PIXELS] = {
    0x0000, 0x0000, 0x0000, 0x0000, 0x0000, 0x0000, 0x0000, 0x0000, 0x0000, 0x0000, 0x0000, 0x0000,
    0x0000, 0x0000, 0x0000, 0x0000, 0x0000, 0x0000, 0x0000, 0x0000, 0x0000, 0x0000, 0x0000, 0x0000,
    0x0000, 0x0000, 0x0000, 0x0000, 0x0000, 0x0000, 0x0000, 0x0000, 0x0000, 0x0000, 0x0000, 0x0000,
    0x0000, 0x0000, 0x0000, 0x0000, 0x0000, 0x0000, 0x0000, 0x0000, 0x0000, 0x0000, 0x0000, 0x0000,
    0x0000, 0x0000, 0x0000, 0x0000, 0x0000, 0x0000, 0x0000, 0x0000, 0x0000, 0x0000, 0x0000, 0x0000,
    0x0000, 0x0000, 0x0000, 0x0000, 0x0000, 0x0000, 0x0000, 0x0000, 0x0000, 0x0000, 0x0000, 0x0000,
    0x0000, 0x0000, 0x0000, 0x0000, 0x0000, 0x0000, 0x0000, 0x0000, 0x0000, 0x0000, 0x0000, 0x0000,
    0x0000, 0x0000, 0x0000, 0x0000, 0x0000, 0x0000, 0x0000, 0x0000, 0x0000, 0x0000, 0x0000, 0x0000,
    0x0000, 0x0000, 0x0000, 0x0000, 0x0000, 0x0000, 0x0000, 0x0000, 0x0000, 0x0000, 0x0000, 0x0000,
    0x0000, 0x0000, 0x0000, 0x0000, 0x0000, 0x0000, 0x0000, 0x0000, 0x0000, 0x0000, 0x0000, 0x0000,
    0x0000, 0x0000, 0x0000, 0x0000, 0x0000, 0x0000, 0x0000, 0x0000, 0x0000, 0x0000, 0x0000, 0x0000,
    0x0000, 0x0000, 0x0000, 0x0000, 0x0000, 0x0000, 0x0000, 0x0000, 0x0000, 0x0000, 0x0000, 0x0000,
    0x0000, 0x0000, 0x0000, 0x0000, 0x0000, 0x0000, 0x0000, 0x0000, 0x0000, 0x0000, 0x0000, 0x0000,
    0x0000, 0x0000, 0x0000, 0x0000, 0x0000, 0x0000, 0x0000, 0x0000, 0x0000, 0x0000, 0x0000, 0x0000,
    0x0000, 0x0000, 0x0000, 0x0000, 0x0000, 0x0000, 0x0000, 0x0000, 0x0000, 0x0000, 0x0000, 0x0000,
    0x0000, 0x0000, 0x0000, 0x0000, 0x0000, 0x0000, 0x0000, 0x0000, 0x0000, 0x0000, 0x0000, 0x0000,
    0x0000, 0x0000, 0x0000, 0x0000, 0x0000, 0x0000, 0x0000, 0x0000, 0x0000, 0x0000, 0x0000, 0x0000,
    0x0000, 0x0000, 0x0000, 0x0000, 0x0000, 0x0000, 0x0000, 0x0000, 0x0000, 0x0000, 0x0000, 0x0000,
    0x0000, 0x0000, 0x0000, 0x0000, 0x0000, 0x0000, 0x0000, 0x0000, 0x0000, 0x0000, 0x0000, 0x0000,
    0x0000, 0x0000, 0x0000, 0x0000, 0x0000, 0x0000, 0x0000, 0x0000, 0x0000, 0x2000, 0x6208, 0x8208,
    0x8308, 0x8308, 0x2100, 0x0000, 0x0000, 0x0000, 0x0000, 0x0000, 0x0000, 0x0000, 0x0000, 0x0000,
    0x0000, 0x0000, 0x0000, 0x0000, 0x0000, 0x0000, 0x0000, 0x0000, 0x0000, 0x0000, 0x0000, 0x0000,
    0x0000, 0x0000, 0x0000, 0x0000, 0x0000, 0x0000, 0x0000, 0x0000, 0x0000, 0x0000, 0x0000, 0x0000,
    0x0000, 0x0000, 0x0000, 0x0000, 0x0000, 0x0000, 0x0000, 0x0000, 0x0000, 0x0000, 0x0000, 0x0000,
    0x0000, 0x0000, 0x0000, 0x0000, 0x0000, 0x0000, 0x0000, 0x0000, 0x0000, 0x0000, 0x0000, 0x0000,
    0x0000, 0x0000, 0x0000, 0x0000, 0x0000, 0x0000, 0x0000, 0x0000, 0x0000, 0x0000, 0x0000, 0x0000,
    0x0000, 0x0000, 0x0000, 0x0000, 0x0000, 0x0000, 0x0000, 0x0000, 0x0000, 0x0000, 0x0000, 0x0000,
    0x0000, 0x0000, 0x0000, 0x0000, 0x0000, 0x0000, 0x0000, 0x0000, 0x0000, 0x0000, 0x4742, 0xEB7B,
    0xCB7B, 0x2A63, 0xA210, 0x2000, 0x0000, 0x0000, 0x0000, 0x0000, 0x0000, 0x0000, 0x0000, 0x0000,
    0x0000, 0x0000, 0x0000, 0x0000, 0x0000, 0x0000, 0x0000, 0x0000, 0x0000, 0x0000, 0x0000, 0x0000,
    0x0000, 0x0000, 0x0000, 0x0000, 0x0000, 0x0000, 0x0000, 0x0000, 0x0000, 0x0000, 0x0000, 0x0000,
    0x0000, 0x0000, 0x0000, 0x0000, 0x0000, 0x0000, 0x0000, 0x0000, 0x0000, 0x0000, 0x0000, 0x0000,
    0x0000, 0x0000, 0x0000, 0x0000, 0x0000, 0x0000, 0x0000, 0x0000, 0x0000, 0x0000, 0x0000, 0x0000,
    0x0000, 0x0000, 0x0000, 0x0000, 0x0000, 0x0000, 0x0000, 0x0000, 0x0000, 0x0000, 0x0000, 0x0000,
    0x0000, 0x0000, 0x0000, 0x0000, 0x0000, 0x0000, 0x0000, 0x0000, 0x0000, 0x0000, 0x0000, 0x0000,
    0x0000, 0x0000, 0x0000, 0x0000, 0x0000, 0x2100, 0xE418, 0x4521, 0x2421, 0x0A5B, 0xEF9C, 0xF2BD,
    0x12BE, 0xB1AD, 0xD094, 0xC631, 0x2421, 0x4529, 0x6108, 0x0000, 0x0000, 0x0000, 0x0000, 0x0000,
    0x0000, 0x0000, 0x0000, 0x0000, 0x0000, 0x0000, 0x0000, 0x0000, 0x0000, 0x0000, 0x0000, 0x0000,
    0x0000, 0x0000, 0x0000, 0x0000, 0x0000, 0x0000, 0x0000, 0x0000, 0x0000, 0x0000, 0x0000, 0x0000,
    0x0000, 0x0000, 0x0000, 0x0000, 0x0000, 0x0000, 0x0000, 0x0000, 0x0000, 0x0000, 0x0000, 0x0000,
    0x0000, 0x0000, 0x0000, 0x0000, 0x0000, 0x0000, 0x0000, 0x0000, 0x0000, 0x0000, 0x0000, 0x0000,
    0x0000, 0x0000, 0x0000, 0x0000, 0x0000, 0x0000, 0x0000, 0x0000, 0x0000, 0x0000, 0x0000, 0x0000,
    0x0000, 0x0000, 0x0000, 0x0000, 0x0000, 0x0000, 0x0000, 0x0000, 0x0000, 0x0000, 0x0000, 0x0000,
    0x0000, 0x0000, 0x2100, 0x6208, 0x2519, 0xC310, 0x8B73, 0x0FA5, 0x4C84, 0xB2AD, 0xB7C6, 0x7BE7,
    0x9CE7, 0xD8C6, 0x55BE, 0x8E8C, 0xAE94, 0x8E94, 0x6529, 0xC410, 0xA308, 0x2000, 0x2000, 0x0000,
    0x0000, 0x0000, 0x0000, 0x0000, 0x0000, 0x0000, 0x0000, 0x0000, 0x0000, 0x0000, 0x0000, 0x0000,
    0x0000, 0x0000, 0x0000, 0x0000, 0x0000, 0x0000, 0x0000, 0x0000, 0x0000, 0x0000, 0x0000, 0x0000,
    0x0000, 0x0000, 0x0000, 0x0000, 0x0000, 0x0000, 0x0000, 0x0000, 0x0000, 0x0000, 0x0000, 0x0000,
    0x0000, 0x0000, 0x0000, 0x0000, 0x0000, 0x0000, 0x0000, 0x0000, 0x0000, 0x0000, 0x0000, 0x0000,
    0x0000, 0x0000, 0x0000, 0x0000, 0x0000, 0x0000, 0x0000, 0x0000, 0x0000, 0x0000, 0x0000, 0x0000,
    0x0000, 0x0000, 0x0000, 0x0000, 0x0000, 0x0000, 0x0000, 0x0000, 0x0000, 0x0000, 0x0000, 0x0000,
    0x0000, 0xA408, 0x6619, 0x4A2A, 0xE829, 0x2A63, 0x2FA5, 0x12BE, 0xD2AD, 0xD3A5, 0xB7C6, 0x7BE7,
    0xBCE7, 0xD8C6, 0x56B6, 0x1095, 0x74BE, 0x70AD, 0x4C8C, 0x0732, 0xE921, 0xC821, 0xC408, 0x2100,
    0x0000, 0x0000, 0x0000, 0x0000, 0x0000, 0x0000, 0x0000, 0x0000, 0x0000, 0x0000, 0x0000, 0x0000,
    0x0000, 0x0000, 0x0000, 0x0000, 0x0000, 0x0000, 0x0000, 0x0000, 0x0000, 0x0000, 0x0000, 0x0000,
    0x0000, 0x0000, 0x0000, 0x0000, 0x0000, 0x0000, 0x0000, 0x0000, 0x0000, 0x0000, 0x0000, 0x0000,
    0x0000, 0x0000, 0x0000, 0x0000, 0x0000, 0x0000, 0x0000, 0x0000, 0x0000, 0x0000, 0x0000, 0x0000,
    0x0000, 0x0000, 0x0000, 0x0000, 0x0000, 0x0000, 0x0000, 0x0000, 0x0000, 0x0000, 0x0000, 0x0000,
    0x0000, 0x0000, 0x0000, 0x0000, 0x0000, 0x0000, 0x0000, 0x0000, 0x0000, 0x0000, 0x2100, 0x6200,
    0xC410, 0x092A, 0x6D43, 0x4D43, 0x094B, 0x0F9D, 0xF3B5, 0x39D7, 0x15AE, 0xD4A5, 0x97BE, 0x7ADF,
    0x9BE7, 0xD8C6, 0x76B6, 0x5295, 0xD8C6, 0xB7C6, 0x50A5, 0x0B7C, 0xEA3A, 0x2C33, 0xCB32, 0x8719,
    0x8308, 0x6208, 0x0000, 0x0000, 0x0000, 0x0000, 0x0000, 0x0000, 0x0000, 0x0000, 0x0000, 0x0000,
    0x0000, 0x0000, 0x0000, 0x0000, 0x0000, 0x0000, 0x0000, 0x0000, 0x0000, 0x0000, 0x0000, 0x0000,
    0x0000, 0x0000, 0x0000, 0x0000, 0x0000, 0x0000, 0x0000, 0x0000, 0x0000, 0x0000, 0x0000, 0x0000,
    0x0000, 0x0000, 0x0000, 0x0000, 0x0000, 0x0000, 0x0000, 0x0000, 0x0000, 0x0000, 0x0000, 0x0000,
    0x0000, 0x0000, 0x0000, 0x0000, 0x0000, 0x0000, 0x0000, 0x0000, 0x0000, 0x0000, 0x0000, 0x0000,
    0x0000, 0x0000, 0x0000, 0x0000, 0x0000, 0x0000, 0x0000, 0x0000, 0x0000, 0x4200, 0x4619, 0xE921,
    0x8A2A, 0x8E43, 0x4C3B, 0x4A53, 0xEE94, 0xEF9C, 0xB8CE, 0x7BDF, 0xF5AD, 0x5295, 0x35B6, 0x5AD7,
    0x5ADF, 0xB8C6, 0x939D, 0x529D, 0x19D7, 0x5BDF, 0x319D, 0xCE94, 0xEB6B, 0x6B43, 0xEE43, 0xEB2A,
    0x6B32, 0x6719, 0x8308, 0x0000, 0x0000, 0x0000, 0x0000, 0x0000, 0x0000, 0x0000, 0x0000, 0x0000,
    0x0000, 0x0000, 0x0000, 0x0000, 0x0000, 0x0000, 0x0000, 0x0000, 0x0000, 0x0000, 0x0000, 0x0000,
    0x0000, 0x0000, 0x0000, 0x0000, 0x0000, 0x0000, 0x0000, 0x0000, 0x0000, 0x0000, 0x0000, 0x0000,
    0x0000, 0x0000, 0x0000, 0x0000, 0x0000, 0x0000, 0x0000, 0x0000, 0x0000, 0x0000, 0x0000, 0x0000,
    0x0000, 0x0000, 0x0000, 0x0000, 0x0000, 0x0000, 0x0000, 0x0000, 0x0000, 0x0000, 0x0000, 0x0000,
    0x0000, 0x0000, 0x0000, 0x0000, 0x0000, 0x0000, 0x2100, 0x2100, 0xA308, 0x4619, 0x6A2A, 0x3054,
    0xEE43, 0xEE43, 0x2A43, 0xAD8C, 0xD2AD, 0x529D, 0x57BE, 0x7BDF, 0x56BE, 0x1195, 0x15B6, 0xF9CE,
    0xF8CE, 0xB8C6, 0x5295, 0x93A5, 0x3ADF, 0x1AD7, 0x539D, 0xF4B5, 0xB1AD, 0x0C6C, 0x8D3B, 0xCE3B,
    0x4C33, 0xEC32, 0xE921, 0x0519, 0x2100, 0x2100, 0x0000, 0x0000, 0x0000, 0x0000, 0x0000, 0x0000,
    0x0000, 0x0000, 0x0000, 0x0000, 0x0000, 0x0000, 0x0000, 0x0000, 0x0000, 0x0000, 0x0000, 0x0000,
    0x0000, 0x0000, 0x0000, 0x0000, 0x0000, 0x0000, 0x0000, 0x0000, 0x0000, 0x0000, 0x0000, 0x0000,
    0x0000, 0x0000, 0x0000, 0x0000, 0x0000, 0x0000, 0x0000, 0x0000, 0x0000, 0x0000, 0x0000, 0x0000,
    0x0000, 0x0000, 0x0000, 0x0000, 0x0000, 0x0000, 0x0000, 0x0000, 0x0000, 0x0000, 0x0000, 0x0000,
    0x0000, 0x0000, 0x0000, 0x0000, 0x0000, 0x4208, 0xC410, 0xC408, 0x2511, 0x2609, 0xAA2A, 0x4F4C,
    0x4F44, 0xEA22, 0x873A, 0x0F9D, 0xB7C6, 0xD4A5, 0xB4AD, 0x3AD7, 0x97C6, 0x1295, 0x15B6, 0xD8CE,
    0xD8CE, 0xD8CE, 0x529D, 0xF5AD, 0x3ADF, 0x98C6, 0x539D, 0x1AD7, 0xB7CE, 0xEC73, 0x8A2A, 0xCE3B,
    0x2F44, 0xAE43, 0x6711, 0x0511, 0x8300, 0x6200, 0x6208, 0x0000, 0x0000, 0x0000, 0x0000, 0x0000,
    0x0000, 0x0000, 0x0000, 0x0000, 0x0000, 0x0000, 0x0000, 0x0000, 0x0000, 0x0000, 0x0000, 0x0000,
    0x0000, 0x0000, 0x0000, 0x0000, 0x0000, 0x0000, 0x0000, 0x0000, 0x0000, 0x0000, 0x0000, 0x0000,
    0x0000, 0x0000, 0x0000, 0x0000, 0x0000, 0x0000, 0x0000, 0x0000, 0x0000, 0x0000, 0x0000, 0x0000,
    0x0000, 0x0000, 0x0000, 0x0000, 0x0000, 0x0000, 0x0000, 0x0000, 0x0000, 0x0000, 0x0000, 0x0000,
    0x0000, 0x0000, 0x0000, 0x0000, 0x2100, 0xC408, 0x717C, 0xB69D, 0xB69D, 0x17A6, 0x5064, 0x0B2B,
    0x8D3B, 0xAA32, 0x683A, 0x1095, 0xF9CE, 0x36B6, 0x3295, 0xB8C6, 0xB8C6, 0x1295, 0xD5AD, 0xB8CE,
    0xB8CE, 0x98C6, 0x329D, 0x16B6, 0x1AD7, 0xF6B5, 0x73A5, 0x3BDF, 0x77C6, 0xCD6B, 0x282A, 0x4D3B,
    0x0C2B, 0x8A2A, 0x1485, 0x959D, 0x9595, 0x548D, 0x2932, 0x4100, 0x0000, 0x0000, 0x0000, 0x0000,
    0x0000, 0x0000, 0x0000, 0x0000, 0x0000, 0x0000, 0x0000, 0x0000, 0x0000, 0x0000, 0x0000, 0x0000,
    0x0000, 0x0000, 0x0000, 0x0000, 0x0000, 0x0000, 0x0000, 0x0000, 0x0000, 0x0000, 0x0000, 0x0000,
    0x0000, 0x0000, 0x0000, 0x0000, 0x0000, 0x0000, 0x0000, 0x0000, 0x0000, 0x0000, 0x0000, 0x0000,
    0x0000, 0x0000, 0x0000, 0x0000, 0x0000, 0x0000, 0x0000, 0x0000, 0x0000, 0x0000, 0x0000, 0x0000,
    0x0000, 0x0000, 0x0000, 0x2000, 0x2519, 0x727C, 0x5BCF, 0x5BC7, 0xD9B6, 0x3AC7, 0x7BCF, 0x3485,
    0x0C3B, 0xCB3A, 0x8842, 0xB084, 0x97BE, 0x77C6, 0x539D, 0xD4AD, 0xB8C6, 0x539D, 0x94A5, 0x36B6,
    0x36B6, 0xF5B5, 0x129D, 0x77C6, 0xB8CE, 0x539D, 0xF5B5, 0x1AD7, 0xB4A5, 0x4B63, 0xAA42, 0x0C3B,
    0x6D43, 0x58AE, 0x3AC7, 0xB8AE, 0xD9B6, 0x1ABF, 0xF7A5, 0xEC4A, 0x4208, 0x0000, 0x0000, 0x0000,
    0x0000, 0x0000, 0x0000, 0x0000, 0x0000, 0x0000, 0x0000, 0x0000, 0x0000, 0x0000, 0x0000, 0x0000,
    0x0000, 0x0000, 0x0000, 0x0000, 0x0000, 0x0000, 0x0000, 0x0000, 0x0000, 0x0000, 0x0000, 0x0000,
    0x0000, 0x0000, 0x0000, 0x0000, 0x0000, 0x0000, 0x0000, 0x0000, 0x0000, 0x0000, 0x0000, 0x0000,
    0x0000, 0x0000, 0x0000, 0x0000, 0x0000, 0x0000, 0x0000, 0x0000, 0x0000, 0x0000, 0x0000, 0x0000,
    0x0000, 0x0000, 0x4100, 0x6308, 0xEB4A, 0x7CCF, 0xD9B6, 0x547D, 0xD264, 0xD264, 0x77A6, 0x7CCF,
    0xB274, 0x683A, 0x0C7C, 0x1195, 0x739D, 0x97C6, 0xB4AD, 0x329D, 0x36BE, 0xB4AD, 0x1295, 0xD5AD,
    0x16B6, 0x539D, 0x539D, 0x77C6, 0xD4AD, 0x329D, 0x77C6, 0x36B6, 0xF194, 0xEF9C, 0x2A5B, 0xCB3A,
    0x58AE, 0xF9BE, 0x7485, 0xB264, 0x1375, 0x169E, 0x5BCF, 0x7695, 0x2619, 0x4200, 0x0000, 0x0000,
    0x0000, 0x0000, 0x0000, 0x0000, 0x0000, 0x0000, 0x0000, 0x0000, 0x0000, 0x0000, 0x0000, 0x0000,
    0x0000, 0x0000, 0x0000, 0x0000, 0x0000, 0x0000, 0x0000, 0x0000, 0x0000, 0x0000, 0x0000, 0x0000,
    0x0000, 0x0000, 0x0000, 0x0000, 0x0000, 0x0000, 0x0000, 0x0000, 0x0000, 0x0000, 0x0000, 0x0000,
    0x0000, 0x0000, 0x0000, 0x0000, 0x0000, 0x0000, 0x0000, 0x0000, 0x0000, 0x0000, 0x0000, 0x0000,
    0x0000, 0x0000, 0x6208, 0x0511, 0xD284, 0xB9B6, 0x3475, 0x0F44, 0x715C, 0x715C, 0xD26C, 0x98AE,
    0x179E, 0xA842, 0x50A5, 0x35BE, 0x1295, 0xF5B5, 0x77BE, 0x539D, 0x94AD, 0x36BE, 0x73A5, 0xB4AD,
    0x15B6, 0x53A5, 0xD4AD, 0x36BE, 0x1295, 0xD5AD, 0x77C6, 0x3295, 0x73A5, 0xF2B5, 0x295B, 0x4D4B,
    0xFABE, 0xF26C, 0x304C, 0xB264, 0xEF4B, 0x915C, 0x78AE, 0xFAC6, 0x0D4B, 0x6200, 0x0000, 0x0000,
    0x0000, 0x0000, 0x0000, 0x0000, 0x0000, 0x0000, 0x0000, 0x0000, 0x0000, 0x0000, 0x0000, 0x0000,
    0x0000, 0x0000, 0x0000, 0x0000, 0x0000, 0x0000, 0x0000, 0x0000, 0x0000, 0x0000, 0x0000, 0x0000,
    0x0000, 0x0000, 0x0000, 0x0000, 0x0000, 0x0000, 0x0000, 0x0000, 0x0000, 0x0000, 0x0000, 0x0000,
    0x0000, 0x0000, 0x0000, 0x0000, 0x0000, 0x0000, 0x0000, 0x0000, 0x0000, 0x0000, 0x0000, 0x0000,
    0x0000, 0x2100, 0x6611, 0x8A2A, 0x57AE, 0xD595, 0x0F54, 0xF795, 0xF795, 0xD68D, 0xF26C, 0xD264,
    0x7485, 0xCA4A, 0x8E8C, 0x14B6, 0x74A5, 0x339D, 0x36BE, 0xF5B5, 0x1295, 0xD5AD, 0x94A5, 0x94A5,
    0xF5AD, 0x539D, 0x93A5, 0x329D, 0x53A5, 0x56BE, 0x73A5, 0x1295, 0xD4B5, 0x30A5, 0x2A5B, 0xAF53,
    0x1375, 0x5054, 0x136D, 0x9585, 0xDAB6, 0x926C, 0x537D, 0x5BC7, 0xB26C, 0xC819, 0x6200, 0x0000,
    0x0000, 0x0000, 0x0000, 0x0000, 0x0000, 0x0000, 0x0000, 0x0000, 0x0000, 0x0000, 0x0000, 0x0000,
    0x0000, 0x0000, 0x0000, 0x0000, 0x0000, 0x0000, 0x0000, 0x0000, 0x0000, 0x0000, 0x0000, 0x0000,
    0x0000, 0x0000, 0x0000, 0x0000, 0x0000, 0x0000, 0x0000, 0x0000, 0x0000, 0x0000, 0x0000, 0x0000,
    0x0000, 0x0000, 0x0000, 0x0000, 0x0000, 0x0000, 0x0000, 0x0000, 0x0000, 0x0000, 0xA410, 0x4621,
    0x6621, 0x6621, 0x0C33, 0x4C33, 0x958D, 0x58A6, 0x9485, 0x1BC7, 0x3485, 0x4D3B, 0x3475, 0x0F54,
    0xF374, 0x4D4B, 0x2B5B, 0x319D, 0xD4B5, 0x33A5, 0x329D, 0xF5B5, 0x53A5, 0x1295, 0x539D, 0x94A5,
    0xD5AD, 0x529D, 0x329D, 0xF194, 0xF5B5, 0x73A5, 0xF294, 0xB4AD, 0x52A5, 0x0D74, 0x893A, 0x7164,
    0xB264, 0x1375, 0x515C, 0x305C, 0x5CCF, 0xF79D, 0x958D, 0x58A6, 0xEF4B, 0x0C33, 0xA721, 0xA729,
    0x8729, 0x4621, 0x4100, 0x0000, 0x0000, 0x0000, 0x0000, 0x0000, 0x0000, 0x0000, 0x0000, 0x0000,
    0x0000, 0x0000, 0x0000, 0x0000, 0x0000, 0x0000, 0x0000, 0x0000, 0x0000, 0x0000, 0x0000, 0x0000,
    0x0000, 0x0000, 0x0000, 0x0000, 0x0000, 0x0000, 0x0000, 0x0000, 0x0000, 0x0000, 0x0000, 0x0000,
    0x0000, 0x0000, 0x0000, 0x0000, 0x0000, 0x0000, 0x0000, 0x0000, 0x2100, 0x6300, 0xEC4A, 0x5CD7,
    0x1BCF, 0x1BCF, 0x715C, 0xAA2A, 0x6E4B, 0x1796, 0x547D, 0x389E, 0xB26C, 0x2D3B, 0xD36C, 0x347D,
    0xEF4B, 0xEF53, 0x4C4B, 0x2A53, 0xD094, 0xD4B5, 0x33A5, 0x129D, 0xB5AD, 0x339D, 0x1295, 0x739D,
    0x949D, 0x3295, 0x1295, 0x93A5, 0x94A5, 0xF18C, 0x94A5, 0x73AD, 0xCD73, 0x0B4B, 0x4E43, 0xD04B,
    0x515C, 0x7585, 0x5164, 0xCF4B, 0x379E, 0x7585, 0xF68D, 0x0F54, 0xAA2A, 0x4C3B, 0x179E, 0x3BCF,
    0x5CCF, 0x5595, 0x0511, 0x2100, 0x0000, 0x0000, 0x0000, 0x0000, 0x0000, 0x0000, 0x0000, 0x0000,
    0x0000, 0x0000, 0x0000, 0x0000, 0x0000, 0x0000, 0x0000, 0x0000, 0x0000, 0x0000, 0x0000, 0x0000,
    0x0000, 0x0000, 0x0000, 0x0000, 0x0000, 0x0000, 0x0000, 0x0000, 0x0000, 0x0000, 0x0000, 0x0000,
    0x0000, 0x0000, 0x0000, 0x0000, 0x0000, 0x0000, 0x0000, 0x0000, 0x0000, 0xC829, 0x58B6, 0xF9B6,
    0x169E, 0xB9B6, 0x1ABF, 0xB274, 0x4A22, 0x8E4B, 0x305C, 0xEF53, 0xEB3A, 0xEC32, 0xD36C, 0xB26C,
    0x3064, 0xD695, 0x5485, 0x0C43, 0xC952, 0x8F8C, 0xB4AD, 0x53A5, 0x129D, 0x739D, 0xF284, 0x9174,
    0xF27C, 0xD27C, 0x5395, 0x94A5, 0x1295, 0xB4A5, 0x129D, 0x8C6B, 0xCA42, 0x3064, 0xD695, 0x347D,
    0x305C, 0x1475, 0x315C, 0x0C3B, 0xEF4B, 0x3054, 0x8E43, 0x6A2A, 0x6D43, 0x57A6, 0xF9BE, 0xB9B6,
    0x179E, 0xB9B6, 0x1174, 0x2100, 0x0000, 0x0000, 0x0000, 0x0000, 0x0000, 0x0000, 0x0000, 0x0000,
    0x0000, 0x0000, 0x0000, 0x0000, 0x0000, 0x0000, 0x0000, 0x0000, 0x0000, 0x0000, 0x0000, 0x0000,
    0x0000, 0x0000, 0x0000, 0x0000, 0x0000, 0x0000, 0x0000, 0x0000, 0x0000, 0x0000, 0x0000, 0x0000,
    0x0000, 0x0000, 0x0000, 0x0000, 0x0000, 0x0000, 0x0000, 0x0000, 0x0000, 0x293A, 0x3BCF, 0x1275,
    0xB154, 0xB57D, 0x78A6, 0xB9B6, 0x0F5C, 0x8E4B, 0xAE4B, 0x2C3B, 0x305C, 0xD36C, 0x1054, 0x105C,
    0x1485, 0xF7A5, 0x5485, 0xCE53, 0xAA42, 0x483A, 0xAD63, 0x339D, 0x539D, 0xF284, 0x137D, 0x379E,
    0x78A6, 0xD695, 0x3385, 0x3395, 0x749D, 0xB184, 0xEA52, 0x8942, 0x4D43, 0x137D, 0x58AE, 0xB695,
    0x7264, 0xF04B, 0x515C, 0xF374, 0xF04B, 0x6E43, 0x4D43, 0x8E53, 0xF69D, 0xD9BE, 0x58A6, 0x747D,
    0x3054, 0x99B6, 0x927C, 0x2100, 0x0000, 0x0000, 0x0000, 0x0000, 0x0000, 0x0000, 0x0000, 0x0000,
    0x0000, 0x0000, 0x0000, 0x0000, 0x0000, 0x0000, 0x0000, 0x0000, 0x0000, 0x0000, 0x0000, 0x0000,
    0x0000, 0x0000, 0x0000, 0x0000, 0x0000, 0x0000, 0x0000, 0x0000, 0x0000, 0x0000, 0x0000, 0x0000,
    0x0000, 0x0000, 0x0000, 0x0000, 0x0000, 0x0000, 0x0000, 0x0000, 0x0000, 0xE831, 0x99BE, 0x5485,
    0x7154, 0xF364, 0x9585, 0x78AE, 0x78AE, 0x9164, 0x515C, 0x7164, 0x1054, 0xD36C, 0x7164, 0x7164,
    0x7164, 0x758D, 0x147D, 0x6C53, 0x6842, 0x273A, 0xEA4A, 0x2B53, 0xB27C, 0xF37C, 0xF695, 0xB9BE,
    0x78B6, 0x99B6, 0xF374, 0xB174, 0x0F6C, 0xA942, 0x884A, 0x283A, 0x0C43, 0xD36C, 0xB695, 0xB26C,
    0xEF53, 0xEF53, 0xD36C, 0x926C, 0x515C, 0x7164, 0x505C, 0x179E, 0xDAB6, 0x379E, 0xB264, 0xEF4B,
    0x1375, 0x58A6, 0xCF63, 0x4200, 0x0000, 0x0000, 0x0000, 0x0000, 0x0000, 0x0000, 0x0000, 0x0000,
    0x0000, 0x0000, 0x0000, 0x0000, 0x0000, 0x0000, 0x0000, 0x0000, 0x0000, 0x0000, 0x0000, 0x0000,
    0x0000, 0x0000, 0x0000, 0x0000, 0x0000, 0x0000, 0x0000, 0x0000, 0x0000, 0x0000, 0x0000, 0x0000,
    0x0000, 0x0000, 0x0000, 0x0000, 0x0000, 0x0000, 0x0000, 0x0000, 0xA408, 0x092A, 0xF79D, 0x7CCF,
    0xB26C, 0x8E43, 0x515C, 0x505C, 0x715C, 0x7164, 0x179E, 0xF79D, 0xD26C, 0xCF4B, 0x105C, 0xF374,
    0x305C, 0xAE4B, 0x0F64, 0xEC7B, 0x2B8C, 0xE85A, 0x8E94, 0x2963, 0xCA42, 0x8E53, 0x17A6, 0x98BE,
    0xDAC6, 0x58AE, 0xF474, 0xEB42, 0x6742, 0x0C84, 0xE962, 0x0963, 0x8E94, 0xAD63, 0x4D4B, 0x6E4B,
    0x7264, 0x7164, 0x305C, 0xAE4B, 0xF79D, 0x17A6, 0x9585, 0xCE4B, 0xF374, 0xF36C, 0xCF4B, 0x8F43,
    0x389E, 0xD795, 0xAF5B, 0x2619, 0x4100, 0x0000, 0x0000, 0x0000, 0x0000, 0x0000, 0x0000, 0x0000,
    0x0000, 0x0000, 0x0000, 0x0000, 0x0000, 0x0000, 0x0000, 0x0000, 0x0000, 0x0000, 0x0000, 0x0000,
    0x0000, 0x0000, 0x0000, 0x0000, 0x0000, 0x0000, 0x0000, 0x0000, 0x0000, 0x0000, 0x0000, 0x0000,
    0x0000, 0x0000, 0x0000, 0x0000, 0x0000, 0x0000, 0x0000, 0x0000, 0x2611, 0x6E43, 0xEB2A, 0x2D43,
    0xAF4B, 0x115C, 0xB26C, 0x9264, 0x4D3B, 0x715C, 0xD68D, 0xD695, 0xD26C, 0xAE4B, 0x5064, 0xD184,
    0xF18C, 0x2D74, 0xEE9C, 0xEFC5, 0xEFCD, 0xE762, 0xCD9C, 0x4FAD, 0x6B6B, 0x6A3A, 0xF374, 0xD695,
    0x958D, 0xB68D, 0xF05B, 0x8942, 0x0C84, 0xCDA4, 0x875A, 0x897B, 0x30DE, 0xECA4, 0x6E84, 0xD284,
    0xD27C, 0x7164, 0x8E4B, 0xEF53, 0x169E, 0x169E, 0x9585, 0x0C33, 0xAE43, 0x715C, 0x7264, 0xAF4B,
    0x0D3B, 0x2D3B, 0xF053, 0x6A32, 0x2100, 0x0000, 0x0000, 0x0000, 0x0000, 0x0000, 0x0000, 0x0000,
    0x0000, 0x0000, 0x0000, 0x0000, 0x0000, 0x0000, 0x0000, 0x0000, 0x0000, 0x0000, 0x0000, 0x0000,
    0x0000, 0x0000, 0x0000, 0x0000, 0x0000, 0x0000, 0x0000, 0x0000, 0x0000, 0x0000, 0x0000, 0x0000,
    0x0000, 0x0000, 0x0000, 0x0000, 0x0000, 0x0000, 0x0000, 0x2000, 0xA408, 0x4D43, 0xF053, 0x8E43,
    0x4D3B, 0xAF4B, 0x347D, 0x347D, 0x1054, 0xCF4B, 0xD26C, 0xF374, 0x506C, 0xCD63, 0x4E7C, 0xCE9C,
    0x8FBD, 0x10CE, 0x50D6, 0x8EBD, 0x6B94, 0x8752, 0xC639, 0xA531, 0xE731, 0x6721, 0x4A32, 0x5264,
    0xD36C, 0x8F4B, 0xA721, 0xA729, 0xE631, 0xA531, 0x8529, 0x0963, 0xEDAC, 0xAECD, 0x10D6, 0x90BD,
    0x50AD, 0x2D7C, 0xAC63, 0x8D53, 0xB26C, 0x1375, 0x9264, 0xEC32, 0x926C, 0xB68D, 0xD374, 0x4D43,
    0x8E43, 0x305C, 0x3064, 0x092A, 0x4200, 0x0000, 0x0000, 0x0000, 0x0000, 0x0000, 0x0000, 0x0000,
    0x0000, 0x0000, 0x0000, 0x0000, 0x0000, 0x0000, 0x0000, 0x0000, 0x0000, 0x0000, 0x0000, 0x0000,
    0x0000, 0x0000, 0x0000, 0x0000, 0x0000, 0x0000, 0x0000, 0x0000, 0x0000, 0x0000, 0x0000, 0x0000,
    0x0000, 0x0000, 0x0000, 0x0000, 0x0000, 0x0000, 0x0000, 0x2000, 0xA308, 0xF384, 0x37A6, 0xF795,
    0xB26C, 0x0C33, 0xD374, 0xD374, 0x315C, 0x8E4B, 0x8D53, 0x6C5B, 0xCB73, 0xEDA4, 0x8FC5, 0xCFCD,
    0x6DBD, 0xEDAC, 0x6973, 0x6752, 0xC739, 0xA731, 0x2A42, 0xED5A, 0xCD5A, 0x2E6B, 0x2A42, 0xE931,
    0x8B3A, 0x0A32, 0xCD5A, 0xED5A, 0xED5A, 0xCC52, 0xA729, 0xA731, 0x0742, 0xC862, 0x4C94, 0x2DBD,
    0xAFCD, 0x4EBD, 0x0EAD, 0x0C84, 0x6C5B, 0x6D53, 0xAE4B, 0xAF4B, 0xB26C, 0x958D, 0x305C, 0xEC3A,
    0x958D, 0x78B6, 0x99BE, 0x4A3A, 0x0100, 0x0000, 0x0000, 0x0000, 0x0000, 0x0000, 0x0000, 0x0000,
    0x0000, 0x0000, 0x0000, 0x0000, 0x0000, 0x0000, 0x0000, 0x0000, 0x0000, 0x0000, 0x0000, 0x0000,
    0x0000, 0x0000, 0x0000, 0x0000, 0x0000, 0x0000, 0x0000, 0x0000, 0x0000, 0x0000, 0x0000, 0x0000,
    0x0000, 0x0000, 0x0000, 0x0000, 0x0000, 0x0000, 0x0000, 0x0000, 0xC408, 0xD37C, 0x78AE, 0x17A6,
    0xD374, 0x2D3B, 0x9264, 0x0F54, 0x4C4B, 0x6B5B, 0x6A63, 0xAA7B, 0xEDA4, 0x0DAD, 0x2B8C, 0xC862,
    0xA95A, 0xE739, 0xE939, 0x0D5B, 0xCF73, 0xAF73, 0x5084, 0xB194, 0x718C, 0xF083, 0x8F73, 0x6F73,
    0x4E6B, 0x8F73, 0xCF7B, 0x708C, 0xB194, 0x9194, 0xCF7B, 0x8E6B, 0x4E63, 0xE839, 0x8631, 0x0742,
    0xC95A, 0x464A, 0xEA8B, 0x6EBD, 0x8C9C, 0xEC7B, 0x8C63, 0x6D53, 0xAE53, 0xF374, 0x105C, 0xAF4B,
    0x379E, 0x16A6, 0x38AE, 0x2932, 0x2100, 0x0000, 0x0000, 0x0000, 0x0000, 0x0000, 0x0000, 0x0000,
    0x0000, 0x0000, 0x0000, 0x0000, 0x0000, 0x0000, 0x0000, 0x0000, 0x0000, 0x0000, 0x0000, 0x0000,
    0x0000, 0x0000, 0x0000, 0x0000, 0x0000, 0x0000, 0x0000, 0x0000, 0x0000, 0x0000, 0x0000, 0x0000,
    0x0000, 0x0000, 0x0000, 0x0000, 0x0000, 0x0000, 0x0000, 0x2100, 0xA408, 0x716C, 0x347D, 0xF37C,
    0x315C, 0x4D43, 0xCE53, 0x4B53, 0x295B, 0xAA7B, 0xCA7B, 0x6973, 0xE85A, 0xE639, 0xA731, 0x0A42,
    0xCD5A, 0xB073, 0x718C, 0x53A5, 0xF4B5, 0xD3AD, 0xB2AD, 0xD3AD, 0x319D, 0xF194, 0xD194, 0xD194,
    0xB194, 0xD194, 0xB094, 0x72A5, 0xD3AD, 0x92A5, 0xB2AD, 0xB3AD, 0xD4AD, 0xF194, 0xCF7B, 0xAC52,
    0x0A42, 0x2A42, 0x4842, 0xE85A, 0x6A6B, 0xCB7B, 0x2C84, 0xAB73, 0x4B5B, 0xCE5B, 0x105C, 0xAF4B,
    0xB264, 0xB26C, 0x3485, 0xE929, 0x2100, 0x0000, 0x0000, 0x0000, 0x0000, 0x0000, 0x0000, 0x0000,
    0x0000, 0x0000, 0x0000, 0x0000, 0x0000, 0x0000, 0x0000, 0x0000, 0x0000, 0x0000, 0x0000, 0x0000,
    0x0000, 0x0000, 0x0000, 0x0000, 0x0000, 0x0000, 0x0000, 0x0000, 0x0000, 0x0000, 0x0000, 0x0000,
    0x0000, 0x0000, 0x0000, 0x0000, 0x0000, 0x0000, 0x0000, 0x0000, 0x8308, 0xAB3A, 0xAF4B, 0xCF53,
    0x6D4B, 0x4C4B, 0x2A5B, 0x6A6B, 0xCB7B, 0x2963, 0x4742, 0x8621, 0x4621, 0x6C4A, 0x8D5A, 0x6F73,
    0x33A5, 0xB3AD, 0xB2AD, 0xB2A5, 0x91A5, 0x91A5, 0x92A5, 0xD3AD, 0x329D, 0x4C63, 0x4C63, 0x4C63,
    0x2C5B, 0x2C5B, 0x0B53, 0xCE73, 0x329D, 0xB2A5, 0x91A5, 0x91A5, 0x91A5, 0xB2A5, 0xB2AD, 0x73A5,
    0x918C, 0x6F73, 0xAD5A, 0x0A3A, 0x4621, 0x083A, 0xEA5A, 0xAB73, 0x2D84, 0x8B6B, 0x4C53, 0x4D43,
    0xCF4B, 0xEF4B, 0xEC3A, 0x4619, 0x2000, 0x0000, 0x0000, 0x0000, 0x0000, 0x0000, 0x0000, 0x0000,
    0x0000, 0x0000, 0x0000, 0x0000, 0x0000, 0x0000, 0x0000, 0x0000, 0x0000, 0x0000, 0x0000, 0x0000,
    0x0000, 0x0000, 0x0000, 0x0000, 0x0000, 0x0000, 0x0000, 0x0000, 0x0000, 0x0000, 0x0000, 0x0000,
    0x0000, 0x0000, 0x0000, 0x0000, 0x0000, 0x0000, 0x0000, 0x0000, 0x4200, 0xC821, 0x8F4B, 0x4D4B,
    0x0B4B, 0x4A63, 0xAB73, 0x2A63, 0x4842, 0xC729, 0xC829, 0x8829, 0xEE62, 0x0F6B, 0xF083, 0x52A5,
    0x92AD, 0x71A5, 0x91A5, 0x91A5, 0x91A5, 0xB2A5, 0xF3B5, 0x718C, 0x0A42, 0xE929, 0xA819, 0x2719,
    0x0611, 0x6711, 0x091A, 0x6719, 0xCC5A, 0x329D, 0xB2A5, 0x91A5, 0x91A5, 0x91A5, 0x91A5, 0x91A5,
    0xD3AD, 0x73AD, 0xD07B, 0x2F6B, 0x4B4A, 0xA829, 0xA829, 0xC729, 0x894A, 0xEC7B, 0x8B6B, 0x2B53,
    0xCB3A, 0xCF53, 0x6B32, 0xC408, 0x0000, 0x0000, 0x0000, 0x0000, 0x0000, 0x0000, 0x0000, 0x0000,
    0x0000, 0x0000, 0x0000, 0x0000, 0x0000, 0x0000, 0x0000, 0x0000, 0x0000, 0x0000, 0x0000, 0x0000,
    0x0000, 0x0000, 0x0000, 0x0000, 0x0000, 0x0000, 0x0000, 0x0000, 0x0000, 0x0000, 0x0000, 0x0000,
    0x0000, 0x0000, 0x0000, 0x0000, 0x0000, 0x0000, 0x0000, 0x0000, 0x0000, 0x0511, 0x8A3A, 0xEA52,
    0x6A6B, 0x6B6B, 0x4842, 0xC729, 0x6A3A, 0x2A32, 0xE939, 0xAE5A, 0xCE62, 0xB294, 0x92A5, 0xB1A5,
    0x71A5, 0x91A5, 0x91A5, 0x91A5, 0x91A5, 0xB3AD, 0x508C, 0xE939, 0x6A32, 0x135D, 0x8E2B, 0xC921,
    0xA929, 0x9264, 0x334D, 0x925C, 0x0932, 0xAB52, 0x129D, 0xB2AD, 0x91A5, 0xB2A5, 0xB2A5, 0x92A5,
    0xB2A5, 0xD2AD, 0x73A5, 0xAF7B, 0x2F6B, 0x2B42, 0x8821, 0x2B32, 0x8721, 0x8629, 0xA952, 0x8B73,
    0x2A5B, 0xCB42, 0x8721, 0x6208, 0x0000, 0x0000, 0x0000, 0x0000, 0x0000, 0x0000, 0x0000, 0x0000,
    0x0000, 0x0000, 0x0000, 0x0000, 0x0000, 0x0000, 0x0000, 0x0000, 0x0000, 0x0000, 0x0000, 0x0000,
    0x0000, 0x0000, 0x0000, 0x0000, 0x0000, 0x0000, 0x0000, 0x0000, 0x0000, 0x0000, 0x0000, 0x0000,
    0x0000, 0x0000, 0x0000, 0x0000, 0x0000, 0x0000, 0x0000, 0x0000, 0x0000, 0x2100, 0xA629, 0x8B6B,
    0xC952, 0xC731, 0x8821, 0x2A2A, 0xAB3A, 0xC821, 0x6C52, 0xCF6A, 0x318C, 0xB3AD, 0xB2AD, 0x91A5,
    0x91A5, 0x91A5, 0x91A5, 0x71A5, 0xB2AD, 0x708C, 0x6831, 0x4A3A, 0x368E, 0xF34D, 0xF13C, 0x6711,
    0x4619, 0xAE4B, 0xB03C, 0x768E, 0xB59D, 0x093A, 0xAB52, 0x73AD, 0xB2AD, 0x92AD, 0xB2AD, 0x92A5,
    0xB2A5, 0xB2A5, 0xD2AD, 0x93AD, 0x4F73, 0x4C4A, 0x6821, 0x8819, 0x6A2A, 0xA821, 0x6721, 0x073A,
    0x4B6B, 0xCA52, 0xA310, 0x0000, 0x0000, 0x0000, 0x0000, 0x0000, 0x0000, 0x0000, 0x0000, 0x0000,
    0x0000, 0x0000, 0x0000, 0x0000, 0x0000, 0x0000, 0x0000, 0x0000, 0x0000, 0x0000, 0x0000, 0x0000,
    0x0000, 0x0000, 0x0000, 0x0000, 0x0000, 0x0000, 0x0000, 0x0000, 0x0000, 0x0000, 0x0000, 0x0000,
    0x0000, 0x0000, 0x0000, 0x0000, 0x0000, 0x0000, 0x0000, 0x0000, 0x0000, 0x2200, 0xA731, 0x6942,
    0x6621, 0x8719, 0x4A2A, 0x0C3B, 0x8A32, 0x8719, 0x8D52, 0xEE62, 0x32A5, 0xD2AD, 0x91A5, 0x92A5,
    0x92A5, 0x91A5, 0x91A5, 0x91A5, 0xB2AD, 0x5084, 0x0A42, 0x2942, 0x328D, 0x9586, 0x5145, 0xC91A,
    0xA91A, 0x0A23, 0xD375, 0xB6AE, 0xF294, 0x0942, 0x2D63, 0x72A5, 0xB2AD, 0x92AD, 0xB2A5, 0x92A5,
    0xB2A5, 0xB2A5, 0xB1A5, 0xD3AD, 0x4E6B, 0xAE5A, 0xEA39, 0x8719, 0xEC32, 0xAC32, 0xE921, 0x4719,
    0xA729, 0x093A, 0xA310, 0x0000, 0x0000, 0x0000, 0x0000, 0x0000, 0x0000, 0x0000, 0x0000, 0x0000,
    0x0000, 0x0000, 0x0000, 0x0000, 0x0000, 0x0000, 0x0000, 0x0000, 0x0000, 0x0000, 0x0000, 0x0000,
    0x0000, 0x0000, 0x0000, 0x0000, 0x0000, 0x0000, 0x0000, 0x0000, 0x0000, 0x0000, 0x0000, 0x0000,
    0x0000, 0x0000, 0x0000, 0x0000, 0x0000, 0x0000, 0x0000, 0x0000, 0x0000, 0x4200, 0xE610, 0x2619,
    0xC921, 0xAB32, 0x4D43, 0x2C3B, 0x0C43, 0xA829, 0x6D5A, 0xAD62, 0xD194, 0xD2AD, 0x91A5, 0x91A5,
    0x91A5, 0x91A5, 0x71A5, 0x91A5, 0x91A5, 0xB3AD, 0x718C, 0xAC5A, 0xAB52, 0x9074, 0xD275, 0xB265,
    0xD365, 0xD26D, 0x759E, 0x6F7C, 0x2A42, 0x6E6B, 0x53A5, 0xD3AD, 0xB2A5, 0x91A5, 0x91A5, 0x91A5,
    0x91A5, 0x91A5, 0x91A5, 0xB2AD, 0xAF73, 0x8E5A, 0xEB39, 0xA821, 0xEC3A, 0x2D33, 0xCC32, 0x2A2A,
    0x4719, 0xC510, 0xA308, 0x0000, 0x0000, 0x0000, 0x0000, 0x0000, 0x0000, 0x0000, 0x0000, 0x0000,
    0x0000, 0x0000, 0x0000, 0x0000, 0x0000, 0x0000, 0x0000, 0x0000, 0x0000, 0x0000, 0x0000, 0x0000,
    0x0000, 0x0000, 0x0000, 0x0000, 0x0000, 0x0000, 0x0000, 0x0000, 0x0000, 0x0000, 0x0000, 0x0000,
    0x0000, 0x0000, 0x0000, 0x0000, 0x0000, 0x0000, 0x0000, 0x0000, 0x0000, 0x4200, 0xE610, 0x2A2A,
    0x0D3B, 0x8E43, 0x0C33, 0xAB2A, 0x2A2A, 0x4821, 0x8D5A, 0x8F7B, 0x92A5, 0xF3AD, 0x14B6, 0x13B6,
    0x13B6, 0x13B6, 0x13B6, 0xD2AD, 0x719D, 0x71A5, 0x92A5, 0x718C, 0x2D6B, 0x0942, 0x293A, 0x4832,
    0x6932, 0x8A3A, 0x293A, 0x2A42, 0x2D63, 0x129D, 0xB3AD, 0x91A5, 0x91A5, 0xF3B5, 0x14B6, 0x14B6,
    0x14B6, 0x14B6, 0x13B6, 0xF3B5, 0x908C, 0x0E6B, 0x0B42, 0x0611, 0x4A2A, 0xAB22, 0x6D3B, 0x4D3B,
    0x8B32, 0x4719, 0x6308, 0x0000, 0x0000, 0x0000, 0x0000, 0x0000, 0x0000, 0x0000, 0x0000, 0x0000,
    0x0000, 0x0000, 0x0000, 0x0000, 0x0000, 0x0000, 0x0000, 0x0000, 0x0000, 0x0000, 0x0000, 0x0000,
    0x0000, 0x0000, 0x0000, 0x0000, 0x0000, 0x0000, 0x0000, 0x0000, 0x0000, 0x0000, 0x0000, 0x0000,
    0x0000, 0x0000, 0x0000, 0x0000, 0x0000, 0x0000, 0x0000, 0x0000, 0x0000, 0x4200, 0x0611, 0xAB32,
    0xCF4B, 0x0C33, 0xCB2A, 0x4E43, 0x6819, 0x0B42, 0x8D5A, 0x0F84, 0x14B6, 0x4E7C, 0xEA4A, 0x0B53,
    0x0B53, 0x0B53, 0xEA4A, 0x4E7C, 0x14B6, 0xB2AD, 0x91A5, 0x51A5, 0xB194, 0xF083, 0xD07B, 0xF07B,
    0xF083, 0xF083, 0xF183, 0xAF73, 0xF29C, 0x92A5, 0x91A5, 0xB2AD, 0xD3AD, 0xCD6B, 0x0B53, 0x2C53,
    0x2B5B, 0x2B53, 0xEB52, 0x2E7C, 0xF4B5, 0x6E73, 0x6D52, 0xA929, 0x0A22, 0x6E3B, 0xCB2A, 0x4D3B,
    0x6E43, 0x6719, 0x6308, 0x0000, 0x0000, 0x0000, 0x0000, 0x0000, 0x0000, 0x0000, 0x0000, 0x0000,
    0x0000, 0x0000, 0x0000, 0x0000, 0x0000, 0x0000, 0x0000, 0x0000, 0x0000, 0x0000, 0x0000, 0x0000,
    0x0000, 0x0000, 0x0000, 0x0000, 0x0000, 0x0000, 0x0000, 0x0000, 0x0000, 0x0000, 0x0000, 0x0000,
    0x0000, 0x0000, 0x0000, 0x0000, 0x0000, 0x0000, 0x0000, 0x0000, 0x0000, 0x4200, 0x2611, 0xCC32,
    0x2D33, 0xCB2A, 0xCE43, 0x8E43, 0x8821, 0x8D5A, 0xAD5A, 0xB294, 0xCE6B, 0xA719, 0xC819, 0xE819,
    0xE819, 0xE819, 0xC819, 0x292A, 0x2B53, 0x2E74, 0xD3AD, 0xF3B5, 0x92A5, 0x4F8C, 0x518C, 0x718C,
    0x9194, 0x718C, 0x3084, 0x908C, 0x92A5, 0xB2AD, 0x72A5, 0x6C63, 0x693A, 0x0822, 0x0822, 0x0822,
    0x0922, 0x0822, 0x0822, 0x4932, 0x5084, 0xF183, 0xCE62, 0x2C42, 0xC921, 0x0F4C, 0x8D3B, 0xCB2A,
    0x2D3B, 0x8819, 0x8308, 0x0000, 0x0000, 0x0000, 0x0000, 0x0000, 0x0000, 0x0000, 0x0000, 0x0000,
    0x0000, 0x0000, 0x0000, 0x0000, 0x0000, 0x0000, 0x0000, 0x0000, 0x0000, 0x0000, 0x0000, 0x0000,
    0x0000, 0x0000, 0x0000, 0x0000, 0x0000, 0x0000, 0x0000, 0x0000, 0x0000, 0x0000, 0x0000, 0x0000,
    0x0000, 0x0000, 0x0000, 0x0000, 0x0000, 0x0000, 0x0000, 0x0000, 0x0000, 0x4200, 0x2611, 0x8B2A,
    0xCB2A, 0xAE43, 0xCE43, 0xAB32, 0x8821, 0x6C52, 0x0F6B, 0x0D5B, 0x2611, 0x6B2A, 0xEC3A, 0x0C3B,
    0x0C3B, 0xEC3A, 0x2D3B, 0xEC2A, 0x6A22, 0x492A, 0x4C5B, 0x1195, 0xF4B5, 0x92AD, 0x92A5, 0x72A5,
    0x52A5, 0x52A5, 0x51A5, 0x92A5, 0xB3AD, 0x8F8C, 0xCA4A, 0x0822, 0x8A2A, 0xEB32, 0x2C3B, 0x2C3B,
    0x0C3B, 0x0C3B, 0x2D3B, 0x6A2A, 0xC821, 0x4F6B, 0x0F6B, 0x0B42, 0xC921, 0x4D3B, 0x504C, 0x4D33,
    0xAB2A, 0x8819, 0x8308, 0x0000, 0x0000, 0x0000, 0x0000, 0x0000, 0x0000, 0x0000, 0x0000, 0x0000,
    0x0000, 0x0000, 0x0000, 0x0000, 0x0000, 0x0000, 0x0000, 0x0000, 0x0000, 0x0000, 0x0000, 0x0000,
    0x0000, 0x0000, 0x0000, 0x0000, 0x0000, 0x0000, 0x0000, 0x0000, 0x0000, 0x0000, 0x0000, 0x0000,
    0x0000, 0x0000, 0x0000, 0x0000, 0x0000, 0x0000, 0x0000, 0x0000, 0x0000, 0x4208, 0x2711, 0x6A22,
    0xAE43, 0xEE43, 0xAA2A, 0xAB32, 0x6819, 0x8D5A, 0x6C52, 0x6721, 0x4719, 0x8819, 0x6819, 0xA821,
    0x8819, 0x4711, 0x0A22, 0x2D33, 0x8E3B, 0x8E43, 0xCB32, 0x282A, 0x6C5B, 0x92A5, 0xB2AD, 0xD2AD,
    0xB1A5, 0xB1A5, 0xD2AD, 0x1195, 0xAA4A, 0x082A, 0x8A32, 0x2C3B, 0x0C3B, 0xAB32, 0x8719, 0x8821,
    0x8821, 0x8821, 0x8821, 0xA821, 0x8719, 0x8829, 0xEE62, 0x2B42, 0xC921, 0xCC32, 0x4C33, 0x0F44,
    0x0C33, 0x8819, 0xA308, 0x0000, 0x0000, 0x0000, 0x0000, 0x0000, 0x0000, 0x0000, 0x0000, 0x0000,
    0x0000, 0x0000, 0x0000, 0x0000, 0x0000, 0x0000, 0x0000, 0x0000, 0x0000, 0x0000, 0x0000, 0x0000,
    0x0000, 0x0000, 0x0000, 0x0000, 0x0000, 0x0000, 0x0000, 0x0000, 0x0000, 0x0000, 0x0000, 0x0000,
    0x0000, 0x0000, 0x0000, 0x0000, 0x0000, 0x0000, 0x0000, 0x0000, 0x0000, 0x4200, 0x2611, 0xAB2A,
    0xAE3B, 0xEB2A, 0xEC32, 0xAB32, 0x6719, 0xAD5A, 0x4B4A, 0x4719, 0xA929, 0x8D52, 0x8D52, 0x8D52,
    0xAE5A, 0x2B42, 0x4719, 0x6811, 0x2A22, 0x8A2A, 0x6D3B, 0x2C3B, 0x492A, 0x4942, 0x129D, 0x519D,
    0x319D, 0x329D, 0xD194, 0x8A42, 0x6A2A, 0x6D3B, 0x4D43, 0x2A2A, 0xA821, 0x6819, 0x4821, 0x4C4A,
    0x8E5A, 0xAD5A, 0xAE5A, 0x2B42, 0x8821, 0x4721, 0xCE5A, 0x2B42, 0xA821, 0xCC32, 0xAB22, 0x6D33,
    0xAE43, 0xC819, 0x8308, 0x0000, 0x0000, 0x0000, 0x0000, 0x0000, 0x0000, 0x0000, 0x0000, 0x0000,
    0x0000, 0x0000, 0x0000, 0x0000, 0x0000, 0x0000, 0x0000, 0x0000, 0x0000, 0x0000, 0x0000, 0x0000,
    0x0000, 0x0000, 0x0000, 0x0000, 0x0000, 0x0000, 0x0000, 0x0000, 0x0000, 0x0000, 0x0000, 0x0000,
    0x0000, 0x0000, 0x0000, 0x0000, 0x0000, 0x0000, 0x0000, 0x0000, 0x0000, 0x8308, 0x4611, 0x2D3B,
    0xEB2A, 0x0C33, 0x6D3B, 0x6A2A, 0x6719, 0x8D52, 0xAE5A, 0xCE5A, 0xEE62, 0xEF62, 0x0F6B, 0x0F63,
    0x2F63, 0x2F63, 0xCE5A, 0x4C42, 0x8921, 0x4819, 0xA819, 0xC819, 0x8719, 0xA931, 0x318C, 0x918C,
    0x708C, 0x7194, 0xF083, 0x6829, 0xC821, 0x0922, 0x092A, 0x8821, 0xCA31, 0x6C4A, 0xCE5A, 0x0F63,
    0x0F6B, 0x0F6B, 0xEF62, 0xEF62, 0xCE62, 0xAD5A, 0xEE62, 0x0B42, 0x6719, 0xCB32, 0xEB2A, 0xEB2A,
    0x8E43, 0xE921, 0xA408, 0x2100, 0x0000, 0x0000, 0x0000, 0x0000, 0x0000, 0x0000, 0x0000, 0x0000,
    0x0000, 0x0000, 0x0000, 0x0000, 0x0000, 0x0000, 0x0000, 0x0000, 0x0000, 0x0000, 0x0000, 0x0000,
    0x0000, 0x0000, 0x0000, 0x0000, 0x0000, 0x0000, 0x0000, 0x0000, 0x0000, 0x0000, 0x0000, 0x0000,
    0x0000, 0x0000, 0x0000, 0x0000, 0x0000, 0x0000, 0x0000, 0x0000, 0x4200, 0x4719, 0xE508, 0x4711,
    0x0C33, 0xEF43, 0xCB2A, 0x6A2A, 0x6719, 0x8D5A, 0xCE62, 0xCE62, 0xEE62, 0x0F6B, 0xCA39, 0x6721,
    0x6821, 0xA929, 0xC931, 0xA929, 0x4821, 0x4821, 0xCA31, 0xA931, 0x8931, 0x2B4A, 0xF083, 0x129D,
    0x32A5, 0x13A5, 0xF183, 0x8D52, 0xCA39, 0x8929, 0x8929, 0x8929, 0xA929, 0xA931, 0xCA31, 0xA929,
    0x8829, 0x4721, 0xEA39, 0xCE62, 0xAD62, 0xAE62, 0xCE62, 0x2B42, 0x6719, 0x8A2A, 0x8D3B, 0x2D33,
    0xE919, 0x0711, 0x4719, 0xE410, 0x0000, 0x0000, 0x0000, 0x0000, 0x0000, 0x0000, 0x0000, 0x0000,
    0x0000, 0x0000, 0x0000, 0x0000, 0x0000, 0x0000, 0x0000, 0x0000, 0x0000, 0x0000, 0x0000, 0x0000,
    0x0000, 0x0000, 0x0000, 0x0000, 0x0000, 0x0000, 0x0000, 0x0000, 0x0000, 0x0000, 0x0000, 0x0000,
    0x0000, 0x0000, 0x0000, 0x0000, 0x0000, 0x0000, 0x0000, 0x0000, 0x4200, 0x2619, 0x8B4A, 0x8A42,
    0xC719, 0x2C33, 0x6D33, 0x6A22, 0x8821, 0xCE5A, 0xEF6A, 0xEF62, 0x0F6B, 0x8829, 0x292A, 0xAE43,
    0xCB22, 0x8819, 0x2611, 0xE921, 0x4A32, 0x4719, 0xCA39, 0xAD5A, 0x0F6B, 0xCE62, 0x4E73, 0x93AD,
    0x34BE, 0xD4B5, 0x6F73, 0xEF6A, 0x0F6B, 0x4C4A, 0x2B42, 0x8821, 0x8A2A, 0x4A2A, 0x4719, 0x8719,
    0x2C2B, 0xAE43, 0x0611, 0xA931, 0x0F63, 0xAE5A, 0xCE62, 0x2B42, 0xA819, 0xEB2A, 0x4D3B, 0x4A22,
    0x0932, 0x4E63, 0x0A3A, 0xA308, 0x0000, 0x0000, 0x0000, 0x0000, 0x0000, 0x0000, 0x0000, 0x0000,
    0x0000, 0x0000, 0x0000, 0x0000, 0x0000, 0x0000, 0x0000, 0x0000, 0x0000, 0x0000, 0x0000, 0x0000,
    0x0000, 0x0000, 0x0000, 0x0000, 0x0000, 0x0000, 0x0000, 0x0000, 0x0000, 0x0000, 0x0000, 0x0000,
    0x0000, 0x0000, 0x0000, 0x0000, 0x0000, 0x0000, 0x0000, 0x0000, 0x4200, 0x4619, 0x918C, 0xB4B5,
    0x0F74, 0x4A2A, 0xCC2A, 0x4D3B, 0xC929, 0xCE62, 0xCE62, 0x0F6B, 0xA931, 0x8721, 0xB48D, 0x356E,
    0x9355, 0xA711, 0xC408, 0xD15C, 0x936D, 0x6D53, 0x8831, 0xAE62, 0xCE6A, 0xAD62, 0x3084, 0xD3B5,
    0xD3B5, 0xD3B5, 0x8F7B, 0xAE62, 0xEF6A, 0x106B, 0x4829, 0xEF5B, 0x1476, 0xAD3B, 0x0511, 0x6A2A,
    0xB355, 0x5576, 0x5174, 0x4721, 0x0B42, 0xCE62, 0xCE62, 0x2B42, 0x8A2A, 0x4D3B, 0xC819, 0xEB52,
    0x73A5, 0x94B5, 0xAB52, 0x8308, 0x0000, 0x0000, 0x0000, 0x0000, 0x0000, 0x0000, 0x0000, 0x0000,
    0x0000, 0x0000, 0x0000, 0x0000, 0x0000, 0x0000, 0x0000, 0x0000, 0x0000, 0x0000, 0x0000, 0x0000,
    0x0000, 0x0000, 0x0000, 0x0000, 0x0000, 0x0000, 0x0000, 0x0000, 0x0000, 0x0000, 0x0000, 0x0000,
    0x0000, 0x0000, 0x0000, 0x0000, 0x0000, 0x0000, 0x0000, 0x0000, 0x2100, 0x4719, 0x5084, 0x4D6B,
    0x318C, 0xAE6B, 0x2922, 0xCF4B, 0x092A, 0xCD5A, 0x4F73, 0x6F73, 0xCC5A, 0xCC52, 0xD49D, 0x558E,
    0xB25D, 0x0B1B, 0x691A, 0x114D, 0x546E, 0xF495, 0x4B4A, 0x8E62, 0xEE6A, 0x8D5A, 0xF29C, 0x13B6,
    0xB2AD, 0xF3B5, 0x7194, 0x8D62, 0xEF6A, 0xAE62, 0x6F73, 0xF4A5, 0x3376, 0x8F44, 0x8922, 0x6C33,
    0x3476, 0x3596, 0x549D, 0x6B4A, 0x0D63, 0xB07B, 0x2F73, 0x2B42, 0x6A2A, 0x0C33, 0xE829, 0x33A5,
    0xCE7B, 0x9194, 0x0C5B, 0x6308, 0x0000, 0x0000, 0x0000, 0x0000, 0x0000, 0x0000, 0x0000, 0x0000,
    0x0000, 0x0000, 0x0000, 0x0000, 0x0000, 0x0000, 0x0000, 0x0000, 0x0000, 0x0000, 0x0000, 0x0000,
    0x0000, 0x0000, 0x0000, 0x0000, 0x0000, 0x0000, 0x0000, 0x0000, 0x0000, 0x0000, 0x0000, 0x0000,
    0x0000, 0x0000, 0x0000, 0x0000, 0x0000, 0x0000, 0x0000, 0x0000, 0x2100, 0x4621, 0x7184, 0x4F73,
    0xCD62, 0x8F6B, 0x6A2A, 0xCF4B, 0xE929, 0xAC5A, 0x53A5, 0xD3B5, 0x52A5, 0x908C, 0xB08C, 0xF3A5,
    0xD385, 0x716D, 0x926D, 0xD275, 0xF385, 0x35AE, 0x6F73, 0x6F73, 0xD183, 0x6C5A, 0xB194, 0xF3B5,
    0xB1AD, 0xF3B5, 0x9194, 0x6C5A, 0x7294, 0x2E6B, 0x108C, 0x54BE, 0xF295, 0xD27D, 0xF37D, 0xD275,
    0x1386, 0x14A6, 0x6F84, 0x33A5, 0xD3B5, 0xD4B5, 0x9294, 0x0A3A, 0x8A2A, 0xEB2A, 0x8B42, 0x6F73,
    0x8C5A, 0x9294, 0xEB5A, 0x6200, 0x0000, 0x0000, 0x0000, 0x0000, 0x0000, 0x0000, 0x0000, 0x0000,
    0x0000, 0x0000, 0x0000, 0x0000, 0x0000, 0x0000, 0x0000, 0x0000, 0x0000, 0x0000, 0x0000, 0x0000,
    0x0000, 0x0000, 0x0000, 0x0000, 0x0000, 0x0000, 0x0000, 0x0000, 0x0000, 0x0000, 0x0000, 0x0000,
    0x0000, 0x0000, 0x0000, 0x0000, 0x0000, 0x0000, 0x0000, 0x0000, 0x2100, 0x4621, 0xB18C, 0x4E6B,
    0xAE5A, 0xA931, 0xC819, 0xAE43, 0xC821, 0x8C52, 0x32A5, 0xD2AD, 0x92AD, 0xD2AD, 0xB2AD, 0xB2AD,
    0xB2A5, 0xD2A5, 0xD2A5, 0xF2AD, 0xB3AD, 0x1084, 0x4D6B, 0x13A5, 0x9294, 0x4C52, 0xD19C, 0xF3B5,
    0xB1AD, 0xD2AD, 0x708C, 0x6B52, 0x33A5, 0x3084, 0x4E73, 0xD19C, 0xD3B5, 0xF2AD, 0xD2A5, 0xD2A5,
    0xD2A5, 0xB2A5, 0xD3AD, 0xD3AD, 0x91A5, 0xB2AD, 0x7194, 0x0A3A, 0x8A2A, 0xEC32, 0x2619, 0x4C52,
    0xAD62, 0x9194, 0xEB5A, 0x4200, 0x0000, 0x0000, 0x0000, 0x0000, 0x0000, 0x0000, 0x0000, 0x0000,
    0x0000, 0x0000, 0x0000, 0x0000, 0x0000, 0x0000, 0x0000, 0x0000, 0x0000, 0x0000, 0x0000, 0x0000,
    0x0000, 0x0000, 0x0000, 0x0000, 0x0000, 0x0000, 0x0000, 0x0000, 0x0000, 0x0000, 0x0000, 0x0000,
    0x0000, 0x0000, 0x0000, 0x0000, 0x0000, 0x0000, 0x0000, 0x0000, 0x4100, 0x4621, 0xF294, 0x1084,
    0xCE62, 0xCA39, 0xA819, 0x8E43, 0xA821, 0x8C52, 0x329D, 0xD2AD, 0xB2A5, 0x92AD, 0xB2AD, 0xB2AD,
    0xB2AD, 0xB2AD, 0x92AD, 0x73AD, 0xAF7B, 0x2D6B, 0xF19C, 0xD3B5, 0x508C, 0x8C5A, 0xF19C, 0xF3AD,
    0xB2A5, 0xD2AD, 0x908C, 0xCC62, 0x329D, 0xB3AD, 0x2F84, 0x4D73, 0x508C, 0x73AD, 0xB3AD, 0xB2AD,
    0xB2AD, 0xB2A5, 0xB2A5, 0xB2A5, 0xB2A5, 0xD3AD, 0x9194, 0x2A42, 0x8B32, 0x0C33, 0x2719, 0x4D52,
    0x6E73, 0x53A5, 0xEB5A, 0x6200, 0x0000, 0x0000, 0x0000, 0x0000, 0x0000, 0x0000, 0x0000, 0x0000,
    0x0000, 0x0000, 0x0000, 0x0000, 0x0000, 0x0000, 0x0000, 0x0000, 0x0000, 0x0000, 0x0000, 0x0000,
    0x0000, 0x0000, 0x0000, 0x0000, 0x0000, 0x0000, 0x0000, 0x0000, 0x0000, 0x0000, 0x0000, 0x0000,
    0x0000, 0x0000, 0x0000, 0x0000, 0x0000, 0x0000, 0x0000, 0x0000, 0x4100, 0x2619, 0x6D63, 0xB194,
    0xCD62, 0xA939, 0xA719, 0x8E43, 0xC921, 0x8C52, 0x32A5, 0xD2B5, 0xB2AD, 0xB2AD, 0xB2AD, 0xB2AD,
    0xD2AD, 0x72A5, 0xB194, 0xEF83, 0xCE7B, 0x53A5, 0xB2AD, 0x72A5, 0x9194, 0x3084, 0x52A5, 0xF3B5,
    0xB2AD, 0xD2AD, 0x119D, 0x3084, 0x319D, 0xB2AD, 0xB2AD, 0xD19C, 0x8E73, 0x0F84, 0xF19C, 0xD2AD,
    0xB2AD, 0xB2AD, 0xB2A5, 0xB2A5, 0x92A5, 0xD3AD, 0x9294, 0x2A42, 0xAB2A, 0x0C33, 0x4819, 0x4C52,
    0x7194, 0x908C, 0x093A, 0xA308, 0x0000, 0x0000, 0x0000, 0x0000, 0x0000, 0x0000, 0x0000, 0x0000,
    0x0000, 0x0000, 0x0000, 0x0000, 0x0000, 0x0000, 0x0000, 0x0000, 0x0000, 0x0000, 0x0000, 0x0000,
    0x0000, 0x0000, 0x0000, 0x0000, 0x0000, 0x0000, 0x0000, 0x0000, 0x0000, 0x0000, 0x0000, 0x0000,
    0x0000, 0x0000, 0x0000, 0x0000, 0x0000, 0x0000, 0x0000, 0x0000, 0x4100, 0x4619, 0x6719, 0x5184,
    0xCD62, 0xA931, 0x8719, 0x8E43, 0x092A, 0xAD5A, 0x53A5, 0xF3B5, 0xB2AD, 0xB2AD, 0xB2AD, 0xB2AD,
    0xB2AD, 0x92AD, 0x72A5, 0x72A5, 0x92AD, 0x92AD, 0x71A5, 0x92AD, 0xB194, 0x718C, 0x73AD, 0xF3B5,
    0xD2AD, 0xD2AD, 0x329D, 0x5084, 0x319D, 0xB1A5, 0x91A5, 0xB2AD, 0x92A5, 0x72A5, 0x92A5, 0xB2A5,
    0xB2A5, 0xB2A5, 0xB2A5, 0xB2A5, 0x92A5, 0xF3B5, 0x9294, 0x2B42, 0xAB32, 0x0C3B, 0x6821, 0x6D52,
    0xD39C, 0xEB5A, 0xC510, 0xE410, 0x0000, 0x0000, 0x0000, 0x0000, 0x0000, 0x0000, 0x0000, 0x0000,
    0x0000, 0x0000, 0x0000, 0x0000, 0x0000, 0x0000, 0x0000, 0x0000, 0x0000, 0x0000, 0x0000, 0x0000,
    0x0000, 0x0000, 0x0000, 0x0000, 0x0000, 0x0000, 0x0000, 0x0000, 0x0000, 0x0000, 0x0000, 0x0000,
    0x0000, 0x0000, 0x0000, 0x0000, 0x0000, 0x0000, 0x0000, 0x0000, 0x0000, 0x8308, 0x6719, 0x317C,
    0xCE62, 0xCA39, 0xA819, 0xCE43, 0x0922, 0xEA39, 0x1084, 0xB3AD, 0xD2AD, 0xB2AD, 0xB2AD, 0xB2AD,
    0xB2A5, 0xB2A5, 0xB2A5, 0x92AD, 0x91A5, 0x91A5, 0x92A5, 0xB3AD, 0xB194, 0x718C, 0x73AD, 0x13B6,
    0xD2AD, 0xF3AD, 0x529D, 0x508C, 0x52A5, 0xD2AD, 0x91A5, 0xB1A5, 0xB2A5, 0xB2A5, 0xB2A5, 0xB1A5,
    0xB1A5, 0xB2A5, 0xB2A5, 0xB2A5, 0xB2AD, 0x53A5, 0x0E63, 0xA929, 0xCB32, 0x0C33, 0x6821, 0x8D5A,
    0x7294, 0xCB52, 0xC408, 0x4100, 0x0000, 0x0000, 0x0000, 0x0000, 0x0000, 0x0000, 0x0000, 0x0000,
    0x0000, 0x0000, 0x0000, 0x0000, 0x0000, 0x0000, 0x0000, 0x0000, 0x0000, 0x0000, 0x0000, 0x0000,
    0x0000, 0x0000, 0x0000, 0x0000, 0x0000, 0x0000, 0x0000, 0x0000, 0x0000, 0x0000, 0x0000, 0x0000,
    0x0000, 0x0000, 0x0000, 0x0000, 0x0000, 0x0000, 0x0000, 0x0000, 0x0000, 0x2100, 0x2611, 0x6721,
    0xCE62, 0x0B3A, 0xC819, 0xEF43, 0x8B2A, 0xA929, 0x6C52, 0xF19C, 0xF3B5, 0x91A5, 0xB2A5, 0xB2A5,
    0xB2A5, 0xB2A5, 0x92A5, 0x92A5, 0x92A5, 0x91A5, 0xB2AD, 0x119D, 0x9194, 0x918C, 0x72A5, 0x13B6,
    0xF2AD, 0xF3AD, 0x529D, 0x718C, 0x908C, 0x72A5, 0xB2AD, 0x91A5, 0x92A5, 0xB2A5, 0xB1A5, 0x91A5,
    0xB1A5, 0xB1A5, 0xB1A5, 0x91A5, 0xD3AD, 0xEF83, 0xEB39, 0x6819, 0x4D3B, 0x0C33, 0x6821, 0xEF62,
    0x6B4A, 0x8719, 0xE510, 0x0000, 0x0000, 0x0000, 0x0000, 0x0000, 0x0000, 0x0000, 0x0000, 0x0000,
    0x0000, 0x0000, 0x0000, 0x0000, 0x0000, 0x0000, 0x0000, 0x0000, 0x0000, 0x0000, 0x0000, 0x0000,
    0x0000, 0x0000, 0x0000, 0x0000, 0x0000, 0x0000, 0x0000, 0x0000, 0x0000, 0x0000, 0x0000, 0x0000,
    0x0000, 0x0000, 0x0000, 0x0000, 0x0000, 0x0000, 0x0000, 0x0000, 0x0000, 0x4100, 0x0611, 0x2719,
    0xEE62, 0x2B42, 0xE819, 0xEF43, 0xEC32, 0x6819, 0x4C52, 0xAF7B, 0x92AD, 0xB2A5, 0xB2A5, 0x92AD,
    0xB2AD, 0x92A5, 0x92AD, 0x92A5, 0x91A5, 0xB2AD, 0xF19C, 0x5084, 0x53A5, 0x918C, 0x72A5, 0x13B6,
    0xD2AD, 0xF3AD, 0x329D, 0x9194, 0xF29C, 0x708C, 0x93AD, 0xB2AD, 0xB1A5, 0x91A5, 0xB2A5, 0xB2A5,
    0x91A5, 0xB2A5, 0xB1A5, 0xD2A5, 0xF194, 0xAD5A, 0xEA39, 0xA819, 0x6D3B, 0xEB32, 0x4721, 0x0F63,
    0x4B42, 0x4711, 0xC310, 0x0000, 0x0000, 0x0000, 0x0000, 0x0000, 0x0000, 0x0000, 0x0000, 0x0000,
    0x0000, 0x0000, 0x0000, 0x0000, 0x0000, 0x0000, 0x0000, 0x0000, 0x0000, 0x0000, 0x0000, 0x0000,
    0x0000, 0x0000, 0x0000, 0x0000, 0x0000, 0x0000, 0x0000, 0x0000, 0x0000, 0x0000, 0x0000, 0x0000,
    0x0000, 0x0000, 0x0000, 0x0000, 0x0000, 0x0000, 0x0000, 0x0000, 0x0000, 0x0000, 0x8308, 0x4721,
    0xEE62, 0x4C42, 0xC819, 0xCE3B, 0x2C33, 0x2A2A, 0xEA39, 0x8D5A, 0xB194, 0xD2AD, 0x91A5, 0x92A5,
    0xB2A5, 0x92A5, 0x91A5, 0x91A5, 0xB2AD, 0x52A5, 0x0D63, 0xB194, 0x73A5, 0x918C, 0x93A5, 0x13B6,
    0xD2AD, 0xF3AD, 0x329D, 0x908C, 0xF4B5, 0x0F84, 0xCE7B, 0xB2AD, 0xB1A5, 0xB1A5, 0xB2A5, 0xB2A5,
    0xB2A5, 0x91A5, 0x91A5, 0x92A5, 0xEF7B, 0x2B4A, 0xA929, 0x8A2A, 0x6D3B, 0xCB32, 0x4721, 0x0F63,
    0x4B42, 0xE410, 0x0000, 0x0000, 0x0000, 0x0000, 0x0000, 0x0000, 0x0000, 0x0000, 0x0000, 0x0000,
    0x0000, 0x0000, 0x0000, 0x0000, 0x0000, 0x0000, 0x0000, 0x0000, 0x0000, 0x0000, 0x0000, 0x0000,
    0x0000, 0x0000, 0x0000, 0x0000, 0x0000, 0x0000, 0x0000, 0x0000, 0x0000, 0x0000, 0x0000, 0x0000,
    0x0000, 0x0000, 0x0000, 0x0000, 0x0000, 0x0000, 0x0000, 0x0000, 0x0000, 0x0000, 0x2000, 0xA408,
    0x6729, 0x8C4A, 0xC819, 0xAE3B, 0x0B2B, 0x2D3B, 0xA921, 0x4C52, 0x2E73, 0x32A5, 0xB1AD, 0xB1A5,
    0x92A5, 0xB2A5, 0x91A5, 0xB1A5, 0xD2AD, 0xEF7B, 0x4B52, 0x129D, 0x93A5, 0xD194, 0xD3AD, 0xF2AD,
    0xD2AD, 0xF2AD, 0x93AD, 0xB194, 0xF3B5, 0x508C, 0x4B52, 0xB194, 0xD2AD, 0x91A5, 0xB2A5, 0xB2A5,
    0xB2A5, 0x91A5, 0xD2AD, 0xD194, 0x6C5A, 0x0B42, 0x2A2A, 0xEB2A, 0x2C33, 0x492A, 0xA931, 0x0A3A,
    0x0511, 0xC410, 0x0000, 0x0000, 0x0000, 0x0000, 0x0000, 0x0000, 0x0000, 0x0000, 0x0000, 0x0000,
    0x0000, 0x0000, 0x0000, 0x0000, 0x0000, 0x0000, 0x0000, 0x0000, 0x0000, 0x0000, 0x0000, 0x0000,
    0x0000, 0x0000, 0x0000, 0x0000, 0x0000, 0x0000, 0x0000, 0x0000, 0x0000, 0x0000, 0x0000, 0x0000,
    0x0000, 0x0000, 0x0000, 0x0000, 0x0000, 0x0000, 0x0000, 0x0000, 0x0000, 0x0000, 0x0000, 0x8308,
    0x2619, 0x0A32, 0xA819, 0x2C33, 0x4D33, 0xCE43, 0x0A2A, 0xAA39, 0xAE62, 0x0F84, 0xF3B5, 0xB2A5,
    0xB2A5, 0xB2AD, 0xB2A5, 0xB2AD, 0xB3AD, 0xED62, 0xAD5A, 0x139D, 0x33A5, 0xEF7B, 0xB3AD, 0xF2AD,
    0xD2AD, 0xD2AD, 0x119D, 0x3084, 0xB4AD, 0x518C, 0x0C4A, 0x8E73, 0xF3B5, 0xB1A5, 0xB2AD, 0xB2A5,
    0xB2A5, 0xB2AD, 0xD3AD, 0xAF7B, 0xAE62, 0xA929, 0xAB2A, 0x4C33, 0x0C33, 0xA819, 0x8829, 0xC829,
    0xC408, 0x2100, 0x0000, 0x0000, 0x0000, 0x0000, 0x0000, 0x0000, 0x0000, 0x0000, 0x0000, 0x0000,
    0x0000, 0x0000, 0x0000, 0x0000, 0x0000, 0x0000, 0x0000, 0x0000, 0x0000, 0x0000, 0x0000, 0x0000,
    0x0000, 0x0000, 0x0000, 0x0000, 0x0000, 0x0000, 0x0000, 0x0000, 0x0000, 0x0000, 0x0000, 0x0000,
    0x0000, 0x0000, 0x0000, 0x0000, 0x0000, 0x0000, 0x0000, 0x0000, 0x0000, 0x0000, 0x0000, 0x0000,
    0xC510, 0x0711, 0x2711, 0x2A22, 0xAE3B, 0x0F44, 0xCC32, 0xEA31, 0x8D5A, 0x2E6B, 0x32A5, 0xD3AD,
    0xB2A5, 0xB2AD, 0xB2AD, 0x13B6, 0xB194, 0x2B42, 0x0B3A, 0xC931, 0xC931, 0x6C4A, 0xCF73, 0x52A5,
    0x72A5, 0x529D, 0xAF73, 0x4B4A, 0xA829, 0xA931, 0xCA39, 0xED62, 0x53A5, 0xF3B5, 0xB2A5, 0xB2AD,
    0xB2AD, 0xD2AD, 0xF29C, 0x0F6B, 0x0B42, 0x4A2A, 0x2F4C, 0x8D3B, 0x0C33, 0xC921, 0xE510, 0x0611,
    0x6308, 0x0000, 0x0000, 0x0000, 0x0000, 0x0000, 0x0000, 0x0000, 0x0000, 0x0000, 0x0000, 0x0000,
    0x0000, 0x0000, 0x0000, 0x0000, 0x0000, 0x0000, 0x0000, 0x0000, 0x0000, 0x0000, 0x0000, 0x0000,
    0x0000, 0x0000, 0x0000, 0x0000, 0x0000, 0x0000, 0x0000, 0x0000, 0x0000, 0x0000, 0x0000, 0x0000,
    0x0000, 0x0000, 0x0000, 0x0000, 0x0000, 0x0000, 0x0000, 0x0000, 0x0000, 0x0000, 0x0000, 0x2000,
    0xE518, 0x2719, 0x0611, 0x4A22, 0xAD3B, 0x0F44, 0x2D3B, 0x6B3A, 0x6C52, 0xAE62, 0x718C, 0xF3B5,
    0xB2A5, 0xD2AD, 0xF3B5, 0x33A5, 0xCC4A, 0x8B32, 0x8B2A, 0xE921, 0x4711, 0x8921, 0x4C4A, 0xED5A,
    0x0E63, 0xED5A, 0x2B42, 0x2719, 0x0611, 0x8811, 0x8B32, 0x8C42, 0x2D63, 0x32A5, 0xF3AD, 0xB2A5,
    0xB2AD, 0xD3AD, 0xAF7B, 0xAE5A, 0xA829, 0x0C33, 0xB054, 0xCE3B, 0x0C33, 0xA821, 0xE610, 0x2619,
    0x8208, 0x0000, 0x0000, 0x0000, 0x0000, 0x0000, 0x0000, 0x0000, 0x0000, 0x0000, 0x0000, 0x0000,
    0x0000, 0x0000, 0x0000, 0x0000, 0x0000, 0x0000, 0x0000, 0x0000, 0x0000, 0x0000, 0x0000, 0x0000,
    0x0000, 0x0000, 0x0000, 0x0000, 0x0000, 0x0000, 0x0000, 0x0000, 0x0000, 0x0000, 0x0000, 0x0000,
    0x0000, 0x0000, 0x0000, 0x0000, 0x0000, 0x0000, 0x0000, 0x0000, 0x0000, 0x0000, 0x0000, 0x0000,
    0x6208, 0xE610, 0xA819, 0x2C33, 0xCE3B, 0x0F44, 0x6D33, 0xEC32, 0xC931, 0x6D52, 0x718C, 0xF3AD,
    0xD2AD, 0xF4B5, 0x307C, 0xCC4A, 0xEC3A, 0xAE3B, 0xEF43, 0x4D3B, 0x6A2A, 0x4711, 0x2711, 0x2719,
    0x2719, 0x4821, 0x0611, 0x4711, 0x4A2A, 0x4D3B, 0x0F44, 0x8E3B, 0xAC3A, 0x0D5B, 0xF29C, 0x14B6,
    0xD2AD, 0xD3AD, 0xAF7B, 0xAA31, 0x0922, 0x8D3B, 0x904C, 0xEE43, 0x0C33, 0x4A2A, 0x4719, 0xA308,
    0x0000, 0x0000, 0x0000, 0x0000, 0x0000, 0x0000, 0x0000, 0x0000, 0x0000, 0x0000, 0x0000, 0x0000,
    0x0000, 0x0000, 0x0000, 0x0000, 0x0000, 0x0000, 0x0000, 0x0000, 0x0000, 0x0000, 0x0000, 0x0000,
    0x0000, 0x0000, 0x0000, 0x0000, 0x0000, 0x0000, 0x0000, 0x0000, 0x0000, 0x0000, 0x0000, 0x0000,
    0x0000, 0x0000, 0x0000, 0x0000, 0x0000, 0x0000, 0x0000, 0x0000, 0x0000, 0x0000, 0x0000, 0x0000,
    0x4200, 0x0611, 0x6A2A, 0x0F44, 0xEE3B, 0x8D33, 0x8D3B, 0xEC32, 0x4B2A, 0xEA39, 0x718C, 0x14BE,
    0xB3AD, 0x107C, 0xAC42, 0x8E3B, 0x2F44, 0x904C, 0xEE3B, 0x4C33, 0x2D3B, 0xCC32, 0xA819, 0x2711,
    0x4711, 0x2711, 0x8811, 0x4A22, 0x4D3B, 0x8D33, 0xEE3B, 0xB054, 0x0F44, 0x0D43, 0xCC52, 0x918C,
    0xD4B5, 0xD4B5, 0xD07B, 0xC929, 0xCB2A, 0x8D33, 0x7044, 0x4F44, 0x6D33, 0x4D3B, 0xC821, 0x8208,
    0x0000, 0x0000, 0x0000, 0x0000, 0x0000, 0x0000, 0x0000, 0x0000, 0x0000, 0x0000, 0x0000, 0x0000,
    0x0000, 0x0000, 0x0000, 0x0000, 0x0000, 0x0000, 0x0000, 0x0000, 0x0000, 0x0000, 0x0000, 0x0000,
    0x0000, 0x0000, 0x0000, 0x0000, 0x0000, 0x0000, 0x0000, 0x0000, 0x0000, 0x0000, 0x0000, 0x0000,
    0x0000, 0x0000, 0x0000, 0x0000, 0x0000, 0x0000, 0x0000, 0x0000, 0x0000, 0x0000, 0x0000, 0x0000,
    0x4200, 0x0611, 0x8B2A, 0xEE43, 0xAD33, 0x8D33, 0x8D33, 0xAD33, 0x8E43, 0x2B3A, 0xCD62, 0x518C,
    0xAF73, 0x6B3A, 0xAE43, 0x904C, 0x6F4C, 0xEE3B, 0x6C33, 0x4C33, 0x6D33, 0x6D33, 0x0C33, 0xCC32,
    0xCC32, 0xCC32, 0x0C33, 0x8D3B, 0x6D33, 0x6C33, 0x6C33, 0x0E44, 0x904C, 0x9054, 0x4D43, 0x6B42,
    0x8F73, 0x318C, 0xAC52, 0x6B2A, 0xEE3B, 0x8D33, 0xCE33, 0xD04C, 0xEE3B, 0x0C33, 0xA821, 0x8308,
    0x0000, 0x0000, 0x0000, 0x0000, 0x0000, 0x0000, 0x0000, 0x0000, 0x0000, 0x0000, 0x0000, 0x0000,
    0x0000, 0x0000, 0x0000, 0x0000, 0x0000, 0x0000, 0x0000, 0x0000, 0x0000, 0x0000, 0x0000, 0x0000,
    0x0000, 0x0000, 0x0000, 0x0000, 0x0000, 0x0000, 0x0000, 0x0000, 0x0000, 0x0000, 0x0000, 0x0000,
    0x0000, 0x0000, 0x0000, 0x0000, 0x0000, 0x0000, 0x0000, 0x0000, 0x0000, 0x0000, 0x0000, 0x0000,
    0x4200, 0x0611, 0x8B32, 0xCE43, 0x8D33, 0x8D33, 0xEE3B, 0x0F3C, 0x8D3B, 0x6B32, 0x0B3A, 0x0B3A,
    0x2A32, 0x6D3B, 0x4F4C, 0x0E44, 0x8C3B, 0x4C33, 0x6D3B, 0x6D3B, 0x6D33, 0x8D33, 0x8D3B, 0x4D3B,
    0x4D3B, 0x4D3B, 0x8D3B, 0xAD3B, 0x8D3B, 0x8D3B, 0x8D3B, 0x4D33, 0xAD3B, 0x904C, 0x504C, 0x6E43,
    0x4B3A, 0xEB39, 0xA819, 0xEC2A, 0x2F44, 0x2F3C, 0x8D2B, 0x4F44, 0x704C, 0x4D3B, 0x8819, 0x8308,
    0x0000, 0x0000, 0x0000, 0x0000, 0x0000, 0x0000, 0x0000, 0x0000, 0x0000, 0x0000, 0x0000, 0x0000,
    0x0000, 0x0000, 0x0000, 0x0000, 0x0000, 0x0000, 0x0000, 0x0000, 0x0000, 0x0000, 0x0000, 0x0000,
    0x0000, 0x0000, 0x0000, 0x0000, 0x0000, 0x0000, 0x0000, 0x0000, 0x0000, 0x0000, 0x0000, 0x0000,
    0x0000, 0x0000, 0x0000, 0x0000, 0x0000, 0x0000, 0x0000, 0x0000, 0x0000, 0x0000, 0x0000, 0x0000,
    0x6208, 0x0611, 0x2A2A, 0x8E43, 0x8D33, 0xCD3B, 0x6F44, 0xEE3B, 0x8D33, 0x8E3B, 0xE921, 0xC921,
    0x4C3B, 0x4F4C, 0x2F4C, 0x2C33, 0xCC32, 0xAC32, 0xCC3A, 0xED42, 0x0D43, 0x0D3B, 0xCC32, 0x0D43,
    0x2D4B, 0xED42, 0xCC3A, 0x0D43, 0x0D43, 0xED42, 0x8B32, 0x6B2A, 0xCB32, 0xCE3B, 0x6F4C, 0x4F44,
    0x0C33, 0x8819, 0x8B2A, 0x8D3B, 0xCE3B, 0xD14C, 0xEE33, 0xAD33, 0x5044, 0x6D3B, 0xA819, 0x8308,
    0x0000, 0x0000, 0x0000, 0x0000, 0x0000, 0x0000, 0x0000, 0x0000, 0x0000, 0x0000, 0x0000, 0x0000,
    0x0000, 0x0000, 0x0000, 0x0000, 0x0000, 0x0000, 0x0000, 0x0000, 0x0000, 0x0000, 0x0000, 0x0000,
    0x0000, 0x0000, 0x0000, 0x0000, 0x0000, 0x0000, 0x0000, 0x0000, 0x0000, 0x0000, 0x0000, 0x0000,
    0x0000, 0x0000, 0x0000, 0x0000, 0x0000, 0x0000, 0x0000, 0x0000, 0x0000, 0x0000, 0x0000, 0x0000,
    0x6200, 0x2611, 0xE921, 0x0C33, 0xAD33, 0x2F44, 0xED3B, 0x8C33, 0xAD33, 0x8D3B, 0xAB2A, 0x0C33,
    0x9054, 0x2F4C, 0x2C33, 0xAC32, 0x6819, 0x2719, 0x0B3A, 0x8D52, 0x8D52, 0x8D4A, 0x6D4A, 0x0E63,
    0x4F6B, 0xEE5A, 0x6C4A, 0x6C4A, 0x6D4A, 0x6D42, 0xAA29, 0x4819, 0xE921, 0xCB32, 0xAD3B, 0xB04C,
    0xEE43, 0xAB2A, 0x2C3B, 0x6D33, 0x6C33, 0x0E3C, 0x7044, 0x8D33, 0x6D33, 0xAC2A, 0x8821, 0x8308,
    0x0000, 0x0000, 0x0000, 0x0000, 0x0000, 0x0000, 0x0000, 0x0000, 0x0000, 0x0000, 0x0000, 0x0000,
    0x0000, 0x0000, 0x0000, 0x0000, 0x0000, 0x0000, 0x0000, 0x0000, 0x0000, 0x0000, 0x0000, 0x0000,
    0x0000, 0x0000, 0x0000, 0x0000, 0x0000, 0x0000, 0x0000, 0x0000, 0x0000, 0x0000, 0x0000, 0x0000,
    0x0000, 0x0000, 0x0000, 0x0000, 0x0000, 0x0000, 0x0000, 0x0000, 0x0000, 0x0000, 0x0000, 0x0000,
    0x4200, 0x0611, 0xE929, 0xCC32, 0xCE43, 0x2F44, 0x6C33, 0x8D33, 0x8D33, 0x8D33, 0xCB2A, 0x0F4C,
    0x0E44, 0x6C33, 0xAB32, 0x2A32, 0x2D5B, 0x8C52, 0x2721, 0x0719, 0x0719, 0x0719, 0x2721, 0x4821,
    0x4821, 0x4821, 0x4821, 0x4821, 0x4821, 0x2821, 0xC931, 0x0D5B, 0xCC52, 0x4A32, 0x0B33, 0xED3B,
    0xB054, 0xCE43, 0x4C33, 0x8D3B, 0x4C33, 0xAD33, 0x7044, 0x4C2B, 0x0C33, 0x8B2A, 0x8819, 0x6308,
    0x0000, 0x0000, 0x0000, 0x0000, 0x0000, 0x0000, 0x0000, 0x0000, 0x0000, 0x0000, 0x0000, 0x0000,
    0x0000, 0x0000, 0x0000, 0x0000, 0x0000, 0x0000, 0x0000, 0x0000, 0x0000, 0x0000, 0x0000, 0x0000,
    0x0000, 0x0000, 0x0000, 0x0000, 0x0000, 0x0000, 0x0000, 0x0000, 0x0000, 0x0000, 0x0000, 0x0000,
    0x0000, 0x0000, 0x0000, 0x0000, 0x0000, 0x0000, 0x0000, 0x0000, 0x0000, 0x0000, 0x0000, 0x0000,
    0x6308, 0xE510, 0xC929, 0xAC3A, 0x0C3B, 0x6D3B, 0x8D33, 0x8D33, 0x8D33, 0x8D33, 0x0B2B, 0x704C,
    0xEE3B, 0x4D33, 0xC919, 0x6C4A, 0xD4B5, 0xD4B5, 0xEF7B, 0x4D63, 0x6D6B, 0x6D6B, 0x4D63, 0x4D63,
    0x4D63, 0x4D63, 0x6E6B, 0x6D6B, 0x8E6B, 0x6E6B, 0x908C, 0x15BE, 0x53A5, 0x4A3A, 0x8B2A, 0x8D33,
    0x4F44, 0x2F44, 0x6C33, 0x8D33, 0x6C33, 0xCD3B, 0x704C, 0x2C33, 0xEC32, 0x6B32, 0x4719, 0x8308,
    0x0000, 0x0000, 0x0000, 0x0000, 0x0000, 0x0000, 0x0000, 0x0000, 0x0000, 0x0000, 0x0000, 0x0000,
    0x0000, 0x0000, 0x0000, 0x0000, 0x0000, 0x0000, 0x0000, 0x0000, 0x0000, 0x0000, 0x0000, 0x0000,
    0x0000, 0x0000, 0x0000, 0x0000, 0x0000, 0x0000, 0x0000, 0x0000, 0x0000, 0x0000, 0x0000, 0x0000,
    0x0000, 0x0000, 0x0000, 0x0000, 0x0000, 0x0000, 0x0000, 0x0000, 0x0000, 0x0000, 0x0000, 0x8308,
    0xE610, 0xC508, 0x0619, 0xA821, 0x2A2A, 0xCB32, 0x8D3B, 0x6D3B, 0x4C33, 0x6C33, 0xCD33, 0xB04C,
    0x0E3C, 0x6D3B, 0xC921, 0x8C4A, 0xD3AD, 0xF3B5, 0xF3B5, 0xB3AD, 0xB3B5, 0xB4B5, 0xB4B5, 0xB4B5,
    0xD4B5, 0xD4B5, 0xD4B5, 0xD4B5, 0xD4B5, 0xD3B5, 0xD2AD, 0xB2AD, 0x73AD, 0x6B42, 0xAB32, 0xCE3B,
    0x904C, 0x6F44, 0x8D33, 0x8D33, 0x8D33, 0x8D33, 0xEE3B, 0x4C33, 0xAB32, 0x6719, 0xC510, 0xE510,
    0xA410, 0x2000, 0x0000, 0x0000, 0x0000, 0x0000, 0x0000, 0x0000, 0x0000, 0x0000, 0x0000, 0x0000,
    0x0000, 0x0000, 0x0000, 0x0000, 0x0000, 0x0000, 0x0000, 0x0000, 0x0000, 0x0000, 0x0000, 0x0000,
    0x0000, 0x0000, 0x0000, 0x0000, 0x0000, 0x0000, 0x0000, 0x0000, 0x0000, 0x0000, 0x0000, 0x0000,
    0x0000, 0x0000, 0x0000, 0x0000, 0x0000, 0x0000, 0x0000, 0x0000, 0x0000, 0x0000, 0xA408, 0x0619,
    0xE610, 0xC610, 0xA508, 0xE610, 0xE929, 0xAB32, 0x6D3B, 0x2D3B, 0xCB2A, 0x8D33, 0xEE3B, 0xD154,
    0x2F3C, 0x6D33, 0x0A22, 0x4B3A, 0x53A5, 0xF3B5, 0xD2AD, 0x119D, 0xCF7B, 0xAF7B, 0xCF7B, 0xCF7B,
    0xCF7B, 0xD07B, 0xD07B, 0xCF7B, 0x0F84, 0x51A5, 0x91A5, 0xD3AD, 0xD194, 0x0A3A, 0xAB2A, 0xCE3B,
    0x9044, 0x4F44, 0x2F3C, 0x2F44, 0xAD3B, 0xAD3B, 0x8D3B, 0xCB32, 0x6719, 0xC510, 0xC510, 0xE510,
    0x0619, 0xA410, 0x2000, 0x0000, 0x0000, 0x0000, 0x0000, 0x0000, 0x0000, 0x0000, 0x0000, 0x0000,
    0x0000, 0x0000, 0x0000, 0x0000, 0x0000, 0x0000, 0x0000, 0x0000, 0x0000, 0x0000, 0x0000, 0x0000,
    0x0000, 0x0000, 0x0000, 0x0000, 0x0000, 0x0000, 0x0000, 0x0000, 0x0000, 0x0000, 0x0000, 0x0000,
    0x0000, 0x0000, 0x0000, 0x0000, 0x0000, 0x0000, 0x0000, 0x0000, 0x2100, 0x8308, 0x0619, 0x0611,
    0x092A, 0x8821, 0xA508, 0xC510, 0xE610, 0x0A2A, 0x8B32, 0x6B2A, 0xCC32, 0xCE3B, 0xCE33, 0xEE3B,
    0xCE3B, 0xAE3B, 0x0D33, 0xC921, 0x0D5B, 0xD4B5, 0xD2AD, 0x92AD, 0x8F73, 0x4B4A, 0x6721, 0xA829,
    0xA829, 0xA929, 0xA929, 0xC931, 0x6E6B, 0x92A5, 0xD2AD, 0x53A5, 0xAC4A, 0xE929, 0x4D3B, 0xEE3B,
    0xEE3B, 0xAD33, 0x904C, 0xD14C, 0x6D33, 0x0C33, 0xEC32, 0x6719, 0xE510, 0xE510, 0x2619, 0x4A32,
    0x8821, 0xE610, 0xC510, 0x4100, 0x0000, 0x0000, 0x0000, 0x0000, 0x0000, 0x0000, 0x0000, 0x0000,
    0x0000, 0x0000, 0x0000, 0x0000, 0x0000, 0x0000, 0x0000, 0x0000, 0x0000, 0x0000, 0x0000, 0x0000,
    0x0000, 0x0000, 0x0000, 0x0000, 0x0000, 0x0000, 0x0000, 0x0000, 0x0000, 0x0000, 0x0000, 0x0000,
    0x0000, 0x0000, 0x0000, 0x0000, 0x0000, 0x0000, 0x0000, 0x6208, 0x2719, 0x4719, 0x4719, 0x092A,
    0x292A, 0x092A, 0x2719, 0xA508, 0xA508, 0x2719, 0x2A32, 0x092A, 0xEC32, 0xEE3B, 0xCD33, 0xAD33,
    0xAD33, 0xAD33, 0xAD3B, 0xCB2A, 0xE929, 0x2D63, 0xF2A4, 0x33A5, 0xED5A, 0xA821, 0x2922, 0x8A2A,
    0x6A2A, 0x8B2A, 0x8B2A, 0x0A2A, 0x0D5B, 0xF29C, 0x129D, 0x0D5B, 0x6B32, 0x6D3B, 0xCE3B, 0xAD3B,
    0xCD3B, 0xAD33, 0x2E3C, 0xB04C, 0x2C33, 0xAB2A, 0x2A2A, 0x0611, 0xE610, 0x2611, 0xE929, 0x4A2A,
    0x4A32, 0x4719, 0xE610, 0x0619, 0x8308, 0x0000, 0x0000, 0x0000, 0x0000, 0x0000, 0x0000, 0x0000,
    0x0000, 0x0000, 0x0000, 0x0000, 0x0000, 0x0000, 0x0000, 0x0000, 0x0000, 0x0000, 0x0000, 0x0000,
    0x0000, 0x0000, 0x0000, 0x0000, 0x0000, 0x0000, 0x0000, 0x0000, 0x0000, 0x0000, 0x0000, 0x0000,
    0x0000, 0x0000, 0x0000, 0x0000, 0x0000, 0x4100, 0xE510, 0x2619, 0xA829, 0x8821, 0xE929, 0x6A32,
    0x2C43, 0x6D4B, 0x6A32, 0x2611, 0xE610, 0x0611, 0xEA29, 0x0A2A, 0xEC32, 0xEE3B, 0xAD33, 0xAD33,
    0xAD33, 0xAD3B, 0xCD33, 0x8D33, 0xCB2A, 0xE929, 0x0A3A, 0x4B42, 0x0A2A, 0x6A2A, 0x4C33, 0xEE43,
    0x0F44, 0xCE3B, 0x6D33, 0xCC32, 0x2A32, 0x2A3A, 0x0A3A, 0x6B32, 0xAE3B, 0xAE3B, 0xAD33, 0xAD3B,
    0xAD3B, 0x8D33, 0xEE3B, 0x904C, 0x0C33, 0x8B2A, 0xE921, 0xC508, 0x0611, 0xE929, 0x0C43, 0x4D4B,
    0xCC3A, 0x2A2A, 0x6819, 0x4719, 0x2619, 0xC410, 0x6208, 0x0000, 0x0000, 0x0000, 0x0000, 0x0000,
    0x0000, 0x0000, 0x0000, 0x0000, 0x0000, 0x0000, 0x0000, 0x0000, 0x0000, 0x0000, 0x0000, 0x0000,
    0x0000, 0x0000, 0x0000, 0x0000, 0x0000, 0x0000, 0x0000, 0x0000, 0x0000, 0x0000, 0x0000, 0x0000,
    0x0000, 0x0000, 0x0000, 0x0000, 0x8308, 0x0619, 0x4719, 0xA821, 0x092A, 0x0A2A, 0x292A, 0xAB32,
    0xD9BE, 0x1AC7, 0xCF5B, 0xE921, 0x2711, 0xE610, 0x0611, 0xA921, 0xCC32, 0xCE3B, 0xCD33, 0xCD33,
    0x6D3B, 0x2C33, 0xCD33, 0xAD33, 0xAE3B, 0xEC32, 0x6B2A, 0x8B32, 0xCC32, 0x6D3B, 0xCE3B, 0xCE3B,
    0xCD3B, 0x0E44, 0xEE3B, 0x8D3B, 0x0C33, 0xCC32, 0xCC32, 0x6D3B, 0xEE3B, 0xEE3B, 0xAD3B, 0x4D33,
    0x6D3B, 0xAD3B, 0x0E3C, 0xB14C, 0x0C33, 0xC921, 0xE610, 0xC608, 0xA821, 0x4A2A, 0xD69D, 0x7CD7,
    0xB27C, 0xC819, 0x0922, 0x4A2A, 0x2A2A, 0x4719, 0x2619, 0xA410, 0x4208, 0x0000, 0x0000, 0x0000,
    0x0000, 0x0000, 0x0000, 0x0000, 0x0000, 0x0000, 0x0000, 0x0000, 0x0000, 0x0000, 0x0000, 0x0000,
    0x0000, 0x0000, 0x0000, 0x0000, 0x0000, 0x0000, 0x0000, 0x0000, 0x0000, 0x0000, 0x0000, 0x0000,
    0x0000, 0x0000, 0x0000, 0x8308, 0x2719, 0x4719, 0xA821, 0xAA2A, 0x0C33, 0x2922, 0x0922, 0x6B32,
    0x78B6, 0xD9C6, 0x8E53, 0x092A, 0xA821, 0xE610, 0xE610, 0x4719, 0x2A2A, 0xEB32, 0xCD3B, 0xAD3B,
    0xAB2A, 0xCB2A, 0xAD33, 0x6C33, 0x8D33, 0x8D33, 0x8D3B, 0x8D3B, 0x8D3B, 0x8C33, 0x904C, 0xAD33,
    0x4C2B, 0xEE3B, 0x704C, 0x6C2B, 0xAD3B, 0xAD3B, 0xAE3B, 0xAD33, 0xCE3B, 0x704C, 0x8D33, 0xEC32,
    0x0C33, 0xAD3B, 0xCD3B, 0x0F44, 0xCC32, 0x6719, 0xE608, 0x6719, 0x8B32, 0x6A2A, 0xB595, 0x1AC7,
    0x516C, 0xC819, 0x0922, 0xEC32, 0xCB2A, 0x4A22, 0x6719, 0x4719, 0x0511, 0x2100, 0x0000, 0x0000,
    0x0000, 0x0000, 0x0000, 0x0000, 0x0000, 0x0000, 0x0000, 0x0000, 0x0000, 0x0000, 0x0000, 0x0000,
    0x0000, 0x0000, 0x0000, 0x0000, 0x0000, 0x0000, 0x0000, 0x0000, 0x0000, 0x0000, 0x0000, 0x0000,
    0x0000, 0x0000, 0x4208, 0x2619, 0x0619, 0xC821, 0x0C3B, 0x8D3B, 0x8D33, 0x4D3B, 0x6A2A, 0x0922,
    0x8B3A, 0xAB42, 0x0A2A, 0x4A2A, 0x8B3A, 0x4719, 0xC610, 0xE610, 0x8821, 0xAB32, 0x8D3B, 0xAD3B,
    0x6A2A, 0xAA2A, 0xAD3B, 0x6C33, 0xAD33, 0xEE3B, 0xAD33, 0xAD3B, 0xAD33, 0xEE3B, 0x904C, 0xAD33,
    0x8D33, 0xCE3B, 0x7044, 0x0E3C, 0x8C33, 0x8D33, 0x8D33, 0xCE3B, 0xEE3B, 0x0F44, 0x6D33, 0xCB2A,
    0x4A22, 0x6D33, 0x6C33, 0x2C33, 0x0922, 0xE608, 0xC608, 0x4B32, 0xCC3A, 0x8B32, 0xAB3A, 0xCC42,
    0xE921, 0x0922, 0x2D3B, 0x8D3B, 0xAD3B, 0x6D3B, 0x2A22, 0x4719, 0x4719, 0xC410, 0x0000, 0x0000,
    0x0000, 0x0000, 0x0000, 0x0000, 0x0000, 0x0000, 0x0000, 0x0000, 0x0000, 0x0000, 0x0000, 0x0000,
    0x0000, 0x0000, 0x0000, 0x0000, 0x0000, 0x0000, 0x0000, 0x0000, 0x0000, 0x0000, 0x0000, 0x0000,
    0x0000, 0x0000, 0x4208, 0x2619, 0xE921, 0x2C3B, 0x8D3B, 0x8D33, 0x8D33, 0xAD33, 0x8D3B, 0xAB2A,
    0xA919, 0xC921, 0xE929, 0x0922, 0x292A, 0x092A, 0x2611, 0xA508, 0x6719, 0x8A32, 0x8D3B, 0x4C3B,
    0xC819, 0x8A2A, 0x8D3B, 0x6C33, 0xAD33, 0x6F4C, 0x6C33, 0x6D33, 0xED33, 0xF154, 0x7044, 0xAD33,
    0xCE3B, 0xCE3B, 0xD154, 0xB04C, 0x8C33, 0x4C33, 0x4C33, 0x6F44, 0xEE3B, 0x8C33, 0x6D33, 0xAB32,
    0xC819, 0x2C3B, 0x4C33, 0xCB32, 0x6719, 0xC508, 0xE921, 0x2A2A, 0x0922, 0x4A2A, 0x2A2A, 0x6719,
    0x2A22, 0x4D3B, 0xAD3B, 0xAD3B, 0x8D33, 0xAD3B, 0x2C33, 0x2A2A, 0xA921, 0xA410, 0x0000, 0x0000,
    0x0000, 0x0000, 0x0000, 0x0000, 0x0000, 0x0000, 0x0000, 0x0000, 0x0000, 0x0000, 0x0000, 0x0000,
    0x0000, 0x0000, 0x0000, 0x0000, 0x0000, 0x0000, 0x0000, 0x0000, 0x0000, 0x0000, 0x0000, 0x0000,
    0x0000, 0x0000, 0x4208, 0x6719, 0xAB32, 0x4D33, 0xAD33, 0xAD33, 0xAD33, 0xAD33, 0xAD33, 0x8D3B,
    0x8B2A, 0x0A22, 0x6A32, 0x506C, 0x9174, 0xCB3A, 0xA821, 0xA408, 0xE610, 0xE921, 0x8B32, 0x4A2A,
    0x0611, 0xE921, 0xCB32, 0x6D33, 0xAD33, 0x6F4C, 0x0B33, 0xEB32, 0xEE3B, 0xF14C, 0x9044, 0xAD33,
    0xCE3B, 0xCD33, 0x4F44, 0xB04C, 0x8D33, 0x8A2A, 0x0C33, 0x6F44, 0xED33, 0x8D33, 0x0C33, 0xE919,
    0x4711, 0x4A2A, 0x8B2A, 0x292A, 0xA408, 0x6719, 0x6A2A, 0xAE53, 0xF384, 0xCF5B, 0x2A2A, 0x8B2A,
    0x4D3B, 0xAE3B, 0xAD3B, 0xAD3B, 0xAD3B, 0x8D33, 0x8D3B, 0xAB32, 0xC921, 0xC410, 0x0000, 0x0000,
    0x0000, 0x0000, 0x0000, 0x0000, 0x0000, 0x0000, 0x0000, 0x0000, 0x0000, 0x0000, 0x0000, 0x0000,
    0x0000, 0x0000, 0x0000, 0x0000, 0x0000, 0x0000, 0x0000, 0x0000, 0x0000, 0x0000, 0x0000, 0x0000,
    0x0000, 0x0000, 0x2100, 0xE510, 0xC921, 0x0C33, 0xCE3B, 0xAD33, 0xAD33, 0x8D33, 0x8D33, 0x8D33,
    0x2C33, 0x4A22, 0x8A32, 0x98B6, 0x3ACF, 0x6D53, 0xA821, 0x4719, 0x8400, 0x2611, 0x092A, 0x292A,
    0x2611, 0xC821, 0xCB32, 0x6D3B, 0xAD33, 0x904C, 0x0C33, 0xEC32, 0xEE3B, 0x1155, 0x9044, 0xAD33,
    0xCE3B, 0xCD33, 0x0E3C, 0xD04C, 0x8D33, 0x6B2A, 0x0C33, 0x904C, 0xCD3B, 0x6C33, 0xEC32, 0x8819,
    0x4719, 0x6A32, 0xC821, 0xA508, 0xC510, 0xA821, 0x2922, 0x948D, 0x9CD7, 0x5595, 0xE921, 0xEC32,
    0x8D3B, 0x8D33, 0x8D33, 0x8D33, 0x8D33, 0xAD3B, 0x0C33, 0x0A22, 0x8821, 0x4200, 0x0000, 0x0000,
    0x0000, 0x0000, 0x0000, 0x0000, 0x0000, 0x0000, 0x0000, 0x0000, 0x0000, 0x0000, 0x0000, 0x0000,
    0x0000, 0x0000, 0x0000, 0x0000, 0x0000, 0x0000, 0x0000, 0x0000, 0x0000, 0x0000, 0x0000, 0x0000,
    0x0000, 0x0000, 0x0000, 0x4100, 0xC410, 0xC821, 0xAB2A, 0x6D33, 0xAD33, 0x8D33, 0x6D33, 0x6C33,
    0x8D33, 0xAB2A, 0xE829, 0xB17C, 0xD5A5, 0xEC4A, 0xC821, 0x2A32, 0x6819, 0xA508, 0x4719, 0x6B32,
    0x4719, 0xA821, 0x8B2A, 0x4D33, 0xCD33, 0xB04C, 0x0C33, 0x6B2A, 0x8D33, 0xF154, 0x904C, 0xAD33,
    0xCE3B, 0xAD33, 0x0E3C, 0x9044, 0x8D33, 0x6B2A, 0xCB32, 0x4F44, 0xEE3B, 0x6D3B, 0x6A2A, 0x4711,
    0x4819, 0x2A32, 0xE508, 0x0611, 0xE929, 0x2A2A, 0x0922, 0x0F64, 0x9595, 0xAF5B, 0xE819, 0x8D3B,
    0x8D33, 0x6D33, 0x6D33, 0x8D33, 0x8D3B, 0xEC32, 0xA819, 0x0611, 0x6208, 0x0000, 0x0000, 0x0000,
    0x0000, 0x0000, 0x0000, 0x0000, 0x0000, 0x0000, 0x0000, 0x0000, 0x0000, 0x0000, 0x0000, 0x0000,
    0x0000, 0x0000, 0x0000, 0x0000, 0x0000, 0x0000, 0x0000, 0x0000, 0x0000, 0x0000, 0x0000, 0x0000,
    0x0000, 0x0000, 0x2000, 0x0000, 0x0000, 0x8308, 0x4719, 0x0922, 0x2C33, 0x6D3B, 0x6D33, 0x6C33,
    0x4C33, 0x2C33, 0x4A2A, 0x6719, 0x8821, 0x8819, 0xE921, 0x2A2A, 0x4A32, 0x0A2A, 0x2711, 0x2719,
    0x2711, 0x8821, 0x4B2A, 0xCB2A, 0xCD3B, 0x0E3C, 0xAB2A, 0xE919, 0x6D33, 0x0E3C, 0xB14C, 0xAD3B,
    0x8D3B, 0x6D33, 0xEE3B, 0x4F44, 0x0C2B, 0x0A22, 0x6A2A, 0xCD3B, 0xCE3B, 0xEB32, 0x6B32, 0x6819,
    0xC510, 0xC510, 0xE508, 0xE929, 0x2A2A, 0xE921, 0xC921, 0xA819, 0xA821, 0xA819, 0xEC32, 0x6C33,
    0x6D33, 0xAD3B, 0x8D3B, 0x4D3B, 0x6B2A, 0xA919, 0xA408, 0x2100, 0x0000, 0x0000, 0x0000, 0x0000,
    0x0000, 0x0000, 0x0000, 0x0000, 0x0000, 0x0000, 0x0000, 0x0000, 0x0000, 0x0000, 0x0000, 0x0000,
    0x0000, 0x0000, 0x0000, 0x0000, 0x0000, 0x0000, 0x0000, 0x0000, 0x0000, 0x0000, 0x0000, 0x0000,
    0x0000, 0x0000, 0x0000, 0x0000, 0x0000, 0x0000, 0x4200, 0xE410, 0x4611, 0x8A2A, 0xAB32, 0xCB2A,
    0x6C33, 0x4C33, 0x4C33, 0xAB32, 0xC921, 0xE929, 0x0A2A, 0x4A2A, 0x6A2A, 0xAC3A, 0xC921, 0xE608,
    0x0711, 0x2711, 0xEA29, 0x8B32, 0x8E3B, 0x8D3B, 0x6B2A, 0xC921, 0x6D3B, 0x8C33, 0x2F44, 0x2E44,
    0x6C33, 0x6C33, 0xAD33, 0xCE33, 0x2C33, 0x0A22, 0xAB32, 0xAE3B, 0x8D3B, 0xCC32, 0x2A32, 0x2711,
    0xA508, 0x0611, 0x2A2A, 0x292A, 0xE921, 0xC821, 0xE921, 0xC921, 0xC821, 0xEB32, 0x6D3B, 0x6C33,
    0x8D3B, 0xEC2A, 0xEC32, 0x2922, 0x0511, 0xC410, 0x0000, 0x0000, 0x0000, 0x0000, 0x0000, 0x0000,
    0x0000, 0x0000, 0x0000, 0x0000, 0x0000, 0x0000, 0x0000, 0x0000, 0x0000, 0x0000, 0x0000, 0x0000,
    0x0000, 0x0000, 0x0000, 0x0000, 0x0000, 0x0000, 0x0000, 0x0000, 0x0000, 0x0000, 0x0000, 0x0000,
    0x0000, 0x0000, 0x0000, 0x0000, 0x0000, 0x0000, 0x0000, 0x0000, 0x2100, 0x0511, 0xE510, 0xA819,
    0xEC32, 0x0C33, 0x8D33, 0x4C33, 0xAB32, 0x6B2A, 0x0C43, 0x37A6, 0x58AE, 0xEC3A, 0x6B32, 0xE929,
    0x0711, 0x0711, 0x2711, 0x0A2A, 0xAC32, 0xAB32, 0x2A2A, 0x8819, 0xCC32, 0x4C33, 0xAD33, 0x904C,
    0x8D33, 0x6C33, 0x8D33, 0x8D33, 0x8B2A, 0x8819, 0x8C32, 0xEC32, 0xEC3A, 0x2A2A, 0x0611, 0xC508,
    0x6719, 0x6B32, 0x0922, 0x8E5B, 0x38AE, 0x348D, 0x6A32, 0x4A2A, 0xEC32, 0x6D33, 0x2C33, 0x0C33,
    0xAB2A, 0x6711, 0x2611, 0xC410, 0x0000, 0x0000, 0x0000, 0x0000, 0x0000, 0x0000, 0x0000, 0x0000,
    0x0000, 0x0000, 0x0000, 0x0000, 0x0000, 0x0000, 0x0000, 0x0000, 0x0000, 0x0000, 0x0000, 0x0000,
    0x0000, 0x0000, 0x0000, 0x0000, 0x0000, 0x0000, 0x0000, 0x0000, 0x0000, 0x0000, 0x0000, 0x0000,
    0x0000, 0x0000, 0x0000, 0x0000, 0x0000, 0x0000, 0x0000, 0x0000, 0x0000, 0x0000, 0x4100, 0xE510,
    0x2611, 0x092A, 0x0C3B, 0xAB32, 0xCB32, 0x6A2A, 0xCF5B, 0x19BF, 0xF9BE, 0x0C43, 0x6B2A, 0x8B3A,
    0x0A2A, 0x2711, 0x0711, 0x0711, 0x4819, 0x8821, 0x2A32, 0xC921, 0x6719, 0x8B32, 0x4C33, 0x2F4C,
    0xAD3B, 0x4C33, 0x6D3B, 0xAB2A, 0xEA21, 0x0B2A, 0x6C32, 0xEA21, 0x6819, 0x0711, 0x0611, 0xC921,
    0xCC32, 0xAB32, 0x2922, 0x8E53, 0xD9BE, 0x77AE, 0xAB32, 0x6A2A, 0xAB32, 0xCB32, 0x8B32, 0x4611,
    0x0611, 0x4200, 0x0000, 0x0000, 0x0000, 0x0000, 0x0000, 0x0000, 0x0000, 0x0000, 0x0000, 0x0000,
    0x0000, 0x0000, 0x0000, 0x0000, 0x0000, 0x0000, 0x0000, 0x0000, 0x0000, 0x0000, 0x0000, 0x0000,
    0x0000, 0x0000, 0x0000, 0x0000, 0x0000, 0x0000, 0x0000, 0x0000, 0x0000, 0x0000, 0x0000, 0x0000,
    0x0000, 0x0000, 0x0000, 0x0000, 0x0000, 0x0000, 0x0000, 0x0000, 0x0000, 0x0000, 0x0000, 0x2000,
    0x0000, 0xE510, 0x6719, 0x4619, 0xE929, 0x8B32, 0x0C43, 0x7174, 0xEF63, 0x8B32, 0x6B32, 0x8B32,
    0x8B32, 0x2A2A, 0x2711, 0xE610, 0xE610, 0xE610, 0x4719, 0x2719, 0xE610, 0xA821, 0x8B32, 0xCB2A,
    0xEB32, 0xEC32, 0xCB32, 0xA919, 0x4819, 0xA921, 0x8819, 0x4819, 0xE710, 0x2711, 0x0A22, 0xEC3A,
    0xCB32, 0xAB2A, 0x8B32, 0x0922, 0x916C, 0xB274, 0x6B32, 0xE929, 0x4719, 0x2619, 0x2611, 0x2100,
    0x2100, 0x0000, 0x0000, 0x0000, 0x0000, 0x0000, 0x0000, 0x0000, 0x0000, 0x0000, 0x0000, 0x0000,
    0x0000, 0x0000, 0x0000, 0x0000, 0x0000, 0x0000, 0x0000, 0x0000, 0x0000, 0x0000, 0x0000, 0x0000,
    0x0000, 0x0000, 0x0000, 0x0000, 0x0000, 0x0000, 0x0000, 0x0000, 0x0000, 0x0000, 0x0000, 0x0000,
    0x0000, 0x0000, 0x0000, 0x0000, 0x0000, 0x0000, 0x0000, 0x0000, 0x0000, 0x0000, 0x0000, 0x0000,
    0x0000, 0x2000, 0x4100, 0x4100, 0xA308, 0xA821, 0xC921, 0x4719, 0x6719, 0x2A2A, 0x8B32, 0x6B32,
    0x0922, 0x8A2A, 0x4D3B, 0x8719, 0xC508, 0xE610, 0xC510, 0xC610, 0xE610, 0x0611, 0x6719, 0x8819,
    0x8819, 0xA819, 0x8819, 0x0711, 0x0611, 0xE610, 0x0611, 0x0611, 0x2711, 0x6A2A, 0x0F4C, 0xAA2A,
    0x8B2A, 0xAB32, 0xAB32, 0xE921, 0x4711, 0x4711, 0x4719, 0xC308, 0x4200, 0x4100, 0x4100, 0x0000,
    0x0000, 0x0000, 0x0000, 0x0000, 0x0000, 0x0000, 0x0000, 0x0000, 0x0000, 0x0000, 0x0000, 0x0000,
    0x0000, 0x0000, 0x0000, 0x0000, 0x0000, 0x0000, 0x0000, 0x0000, 0x0000, 0x0000, 0x0000, 0x0000,
    0x0000, 0x0000, 0x0000, 0x0000, 0x0000, 0x0000, 0x0000, 0x0000, 0x0000, 0x0000, 0x0000, 0x0000,
    0x0000, 0x0000, 0x0000, 0x0000, 0x0000, 0x0000, 0x0000, 0x0000, 0x0000, 0x0000, 0x0000, 0x0000,
    0x0000, 0x0000, 0x0000, 0x0000, 0x0000, 0x2100, 0xA408, 0x2719, 0x8821, 0x2A2A, 0x0922, 0x292A,
    0xAE53, 0x2F54, 0x0B2B, 0xEB32, 0x2611, 0xC510, 0xE510, 0xC508, 0xE610, 0x0611, 0x0711, 0x0711,
    0x0611, 0x0611, 0x0711, 0x0611, 0xE610, 0xE610, 0x0611, 0xE610, 0x0922, 0xAE43, 0xAE43, 0xF26C,
    0x6D43, 0x2A2A, 0x2A2A, 0xE929, 0x4719, 0x0519, 0x2100, 0x0000, 0x0000, 0x0000, 0x0000, 0x0000,
    0x0000, 0x0000, 0x0000, 0x0000, 0x0000, 0x0000, 0x0000, 0x0000, 0x0000, 0x0000, 0x0000, 0x0000,
    0x0000, 0x0000, 0x0000, 0x0000, 0x0000, 0x0000, 0x0000, 0x0000, 0x0000, 0x0000, 0x0000, 0x0000,
    0x0000, 0x0000, 0x0000, 0x0000, 0x0000, 0x0000, 0x0000, 0x0000, 0x0000, 0x0000, 0x0000, 0x0000,
    0x0000, 0x0000, 0x0000, 0x0000, 0x0000, 0x0000, 0x0000, 0x0000, 0x0000, 0x0000, 0x0000, 0x0000,
    0x0000, 0x0000, 0x0000, 0x0000, 0x0000, 0x0000, 0x0000, 0x0000, 0x6200, 0x0511, 0xA308, 0xE929,
    0x716C, 0x2C3B, 0x4922, 0x6D3B, 0xE821, 0xE610, 0x4821, 0x8931, 0xA931, 0x2719, 0xE610, 0xE710,
    0xE610, 0xE610, 0xE610, 0x0719, 0x8931, 0x8931, 0x2719, 0x0609, 0x0C33, 0x8E3B, 0x2922, 0x105C,
    0xCF53, 0x6711, 0x2619, 0x2519, 0x0000, 0x0000, 0x0000, 0x0000, 0x0000, 0x0000, 0x0000, 0x0000,
    0x0000, 0x0000, 0x0000, 0x0000, 0x0000, 0x0000, 0x0000, 0x0000, 0x0000, 0x0000, 0x0000, 0x0000,
    0x0000, 0x0000, 0x0000, 0x0000, 0x0000, 0x0000, 0x0000, 0x0000, 0x0000, 0x0000, 0x0000, 0x0000,
    0x0000, 0x0000, 0x0000, 0x0000, 0x0000, 0x0000, 0x0000, 0x0000, 0x0000, 0x0000, 0x0000, 0x0000,
    0x0000, 0x0000, 0x0000, 0x0000, 0x0000, 0x0000, 0x0000, 0x0000, 0x0000, 0x0000, 0x0000, 0x0000,
    0x0000, 0x0000, 0x0000, 0x0000, 0x0000, 0x0000, 0x0000, 0x0000, 0x0000, 0x0000, 0x0000, 0xC410,
    0xE510, 0x6719, 0x0A2A, 0x6A2A, 0xCE4B, 0x8719, 0x6C4A, 0x0F6B, 0xEF6A, 0x4C52, 0x0B42, 0x0B42,
    0x0B42, 0x0A42, 0xEA41, 0x2B4A, 0x8D5A, 0xCE62, 0xA931, 0x2922, 0x4C33, 0x8B32, 0xC921, 0x4711,
    0x4611, 0x8308, 0x0000, 0x0000, 0x0000, 0x0000, 0x0000, 0x0000, 0x0000, 0x0000, 0x0000, 0x0000,
    0x0000, 0x0000, 0x0000, 0x0000, 0x0000, 0x0000, 0x0000, 0x0000, 0x0000, 0x0000, 0x0000, 0x0000,
    0x0000, 0x0000, 0x0000, 0x0000, 0x0000, 0x0000, 0x0000, 0x0000, 0x0000, 0x0000, 0x0000, 0x0000,
    0x0000, 0x0000, 0x0000, 0x0000, 0x0000, 0x0000, 0x0000, 0x0000, 0x0000, 0x0000, 0x0000, 0x0000,
    0x0000, 0x0000, 0x0000, 0x0000, 0x0000, 0x0000, 0x0000, 0x0000, 0x0000, 0x0000, 0x0000, 0x0000,
    0x0000, 0x0000, 0x0000, 0x0000, 0x0000, 0x0000, 0x0000, 0x0000, 0x0000, 0x0000, 0x0000, 0x2000,
    0x2100, 0xA408, 0x6719, 0x8819, 0xEC3A, 0x2A2A, 0x8829, 0xAD5A, 0xCE62, 0xCE62, 0xCE62, 0xCE62,
    0xCE62, 0xAE62, 0xAE62, 0xAD5A, 0xAD5A, 0x0A42, 0x2611, 0xCB32, 0xC819, 0x4711, 0xE510, 0x6208,
    0x2100, 0x0000, 0x0000, 0x0000, 0x0000, 0x0000, 0x0000, 0x0000, 0x0000, 0x0000, 0x0000, 0x0000,
    0x0000, 0x0000, 0x0000, 0x0000, 0x0000, 0x0000, 0x0000, 0x0000, 0x0000, 0x0000, 0x0000, 0x0000,
    0x0000, 0x0000, 0x0000, 0x0000, 0x0000, 0x0000, 0x0000, 0x0000, 0x0000, 0x0000, 0x0000, 0x0000,
    0x0000, 0x0000, 0x0000, 0x0000, 0x0000, 0x0000, 0x0000, 0x0000, 0x0000, 0x0000, 0x0000, 0x0000,
    0x0000, 0x0000, 0x0000, 0x0000, 0x0000, 0x0000, 0x0000, 0x0000, 0x0000, 0x0000, 0x0000, 0x0000,
    0x0000, 0x0000, 0x0000, 0x0000, 0x0000, 0x0000, 0x0000, 0x0000, 0x0000, 0x0000, 0x0000, 0x0000,
    0x0000, 0x0000, 0xA308, 0xA308, 0x8308, 0xE821, 0x2619, 0xAD52, 0x0F6B, 0xEF62, 0xEF62, 0xEE62,
    0xCE62, 0xCE62, 0xCE62, 0xCE62, 0x0F6B, 0xE931, 0x4611, 0x6619, 0x6200, 0x8308, 0x4100, 0x0000,
    0x0000, 0x0000, 0x0000, 0x0000, 0x0000, 0x0000, 0x0000, 0x0000, 0x0000, 0x0000, 0x0000, 0x0000,
    0x0000, 0x0000, 0x0000, 0x0000, 0x0000, 0x0000, 0x0000, 0x0000, 0x0000, 0x0000, 0x0000, 0x0000,
    0x0000, 0x0000, 0x0000, 0x0000, 0x0000, 0x0000, 0x0000, 0x0000, 0x0000, 0x0000, 0x0000, 0x0000,
    0x0000, 0x0000, 0x0000, 0x0000, 0x0000, 0x0000, 0x0000, 0x0000, 0x0000, 0x0000, 0x0000, 0x0000,
    0x0000, 0x0000, 0x0000, 0x0000, 0x0000, 0x0000, 0x0000, 0x0000, 0x0000, 0x0000, 0x0000, 0x0000,
    0x0000, 0x0000, 0x0000, 0x0000, 0x0000, 0x0000, 0x0000, 0x0000, 0x0000, 0x0000, 0x0000, 0x0000,
    0x0000, 0x0000, 0x0000, 0x0000, 0x0000, 0x8208, 0xC308, 0xE939, 0x0942, 0xE941, 0xE941, 0xE941,
    0xC939, 0xC941, 0xC941, 0xE941, 0x0A42, 0x4629, 0x6200, 0x4100, 0x0000, 0x0000, 0x0000, 0x0000,
    0x0000, 0x0000, 0x0000, 0x0000, 0x0000, 0x0000, 0x0000, 0x0000, 0x0000, 0x0000, 0x0000, 0x0000,
    0x0000, 0x0000, 0x0000, 0x0000, 0x0000, 0x0000, 0x0000, 0x0000, 0x0000, 0x0000, 0x0000, 0x0000,
    0x0000, 0x0000, 0x0000, 0x0000, 0x0000, 0x0000, 0x0000, 0x0000, 0x0000, 0x0000, 0x0000, 0x0000,
    0x0000, 0x0000, 0x0000, 0x0000, 0x0000, 0x0000, 0x0000, 0x0000, 0x0000, 0x0000, 0x0000, 0x0000,
    0x0000, 0x0000, 0x0000, 0x0000, 0x0000, 0x0000, 0x0000, 0x0000, 0x0000, 0x0000, 0x0000, 0x0000,
    0x0000, 0x0000, 0x0000, 0x0000, 0x0000, 0x0000, 0x0000, 0x0000, 0x0000, 0x0000, 0x0000, 0x0000,
    0x0000, 0x0000, 0x0000, 0x0000, 0x0000, 0x0000, 0x0000, 0x0000, 0x0000, 0x0000, 0x0000, 0x0000,
    0x0000, 0x0000, 0x0000, 0x0000, 0x0000, 0x0000, 0x0000, 0x0000, 0x0000, 0x0000, 0x0000, 0x0000,
    0x0000, 0x0000, 0x0000, 0x0000, 0x0000, 0x0000, 0x0000, 0x0000, 0x0000, 0x0000, 0x0000, 0x0000,
    0x0000, 0x0000, 0x0000, 0x0000, 0x0000, 0x0000, 0x0000, 0x0000, 0x0000, 0x0000, 0x0000, 0x0000,
    0x0000, 0x0000, 0x0000, 0x0000, 0x0000, 0x0000, 0x0000, 0x0000, 0x0000, 0x0000, 0x0000, 0x0000,
    0x0000, 0x0000, 0x0000, 0x0000, 0x0000, 0x0000, 0x0000, 0x0000, 0x0000, 0x0000, 0x0000, 0x0000,
    0x0000, 0x0000, 0x0000, 0x0000, 0x0000, 0x0000, 0x0000, 0x0000, 0x0000, 0x0000, 0x0000, 0x0000,
    0x0000, 0x0000, 0x0000, 0x0000, 0x0000, 0x0000, 0x0000, 0x0000, 0x0000, 0x0000, 0x0000, 0x0000,
    0x0000, 0x0000, 0x0000, 0x0000, 0x0000, 0x0000, 0x0000, 0x0000, 0x0000, 0x0000, 0x0000, 0x0000,
    0x0000, 0x0000, 0x0000, 0x0000, 0x0000, 0x0000, 0x0000, 0x0000, 0x0000, 0x0000, 0x0000, 0x0000,
    0x0000, 0x0000, 0x0000, 0x0000, 0x0000, 0x0000, 0x0000, 0x0000, 0x0000, 0x0000, 0x0000, 0x0000,
    0x0000, 0x0000, 0x0000, 0x0000, 0x0000, 0x0000, 0x0000, 0x0000, 0x0000, 0x0000, 0x0000, 0x0000,
    0x0000, 0x0000, 0x0000, 0x0000, 0x0000, 0x0000, 0x0000, 0x0000, 0x0000, 0x0000, 0x0000, 0x0000,
    0x0000, 0x0000, 0x0000, 0x0000, 0x0000, 0x0000, 0x0000, 0x0000, 0x0000, 0x0000, 0x0000, 0x0000,
    0x0000, 0x0000, 0x0000, 0x0000, 0x0000, 0x0000, 0x0000, 0x0000, 0x0000, 0x0000, 0x0000, 0x0000,
    0x0000, 0x0000, 0x0000, 0x0000, 0x0000, 0x0000, 0x0000, 0x0000, 0x0000, 0x0000, 0x0000, 0x0000,
    0x0000, 0x0000, 0x0000, 0x0000, 0x0000, 0x0000, 0x0000, 0x0000, 0x0000, 0x0000, 0x0000, 0x0000,
    0x0000, 0x0000, 0x0000, 0x0000, 0x0000, 0x0000, 0x0000, 0x0000, 0x0000, 0x0000, 0x0000, 0x0000,
    0x0000, 0x0000, 0x0000, 0x0000, 0x0000, 0x0000, 0x0000, 0x0000, 0x0000, 0x0000, 0x0000, 0x0000,
    0x0000, 0x0000, 0x0000, 0x0000, 0x0000, 0x0000, 0x0000, 0x0000, 0x0000, 0x0000, 0x0000, 0x0000,
    0x0000, 0x0000, 0x0000, 0x0000, 0x0000, 0x0000, 0x0000, 0x0000, 0x0000, 0x0000, 0x0000, 0x0000,
    0x0000, 0x0000, 0x0000, 0x0000, 0x0000, 0x0000, 0x0000, 0x0000, 0x0000, 0x0000, 0x0000, 0x0000,
    0x0000, 0x0000, 0x0000, 0x0000, 0x0000, 0x0000, 0x0000, 0x0000, 0x0000, 0x0000, 0x0000, 0x0000,
    0x0000, 0x0000, 0x0000, 0x0000, 0x0000, 0x0000, 0x0000, 0x0000, 0x0000, 0x0000, 0x0000, 0x0000,
    0x0000, 0x0000, 0x0000, 0x0000, 0x0000, 0x0000, 0x0000, 0x0000, 0x0000, 0x0000, 0x0000, 0x0000,
    0x0000, 0x0000, 0x0000, 0x0000, 0x0000, 0x0000, 0x0000, 0x0000, 0x0000, 0x0000, 0x0000, 0x0000,
    0x0000, 0x0000, 0x0000, 0x0000, 0x0000, 0x0000, 0x0000, 0x0000, 0x0000, 0x0000, 0x0000, 0x0000,
    0x0000, 0x0000, 0x0000, 0x0000, 0x0000, 0x0000, 0x0000, 0x0000, 0x0000, 0x0000, 0x0000, 0x0000,
    0x0000, 0x0000, 0x0000, 0x0000, 0x0000, 0x0000, 0x0000, 0x0000, 0x0000, 0x0000, 0x0000, 0x0000,
    0x0000, 0x0000, 0x0000, 0x0000, 0x0000, 0x0000, 0x0000, 0x0000, 0x0000, 0x0000, 0x0000, 0x0000,
    0x0000, 0x0000, 0x0000, 0x0000, 0x0000, 0x0000, 0x0000, 0x0000, 0x0000, 0x0000, 0x0000, 0x0000,
    0x0000, 0x0000, 0x0000, 0x0000, 0x0000, 0x0000, 0x0000, 0x0000, 0x0000, 0x0000, 0x0000, 0x0000,
    0x0000, 0x0000, 0x0000, 0x0000, 0x0000, 0x0000, 0x0000, 0x0000, 0x0000, 0x0000, 0x0000, 0x0000,
    0x0000, 0x0000, 0x0000, 0x0000, 0x0000, 0x0000, 0x0000, 0x0000, 0x0000, 0x0000, 0x0000, 0x0000,
    0x0000, 0x0000, 0x0000, 0x0000, 0x0000, 0x0000, 0x0000, 0x0000, 0x0000, 0x0000, 0x0000, 0x0000,
    0x0000, 0x0000, 0x0000, 0x0000, 0x0000, 0x0000, 0x0000, 0x0000, 0x0000, 0x0000, 0x0000, 0x0000,
    0x0000, 0x0000, 0x0000, 0x0000, 0x0000, 0x0000, 0x0000, 0x0000, 0x0000, 0x0000, 0x0000, 0x0000,
    0x0000, 0x0000, 0x0000, 0x0000, 0x0000, 0x0000, 0x0000, 0x0000, 0x0000, 0x0000, 0x0000, 0x0000,
    0x0000, 0x0000, 0x0000, 0x0000, 0x0000, 0x0000, 0x0000, 0x0000, 0x0000, 0x0000, 0x0000, 0x0000,
    0x0000, 0x0000, 0x0000, 0x0000, 0x0000, 0x0000, 0x0000, 0x0000, 0x0000, 0x0000, 0x0000, 0x0000,
    0x0000, 0x0000, 0x0000, 0x0000, 0x0000, 0x0000, 0x0000, 0x0000, 0x0000, 0x0000, 0x0000, 0x0000,
    0x0000, 0x0000, 0x0000, 0x0000, 0x0000, 0x0000, 0x0000, 0x0000, 0x0000, 0x0000, 0x0000, 0x0000,
    0x0000, 0x0000, 0x0000, 0x0000, 0x0000, 0x0000, 0x0000, 0x0000, 0x0000, 0x0000, 0x0000, 0x0000,
    0x0000, 0x0000, 0x0000, 0x0000, 0x0000, 0x0000, 0x0000, 0x0000, 0x0000, 0x0000, 0x0000, 0x0000,
    0x0000, 0x0000, 0x0000, 0x0000, 0x0000, 0x0000, 0x0000, 0x0000, 0x0000, 0x0000, 0x0000, 0x0000,
    0x0000, 0x0000, 0x0000, 0x0000, 0x0000, 0x0000, 0x0000, 0x0000, 0x0000, 0x0000, 0x0000, 0x0000,
    0x0000, 0x0000, 0x0000, 0x0000, 0x0000, 0x0000, 0x0000, 0x0000, 0x0000, 0x0000, 0x0000, 0x0000,
    0x0000, 0x0000, 0x0000, 0x0000, 0x0000, 0x0000, 0x0000, 0x0000, 0x0000, 0x0000, 0x0000, 0x0000,
    0x0000, 0x0000, 0x0000, 0x0000, 0x0000, 0x0000, 0x0000, 0x0000, 0x0000, 0x0000, 0x0000, 0x0000,
    0x0000, 0x0000, 0x0000, 0x0000, 0x0000, 0x0000, 0x0000, 0x0000, 0x0000, 0x0000, 0x0000, 0x0000,
    0x0000, 0x0000, 0x0000, 0x0000, 0x0000, 0x0000, 0x0000, 0x0000, 0x0000, 0x0000, 0x0000, 0x0000,
    0x0000, 0x0000, 0x0000, 0x0000, 0x0000, 0x0000, 0x0000, 0x0000, 0x0000, 0x0000, 0x0000, 0x0000,
    0x0000, 0x0000, 0x0000, 0x0000, 0x0000, 0x0000, 0x0000, 0x0000, 0x0000, 0x0000, 0x0000, 0x0000,
};

static const uint16_t ARGUS_SPR_PLEASED[ARGUS_PIXELS] = {
    0x0000, 0x0000, 0x0000, 0x0000, 0x0000, 0x0000, 0x0000, 0x0000, 0x0000, 0x0000, 0x0000, 0x0000,
    0x0000, 0x0000, 0x0000, 0x0000, 0x0000, 0x0000, 0x0000, 0x0000, 0x0000, 0x0000, 0x0000, 0x0000,
    0x0000, 0x0000, 0x0000, 0x0000, 0x0000, 0x0000, 0x0000, 0x0000, 0x0000, 0x0000, 0x0000, 0x0000,
    0x0000, 0x0000, 0x0000, 0x0000, 0x0000, 0x0000, 0x0000, 0x0000, 0x0000, 0x0000, 0x0000, 0x0000,
    0x0000, 0x0000, 0x0000, 0x0000, 0x0000, 0x0000, 0x0000, 0x0000, 0x0000, 0x0000, 0x0000, 0x0000,
    0x0000, 0x0000, 0x0000, 0x0000, 0x0000, 0x0000, 0x0000, 0x0000, 0x0000, 0x0000, 0x0000, 0x0000,
    0x0000, 0x0000, 0x0000, 0x0000, 0x0000, 0x0000, 0x0000, 0x0000, 0x0000, 0x0000, 0x0000, 0x0000,
    0x0000, 0x0000, 0x0000, 0x0000, 0x0000, 0x0000, 0x0000, 0x0000, 0x0000, 0x0000, 0x0000, 0x0000,
    0x0000, 0x0000, 0x0000, 0x0000, 0x0000, 0x0000, 0x0000, 0x0000, 0x0000, 0x0000, 0x0000, 0x0000,
    0x0000, 0x0000, 0x0000, 0x0000, 0x0000, 0x0000, 0x0000, 0x0000, 0x0000, 0x0000, 0x0000, 0x0000,
    0x0000, 0x0000, 0x0000, 0x0000, 0x0000, 0x0000, 0x0000, 0x0000, 0x0000, 0x0000, 0x0000, 0x0000,
    0x0000, 0x0000, 0x0000, 0x0000, 0x0000, 0x0000, 0x0000, 0x0000, 0x0000, 0x0000, 0x0000, 0x0000,
    0x0000, 0x0000, 0x0000, 0x0000, 0x0000, 0x0000, 0x0000, 0x0000, 0x0000, 0x0000, 0x0000, 0x0000,
    0x0000, 0x0000, 0x0000, 0x0000, 0x0000, 0x0000, 0x0000, 0x0000, 0x0000, 0x0000, 0x0000, 0x0000,
    0x0000, 0x0000, 0x0000, 0x0000, 0x0000, 0x0000, 0x0000, 0x0000, 0x0000, 0x0000, 0x0000, 0x0000,
    0x0000, 0x0000, 0x0000, 0x0000, 0x0000, 0x0000, 0x0000, 0x0000, 0x0000, 0x0000, 0x0000, 0x0000,
    0x0000, 0x0000, 0x0000, 0x0000, 0x0000, 0x0000, 0x0000, 0x0000, 0x0000, 0x0000, 0x0000, 0x0000,
    0x0000, 0x0000, 0x0000, 0x0000, 0x0000, 0x0000, 0x0000, 0x0000, 0x0000, 0x0000, 0x0000, 0x0000,
    0x0000, 0x0000, 0x0000, 0x0000, 0x0000, 0x0000, 0x0000, 0x0000, 0x0000, 0x0000, 0x0000, 0x0000,
    0x0000, 0x0000, 0x0000, 0x0000, 0x0000, 0x0000, 0x0000, 0x0000, 0x0000, 0x0000, 0x6208, 0x6208,
    0x8308, 0x8208, 0x2000, 0x0000, 0x0000, 0x0000, 0x0000, 0x0000, 0x0000, 0x0000, 0x0000, 0x0000,
    0x0000, 0x0000, 0x0000, 0x0000, 0x0000, 0x0000, 0x0000, 0x0000, 0x0000, 0x0000, 0x0000, 0x0000,
    0x0000, 0x0000, 0x0000, 0x0000, 0x0000, 0x0000, 0x0000, 0x0000, 0x0000, 0x0000, 0x0000, 0x0000,
    0x0000, 0x0000, 0x0000, 0x0000, 0x0000, 0x0000, 0x0000, 0x0000, 0x0000, 0x0000, 0x0000, 0x0000,
    0x0000, 0x0000, 0x0000, 0x0000, 0x0000, 0x0000, 0x0000, 0x0000, 0x0000, 0x0000, 0x0000, 0x0000,
    0x0000, 0x0000, 0x0000, 0x0000, 0x0000, 0x0000, 0x0000, 0x0000, 0x0000, 0x0000, 0x0000, 0x0000,
    0x0000, 0x0000, 0x0000, 0x0000, 0x0000, 0x0000, 0x0000, 0x0000, 0x0000, 0x0000, 0x0000, 0x0000,
    0x0000, 0x0000, 0x0000, 0x0000, 0x0000, 0x0000, 0x0000, 0x0000, 0x0100, 0x0000, 0x674A, 0xCB7B,
    0xCA73, 0xE95A, 0x6108, 0x2000, 0x0000, 0x0000, 0x0000, 0x0000, 0x0000, 0x0000, 0x0000, 0x0000,
    0x0000, 0x0000, 0x0000, 0x0000, 0x0000, 0x0000, 0x0000, 0x0000, 0x0000, 0x0000, 0x0000, 0x0000,
    0x0000, 0x0000, 0x0000, 0x0000, 0x0000, 0x0000, 0x0000, 0x0000, 0x0000, 0x0000, 0x0000, 0x0000,
    0x0000, 0x0000, 0x0000, 0x0000, 0x0000, 0x0000, 0x0000, 0x0000, 0x0000, 0x0000, 0x0000, 0x0000,
    0x0000, 0x0000, 0x0000, 0x0000, 0x0000, 0x0000, 0x0000, 0x0000, 0x0000, 0x0000, 0x0000, 0x0000,
    0x0000, 0x0000, 0x0000, 0x0000, 0x0000, 0x0000, 0x0000, 0x0000, 0x0000, 0x0000, 0x0000, 0x0000,
    0x0000, 0x0000, 0x0000, 0x0000, 0x0000, 0x0000, 0x0000, 0x0000, 0x0000, 0x0000, 0x0000, 0x0000,
    0x0000, 0x0000, 0x0000, 0x0000, 0x0000, 0x2100, 0x2521, 0x4521, 0x4429, 0x4A63, 0xEF9C, 0x12BE,
    0x33BE, 0x91AD, 0x8F8C, 0xC631, 0x2421, 0x2521, 0x4108, 0x0000, 0x0000, 0x0000, 0x0000, 0x0000,
    0x0000, 0x0000, 0x0000, 0x0000, 0x0000, 0x0000, 0x0000, 0x0000, 0x0000, 0x0000, 0x0000, 0x0000,
    0x0000, 0x0000, 0x0000, 0x0000, 0x0000, 0x0000, 0x0000, 0x0000, 0x0000, 0x0000, 0x0000, 0x0000,
    0x0000, 0x0000, 0x0000, 0x0000, 0x0000, 0x0000, 0x0000, 0x0000, 0x0000, 0x0000, 0x0000, 0x0000,
    0x0000, 0x0000, 0x0000, 0x0000, 0x0000, 0x0000, 0x0000, 0x0000, 0x0000, 0x0000, 0x0000, 0x0000,
    0x0000, 0x0000, 0x0000, 0x0000, 0x0000, 0x0000, 0x0000, 0x0000, 0x0000, 0x0000, 0x0000, 0x0000,
    0x0000, 0x0000, 0x0000, 0x0000, 0x0000, 0x0000, 0x0000, 0x0000, 0x0000, 0x0000, 0x0000, 0x0000,
    0x0000, 0x0000, 0x0000, 0x4208, 0xE418, 0xC310, 0xCC7B, 0x0FA5, 0x4D84, 0xD3AD, 0xD8CE, 0x7BE7,
    0x9CE7, 0xB7C6, 0x55BE, 0x8E8C, 0x8D94, 0x6D8C, 0x4421, 0xC408, 0x8308, 0x2100, 0x2000, 0x0000,
    0x0000, 0x0000, 0x0000, 0x0000, 0x0000, 0x0000, 0x0000, 0x0000, 0x0000, 0x0000, 0x0000, 0x0000,
    0x0000, 0x0000, 0x0000, 0x0000, 0x0000, 0x0000, 0x0000, 0x0000, 0x0000, 0x0000, 0x0000, 0x0000,
    0x0000, 0x0000, 0x0000, 0x0000, 0x0000, 0x0000, 0x0000, 0x0000, 0x0000, 0x0000, 0x0000, 0x0000,
    0x0000, 0x0000, 0x0000, 0x0000, 0x0000, 0x0000, 0x0000, 0x0000, 0x0000, 0x0000, 0x0000, 0x0000,
    0x0000, 0x0000, 0x0000, 0x0000, 0x0000, 0x0000, 0x0000, 0x0000, 0x0000, 0x0000, 0x0000, 0x0000,
    0x0000, 0x0000, 0x0000, 0x0000, 0x0000, 0x0000, 0x0000, 0x0000, 0x0000, 0x0000, 0x0000, 0x0000,
    0x0000, 0x8308, 0x4619, 0xE829, 0x6619, 0x4A63, 0x4FA5, 0x33BE, 0xD2AD, 0x14AE, 0xD8C6, 0x9CE7,
    0x9CE7, 0xB8C6, 0x56B6, 0x519D, 0x74C6, 0x4FA5, 0x2C84, 0xE729, 0xA821, 0xA719, 0xC408, 0x2100,
    0x0000, 0x0000, 0x0000, 0x0000, 0x0000, 0x0000, 0x0000, 0x0000, 0x0000, 0x0000, 0x0000, 0x0000,
    0x0000, 0x0000, 0x0000, 0x0000, 0x0000, 0x0000, 0x0000, 0x0000, 0x0000, 0x0000, 0x0000, 0x0000,
    0x0000, 0x0000, 0x0000, 0x0000, 0x0000, 0x0000, 0x0000, 0x0000, 0x0000, 0x0000, 0x0000, 0x0000,
    0x0000, 0x0000, 0x0000, 0x0000, 0x0000, 0x0000, 0x0000, 0x0000, 0x0000, 0x0000, 0x0000, 0x0000,
    0x0000, 0x0000, 0x0000, 0x0000, 0x0000, 0x0000, 0x0000, 0x0000, 0x0000, 0x0000, 0x0000, 0x0000,
    0x0000, 0x0000, 0x0000, 0x0000, 0x0000, 0x0000, 0x0000, 0x0000, 0x0000, 0x0000, 0x4200, 0x6200,
    0xE510, 0x0822, 0x2D3B, 0x0B43, 0xE952, 0xCD94, 0x13B6, 0x39D7, 0xF4A5, 0xF4A5, 0xB7C6, 0x9BE7,
    0x9BE7, 0xD8C6, 0x76B6, 0x5295, 0x19CF, 0xD7CE, 0x2EA5, 0x0B7C, 0xCA3A, 0x2C3B, 0xAB32, 0x8719,
    0xA408, 0x6208, 0x0000, 0x0000, 0x0000, 0x0000, 0x0000, 0x0000, 0x0000, 0x0000, 0x0000, 0x0000,
    0x0000, 0x0000, 0x0000, 0x0000, 0x0000, 0x0000, 0x0000, 0x0000, 0x0000, 0x0000, 0x0000, 0x0000,
    0x0000, 0x0000, 0x0000, 0x0000, 0x0000, 0x0000, 0x0000, 0x0000, 0x0000, 0x0000, 0x0000, 0x0000,
    0x0000, 0x0000, 0x0000, 0x0000, 0x0000, 0x0000, 0x0000, 0x0000, 0x0000, 0x0000, 0x0000, 0x0000,
    0x0000, 0x0000, 0x0000, 0x0000, 0x0000, 0x0000, 0x0000, 0x0000, 0x0000, 0x0000, 0x0000, 0x0000,
    0x0000, 0x0000, 0x0000, 0x0000, 0x0000, 0x0000, 0x0000, 0x0000, 0x0000, 0x6208, 0x6721, 0x092A,
    0x8A2A, 0xEF4B, 0x4C33, 0x094B, 0x2FA5, 0x0F9D, 0xB7C6, 0x39D7, 0xF4A5, 0x3295, 0x35B6, 0x5AD7,
    0x5AD7, 0x97C6, 0x529D, 0x739D, 0x19D7, 0x3AD7, 0x109D, 0xEE9C, 0x0C74, 0x8C4B, 0xEE43, 0xCB2A,
    0x0A2A, 0x4611, 0xA308, 0x0000, 0x0000, 0x0000, 0x0000, 0x0000, 0x0000, 0x0000, 0x0000, 0x0000,
    0x0000, 0x0000, 0x0000, 0x0000, 0x0000, 0x0000, 0x0000, 0x0000, 0x0000, 0x0000, 0x0000, 0x0000,
    0x0000, 0x0000, 0x0000, 0x0000, 0x0000, 0x0000, 0x0000, 0x0000, 0x0000, 0x0000, 0x0000, 0x0000,
    0x0000, 0x0000, 0x0000, 0x0000, 0x0000, 0x0000, 0x0000, 0x0000, 0x0000, 0x0000, 0x0000, 0x0000,
    0x0000, 0x0000, 0x0000, 0x0000, 0x0000, 0x0000, 0x0000, 0x0000, 0x0000, 0x0000, 0x0000, 0x0000,
    0x0000, 0x0000, 0x0000, 0x0000, 0x0000, 0x0000, 0x2100, 0x2100, 0xA310, 0x4619, 0xAB32, 0x7154,
    0x2F44, 0xCE3B, 0x2A4B, 0xCE94, 0xB2AD, 0x529D, 0x77BE, 0x5ADF, 0x36B6, 0xF18C, 0x35B6, 0x19CF,
    0xF8CE, 0xB7C6, 0xF194, 0xB4A5, 0x5ADF, 0x19D7, 0x529D, 0xF4B5, 0x91AD, 0xCC63, 0xAD3B, 0xAD3B,
    0x4C33, 0xEC32, 0xC821, 0x0519, 0x2100, 0x2000, 0x0000, 0x0000, 0x0000, 0x0000, 0x0000, 0x0000,
    0x0000, 0x0000, 0x0000, 0x0000, 0x0000, 0x0000, 0x0000, 0x0000, 0x0000, 0x0000, 0x0000, 0x0000,
    0x0000, 0x0000, 0x0000, 0x0000, 0x0000, 0x0000, 0x0000, 0x0000, 0x0000, 0x0000, 0x0000, 0x0000,
    0x0000, 0x0000, 0x0000, 0x0000, 0x0000, 0x0000, 0x0000, 0x0000, 0x0000, 0x0000, 0x0000, 0x0000,
    0x0000, 0x0000, 0x0000, 0x0000, 0x0000, 0x0000, 0x0000, 0x0000, 0x0000, 0x0000, 0x0000, 0x0000,
    0x0000, 0x0000, 0x0000, 0x0000, 0x0000, 0x6208, 0xA308, 0xC408, 0x2611, 0x2609, 0xEB2A, 0x4F4C,
    0x4F44, 0x2B2B, 0xC842, 0x91AD, 0xF9D6, 0xB4AD, 0xF5B5, 0x5ADF, 0x97C6, 0x1295, 0x15B6, 0xF8CE,
    0xF8CE, 0x97C6, 0x1195, 0xD5AD, 0x3AD7, 0x97C6, 0x539D, 0x3AD7, 0x76C6, 0xAC63, 0x8A2A, 0x2F44,
    0x704C, 0x8E3B, 0x6711, 0x2611, 0xA308, 0x6200, 0x4200, 0x0000, 0x0000, 0x0000, 0x0000, 0x0000,
    0x0000, 0x0000, 0x0000, 0x0000, 0x0000, 0x0000, 0x0000, 0x0000, 0x0000, 0x0000, 0x0000, 0x0000,
    0x0000, 0x0000, 0x0000, 0x0000, 0x0000, 0x0000, 0x0000, 0x0000, 0x0000, 0x0000, 0x0000, 0x0000,
    0x0000, 0x0000, 0x0000, 0x0000, 0x0000, 0x0000, 0x0000, 0x0000, 0x0000, 0x0000, 0x0000, 0x0000,
    0x0000, 0x0000, 0x0000, 0x0000, 0x0000, 0x0000, 0x0000, 0x0000, 0x0000, 0x0000, 0x0000, 0x0000,
    0x0000, 0x0000, 0x0000, 0x0000, 0x2100, 0xE410, 0xB284, 0xB59D, 0x959D, 0xD69D, 0xEF53, 0xEB2A,
    0x8D3B, 0xCA2A, 0x8842, 0x72A5, 0x3AD7, 0x36B6, 0x74A5, 0x19D7, 0xD8CE, 0x1295, 0xF5B5, 0xB7C6,
    0x76BE, 0x56BE, 0xF194, 0xF5B5, 0x19D7, 0xB4AD, 0x73A5, 0x3AD7, 0x35BE, 0xAC6B, 0x292A, 0x8E3B,
    0xEB2A, 0xCB32, 0x548D, 0x7595, 0x7595, 0x348D, 0x0832, 0x2100, 0x2100, 0x0000, 0x0000, 0x0000,
    0x0000, 0x0000, 0x0000, 0x0000, 0x0000, 0x0000, 0x0000, 0x0000, 0x0000, 0x0000, 0x0000, 0x0000,
    0x0000, 0x0000, 0x0000, 0x0000, 0x0000, 0x0000, 0x0000, 0x0000, 0x0000, 0x0000, 0x0000, 0x0000,
    0x0000, 0x0000, 0x0000, 0x0000, 0x0000, 0x0000, 0x0000, 0x0000, 0x0000, 0x0000, 0x0000, 0x0000,
    0x0000, 0x0000, 0x0000, 0x0000, 0x0000, 0x0000, 0x0000, 0x0000, 0x0000, 0x0000, 0x0000, 0x0000,
    0x0000, 0x0000, 0x0000, 0x2100, 0x6621, 0xF384, 0x5CCF, 0x5BCF, 0x1ABF, 0x5BC7, 0x3BC7, 0xF37C,
    0x2C3B, 0xCB3A, 0xC94A, 0x1195, 0xD9CE, 0x77C6, 0x74A5, 0x36BE, 0xD8CE, 0x53A5, 0xB4AD, 0x36BE,
    0x35B6, 0xD4AD, 0xF194, 0x56BE, 0x77C6, 0x1295, 0xF5B5, 0xF9CE, 0x93A5, 0x4A5B, 0xAB42, 0xEC3A,
    0x8E53, 0x99B6, 0x5BCF, 0xB8B6, 0xF9BE, 0x3AC7, 0xF6A5, 0xAB42, 0x4208, 0x0000, 0x0000, 0x0000,
    0x0000, 0x0000, 0x0000, 0x0000, 0x0000, 0x0000, 0x0000, 0x0000, 0x0000, 0x0000, 0x0000, 0x0000,
    0x0000, 0x0000, 0x0000, 0x0000, 0x0000, 0x0000, 0x0000, 0x0000, 0x0000, 0x0000, 0x0000, 0x0000,
    0x0000, 0x0000, 0x0000, 0x0000, 0x0000, 0x0000, 0x0000, 0x0000, 0x0000, 0x0000, 0x0000, 0x0000,
    0x0000, 0x0000, 0x0000, 0x0000, 0x0000, 0x0000, 0x0000, 0x0000, 0x0000, 0x0000, 0x0000, 0x0000,
    0x0000, 0x0000, 0x6208, 0x6308, 0x8E5B, 0x7CCF, 0x99AE, 0x136D, 0xB264, 0xD264, 0x779E, 0x7CCF,
    0x916C, 0x483A, 0x2D7C, 0x3195, 0xB4A5, 0x97C6, 0xB4AD, 0x73A5, 0x56BE, 0xB4AD, 0x129D, 0xF5AD,
    0x15B6, 0x339D, 0x329D, 0x77BE, 0x93A5, 0x539D, 0x97C6, 0x56B6, 0xF094, 0xAE94, 0x0A53, 0x0C43,
    0xB9BE, 0xF9BE, 0x9485, 0xD26C, 0x3375, 0x169E, 0x5BCF, 0x348D, 0x2511, 0x4208, 0x0000, 0x0000,
    0x0000, 0x0000, 0x0000, 0x0000, 0x0000, 0x0000, 0x0000, 0x0000, 0x0000, 0x0000, 0x0000, 0x0000,
    0x0000, 0x0000, 0x0000, 0x0000, 0x0000, 0x0000, 0x0000, 0x0000, 0x0000, 0x0000, 0x0000, 0x0000,
    0x0000, 0x0000, 0x0000, 0x0000, 0x0000, 0x0000, 0x0000, 0x0000, 0x0000, 0x0000, 0x0000, 0x0000,
    0x0000, 0x0000, 0x0000, 0x0000, 0x0000, 0x0000, 0x0000, 0x0000, 0x0000, 0x0000, 0x0000, 0x0000,
    0x0000, 0x0000, 0x6200, 0x2511, 0x548D, 0x78A6, 0xF264, 0xCE3B, 0x304C, 0x504C, 0xD25C, 0xB9AE,
    0xD695, 0x8842, 0x71A5, 0x14AE, 0xF18C, 0x15B6, 0x56BE, 0x539D, 0xB4AD, 0x36BE, 0x73A5, 0xD5AD,
    0x15B6, 0x73A5, 0xF5B5, 0x36BE, 0x1295, 0xF5B5, 0x77C6, 0x329D, 0x73A5, 0xB1B5, 0x0953, 0x8D53,
    0xFABE, 0xD26C, 0x304C, 0xB25C, 0xEF43, 0x5054, 0x57A6, 0xB9BE, 0xCC42, 0x4200, 0x2000, 0x0000,
    0x0000, 0x0000, 0x0000, 0x0000, 0x0000, 0x0000, 0x0000, 0x0000, 0x0000, 0x0000, 0x0000, 0x0000,
    0x0000, 0x0000, 0x0000, 0x0000, 0x0000, 0x0000, 0x0000, 0x0000, 0x0000, 0x0000, 0x0000, 0x0000,
    0x0000, 0x0000, 0x0000, 0x0000, 0x0000, 0x0000, 0x0000, 0x0000, 0x0000, 0x0000, 0x0000, 0x0000,
    0x0000, 0x0000, 0x0000, 0x0000, 0x0000, 0x0000, 0x0000, 0x0000, 0x0000, 0x0000, 0x0000, 0x0000,
    0x0100, 0x2100, 0x6611, 0x0C3B, 0xB9B6, 0x9485, 0x2F54, 0x1796, 0xD685, 0xB685, 0xF264, 0xB15C,
    0x537D, 0xC942, 0x4D84, 0xD3AD, 0x539D, 0x1295, 0x16BE, 0xD4AD, 0x339D, 0xD5B5, 0x73A5, 0xD4AD,
    0xF5B5, 0x53A5, 0xB5AD, 0x53A5, 0x94AD, 0x57BE, 0x53A5, 0x1295, 0xF4B5, 0x0F9D, 0x0A5B, 0x105C,
    0xD26C, 0x5054, 0xD364, 0x547D, 0x78AE, 0x9164, 0x1275, 0x1AC7, 0x7164, 0xE819, 0x6200, 0x0000,
    0x0000, 0x0000, 0x0000, 0x0000, 0x0000, 0x0000, 0x0000, 0x0000, 0x0000, 0x0000, 0x0000, 0x0000,
    0x0000, 0x0000, 0x0000, 0x0000, 0x0000, 0x0000, 0x0000, 0x0000, 0x0000, 0x0000, 0x0000, 0x0000,
    0x0000, 0x0000, 0x0000, 0x0000, 0x0000, 0x0000, 0x0000, 0x0000, 0x0000, 0x0000, 0x0000, 0x0000,
    0x0000, 0x0000, 0x0000, 0x0000, 0x0000, 0x0000, 0x0000, 0x0000, 0x0000, 0x0100, 0xE410, 0x4621,
    0x4621, 0x4621, 0xCB32, 0x2B33, 0xD69D, 0x3796, 0xB58D, 0x3BBF, 0xD26C, 0x8E43, 0x136D, 0x0F4C,
    0xF26C, 0xEB3A, 0xE952, 0xD094, 0xB4AD, 0x329D, 0xF29C, 0xF5B5, 0x53A5, 0x339D, 0x73A5, 0xD4AD,
    0xF5AD, 0x73A5, 0x54A5, 0x339D, 0x16BE, 0x73A5, 0x1295, 0xD4AD, 0x119D, 0xAC6B, 0x493A, 0x5164,
    0x515C, 0x146D, 0xEF4B, 0x305C, 0x5BCF, 0xF69D, 0x9485, 0x379E, 0xCE43, 0x0C33, 0xA721, 0xA729,
    0xA729, 0x4621, 0x4100, 0x0000, 0x0000, 0x0000, 0x0000, 0x0000, 0x0000, 0x0000, 0x0000, 0x0000,
    0x0000, 0x0000, 0x0000, 0x0000, 0x0000, 0x0000, 0x0000, 0x0000, 0x0000, 0x0000, 0x0000, 0x0000,
    0x0000, 0x0000, 0x0000, 0x0000, 0x0000, 0x0000, 0x0000, 0x0000, 0x0000, 0x0000, 0x0000, 0x0000,
    0x0000, 0x0000, 0x0000, 0x0000, 0x0000, 0x0000, 0x0000, 0x0000, 0x2100, 0x6300, 0x8F5B, 0x5DD7,
    0x1BCF, 0xFABE, 0x0F54, 0x491A, 0xCF53, 0xD685, 0x5475, 0x589E, 0x9164, 0x6D3B, 0xF36C, 0xF36C,
    0xAF43, 0x8E4B, 0xEB3A, 0xEA52, 0xB08C, 0xB4AD, 0x129D, 0x129D, 0xB4AD, 0x339D, 0x339D, 0x94A5,
    0xB4A5, 0x539D, 0x539D, 0xB5AD, 0xB4AD, 0x1295, 0xD5AD, 0x52A5, 0x8C63, 0xAA42, 0x2D43, 0x8E43,
    0x1054, 0x557D, 0xF053, 0x8E43, 0x3796, 0x547D, 0xB685, 0xEF53, 0xCB2A, 0x4D3B, 0xF69D, 0x1BCF,
    0x5CD7, 0x348D, 0xE410, 0x2100, 0x0000, 0x0000, 0x0000, 0x0000, 0x0000, 0x0000, 0x0000, 0x0000,
    0x0000, 0x0000, 0x0000, 0x0000, 0x0000, 0x0000, 0x0000, 0x0000, 0x0000, 0x0000, 0x0000, 0x0000,
    0x0000, 0x0000, 0x0000, 0x0000, 0x0000, 0x0000, 0x0000, 0x0000, 0x0000, 0x0000, 0x0000, 0x0000,
    0x0000, 0x0000, 0x0000, 0x0000, 0x0000, 0x0000, 0x0000, 0x0000, 0x2100, 0xE931, 0x79B6, 0x1ABF,
    0x169E, 0xB8AE, 0xD9AE, 0x5064, 0x081A, 0x2D3B, 0xF04B, 0x1054, 0x0C3B, 0x2D3B, 0x347D, 0xB26C,
    0x515C, 0xD695, 0x147D, 0xCA3A, 0xC952, 0x908C, 0xB4AD, 0x329D, 0x129D, 0x539D, 0xD284, 0xB174,
    0xF27C, 0xD27C, 0x749D, 0x94A5, 0x329D, 0xD5AD, 0x1295, 0x4B63, 0x893A, 0x105C, 0xB695, 0xD374,
    0xF04B, 0xD36C, 0xF053, 0x0C33, 0xCF4B, 0x5154, 0x8E43, 0x6A2A, 0x4D43, 0x179E, 0x1AC7, 0xB8B6,
    0x57A6, 0x1BC7, 0xF06B, 0x4200, 0x0000, 0x0000, 0x0000, 0x0000, 0x0000, 0x0000, 0x0000, 0x0000,
    0x0000, 0x0000, 0x0000, 0x0000, 0x0000, 0x0000, 0x0000, 0x0000, 0x0000, 0x0000, 0x0000, 0x0000,
    0x0000, 0x0000, 0x0000, 0x0000, 0x0000, 0x0000, 0x0000, 0x0000, 0x0000, 0x0000, 0x0000, 0x0000,
    0x0000, 0x0000, 0x0000, 0x0000, 0x0000, 0x0000, 0x0000, 0x0000, 0x0100, 0x8A42, 0x7CCF, 0x3375,
    0xB15C, 0xB585, 0x98A6, 0x78A6, 0xEF5B, 0x6D43, 0x6E3B, 0x8E43, 0x5164, 0xD374, 0x315C, 0x315C,
    0x5485, 0xF7A5, 0x3485, 0x8E4B, 0xA94A, 0x4842, 0xCE6B, 0x339D, 0x539D, 0xD27C, 0x137D, 0x37A6,
    0x58A6, 0xB58D, 0x137D, 0x3395, 0x949D, 0x507C, 0xEA52, 0x8942, 0x0C43, 0x147D, 0x38AE, 0x758D,
    0x515C, 0xCF4B, 0x515C, 0xF374, 0xF04B, 0x8E43, 0x6E43, 0xCF53, 0xF7A5, 0xF9C6, 0x57A6, 0x547D,
    0x505C, 0xFAC6, 0x727C, 0x2100, 0x0000, 0x0000, 0x0000, 0x0000, 0x0000, 0x0000, 0x0000, 0x0000,
    0x0000, 0x0000, 0x0000, 0x0000, 0x0000, 0x0000, 0x0000, 0x0000, 0x0000, 0x0000, 0x0000, 0x0000,
    0x0000, 0x0000, 0x0000, 0x0000, 0x0000, 0x0000, 0x0000, 0x0000, 0x0000, 0x0000, 0x0000, 0x0000,
    0x0000, 0x0000, 0x0000, 0x0000, 0x0000, 0x0000, 0x0000, 0x2000, 0x0100, 0x4A3A, 0xD9BE, 0x5485,
    0x715C, 0xD25C, 0xB585, 0x99AE, 0x99AE, 0xD26C, 0x515C, 0x7164, 0x515C, 0xF374, 0x9264, 0x7264,
    0x5164, 0x958D, 0xF37C, 0x0B43, 0x2742, 0x273A, 0x8942, 0x4C53, 0xB27C, 0x716C, 0xF795, 0x99B6,
    0x78B6, 0x99AE, 0xD26C, 0x9174, 0xAE5B, 0x8842, 0x684A, 0x283A, 0x0B43, 0xF374, 0xD795, 0xB26C,
    0xEF53, 0xCF4B, 0xF36C, 0xD26C, 0x7164, 0x9164, 0x505C, 0xF695, 0xFAC6, 0x37A6, 0xD264, 0x715C,
    0xF374, 0x58AE, 0x8E5B, 0x2100, 0x2000, 0x0000, 0x0000, 0x0000, 0x0000, 0x0000, 0x0000, 0x0000,
    0x0000, 0x0000, 0x0000, 0x0000, 0x0000, 0x0000, 0x0000, 0x0000, 0x0000, 0x0000, 0x0000, 0x0000,
    0x0000, 0x0000, 0x0000, 0x0000, 0x0000, 0x0000, 0x0000, 0x0000, 0x0000, 0x0000, 0x0000, 0x0000,
    0x0000, 0x0000, 0x0000, 0x0000, 0x0000, 0x0000, 0x0000, 0x2100, 0xE410, 0x092A, 0xB695, 0x9DD7,
    0xD374, 0x8E43, 0x915C, 0x9164, 0x7164, 0xD26C, 0x179E, 0xF69D, 0x926C, 0xCF4B, 0x105C, 0xD274,
    0x0F54, 0xAE4B, 0x0F64, 0x0C7C, 0xCB7B, 0xE85A, 0x8D94, 0xE852, 0xAA3A, 0x6E4B, 0xD695, 0x78B6,
    0x99BE, 0x58A6, 0xB26C, 0xCB3A, 0x4842, 0x0C8C, 0x296B, 0x4A73, 0x6D8C, 0xEE6B, 0xAE53, 0xCF53,
    0xB26C, 0x7164, 0x305C, 0xCF4B, 0x179E, 0x37A6, 0xD58D, 0xEF53, 0x547D, 0x1375, 0x1054, 0xCF4B,
    0x9AAE, 0x968D, 0x4E4B, 0x0511, 0x4100, 0x0000, 0x0000, 0x0000, 0x0000, 0x0000, 0x0000, 0x0000,
    0x0000, 0x0000, 0x0000, 0x0000, 0x0000, 0x0000, 0x0000, 0x0000, 0x0000, 0x0000, 0x0000, 0x0000,
    0x0000, 0x0000, 0x0000, 0x0000, 0x0000, 0x0000, 0x0000, 0x0000, 0x0000, 0x0000, 0x0000, 0x0000,
    0x0000, 0x0000, 0x0000, 0x0000, 0x0000, 0x0000, 0x0000, 0x0000, 0x6619, 0xAF4B, 0xEC2A, 0x4D43,
    0xD04B, 0x315C, 0xD36C, 0x515C, 0x4D3B, 0x1375, 0xF79D, 0xD69D, 0x916C, 0x8E43, 0x5064, 0xF184,
    0xF18C, 0x0D74, 0x0F9D, 0x10CE, 0xF0CD, 0xC762, 0x0EAD, 0xEEA4, 0x0A53, 0x6A32, 0xD374, 0xB68D,
    0xB68D, 0x7585, 0x8E4B, 0xAA42, 0x2C84, 0x0EAD, 0xA75A, 0xCA83, 0x71DE, 0x0EAD, 0x8E8C, 0x128D,
    0xF27C, 0x916C, 0x8E4B, 0x0F54, 0x57A6, 0x36A6, 0xD695, 0x8E43, 0xCF4B, 0xB26C, 0x7264, 0xAF4B,
    0x2D3B, 0x2D3B, 0xAF4B, 0xE929, 0x2100, 0x0000, 0x0000, 0x0000, 0x0000, 0x0000, 0x0000, 0x0000,
    0x0000, 0x0000, 0x0000, 0x0000, 0x0000, 0x0000, 0x0000, 0x0000, 0x0000, 0x0000, 0x0000, 0x0000,
    0x0000, 0x0000, 0x0000, 0x0000, 0x0000, 0x0000, 0x0000, 0x0000, 0x0000, 0x0000, 0x0000, 0x0000,
    0x0000, 0x0000, 0x0000, 0x0000, 0x0000, 0x0000, 0x0000, 0x0000, 0xE408, 0x6E43, 0xCF4B, 0x6E43,
    0x2D33, 0x315C, 0x758D, 0x137D, 0xAF43, 0x104C, 0x1375, 0x147D, 0x5064, 0xCD63, 0x2D7C, 0xCE9C,
    0x8FBD, 0x10CE, 0x50D6, 0x6EBD, 0x2B94, 0x6852, 0xC639, 0xA529, 0xA629, 0x4619, 0x6A32, 0x7264,
    0xD36C, 0x8F4B, 0xA721, 0xA629, 0xE631, 0xC531, 0x8531, 0x296B, 0x0DB5, 0xEFCD, 0x30D6, 0xB0BD,
    0x2FA5, 0x4D84, 0xED6B, 0xAD5B, 0x137D, 0x7485, 0xF374, 0x2D3B, 0x7264, 0x958D, 0xB26C, 0x4D43,
    0x8E4B, 0x305C, 0xEF53, 0xA721, 0x2100, 0x0000, 0x0000, 0x0000, 0x0000, 0x0000, 0x0000, 0x0000,
    0x0000, 0x0000, 0x0000, 0x0000, 0x0000, 0x0000, 0x0000, 0x0000, 0x0000, 0x0000, 0x0000, 0x0000,
    0x0000, 0x0000, 0x0000, 0x0000, 0x0000, 0x0000, 0x0000, 0x0000, 0x0000, 0x0000, 0x0000, 0x0000,
    0x0000, 0x0000, 0x0000, 0x0000, 0x0000, 0x0000, 0x0000, 0x0000, 0xE408, 0x348D, 0x37A6, 0x179E,
    0x515C, 0x2D3B, 0xF37C, 0x926C, 0x315C, 0xAF4B, 0x8D53, 0xAC5B, 0xEC73, 0x0EA5, 0x8EBD, 0xEFCD,
    0x4DB5, 0xCCA4, 0x4973, 0x6752, 0xA631, 0xA831, 0x4B42, 0x0D5B, 0xED5A, 0x4E6B, 0x0A3A, 0x0932,
    0x6B3A, 0x0A3A, 0xED5A, 0xEC5A, 0xED5A, 0xAC52, 0x8729, 0x8629, 0xC639, 0x875A, 0x4C94, 0x0DB5,
    0xCFCD, 0xB0C5, 0x4FB5, 0x4D8C, 0xCC63, 0xCE5B, 0xEF53, 0x8E4B, 0xB26C, 0x758D, 0xEF53, 0x0C3B,
    0xB695, 0x58AE, 0x58AE, 0x0932, 0x0100, 0x0000, 0x0000, 0x0000, 0x0000, 0x0000, 0x0000, 0x0000,
    0x0000, 0x0000, 0x0000, 0x0000, 0x0000, 0x0000, 0x0000, 0x0000, 0x0000, 0x0000, 0x0000, 0x0000,
    0x0000, 0x0000, 0x0000, 0x0000, 0x0000, 0x0000, 0x0000, 0x0000, 0x0000, 0x0000, 0x0000, 0x0000,
    0x0000, 0x0000, 0x0000, 0x0000, 0x0000, 0x0000, 0x0000, 0x2100, 0x0511, 0x1485, 0x57AE, 0xD69D,
    0x726C, 0x0D3B, 0x926C, 0xCF53, 0x6D53, 0x6B5B, 0x6A6B, 0x0B84, 0x4EB5, 0x2DB5, 0x6C9C, 0x086B,
    0xC962, 0xE841, 0xC831, 0xEC5A, 0xCF73, 0xCF73, 0x5184, 0xD29C, 0x718C, 0xF083, 0xAF73, 0x6E73,
    0x4E6B, 0x6F73, 0x8E73, 0x708C, 0xB194, 0x718C, 0xAE6B, 0x6E63, 0x2D5B, 0xC839, 0x8631, 0x484A,
    0x2A6B, 0xA75A, 0x6C9C, 0xAFCD, 0xCDA4, 0x2C84, 0xAC63, 0x8D5B, 0xCE53, 0xF374, 0xF053, 0x1054,
    0x379E, 0xF69D, 0xD69D, 0x082A, 0x2100, 0x0000, 0x0000, 0x0000, 0x0000, 0x0000, 0x0000, 0x0000,
    0x0000, 0x0000, 0x0000, 0x0000, 0x0000, 0x0000, 0x0000, 0x0000, 0x0000, 0x0000, 0x0000, 0x0000,
    0x0000, 0x0000, 0x0000, 0x0000, 0x0000, 0x0000, 0x0000, 0x0000, 0x0000, 0x0000, 0x0000, 0x0000,
    0x0000, 0x0000, 0x0000, 0x0000, 0x0000, 0x0000, 0x0000, 0x2100, 0x0511, 0xD374, 0x3485, 0xD374,
    0xAF4B, 0x0C3B, 0x8E53, 0x0A53, 0x095B, 0xCB7B, 0xEB83, 0x8A73, 0x696B, 0x474A, 0xE841, 0x4B4A,
    0x0E63, 0xAF73, 0x718C, 0x73A5, 0x14B6, 0xD3B5, 0xD3AD, 0xD3AD, 0x119D, 0x129D, 0xF29C, 0xF29C,
    0xD294, 0xD294, 0xD194, 0x92A5, 0x92A5, 0x92A5, 0xB2AD, 0xB3AD, 0xD4AD, 0xF294, 0xEF7B, 0xED62,
    0x4B4A, 0x6B52, 0x8952, 0x2963, 0xCB7B, 0xCB7B, 0x2C84, 0xAB73, 0x2B53, 0xAE5B, 0xAF53, 0xAF4B,
    0xD26C, 0xF36C, 0x3485, 0xC829, 0x2100, 0x0000, 0x0000, 0x0000, 0x0000, 0x0000, 0x0000, 0x0000,
    0x0000, 0x0000, 0x0000, 0x0000, 0x0000, 0x0000, 0x0000, 0x0000, 0x0000, 0x0000, 0x0000, 0x0000,
    0x0000, 0x0000, 0x0000, 0x0000, 0x0000, 0x0000, 0x0000, 0x0000, 0x0000, 0x0000, 0x0000, 0x0000,
    0x0000, 0x0000, 0x0000, 0x0000, 0x0000, 0x0000, 0x0000, 0x0000, 0xC408, 0xAC3A, 0xCF4B, 0xAF4B,
    0x2D43, 0x2C4B, 0xE952, 0x496B, 0x8A73, 0xE95A, 0x273A, 0xA721, 0x8729, 0x8C52, 0xCE62, 0xB07B,
    0x73AD, 0xD3AD, 0xD3B5, 0xB2AD, 0x91A5, 0xB2A5, 0xB2A5, 0xD3AD, 0xF29C, 0x2C63, 0x2C63, 0x4C63,
    0x4C63, 0x4D63, 0x0B5B, 0xCE73, 0x329D, 0xD2AD, 0x91A5, 0xB2A5, 0x91A5, 0xD3AD, 0xF4B5, 0xB4AD,
    0x9294, 0x6F73, 0xAC5A, 0x0A3A, 0x4519, 0xC731, 0xC952, 0x6A6B, 0xEC7B, 0x4A63, 0x0B4B, 0x2D43,
    0xCF4B, 0x1054, 0xCC3A, 0x2619, 0x2100, 0x0000, 0x0000, 0x0000, 0x0000, 0x0000, 0x0000, 0x0000,
    0x0000, 0x0000, 0x0000, 0x0000, 0x0000, 0x0000, 0x0000, 0x0000, 0x0000, 0x0000, 0x0000, 0x0000,
    0x0000, 0x0000, 0x0000, 0x0000, 0x0000, 0x0000, 0x0000, 0x0000, 0x0000, 0x0000, 0x0000, 0x0000,
    0x0000, 0x0000, 0x0000, 0x0000, 0x0000, 0x0000, 0x0000, 0x0000, 0x8308, 0x092A, 0xD053, 0x6D4B,
    0xEA4A, 0x2A63, 0x6B6B, 0xE95A, 0xE731, 0x6619, 0x8721, 0xA829, 0xEE62, 0x0F73, 0xAF7B, 0x52A5,
    0xB2AD, 0xB2AD, 0xB2A5, 0xB2A5, 0xB2A5, 0xB2AD, 0xF4B5, 0x508C, 0x0A3A, 0xE921, 0xC819, 0x0619,
    0xE510, 0x4711, 0x2A22, 0x4719, 0x2D63, 0x73A5, 0xD3AD, 0xB2A5, 0xB2A5, 0xB2A5, 0xB2A5, 0xB2AD,
    0xD3B5, 0x32A5, 0x6F73, 0xEE62, 0x2B42, 0x6721, 0x6619, 0x8621, 0x4742, 0xCC7B, 0x6A6B, 0x2B53,
    0xCB3A, 0xD053, 0x6B32, 0xA308, 0x0000, 0x0000, 0x0000, 0x0000, 0x0000, 0x0000, 0x0000, 0x0000,
    0x0000, 0x0000, 0x0000, 0x0000, 0x0000, 0x0000, 0x0000, 0x0000, 0x0000, 0x0000, 0x0000, 0x0000,
    0x0000, 0x0000, 0x0000, 0x0000, 0x0000, 0x0000, 0x0000, 0x0000, 0x0000, 0x0000, 0x0000, 0x0000,
    0x0000, 0x0000, 0x0000, 0x0000, 0x0000, 0x0000, 0x0000, 0x2000, 0x2100, 0x4619, 0xAB3A, 0x0A53,
    0x8B6B, 0x4B6B, 0x283A, 0x6619, 0x292A, 0xE829, 0xA831, 0x6D52, 0xAD62, 0x318C, 0xB3AD, 0xB1A5,
    0x91A5, 0x92A5, 0xB2A5, 0xB2A5, 0xB2A5, 0xD3B5, 0x3084, 0xA831, 0xAB3A, 0xF24C, 0x8E2B, 0x8721,
    0x293A, 0x724C, 0x544D, 0x715C, 0x093A, 0xCC5A, 0x329D, 0xB2AD, 0x91A5, 0xB2A5, 0xB2A5, 0xB2A5,
    0x91A5, 0x92AD, 0x32A5, 0x4E73, 0xAD5A, 0xC931, 0xA821, 0x0A2A, 0x8721, 0xA731, 0xE95A, 0xCC7B,
    0x6B63, 0xEB4A, 0xA829, 0x6208, 0x0000, 0x0000, 0x0000, 0x0000, 0x0000, 0x0000, 0x0000, 0x0000,
    0x0000, 0x0000, 0x0000, 0x0000, 0x0000, 0x0000, 0x0000, 0x0000, 0x0000, 0x0000, 0x0000, 0x0000,
    0x0000, 0x0000, 0x0000, 0x0000, 0x0000, 0x0000, 0x0000, 0x0000, 0x0000, 0x0000, 0x0000, 0x0000,
    0x0000, 0x0000, 0x0000, 0x0000, 0x0000, 0x0000, 0x0000, 0x0000, 0x0000, 0x4200, 0xC731, 0xAC73,
    0xEA5A, 0xE831, 0xA821, 0x4A2A, 0x6A32, 0x4719, 0x2B4A, 0x8D62, 0x508C, 0xB3AD, 0x91A5, 0xB1A5,
    0xB1A5, 0x91A5, 0x91A5, 0x91A5, 0xD2AD, 0x9194, 0x6829, 0x0D5B, 0x97A6, 0x1456, 0x7034, 0x2511,
    0xA729, 0xAE3B, 0x1235, 0x568E, 0x74A5, 0xC939, 0xCB5A, 0xB3AD, 0x91A5, 0x91A5, 0x92A5, 0xB2A5,
    0xB2A5, 0x91A5, 0xB2A5, 0x32A5, 0xED62, 0x6C52, 0x8829, 0x8819, 0x8B32, 0xC821, 0x8721, 0x2842,
    0xAC73, 0x0B5B, 0xC310, 0x0000, 0x0000, 0x0000, 0x0000, 0x0000, 0x0000, 0x0000, 0x0000, 0x0000,
    0x0000, 0x0000, 0x0000, 0x0000, 0x0000, 0x0000, 0x0000, 0x0000, 0x0000, 0x0000, 0x0000, 0x0000,
    0x0000, 0x0000, 0x0000, 0x0000, 0x0000, 0x0000, 0x0000, 0x0000, 0x0000, 0x0000, 0x0000, 0x0000,
    0x0000, 0x0000, 0x0000, 0x0000, 0x0000, 0x0000, 0x0000, 0x0000, 0x0000, 0x4200, 0xC831, 0x4942,
    0x8721, 0xA821, 0x6B32, 0x2C3B, 0xAB32, 0xA821, 0x6D52, 0xCE62, 0x52A5, 0xB2A5, 0x91A5, 0xB1A5,
    0xB1A5, 0x91A5, 0x91A5, 0x91A5, 0xB2AD, 0x2F84, 0x0A42, 0x8B4A, 0xD49D, 0x5476, 0x103D, 0xEA1A,
    0x891A, 0x4B1B, 0xF465, 0x75A6, 0x908C, 0x8831, 0x2D63, 0x51A5, 0x91A5, 0x92A5, 0x92A5, 0x92A5,
    0xB2A5, 0xB2A5, 0xB2A5, 0xB3AD, 0x4E6B, 0xAD5A, 0x0B3A, 0xA819, 0x4D3B, 0x0D3B, 0x2A2A, 0x8821,
    0xC831, 0x2942, 0xA310, 0x0000, 0x0000, 0x0000, 0x0000, 0x0000, 0x0000, 0x0000, 0x0000, 0x0000,
    0x0000, 0x0000, 0x0000, 0x0000, 0x0000, 0x0000, 0x0000, 0x0000, 0x0000, 0x0000, 0x0000, 0x0000,
    0x0000, 0x0000, 0x0000, 0x0000, 0x0000, 0x0000, 0x0000, 0x0000, 0x0000, 0x0000, 0x0000, 0x0000,
    0x0000, 0x0000, 0x0000, 0x0000, 0x0000, 0x0000, 0x0000, 0x0000, 0x0000, 0x4208, 0x0619, 0x4719,
    0x0A2A, 0xEC3A, 0x6E43, 0x6D43, 0x2D43, 0x0A32, 0xAE5A, 0xCD62, 0x32A5, 0xD2AD, 0x92A5, 0xB2A5,
    0xB1AD, 0x91A5, 0x91A5, 0x91A5, 0x91A5, 0x92A5, 0x708C, 0x8B52, 0x8A4A, 0x906C, 0x926D, 0xB265,
    0xB265, 0x926D, 0x1396, 0x4F7C, 0x0942, 0x4D6B, 0x529D, 0xB2A5, 0x91A5, 0x92A5, 0x92A5, 0xB2A5,
    0xB2AD, 0xB2AD, 0xB2A5, 0xF3B5, 0x1084, 0xAE62, 0x4C42, 0x0A2A, 0x0D3B, 0x6E43, 0x0C33, 0x4B2A,
    0x6719, 0xE510, 0x8308, 0x0000, 0x0000, 0x0000, 0x0000, 0x0000, 0x0000, 0x0000, 0x0000, 0x0000,
    0x0000, 0x0000, 0x0000, 0x0000, 0x0000, 0x0000, 0x0000, 0x0000, 0x0000, 0x0000, 0x0000, 0x0000,
    0x0000, 0x0000, 0x0000, 0x0000, 0x0000, 0x0000, 0x0000, 0x0000, 0x0000, 0x0000, 0x0000, 0x0000,
    0x0000, 0x0000, 0x0000, 0x0000, 0x0000, 0x0000, 0x0000, 0x0000, 0x0000, 0x4200, 0xE510, 0x6B32,
    0x4D43, 0xCE4B, 0x4D3B, 0xCB32, 0x4A32, 0xC931, 0xCE62, 0xD083, 0xB3AD, 0xB2AD, 0x92A5, 0xB2AD,
    0xB2A5, 0xB1A5, 0x91A5, 0x91A5, 0xB1A5, 0xD2AD, 0x14BE, 0xD19C, 0x0D63, 0xA731, 0x0732, 0x2832,
    0x2832, 0x283A, 0xE731, 0x093A, 0x8E6B, 0x93A5, 0x14B6, 0xF3AD, 0x91A5, 0x91A5, 0x92A5, 0xB2AD,
    0xB2AD, 0xB2AD, 0xB2AD, 0xD3B5, 0xB194, 0x0E6B, 0x4C4A, 0x2719, 0x4A2A, 0xAB2A, 0x8E43, 0x2D3B,
    0x6B32, 0x4719, 0x6308, 0x0000, 0x0000, 0x0000, 0x0000, 0x0000, 0x0000, 0x0000, 0x0000, 0x0000,
    0x0000, 0x0000, 0x0000, 0x0000, 0x0000, 0x0000, 0x0000, 0x0000, 0x0000, 0x0000, 0x0000, 0x0000,
    0x0000, 0x0000, 0x0000, 0x0000, 0x0000, 0x0000, 0x0000, 0x0000, 0x0000, 0x0000, 0x0000, 0x0000,
    0x0000, 0x0000, 0x0000, 0x0000, 0x0000, 0x0000, 0x0000, 0x0000, 0x0000, 0x4100, 0x0511, 0xCC32,
    0xAE43, 0xEC32, 0xAB2A, 0x2D43, 0x4719, 0x2B4A, 0xEE6A, 0xF29C, 0xF3B5, 0x92A5, 0x92A5, 0x91A5,
    0x91A5, 0x91A5, 0xD2AD, 0xF3B5, 0x1195, 0xEE73, 0x2E7C, 0x53A5, 0xB094, 0x508C, 0xAD73, 0xCE73,
    0x8D6B, 0xAD73, 0xEE7B, 0x4F8C, 0x52A5, 0xD194, 0x6D6B, 0x0E7C, 0xF3B5, 0xF3B5, 0xB2A5, 0x92A5,
    0x92A5, 0xB2A5, 0xB2A5, 0xB2AD, 0xB3AD, 0x518C, 0xCE62, 0x8829, 0x0A22, 0x4D3B, 0xAB2A, 0x8E43,
    0x0D3B, 0x2611, 0x6208, 0x0000, 0x0000, 0x0000, 0x0000, 0x0000, 0x0000, 0x0000, 0x0000, 0x0000,
    0x0000, 0x0000, 0x0000, 0x0000, 0x0000, 0x0000, 0x0000, 0x0000, 0x0000, 0x0000, 0x0000, 0x0000,
    0x0000, 0x0000, 0x0000, 0x0000, 0x0000, 0x0000, 0x0000, 0x0000, 0x0000, 0x0000, 0x0000, 0x0000,
    0x0000, 0x0000, 0x0000, 0x0000, 0x0000, 0x0000, 0x0000, 0x0000, 0x0000, 0x4100, 0x0511, 0xEC3A,
    0xEC32, 0x8A2A, 0x8E43, 0x2D3B, 0x4719, 0xAD5A, 0x2E6B, 0x93AD, 0xB2A5, 0x91A5, 0xB2AD, 0xF3B5,
    0xF3B5, 0xF4B5, 0x119D, 0x1295, 0x6D63, 0x8619, 0xA721, 0xAE73, 0xB3AD, 0xD2AD, 0xF3B5, 0xF3B5,
    0xF3B5, 0xF3B5, 0xF3B5, 0xF3B5, 0x32A5, 0x8B4A, 0x8821, 0x0932, 0x507C, 0xB18C, 0xD3AD, 0x13B6,
    0xF3B5, 0xD2AD, 0x91A5, 0x91A5, 0xB2AD, 0x129D, 0xCD62, 0xA931, 0xE819, 0x0F4C, 0x0C33, 0xCB2A,
    0xEC3A, 0x4719, 0x8308, 0x0000, 0x0000, 0x0000, 0x0000, 0x0000, 0x0000, 0x0000, 0x0000, 0x0000,
    0x0000, 0x0000, 0x0000, 0x0000, 0x0000, 0x0000, 0x0000, 0x0000, 0x0000, 0x0000, 0x0000, 0x0000,
    0x0000, 0x0000, 0x0000, 0x0000, 0x0000, 0x0000, 0x0000, 0x0000, 0x0000, 0x0000, 0x0000, 0x0000,
    0x0000, 0x0000, 0x0000, 0x0000, 0x0000, 0x0000, 0x0000, 0x0000, 0x0000, 0x4100, 0x0511, 0x6A2A,
    0xAB2A, 0x8D3B, 0x8E43, 0x4A2A, 0x4721, 0x8D5A, 0x2E6B, 0x92A5, 0x13B6, 0x33BE, 0xB3AD, 0x908C,
    0x9084, 0x7084, 0x2932, 0xE821, 0xAA32, 0x0F4C, 0xCB32, 0x4621, 0x32A5, 0x92A5, 0xB1A5, 0xB1A5,
    0xB1AD, 0x91A5, 0xB1A5, 0xB2AD, 0x2D63, 0x0611, 0xAE4B, 0x4C3B, 0x0922, 0x092A, 0x0F74, 0x9084,
    0x6F84, 0x529D, 0x14B6, 0xD3AD, 0xD2AD, 0x119D, 0xAD5A, 0x8931, 0xA711, 0x2C33, 0xEE4B, 0xEC2A,
    0x8B2A, 0x6719, 0x8308, 0x0000, 0x0000, 0x0000, 0x0000, 0x0000, 0x0000, 0x0000, 0x0000, 0x0000,
    0x0000, 0x0000, 0x0000, 0x0000, 0x0000, 0x0000, 0x0000, 0x0000, 0x0000, 0x0000, 0x0000, 0x0000,
    0x0000, 0x0000, 0x0000, 0x0000, 0x0000, 0x0000, 0x0000, 0x0000, 0x0000, 0x0000, 0x0000, 0x0000,
    0x0000, 0x0000, 0x0000, 0x0000, 0x0000, 0x0000, 0x0000, 0x0000, 0x0000, 0x4200, 0x2611, 0x6A2A,
    0xAD43, 0xAE43, 0xAA2A, 0x6A32, 0x4719, 0x8D5A, 0x6F73, 0x93AD, 0xCD73, 0xEE73, 0xEB52, 0x8619,
    0x0822, 0x2822, 0x2C33, 0x6D3B, 0xAE43, 0x6D3B, 0x2922, 0x8829, 0x8F7B, 0x32A5, 0xD2AD, 0xB2AD,
    0xB2AD, 0xB2AD, 0xD2AD, 0x53AD, 0x6C52, 0x6821, 0x8B2A, 0x2C33, 0x6D3B, 0x4D3B, 0x2922, 0x0822,
    0xC821, 0x493A, 0xEB52, 0x2C5B, 0x72A5, 0x53A5, 0xCD62, 0xA931, 0xC819, 0xCB2A, 0x6D3B, 0xEE43,
    0xEC32, 0xA819, 0x8308, 0x0000, 0x0000, 0x0000, 0x0000, 0x0000, 0x0000, 0x0000, 0x0000, 0x0000,
    0x0000, 0x0000, 0x0000, 0x0000, 0x0000, 0x0000, 0x0000, 0x0000, 0x0000, 0x0000, 0x0000, 0x0000,
    0x0000, 0x0000, 0x0000, 0x0000, 0x0000, 0x0000, 0x0000, 0x0000, 0x0000, 0x0000, 0x0000, 0x0000,
    0x0000, 0x0000, 0x0000, 0x0000, 0x0000, 0x0000, 0x0000, 0x0000, 0x0000, 0x4200, 0x2611, 0xEB32,
    0xAE43, 0xEB32, 0x0C33, 0x6A2A, 0x4719, 0x8D5A, 0x4F73, 0xEC5A, 0x2511, 0xC821, 0xC821, 0xEB32,
    0x0C3B, 0x0C3B, 0x2D3B, 0xAB2A, 0x0922, 0x8819, 0x6821, 0xCE5A, 0xCE62, 0xF083, 0xB3AD, 0xD2AD,
    0xD2AD, 0xD2AD, 0xB3AD, 0xCF7B, 0xCE62, 0x4C4A, 0x4819, 0x8819, 0xE819, 0xCB32, 0x0C3B, 0x0C33,
    0x2C3B, 0x292A, 0xC821, 0xA821, 0xA729, 0xF07B, 0x0E6B, 0xCA39, 0xC919, 0x0D33, 0xEC2A, 0xAE3B,
    0xEF43, 0xC819, 0x8308, 0x0000, 0x0000, 0x0000, 0x0000, 0x0000, 0x0000, 0x0000, 0x0000, 0x0000,
    0x0000, 0x0000, 0x0000, 0x0000, 0x0000, 0x0000, 0x0000, 0x0000, 0x0000, 0x0000, 0x0000, 0x0000,
    0x0000, 0x0000, 0x0000, 0x0000, 0x0000, 0x0000, 0x0000, 0x0000, 0x0000, 0x0000, 0x0000, 0x0000,
    0x0000, 0x0000, 0x0000, 0x0000, 0x0000, 0x0000, 0x0000, 0x0000, 0x2100, 0xA308, 0x4711, 0x6E43,
    0x4C33, 0x4C33, 0x6D3B, 0x4A2A, 0x4719, 0xCE62, 0x2B42, 0xA408, 0xA819, 0x4A2A, 0x2922, 0x0922,
    0x0922, 0xA819, 0xC821, 0xA921, 0xA929, 0x2B42, 0xEF62, 0xEF6A, 0xEF6A, 0xCE62, 0x32A5, 0xF3B5,
    0xD2AD, 0xF3B5, 0x708C, 0xCE62, 0xCF6A, 0xCF62, 0x6D52, 0xCA39, 0xA929, 0x8821, 0xA821, 0xA821,
    0xC821, 0xE921, 0x292A, 0x0922, 0x6719, 0x8821, 0x0F63, 0x0B42, 0xA819, 0xEC32, 0x2D33, 0x0C2B,
    0xAE43, 0xA921, 0xA408, 0x2100, 0x0000, 0x0000, 0x0000, 0x0000, 0x0000, 0x0000, 0x0000, 0x0000,
    0x0000, 0x0000, 0x0000, 0x0000, 0x0000, 0x0000, 0x0000, 0x0000, 0x0000, 0x0000, 0x0000, 0x0000,
    0x0000, 0x0000, 0x0000, 0x0000, 0x0000, 0x0000, 0x0000, 0x0000, 0x0000, 0x0000, 0x0000, 0x0000,
    0x0000, 0x0000, 0x0000, 0x0000, 0x0000, 0x0000, 0x0000, 0x0000, 0x6308, 0x6721, 0xE608, 0x8811,
    0x4D3B, 0x0F44, 0xEB2A, 0x8B2A, 0x6719, 0xCE62, 0x2B4A, 0xA831, 0xA931, 0xA931, 0xEA39, 0xA829,
    0xE510, 0x0611, 0xE610, 0xA931, 0x6D52, 0x0F6B, 0xEF6A, 0xEF6A, 0xEF6A, 0xCE62, 0xF29C, 0x13B6,
    0xD2AD, 0xF4B5, 0x1084, 0xAE62, 0xCF6A, 0xAE62, 0xCE62, 0xAE5A, 0xEA39, 0x0619, 0x0619, 0x0619,
    0x6821, 0xEA31, 0x0A3A, 0xEA39, 0x0A3A, 0x0A3A, 0xEF62, 0x0B42, 0x6719, 0xAB2A, 0x8E3B, 0x0D33,
    0xE919, 0xE710, 0x2719, 0xC410, 0x0000, 0x0000, 0x0000, 0x0000, 0x0000, 0x0000, 0x0000, 0x0000,
    0x0000, 0x0000, 0x0000, 0x0000, 0x0000, 0x0000, 0x0000, 0x0000, 0x0000, 0x0000, 0x0000, 0x0000,
    0x0000, 0x0000, 0x0000, 0x0000, 0x0000, 0x0000, 0x0000, 0x0000, 0x0000, 0x0000, 0x0000, 0x0000,
    0x0000, 0x0000, 0x0000, 0x0000, 0x0000, 0x0000, 0x0000, 0x0000, 0x6300, 0x6821, 0xCC4A, 0xAB4A,
    0xE921, 0x2D33, 0x4D33, 0x6A22, 0x8721, 0xAE62, 0xCF6A, 0xEF6A, 0x0F6B, 0xAE62, 0xCA39, 0x0619,
    0xC508, 0x2619, 0x0611, 0x4719, 0x4721, 0xAA39, 0xCE62, 0xEF6A, 0xEF6A, 0xAE62, 0x308C, 0x14BE,
    0xD2AD, 0xF4B5, 0xAF7B, 0xAE62, 0xCE62, 0xEF6A, 0x6D52, 0x0721, 0x2619, 0x2611, 0x2619, 0x0619,
    0x0719, 0xCA31, 0x6C4A, 0x0F6B, 0x0F6B, 0xEF6A, 0xEF6A, 0xEA39, 0x8719, 0xCB2A, 0x4D3B, 0x2A22,
    0x0A32, 0x4E63, 0xE931, 0xA308, 0x0000, 0x0000, 0x0000, 0x0000, 0x0000, 0x0000, 0x0000, 0x0000,
    0x0000, 0x0000, 0x0000, 0x0000, 0x0000, 0x0000, 0x0000, 0x0000, 0x0000, 0x0000, 0x0000, 0x0000,
    0x0000, 0x0000, 0x0000, 0x0000, 0x0000, 0x0000, 0x0000, 0x0000, 0x0000, 0x0000, 0x0000, 0x0000,
    0x0000, 0x0000, 0x0000, 0x0000, 0x0000, 0x0000, 0x0000, 0x0000, 0x4200, 0x8821, 0x339D, 0xF5B5,
    0xCF6B, 0x292A, 0xAB2A, 0x0C33, 0xA821, 0xAE62, 0xAE62, 0xCE62, 0xCA39, 0xC510, 0xAA2A, 0xCE33,
    0x6A1A, 0x4611, 0x8711, 0xD154, 0xD15C, 0xC931, 0xEB49, 0xEF6A, 0xEF6A, 0xAE62, 0x518C, 0x13B6,
    0xB2AD, 0xD3B5, 0x6E73, 0x8E62, 0xEF6A, 0xAE5A, 0x6929, 0xCC3A, 0x535D, 0xEC2A, 0x0611, 0x8719,
    0x8A22, 0x4D33, 0xC821, 0x6829, 0x8E5A, 0x8E5A, 0xCE62, 0xCA39, 0x4922, 0x4D3B, 0xC819, 0xCB4A,
    0x74A5, 0xB4B5, 0x6A4A, 0x8308, 0x0000, 0x0000, 0x0000, 0x0000, 0x0000, 0x0000, 0x0000, 0x0000,
    0x0000, 0x0000, 0x0000, 0x0000, 0x0000, 0x0000, 0x0000, 0x0000, 0x0000, 0x0000, 0x0000, 0x0000,
    0x0000, 0x0000, 0x0000, 0x0000, 0x0000, 0x0000, 0x0000, 0x0000, 0x0000, 0x0000, 0x0000, 0x0000,
    0x0000, 0x0000, 0x0000, 0x0000, 0x0000, 0x0000, 0x0000, 0x0000, 0x2200, 0x8721, 0x7084, 0x2D6B,
    0x718C, 0x2D5B, 0xC819, 0x8E43, 0x8721, 0xCE62, 0x4F73, 0x4F73, 0xA939, 0x4A32, 0xD35D, 0x5546,
    0x2F34, 0x0509, 0x081A, 0x345E, 0x7476, 0xF284, 0x6831, 0xAE62, 0xCF6A, 0x8D5A, 0xF29C, 0xF3B5,
    0xB1AD, 0xF3B5, 0x1084, 0x6D5A, 0xAE62, 0x4D52, 0x0D63, 0x149E, 0x5466, 0x703C, 0x2609, 0xC711,
    0x524D, 0x7566, 0xD164, 0x2621, 0x6B52, 0x6F73, 0x0F6B, 0xCA39, 0x6A22, 0x2C33, 0xE829, 0x139D,
    0xCF83, 0x9194, 0xCB52, 0x6308, 0x0000, 0x0000, 0x0000, 0x0000, 0x0000, 0x0000, 0x0000, 0x0000,
    0x0000, 0x0000, 0x0000, 0x0000, 0x0000, 0x0000, 0x0000, 0x0000, 0x0000, 0x0000, 0x0000, 0x0000,
    0x0000, 0x0000, 0x0000, 0x0000, 0x0000, 0x0000, 0x0000, 0x0000, 0x0000, 0x0000, 0x0000, 0x0000,
    0x0000, 0x0000, 0x0000, 0x0000, 0x0000, 0x0000, 0x0000, 0x0000, 0x2100, 0x6721, 0x9184, 0xCD5A,
    0x8C52, 0x2D5B, 0x0922, 0xAE43, 0x8721, 0xCD62, 0x53AD, 0xD4B5, 0xEF7B, 0x6E5B, 0x9696, 0x145E,
    0xD034, 0xAD2B, 0x0E34, 0xB25D, 0x5396, 0x339D, 0x8C5A, 0x8F73, 0x707B, 0x6C5A, 0xF29C, 0xF3B5,
    0xB2AD, 0xF3B5, 0x308C, 0x8D5A, 0x318C, 0x4E6B, 0xEF7B, 0x75BE, 0xB275, 0xF144, 0x0F3C, 0x2F3C,
    0x113D, 0x5476, 0x948D, 0x0C5B, 0x119D, 0xF4B5, 0x518C, 0xC931, 0xAB2A, 0x2C33, 0x6A3A, 0x4E73,
    0x4C5A, 0x9294, 0xAA52, 0x4200, 0x0000, 0x0000, 0x0000, 0x0000, 0x0000, 0x0000, 0x0000, 0x0000,
    0x0000, 0x0000, 0x0000, 0x0000, 0x0000, 0x0000, 0x0000, 0x0000, 0x0000, 0x0000, 0x0000, 0x0000,
    0x0000, 0x0000, 0x0000, 0x0000, 0x0000, 0x0000, 0x0000, 0x0000, 0x0000, 0x0000, 0x0000, 0x0000,
    0x0000, 0x0000, 0x0000, 0x0000, 0x0000, 0x0000, 0x0000, 0x0000, 0x2100, 0x6621, 0xB18C, 0xED62,
    0x4D52, 0x6829, 0x081A, 0xAE43, 0xA821, 0xED62, 0x52A5, 0xF3B5, 0xD4B5, 0x2D63, 0x8A4A, 0x3285,
    0xD385, 0xF385, 0xF385, 0xD395, 0x53A5, 0x4E73, 0x4E73, 0xB4B5, 0xF083, 0x4C52, 0xF29C, 0xF3B5,
    0xB2AD, 0xD3B5, 0x0F84, 0x8C5A, 0x74AD, 0x508C, 0x0D6B, 0x9194, 0xD3A5, 0x717D, 0xB37D, 0x927D,
    0xB385, 0xD17C, 0x6C63, 0xB3AD, 0xB1AD, 0xD2B5, 0x7194, 0xEA39, 0xAB2A, 0x2C33, 0x2719, 0x0C4A,
    0xEE6A, 0xB29C, 0xAA4A, 0x4200, 0x0000, 0x0000, 0x0000, 0x0000, 0x0000, 0x0000, 0x0000, 0x0000,
    0x0000, 0x0000, 0x0000, 0x0000, 0x0000, 0x0000, 0x0000, 0x0000, 0x0000, 0x0000, 0x0000, 0x0000,
    0x0000, 0x0000, 0x0000, 0x0000, 0x0000, 0x0000, 0x0000, 0x0000, 0x0000, 0x0000, 0x0000, 0x0000,
    0x0000, 0x0000, 0x0000, 0x0000, 0x0000, 0x0000, 0x0000, 0x0000, 0x2100, 0x6621, 0x1295, 0x6E73,
    0x8E5A, 0x8929, 0xE819, 0xAE43, 0xA821, 0x0E63, 0x53AD, 0xD3AD, 0xD3B5, 0x53A5, 0xCE7B, 0x319D,
    0xF3B5, 0xB2AD, 0xB3AD, 0x12A5, 0x2E6B, 0xED62, 0x119D, 0xB3AD, 0x0F84, 0x6C5A, 0xF29C, 0xF3B5,
    0xB1AD, 0xD2B5, 0x2F84, 0xEC62, 0x52A5, 0xB3AD, 0x1084, 0x0D6B, 0x708C, 0xD4B5, 0xD3AD, 0xD3AD,
    0xF4B5, 0x6A4A, 0x4C5B, 0x34BE, 0x91AD, 0xD3B5, 0x718C, 0xC939, 0x8B2A, 0x0C33, 0x0719, 0x2C4A,
    0x2E6B, 0x33A5, 0xCB52, 0x6200, 0x0000, 0x0000, 0x0000, 0x0000, 0x0000, 0x0000, 0x0000, 0x0000,
    0x0000, 0x0000, 0x0000, 0x0000, 0x0000, 0x0000, 0x0000, 0x0000, 0x0000, 0x0000, 0x0000, 0x0000,
    0x0000, 0x0000, 0x0000, 0x0000, 0x0000, 0x0000, 0x0000, 0x0000, 0x0000, 0x0000, 0x0000, 0x0000,
    0x0000, 0x0000, 0x0000, 0x0000, 0x0000, 0x0000, 0x0000, 0x0000, 0x4100, 0x4619, 0x0F74, 0x318C,
    0x8D5A, 0x8931, 0xE819, 0xCE43, 0xC929, 0x2E6B, 0x73AD, 0xD3AD, 0xB2AD, 0xB2AD, 0xD3B5, 0xD3AD,
    0xB2AD, 0x72A5, 0x708C, 0x8E73, 0xAF7B, 0x32A5, 0xB2AD, 0x92A5, 0x708C, 0xEF7B, 0x32A5, 0xF2B5,
    0xB2AD, 0xD2AD, 0xF19C, 0x508C, 0x52A5, 0xF2AD, 0xB3AD, 0xB194, 0x4E73, 0x2F8C, 0x72AD, 0x14BE,
    0xB194, 0x0D3B, 0xF264, 0x14AE, 0xB2AD, 0xD2B5, 0x708C, 0xC931, 0x8A2A, 0xEC32, 0x2719, 0x0B4A,
    0x518C, 0xB194, 0x093A, 0x8308, 0x0000, 0x0000, 0x0000, 0x0000, 0x0000, 0x0000, 0x0000, 0x0000,
    0x0000, 0x0000, 0x0000, 0x0000, 0x0000, 0x0000, 0x0000, 0x0000, 0x0000, 0x0000, 0x0000, 0x0000,
    0x0000, 0x0000, 0x0000, 0x0000, 0x0000, 0x0000, 0x0000, 0x0000, 0x0000, 0x0000, 0x0000, 0x0000,
    0x0000, 0x0000, 0x0000, 0x0000, 0x0000, 0x0000, 0x0000, 0x0000, 0x6208, 0x2619, 0xC829, 0x928C,
    0xAD62, 0xAA31, 0x091A, 0xEF43, 0xE929, 0x0E63, 0x74AD, 0xD3AD, 0xB2AD, 0xB2AD, 0xB2AD, 0x92AD,
    0xB2AD, 0xB2AD, 0x72A5, 0x52A5, 0x92AD, 0xB2AD, 0x91A5, 0x92A5, 0x708C, 0x2F84, 0x52A5, 0xF2B5,
    0xB2AD, 0xD2AD, 0x119D, 0x708C, 0x52A5, 0xD2AD, 0xB2AD, 0xB2AD, 0x52A5, 0x319D, 0x92AD, 0xB3AD,
    0xEC52, 0x1455, 0x954D, 0x2F6C, 0xD2B5, 0xF3B5, 0x9194, 0xEA39, 0x8A2A, 0xCB2A, 0x0719, 0x0B4A,
    0xB29C, 0xCA52, 0xE510, 0xE410, 0x0000, 0x0000, 0x0000, 0x0000, 0x0000, 0x0000, 0x0000, 0x0000,
    0x0000, 0x0000, 0x0000, 0x0000, 0x0000, 0x0000, 0x0000, 0x0000, 0x0000, 0x0000, 0x0000, 0x0000,
    0x0000, 0x0000, 0x0000, 0x0000, 0x0000, 0x0000, 0x0000, 0x0000, 0x0000, 0x0000, 0x0000, 0x0000,
    0x0000, 0x0000, 0x0000, 0x0000, 0x0000, 0x0000, 0x0000, 0x0000, 0x2100, 0xA308, 0xC829, 0x728C,
    0xCE62, 0xCA31, 0x081A, 0x0F4C, 0x092A, 0xEA41, 0x718C, 0x92AD, 0xB2AD, 0xB1A5, 0xB1A5, 0xB2A5,
    0xB1AD, 0xB1AD, 0xB2AD, 0xB2AD, 0x91A5, 0x91A5, 0xB2AD, 0xB2AD, 0x918C, 0x3084, 0x52A5, 0xF3B5,
    0xD2AD, 0xF3B5, 0x119D, 0x508C, 0x52A5, 0xD2AD, 0x92A5, 0x91A5, 0xB1AD, 0x91A5, 0xF3B5, 0x2C63,
    0xD04B, 0x174E, 0x133D, 0x4832, 0xD3B5, 0xB3B5, 0xD07B, 0xCA31, 0xEB32, 0x0C33, 0x2719, 0x2C4A,
    0x728C, 0xAB4A, 0xA408, 0x4100, 0x0000, 0x0000, 0x0000, 0x0000, 0x0000, 0x0000, 0x0000, 0x0000,
    0x0000, 0x0000, 0x0000, 0x0000, 0x0000, 0x0000, 0x0000, 0x0000, 0x0000, 0x0000, 0x0000, 0x0000,
    0x0000, 0x0000, 0x0000, 0x0000, 0x0000, 0x0000, 0x0000, 0x0000, 0x0000, 0x0000, 0x0000, 0x0000,
    0x0000, 0x0000, 0x0000, 0x0000, 0x0000, 0x0000, 0x0000, 0x0000, 0x0000, 0x6200, 0x4611, 0xA829,
    0x2F6B, 0xEA39, 0xC819, 0xEF43, 0x0922, 0x8931, 0x8C5A, 0xF19C, 0xD2AD, 0xB1A5, 0xB1A5, 0xB2AD,
    0xB1AD, 0xB1AD, 0xB1A5, 0xB2AD, 0xB1A5, 0x91A5, 0xD2AD, 0x119D, 0x708C, 0x518C, 0x72A5, 0xF3B5,
    0xD2AD, 0xD3B5, 0x119D, 0x508C, 0xB194, 0x92AD, 0xB2AD, 0x91AD, 0x91A5, 0x91A5, 0xF3B5, 0x0B63,
    0x8F3B, 0x585E, 0x144D, 0x4932, 0x34BE, 0xB194, 0x4B4A, 0x8921, 0x0C3B, 0x2C3B, 0x4721, 0xAE5A,
    0x4B42, 0x4719, 0xC410, 0x0000, 0x0000, 0x0000, 0x0000, 0x0000, 0x0000, 0x0000, 0x0000, 0x0000,
    0x0000, 0x0000, 0x0000, 0x0000, 0x0000, 0x0000, 0x0000, 0x0000, 0x0000, 0x0000, 0x0000, 0x0000,
    0x0000, 0x0000, 0x0000, 0x0000, 0x0000, 0x0000, 0x0000, 0x0000, 0x0000, 0x0000, 0x0000, 0x0000,
    0x0000, 0x0000, 0x0000, 0x0000, 0x0000, 0x0000, 0x0000, 0x0000, 0x0000, 0x6208, 0x0511, 0x2619,
    0xEF62, 0xCA39, 0xA711, 0xCE43, 0x8B2A, 0x4721, 0x4C52, 0xAF7B, 0x92AD, 0xB1A5, 0x91A5, 0xB2AD,
    0xB2AD, 0xB1AD, 0xB2AD, 0xB2AD, 0xB2AD, 0xD3AD, 0xF19C, 0x908C, 0xF29C, 0x508C, 0x52A5, 0xF3B5,
    0xD2AD, 0xD2AD, 0x119D, 0x708C, 0x119D, 0x6F8C, 0x92AD, 0xB1AD, 0xB1A5, 0x91A5, 0x91AD, 0x52A5,
    0xCB42, 0xC819, 0xAA3A, 0xD08C, 0xB3B5, 0xAF7B, 0x4C4A, 0x6819, 0x2C33, 0x2C33, 0x4721, 0xCE62,
    0x6C42, 0x2611, 0x8308, 0x0000, 0x0000, 0x0000, 0x0000, 0x0000, 0x0000, 0x0000, 0x0000, 0x0000,
    0x0000, 0x0000, 0x0000, 0x0000, 0x0000, 0x0000, 0x0000, 0x0000, 0x0000, 0x0000, 0x0000, 0x0000,
    0x0000, 0x0000, 0x0000, 0x0000, 0x0000, 0x0000, 0x0000, 0x0000, 0x0000, 0x0000, 0x0000, 0x0000,
    0x0000, 0x0000, 0x0000, 0x0000, 0x0000, 0x0000, 0x0000, 0x0000, 0x0000, 0x0000, 0x8200, 0x2619,
    0xEE62, 0xEA39, 0xA711, 0xAE3B, 0xEC32, 0xE921, 0xCA39, 0x8C5A, 0xF19C, 0xD2AD, 0x91A5, 0xB1AD,
    0xB1AD, 0xB2AD, 0xB2AD, 0xB1AD, 0xD2AD, 0x32A5, 0x2D6B, 0x129D, 0x32A5, 0x708C, 0x92AD, 0xF3AD,
    0xD2AD, 0xD2AD, 0xF19C, 0x4F84, 0xD3AD, 0x0E7C, 0xAE73, 0x92AD, 0xB1A5, 0xB1AD, 0x91A5, 0xD2AD,
    0xAF8C, 0xAC73, 0x2D7C, 0xF3B5, 0x508C, 0x6C5A, 0xEA39, 0x6A2A, 0xAE3B, 0x2C33, 0x6821, 0x0F63,
    0x6C42, 0xE408, 0x0000, 0x0000, 0x0000, 0x0000, 0x0000, 0x0000, 0x0000, 0x0000, 0x0000, 0x0000,
    0x0000, 0x0000, 0x0000, 0x0000, 0x0000, 0x0000, 0x0000, 0x0000, 0x0000, 0x0000, 0x0000, 0x0000,
    0x0000, 0x0000, 0x0000, 0x0000, 0x0000, 0x0000, 0x0000, 0x0000, 0x0000, 0x0000, 0x0000, 0x0000,
    0x0000, 0x0000, 0x0000, 0x0000, 0x0000, 0x0000, 0x0000, 0x0000, 0x0000, 0x0000, 0x2000, 0x8308,
    0x6721, 0x2A3A, 0xA711, 0xCE3B, 0x0C33, 0xCC32, 0xA929, 0x4C52, 0x8E73, 0x92A5, 0xB1A5, 0xB1A5,
    0xB1AD, 0xB2AD, 0xB2AD, 0xB2AD, 0xF3B5, 0xCF7B, 0xAC5A, 0x53A5, 0x129D, 0xB194, 0xD3AD, 0xD2AD,
    0xD2AD, 0xD2AD, 0x519D, 0x6F8C, 0xB2AD, 0x5084, 0x6C52, 0xD194, 0xD2AD, 0xB1AD, 0xB1AD, 0x91A5,
    0xD2AD, 0xF2AD, 0xF3B5, 0x119D, 0x8C5A, 0x2C4A, 0xC921, 0xEB2A, 0x8D3B, 0x6B2A, 0xEA31, 0x4B42,
    0x0611, 0xC408, 0x0000, 0x0000, 0x0000, 0x0000, 0x0000, 0x0000, 0x0000, 0x0000, 0x0000, 0x0000,
    0x0000, 0x0000, 0x0000, 0x0000, 0x0000, 0x0000, 0x0000, 0x0000, 0x0000, 0x0000, 0x0000, 0x0000,
    0x0000, 0x0000, 0x0000, 0x0000, 0x0000, 0x0000, 0x0000, 0x0000, 0x0000, 0x0000, 0x0000, 0x0000,
    0x0000, 0x0000, 0x0000, 0x0000, 0x0000, 0x0000, 0x0000, 0x0000, 0x0000, 0x0000, 0x0000, 0x8308,
    0x2519, 0xC929, 0xC819, 0x6E3B, 0x6D33, 0xAE43, 0x0A2A, 0xAA39, 0x0E6B, 0x508C, 0xF3AD, 0xB1A5,
    0xB2AD, 0xB2A5, 0xB2A5, 0xD2AD, 0x93AD, 0xAC5A, 0xAD5A, 0x33A5, 0xD294, 0xEF7B, 0x93AD, 0xD2AD,
    0xB1A5, 0xD2AD, 0xF19C, 0x0F84, 0xD4B5, 0x7194, 0x4D5A, 0xAF7B, 0x13B6, 0xB1AD, 0xB2AD, 0xB1AD,
    0xB1A5, 0x91A5, 0xB2AD, 0x308C, 0xCE62, 0xA931, 0x6A2A, 0x4D3B, 0x0C33, 0xC921, 0xA929, 0xE931,
    0xC410, 0x4100, 0x0000, 0x0000, 0x0000, 0x0000, 0x0000, 0x0000, 0x0000, 0x0000, 0x0000, 0x0000,
    0x0000, 0x0000, 0x0000, 0x0000, 0x0000, 0x0000, 0x0000, 0x0000, 0x0000, 0x0000, 0x0000, 0x0000,
    0x0000, 0x0000, 0x0000, 0x0000, 0x0000, 0x0000, 0x0000, 0x0000, 0x0000, 0x0000, 0x0000, 0x0000,
    0x0000, 0x0000, 0x0000, 0x0000, 0x0000, 0x0000, 0x0000, 0x0000, 0x0000, 0x0000, 0x0000, 0x0000,
    0xC510, 0x0611, 0x4711, 0x4A22, 0xEE43, 0x0F44, 0x8B32, 0xCA31, 0xAE62, 0x4E73, 0x52A5, 0xD2AD,
    0xB2A5, 0xB2AD, 0xB1A5, 0xF3B5, 0x508C, 0x0A42, 0x8929, 0xA829, 0xA931, 0x8D52, 0xCF73, 0x52A5,
    0x72A5, 0x72A5, 0xAF73, 0x8C52, 0x093A, 0xE931, 0xCA39, 0x0E63, 0x73AD, 0xF3B5, 0xD2A5, 0xD2AD,
    0xB2AD, 0xB2AD, 0x73AD, 0x4E73, 0x4C4A, 0x4A32, 0xAE43, 0x4C33, 0xEC32, 0xA819, 0xC508, 0x0611,
    0x6208, 0x0000, 0x0000, 0x0000, 0x0000, 0x0000, 0x0000, 0x0000, 0x0000, 0x0000, 0x0000, 0x0000,
    0x0000, 0x0000, 0x0000, 0x0000, 0x0000, 0x0000, 0x0000, 0x0000, 0x0000, 0x0000, 0x0000, 0x0000,
    0x0000, 0x0000, 0x0000, 0x0000, 0x0000, 0x0000, 0x0000, 0x0000, 0x0000, 0x0000, 0x0000, 0x0000,
    0x0000, 0x0000, 0x0000, 0x0000, 0x0000, 0x0000, 0x0000, 0x0000, 0x0000, 0x0000, 0x0000, 0x2000,
    0xE510, 0x2719, 0x2711, 0x6A2A, 0x0F44, 0xEE3B, 0x4D3B, 0x0A32, 0xAE5A, 0xAD62, 0x708C, 0xF3B5,
    0x91A5, 0xB1A5, 0xF3B5, 0xF29C, 0x4A42, 0x6B2A, 0x4A22, 0x8819, 0x0609, 0x6821, 0x4B4A, 0xED62,
    0x2E6B, 0x2E63, 0x4B4A, 0x6821, 0x4711, 0xA819, 0x8B32, 0xAC42, 0x2D6B, 0x93AD, 0xF3B5, 0xD2AD,
    0xD2AD, 0xD3AD, 0x1084, 0xEE62, 0x8821, 0xCB32, 0x4F4C, 0x8D3B, 0xAB2A, 0x8819, 0xC508, 0x0519,
    0x6208, 0x0000, 0x0000, 0x0000, 0x0000, 0x0000, 0x0000, 0x0000, 0x0000, 0x0000, 0x0000, 0x0000,
    0x0000, 0x0000, 0x0000, 0x0000, 0x0000, 0x0000, 0x0000, 0x0000, 0x0000, 0x0000, 0x0000, 0x0000,
    0x0000, 0x0000, 0x0000, 0x0000, 0x0000, 0x0000, 0x0000, 0x0000, 0x0000, 0x0000, 0x0000, 0x0000,
    0x0000, 0x0000, 0x0000, 0x0000, 0x0000, 0x0000, 0x0000, 0x0000, 0x0000, 0x0000, 0x0000, 0x0000,
    0x6308, 0x0611, 0xC921, 0x8E3B, 0x5044, 0xEE3B, 0x8E3B, 0xAC32, 0xCA31, 0x6D52, 0x708C, 0xD2AD,
    0x91A5, 0xB3AD, 0x0F74, 0x6B3A, 0xCC32, 0x8D33, 0xCE3B, 0x0C33, 0x2922, 0x2611, 0x2619, 0x2719,
    0x4721, 0x6821, 0x4711, 0xA819, 0x8B2A, 0x6D3B, 0xEE43, 0xAE43, 0xAC42, 0x2D63, 0x329D, 0x13B6,
    0xD1AD, 0xF3B5, 0xF083, 0x0B42, 0xA819, 0x2C33, 0x4F44, 0xCE43, 0xCB2A, 0xE921, 0x0611, 0x8308,
    0x0000, 0x0000, 0x0000, 0x0000, 0x0000, 0x0000, 0x0000, 0x0000, 0x0000, 0x0000, 0x0000, 0x0000,
    0x0000, 0x0000, 0x0000, 0x0000, 0x0000, 0x0000, 0x0000, 0x0000, 0x0000, 0x0000, 0x0000, 0x0000,
    0x0000, 0x0000, 0x0000, 0x0000, 0x0000, 0x0000, 0x0000, 0x0000, 0x0000, 0x0000, 0x0000, 0x0000,
    0x0000, 0x0000, 0x0000, 0x0000, 0x0000, 0x0000, 0x0000, 0x0000, 0x0000, 0x0000, 0x0000, 0x0000,
    0x4200, 0x0611, 0xAB32, 0x704C, 0x2F3C, 0xAD33, 0xAE3B, 0xEC2A, 0x2A2A, 0xAA31, 0x518C, 0xF3B5,
    0x92AD, 0xEF73, 0x6B3A, 0x8E3B, 0x704C, 0xB04C, 0xEE3B, 0x8D33, 0x2C33, 0xAB2A, 0x8719, 0x2611,
    0x4711, 0x4711, 0xA819, 0x8B2A, 0x8D3B, 0xAD3B, 0x0E44, 0xB054, 0x0E44, 0xEC3A, 0xCC52, 0x908C,
    0xD3AD, 0x72AD, 0xAF7B, 0xEA31, 0x6A22, 0x6D33, 0x2E44, 0x2F44, 0x4C33, 0x2D3B, 0x6719, 0x6208,
    0x0000, 0x0000, 0x0000, 0x0000, 0x0000, 0x0000, 0x0000, 0x0000, 0x0000, 0x0000, 0x0000, 0x0000,
    0x0000, 0x0000, 0x0000, 0x0000, 0x0000, 0x0000, 0x0000, 0x0000, 0x0000, 0x0000, 0x0000, 0x0000,
    0x0000, 0x0000, 0x0000, 0x0000, 0x0000, 0x0000, 0x0000, 0x0000, 0x0000, 0x0000, 0x0000, 0x0000,
    0x0000, 0x0000, 0x0000, 0x0000, 0x0000, 0x0000, 0x0000, 0x0000, 0x0000, 0x0000, 0x0000, 0x0000,
    0x4200, 0x0611, 0xAB32, 0x0F44, 0xAD3B, 0x8D3B, 0x8D33, 0x8D33, 0x2D3B, 0xCA31, 0xCD5A, 0x3184,
    0x6E6B, 0x8B3A, 0xAE43, 0xF154, 0xB04C, 0x0E3C, 0x8D33, 0x8D33, 0x8D33, 0x8D3B, 0xEC32, 0xAB32,
    0xAC32, 0xAB32, 0x0C33, 0x8D3B, 0x8D33, 0x6C33, 0x6C33, 0xEE3B, 0x704C, 0x4F4C, 0xEC3A, 0x2A3A,
    0xCF7B, 0xF083, 0x4B42, 0x4A2A, 0x0E44, 0xAD33, 0xEE3B, 0xB04C, 0xEE3B, 0x2C33, 0x6719, 0x8208,
    0x0000, 0x0000, 0x0000, 0x0000, 0x0000, 0x0000, 0x0000, 0x0000, 0x0000, 0x0000, 0x0000, 0x0000,
    0x0000, 0x0000, 0x0000, 0x0000, 0x0000, 0x0000, 0x0000, 0x0000, 0x0000, 0x0000, 0x0000, 0x0000,
    0x0000, 0x0000, 0x0000, 0x0000, 0x0000, 0x0000, 0x0000, 0x0000, 0x0000, 0x0000, 0x0000, 0x0000,
    0x0000, 0x0000, 0x0000, 0x0000, 0x0000, 0x0000, 0x0000, 0x0000, 0x0000, 0x0000, 0x0000, 0x0000,
    0x4200, 0x0511, 0xAB32, 0xAE3B, 0x6D33, 0x6C33, 0xAD3B, 0xEE43, 0x2C33, 0x0A32, 0xEB39, 0x2B42,
    0x4B32, 0xAE43, 0xD154, 0x4F44, 0xCD3B, 0x8D3B, 0x8D3B, 0x8D3B, 0x8D33, 0x8D33, 0x6D3B, 0x4D33,
    0x4C33, 0x4C33, 0x6D33, 0x8D3B, 0x8D3B, 0x8D3B, 0x8D3B, 0x6D33, 0xAD3B, 0x904C, 0x2F44, 0x2D3B,
    0x4B3A, 0x2C3A, 0xA919, 0x4C33, 0x6F44, 0x4F3C, 0x8D2B, 0x4F44, 0x904C, 0x4D3B, 0x6819, 0x8308,
    0x0000, 0x0000, 0x0000, 0x0000, 0x0000, 0x0000, 0x0000, 0x0000, 0x0000, 0x0000, 0x0000, 0x0000,
    0x0000, 0x0000, 0x0000, 0x0000, 0x0000, 0x0000, 0x0000, 0x0000, 0x0000, 0x0000, 0x0000, 0x0000,
    0x0000, 0x0000, 0x0000, 0x0000, 0x0000, 0x0000, 0x0000, 0x0000, 0x0000, 0x0000, 0x0000, 0x0000,
    0x0000, 0x0000, 0x0000, 0x0000, 0x0000, 0x0000, 0x0000, 0x0000, 0x0000, 0x0000, 0x0000, 0x0000,
    0x4100, 0xE510, 0x092A, 0x6D3B, 0x6C33, 0x8D33, 0x2F44, 0xAD3B, 0x6D33, 0x4D43, 0xC921, 0x2A2A,
    0xAE43, 0xB054, 0x6F4C, 0x6D33, 0xEC32, 0xCC32, 0xCC3A, 0xCD42, 0x0D43, 0xEC3A, 0xCB32, 0x0D43,
    0x4D4B, 0xEC3A, 0xCC3A, 0xED42, 0xEC3A, 0xCC3A, 0x6B2A, 0x6B2A, 0xCB2A, 0xCE3B, 0x904C, 0x4F44,
    0x2D3B, 0x8819, 0xCC32, 0xCE3B, 0xEE3B, 0xB04C, 0xCE33, 0xAD33, 0x704C, 0x4D3B, 0x6819, 0x8308,
    0x0000, 0x0000, 0x0000, 0x0000, 0x0000, 0x0000, 0x0000, 0x0000, 0x0000, 0x0000, 0x0000, 0x0000,
    0x0000, 0x0000, 0x0000, 0x0000, 0x0000, 0x0000, 0x0000, 0x0000, 0x0000, 0x0000, 0x0000, 0x0000,
    0x0000, 0x0000, 0x0000, 0x0000, 0x0000, 0x0000, 0x0000, 0x0000, 0x0000, 0x0000, 0x0000, 0x0000,
    0x0000, 0x0000, 0x0000, 0x0000, 0x0000, 0x0000, 0x0000, 0x0000, 0x0000, 0x0000, 0x0000, 0x0000,
    0x2100, 0xE510, 0xA821, 0xEC32, 0x6D33, 0x0F44, 0xCD3B, 0x6C33, 0x8D33, 0x8D3B, 0xCB32, 0x6D3B,
    0xF15C, 0x6F4C, 0x6D3B, 0xCC32, 0x6819, 0x2711, 0x0B3A, 0x6C4A, 0x6D4A, 0x6D42, 0x6C42, 0x0E5B,
    0x4F63, 0xAD52, 0x4C4A, 0x6C4A, 0x6C4A, 0x4C42, 0x8929, 0x2811, 0xC919, 0xCB2A, 0xAD3B, 0xB04C,
    0x0E44, 0xCB2A, 0x2C33, 0xAD3B, 0x8D33, 0x2F3C, 0x4F44, 0xAD33, 0x8D3B, 0xAB2A, 0x6819, 0x8308,
    0x0000, 0x0000, 0x0000, 0x0000, 0x0000, 0x0000, 0x0000, 0x0000, 0x0000, 0x0000, 0x0000, 0x0000,
    0x0000, 0x0000, 0x0000, 0x0000, 0x0000, 0x0000, 0x0000, 0x0000, 0x0000, 0x0000, 0x0000, 0x0000,
    0x0000, 0x0000, 0x0000, 0x0000, 0x0000, 0x0000, 0x0000, 0x0000, 0x0000, 0x0000, 0x0000, 0x0000,
    0x0000, 0x0000, 0x0000, 0x0000, 0x0000, 0x0000, 0x0000, 0x0000, 0x0000, 0x0000, 0x0000, 0x0000,
    0x2100, 0xE510, 0xA921, 0xCC32, 0xAE3B, 0x2F44, 0x4C2B, 0x8D33, 0x8D33, 0x8D3B, 0x0C33, 0x704C,
    0x4F44, 0x8D3B, 0xEC32, 0x2A32, 0x0D5B, 0xED5A, 0x4829, 0x0719, 0x2719, 0x2721, 0x2721, 0x2721,
    0x2721, 0x2721, 0x2721, 0x4821, 0x4821, 0x2719, 0xC931, 0xCC52, 0x6B42, 0xE929, 0xCB2A, 0xED3B,
    0xD054, 0xEE43, 0x4C33, 0x8D33, 0x4C33, 0x0E3C, 0x6F44, 0x6C33, 0x4D33, 0x8B2A, 0x6819, 0x8308,
    0x0000, 0x0000, 0x0000, 0x0000, 0x0000, 0x0000, 0x0000, 0x0000, 0x0000, 0x0000, 0x0000, 0x0000,
    0x0000, 0x0000, 0x0000, 0x0000, 0x0000, 0x0000, 0x0000, 0x0000, 0x0000, 0x0000, 0x0000, 0x0000,
    0x0000, 0x0000, 0x0000, 0x0000, 0x0000, 0x0000, 0x0000, 0x0000, 0x0000, 0x0000, 0x0000, 0x0000,
    0x0000, 0x0000, 0x0000, 0x0000, 0x0000, 0x0000, 0x0000, 0x0000, 0x0000, 0x0000, 0x0000, 0x0000,
    0x6208, 0xE510, 0xE929, 0xAC3A, 0x4D3B, 0x8D3B, 0x8D33, 0xAD33, 0xAD3B, 0x8D33, 0x2C2B, 0xB04C,
    0x0E3C, 0x6D33, 0xA919, 0x6B42, 0xD4B5, 0xF4B5, 0xEF7B, 0x4D6B, 0x6D6B, 0x6D6B, 0x4D63, 0x4D63,
    0x4D63, 0x4D63, 0x6D6B, 0x6E6B, 0x8E6B, 0x6D6B, 0x708C, 0x15BE, 0x33A5, 0x0A32, 0x8A2A, 0x8C33,
    0x4F44, 0x2F44, 0x4C2B, 0x6D33, 0x6C33, 0xAD33, 0x2F44, 0x4C33, 0x2D33, 0x6B32, 0x4719, 0x8408,
    0x0000, 0x0000, 0x0000, 0x0000, 0x0000, 0x0000, 0x0000, 0x0000, 0x0000, 0x0000, 0x0000, 0x0000,
    0x0000, 0x0000, 0x0000, 0x0000, 0x0000, 0x0000, 0x0000, 0x0000, 0x0000, 0x0000, 0x0000, 0x0000,
    0x0000, 0x0000, 0x0000, 0x0000, 0x0000, 0x0000, 0x0000, 0x0000, 0x0000, 0x0000, 0x0000, 0x0000,
    0x0000, 0x0000, 0x0000, 0x0000, 0x0000, 0x0000, 0x0000, 0x0000, 0x0000, 0x0000, 0x0000, 0x8308,
    0xE510, 0xC510, 0x4719, 0xE921, 0x4A2A, 0xEC32, 0xAE3B, 0x8D3B, 0x6D33, 0xAD33, 0xEE3B, 0xD14C,
    0x0E3C, 0x6D3B, 0xA919, 0x6B4A, 0xD3AD, 0xF2AD, 0xF3B5, 0xD3AD, 0xD4B5, 0xB4B5, 0xB4B5, 0xB4B5,
    0xB4B5, 0xB4B5, 0xD4B5, 0xD4B5, 0xD4B5, 0xD3B5, 0xD3AD, 0xD2AD, 0xB4B5, 0x4B42, 0xAB32, 0xAD33,
    0x6F4C, 0x4F44, 0x6C33, 0x8D33, 0x6C33, 0x6C33, 0x0E44, 0x2C33, 0xAB32, 0x8819, 0xC508, 0xE610,
    0xC410, 0x2100, 0x0000, 0x0000, 0x0000, 0x0000, 0x0000, 0x0000, 0x0000, 0x0000, 0x0000, 0x0000,
    0x0000, 0x0000, 0x0000, 0x0000, 0x0000, 0x0000, 0x0000, 0x0000, 0x0000, 0x0000, 0x0000, 0x0000,
    0x0000, 0x0000, 0x0000, 0x0000, 0x0000, 0x0000, 0x0000, 0x0000, 0x0000, 0x0000, 0x0000, 0x0000,
    0x0000, 0x0000, 0x0000, 0x0000, 0x0000, 0x0000, 0x0000, 0x0000, 0x0000, 0x0000, 0x8308, 0x0619,
    0x0611, 0xE610, 0xC508, 0x2711, 0x2A2A, 0xCC32, 0x8E3B, 0x4D3B, 0x0C2B, 0xAD33, 0x0E3C, 0xD154,
    0x0F3C, 0x6D33, 0xC919, 0x2B3A, 0x73A5, 0xF2AD, 0xF2AD, 0x319D, 0x0F84, 0xCF7B, 0xF07B, 0xCF7B,
    0xCF7B, 0xCF7B, 0xCF7B, 0xCF7B, 0x2F84, 0x71A5, 0xB2A5, 0xD3AD, 0xD19C, 0x0A3A, 0xAB2A, 0xAD3B,
    0x6F44, 0x2F44, 0x0E3C, 0xEE3B, 0x6C33, 0x8D33, 0x8D3B, 0xAB2A, 0x8719, 0xE510, 0xE510, 0xE610,
    0x0619, 0xC510, 0x0000, 0x0000, 0x0000, 0x0000, 0x0000, 0x0000, 0x0000, 0x0000, 0x0000, 0x0000,
    0x0000, 0x0000, 0x0000, 0x0000, 0x0000, 0x0000, 0x0000, 0x0000, 0x0000, 0x0000, 0x0000, 0x0000,
    0x0000, 0x0000, 0x0000, 0x0000, 0x0000, 0x0000, 0x0000, 0x0000, 0x0000, 0x0000, 0x0000, 0x0000,
    0x0000, 0x0000, 0x0000, 0x0000, 0x0000, 0x0000, 0x0000, 0x0000, 0x2100, 0xA410, 0x0619, 0x2711,
    0x4A32, 0x8821, 0xC608, 0xE610, 0x4719, 0x6B32, 0xAC32, 0xAB2A, 0x0C33, 0xEE3B, 0xCD33, 0xEE3B,
    0xCD3B, 0x8D33, 0xEC2A, 0xC921, 0x4D63, 0xD4AD, 0xF2AD, 0x93AD, 0xAF73, 0x6C4A, 0x8821, 0xA929,
    0xA929, 0xA929, 0x8821, 0x0A3A, 0xCF7B, 0x92AD, 0xB2AD, 0x73A5, 0xAC52, 0xE929, 0x2D3B, 0xCE3B,
    0xCE3B, 0xAD33, 0x9044, 0xB04C, 0x2C33, 0xCB2A, 0xCB32, 0x4711, 0xC508, 0xC510, 0x2611, 0x2A32,
    0x6819, 0xE610, 0xE510, 0x6208, 0x0000, 0x0000, 0x0000, 0x0000, 0x0000, 0x0000, 0x0000, 0x0000,
    0x0000, 0x0000, 0x0000, 0x0000, 0x0000, 0x0000, 0x0000, 0x0000, 0x0000, 0x0000, 0x0000, 0x0000,
    0x0000, 0x0000, 0x0000, 0x0000, 0x0000, 0x0000, 0x0000, 0x0000, 0x0000, 0x0000, 0x0000, 0x0000,
    0x0000, 0x0000, 0x0000, 0x0000, 0x0000, 0x0000, 0x0000, 0x4208, 0x4721, 0x2719, 0x4719, 0x4A2A,
    0x4A22, 0x292A, 0x4719, 0xC508, 0xE610, 0xA821, 0x2B32, 0x0A2A, 0x2D33, 0xEE3B, 0xAD33, 0xAD33,
    0xAD33, 0xAD33, 0x8D3B, 0xAB2A, 0xE929, 0x6D6B, 0x12A5, 0x53A5, 0xCD5A, 0xC921, 0x6A2A, 0xAB32,
    0xAB2A, 0xAB2A, 0x8B2A, 0xEA31, 0x2D63, 0x119D, 0x119D, 0x2D5B, 0x4A32, 0x2C3B, 0x8D3B, 0x8D33,
    0xAD3B, 0xAD33, 0x0E3C, 0xB14C, 0x0C2B, 0x8B2A, 0x2A2A, 0x0611, 0xC508, 0x2611, 0x092A, 0x4A2A,
    0x4A2A, 0x6719, 0x2711, 0x2719, 0xA308, 0x0000, 0x0000, 0x0000, 0x0000, 0x0000, 0x0000, 0x0000,
    0x0000, 0x0000, 0x0000, 0x0000, 0x0000, 0x0000, 0x0000, 0x0000, 0x0000, 0x0000, 0x0000, 0x0000,
    0x0000, 0x0000, 0x0000, 0x0000, 0x0000, 0x0000, 0x0000, 0x0000, 0x0000, 0x0000, 0x0000, 0x0000,
    0x0000, 0x0000, 0x0000, 0x0000, 0x0000, 0x2100, 0xE518, 0x2619, 0x8821, 0x6819, 0x2A2A, 0x8A32,
    0x4D43, 0x6E4B, 0x6A32, 0x0611, 0xC610, 0x4719, 0x0A2A, 0x2A2A, 0x0C33, 0x0E3C, 0xCD33, 0xAD33,
    0xAD3B, 0xAD33, 0xAD33, 0x8D33, 0xAB2A, 0xE929, 0x0A3A, 0x4B42, 0xEA29, 0x8B2A, 0x6D3B, 0xEF43,
    0x2F44, 0xEE3B, 0x6D33, 0xAB32, 0x0A32, 0xEA39, 0xEA31, 0x4A2A, 0x6D3B, 0x6D33, 0x8D33, 0x8D3B,
    0xAD33, 0x8D33, 0xEE3B, 0xB14C, 0x0C2B, 0x8B2A, 0xE921, 0xE608, 0x2711, 0x292A, 0x0C43, 0x4D4B,
    0x0C3B, 0x2A2A, 0x8819, 0x4819, 0x4719, 0xC410, 0x8308, 0x0000, 0x0000, 0x0000, 0x0000, 0x0000,
    0x0000, 0x0000, 0x0000, 0x0000, 0x0000, 0x0000, 0x0000, 0x0000, 0x0000, 0x0000, 0x0000, 0x0000,
    0x0000, 0x0000, 0x0000, 0x0000, 0x0000, 0x0000, 0x0000, 0x0000, 0x0000, 0x0000, 0x0000, 0x0000,
    0x0000, 0x0000, 0x0000, 0x0000, 0x8308, 0x0619, 0x4719, 0xC821, 0x2A22, 0x2A2A, 0x2A2A, 0x2D43,
    0x1AC7, 0x1AC7, 0x6E53, 0xC921, 0x2719, 0xE610, 0x2711, 0xE921, 0xEC32, 0xCE3B, 0xAD33, 0xAD33,
    0x4C33, 0x2C33, 0xAD33, 0x8D33, 0x8E3B, 0xEC32, 0x4B2A, 0x6B2A, 0x0C33, 0x8D3B, 0xEE3B, 0xCE3B,
    0xAD33, 0x0E3C, 0xCE3B, 0x8D3B, 0xEC32, 0x8B32, 0xAB2A, 0x4D3B, 0xAD3B, 0x8D3B, 0x6D33, 0x2C33,
    0x6D3B, 0x8D33, 0xEE3B, 0xB14C, 0x0D33, 0x0A22, 0x0611, 0xE608, 0xA821, 0x6A2A, 0xD69D, 0x9CD7,
    0x1385, 0xC819, 0xE921, 0x4A2A, 0x2A2A, 0x4719, 0x0619, 0xA410, 0x4100, 0x0000, 0x0000, 0x0000,
    0x0000, 0x0000, 0x0000, 0x0000, 0x0000, 0x0000, 0x0000, 0x0000, 0x0000, 0x0000, 0x0000, 0x0000,
    0x0000, 0x0000, 0x0000, 0x0000, 0x0000, 0x0000, 0x0000, 0x0000, 0x0000, 0x0000, 0x0000, 0x0000,
    0x0000, 0x0000, 0x2000, 0xA410, 0x4719, 0x6819, 0xE921, 0x0C33, 0x8E3B, 0x6A2A, 0x2A2A, 0xCC3A,
    0x78B6, 0xB9C6, 0x2D4B, 0x2A2A, 0x6819, 0xE610, 0x0711, 0x6719, 0x2A2A, 0xCB2A, 0x8D3B, 0x8D33,
    0xAB2A, 0xCB2A, 0xAD33, 0x8D33, 0xAD33, 0xAD3B, 0x8D3B, 0x8D3B, 0xAD3B, 0x8D33, 0x904C, 0xAD33,
    0x4C33, 0xEE3B, 0x4F4C, 0x4C2B, 0x8D33, 0x8D3B, 0xAD3B, 0x6C33, 0xCD3B, 0x2F4C, 0x6C33, 0xEC32,
    0xEC32, 0x8D3B, 0xAD33, 0xEE43, 0xCC32, 0x8819, 0xE608, 0x8819, 0x8B32, 0x4A22, 0x758D, 0x1AC7,
    0x716C, 0xC819, 0x0922, 0xCB32, 0xAB2A, 0x2A2A, 0x4711, 0x4719, 0xE510, 0x2000, 0x0000, 0x0000,
    0x0000, 0x0000, 0x0000, 0x0000, 0x0000, 0x0000, 0x0000, 0x0000, 0x0000, 0x0000, 0x0000, 0x0000,
    0x0000, 0x0000, 0x0000, 0x0000, 0x0000, 0x0000, 0x0000, 0x0000, 0x0000, 0x0000, 0x0000, 0x0000,
    0x0000, 0x0000, 0x6308, 0x4719, 0x2719, 0x0922, 0x6D3B, 0xAD3B, 0xAD33, 0x6D3B, 0xAB2A, 0x0922,
    0x6B3A, 0x8B3A, 0x0A2A, 0x6B32, 0x8B32, 0x2711, 0xE610, 0xE508, 0xC821, 0x8A32, 0x8D3B, 0x8D3B,
    0x6A2A, 0x8A2A, 0xAD3B, 0x8D33, 0xCD3B, 0x0E44, 0xAD3B, 0xCD3B, 0xAD33, 0xEE3B, 0x704C, 0x6D33,
    0x8D33, 0x8D33, 0x2F44, 0x0E3C, 0x8C33, 0x8D33, 0x8D33, 0xCD3B, 0xEE3B, 0xEE3B, 0x6C33, 0xCB32,
    0x4A22, 0x6D3B, 0x6C33, 0x4C3B, 0xE921, 0xC508, 0xE508, 0x6B32, 0xCC3A, 0x8B32, 0xAB3A, 0xEC42,
    0xC821, 0xE921, 0x0C33, 0x6D3B, 0x6C33, 0x2C3B, 0x2922, 0x2711, 0x2619, 0xA410, 0x0000, 0x0000,
    0x0000, 0x0000, 0x0000, 0x0000, 0x0000, 0x0000, 0x0000, 0x0000, 0x0000, 0x0000, 0x0000, 0x0000,
    0x0000, 0x0000, 0x0000, 0x0000, 0x0000, 0x0000, 0x0000, 0x0000, 0x0000, 0x0000, 0x0000, 0x0000,
    0x0000, 0x0000, 0x6208, 0x4719, 0x0922, 0x4D3B, 0xAD3B, 0xAD33, 0xAD33, 0xCD33, 0x8D3B, 0xAB2A,
    0xC921, 0xC921, 0xE921, 0xE921, 0x292A, 0xE929, 0x0611, 0xA508, 0xA821, 0x8B32, 0xAD43, 0x6D3B,
    0xC819, 0x6A2A, 0x8D3B, 0x6C33, 0xAD3B, 0x6F4C, 0x4C33, 0x4C33, 0x8C33, 0xB04C, 0x4F44, 0x8D33,
    0xAD3B, 0xAD33, 0x904C, 0xD14C, 0xAD3B, 0x6D3B, 0x6D33, 0x904C, 0x0E3C, 0x8D33, 0x6D33, 0xAB2A,
    0xC819, 0x2C3B, 0x4C33, 0xCB32, 0x6719, 0x8400, 0xA821, 0x292A, 0xC819, 0x0922, 0x0A2A, 0x6711,
    0x0922, 0x2C3B, 0xAD3B, 0x8D33, 0x6C33, 0x6D33, 0x2C33, 0x2A2A, 0x8821, 0xA408, 0x0000, 0x0000,
    0x0000, 0x0000, 0x0000, 0x0000, 0x0000, 0x0000, 0x0000, 0x0000, 0x0000, 0x0000, 0x0000, 0x0000,
    0x0000, 0x0000, 0x0000, 0x0000, 0x0000, 0x0000, 0x0000, 0x0000, 0x0000, 0x0000, 0x0000, 0x0000,
    0x0000, 0x0000, 0x6208, 0x8821, 0x8B32, 0x6D33, 0xAD33, 0xAD33, 0xAD33, 0xAD33, 0xCD33, 0x6D33,
    0x6A2A, 0xE921, 0x6A32, 0x9174, 0x9174, 0x8B3A, 0x6719, 0x8408, 0x0611, 0xE921, 0xAB32, 0x4A2A,
    0x0611, 0xE821, 0xEB32, 0x6C33, 0x8D33, 0x4F4C, 0xCB32, 0xAB2A, 0x8D33, 0xB04C, 0x6F44, 0x8D33,
    0xCE3B, 0xCE3B, 0x9044, 0xF154, 0xAE3B, 0xAB2A, 0x2C33, 0xB04C, 0x2E3C, 0xCD33, 0x2C33, 0x091A,
    0x4711, 0x2922, 0x8B2A, 0x292A, 0xC508, 0x2619, 0x292A, 0x8D4B, 0xF37C, 0x8E5B, 0xE921, 0x2A2A,
    0x0C33, 0xAD3B, 0x8D33, 0x8D33, 0x8D33, 0x8D33, 0x8D3B, 0xCC32, 0xA921, 0xC410, 0x0000, 0x0000,
    0x0000, 0x0000, 0x0000, 0x0000, 0x0000, 0x0000, 0x0000, 0x0000, 0x0000, 0x0000, 0x0000, 0x0000,
    0x0000, 0x0000, 0x0000, 0x0000, 0x0000, 0x0000, 0x0000, 0x0000, 0x0000, 0x0000, 0x0000, 0x0000,
    0x0000, 0x0000, 0x2100, 0x0611, 0xC821, 0x2C33, 0xCE3B, 0xAD33, 0xAD33, 0xAD33, 0x8D33, 0x8D33,
    0x0C33, 0x0922, 0xCC42, 0xB8BE, 0xD9BE, 0x0C43, 0xC821, 0x2611, 0x8400, 0x4719, 0x2A2A, 0x092A,
    0xE610, 0xA821, 0xCB32, 0x6C3B, 0x8C33, 0x4F4C, 0xCB32, 0xAB32, 0xAD3B, 0xD04C, 0x9044, 0xAD33,
    0xCD3B, 0xAD33, 0x0E3C, 0xF154, 0xAE3B, 0x8B2A, 0x2D33, 0xB04C, 0x0E3C, 0xAD3B, 0x2D3B, 0xC919,
    0x8819, 0x6B2A, 0xE921, 0xC508, 0xE510, 0xC821, 0x081A, 0x7485, 0xBDDF, 0x5595, 0xA819, 0xAB32,
    0x6D3B, 0x6D33, 0x8D33, 0x8D33, 0x8D33, 0x8E3B, 0x0D33, 0x0A22, 0x6719, 0x4208, 0x0000, 0x0000,
    0x0000, 0x0000, 0x0000, 0x0000, 0x0000, 0x0000, 0x0000, 0x0000, 0x0000, 0x0000, 0x0000, 0x0000,
    0x0000, 0x0000, 0x0000, 0x0000, 0x0000, 0x0000, 0x0000, 0x0000, 0x0000, 0x0000, 0x0000, 0x0000,
    0x0000, 0x0000, 0x0000, 0x4100, 0xC410, 0xC821, 0xEB32, 0x8D33, 0xAD33, 0x8D33, 0x6C33, 0x6C33,
    0x8D3B, 0x8A2A, 0x2932, 0xD284, 0xB59D, 0xAB3A, 0xC821, 0x0A2A, 0x4719, 0x8400, 0x4719, 0x2A32,
    0x0611, 0xA821, 0x8A2A, 0x2C3B, 0x8C33, 0x504C, 0xCB32, 0x4A2A, 0x6D33, 0xD14C, 0x9044, 0xAD33,
    0xCE3B, 0xAD33, 0x0E3C, 0xB04C, 0xAD3B, 0x8B2A, 0xEC32, 0x2F44, 0x0E3C, 0x4C33, 0xAB2A, 0x8819,
    0x8919, 0x6B32, 0x2611, 0x0611, 0xE929, 0x092A, 0x0922, 0x3064, 0x9595, 0xAF5B, 0xC819, 0x6D3B,
    0x6C33, 0x6C33, 0x6D33, 0x8D33, 0x6D3B, 0xEC32, 0xA819, 0x0611, 0x6208, 0x0000, 0x0000, 0x0000,
    0x0000, 0x0000, 0x0000, 0x0000, 0x0000, 0x0000, 0x0000, 0x0000, 0x0000, 0x0000, 0x0000, 0x0000,
    0x0000, 0x0000, 0x0000, 0x0000, 0x0000, 0x0000, 0x0000, 0x0000, 0x0000, 0x0000, 0x0000, 0x0000,
    0x0000, 0x0000, 0x0000, 0x0000, 0x0000, 0x8308, 0x4611, 0x2922, 0x4C3B, 0x6D3B, 0x6D33, 0x6D33,
    0x6C33, 0x2C33, 0x4A2A, 0x6719, 0xA821, 0xA821, 0xE929, 0x2A2A, 0x092A, 0xC921, 0xE508, 0xE610,
    0xE610, 0x8821, 0x0922, 0x8B2A, 0x8D3B, 0xCE3B, 0x6A2A, 0xC919, 0x6D33, 0xEE3B, 0x904C, 0xCE3B,
    0xAD3B, 0x8D33, 0xEE3B, 0x4F44, 0x2C33, 0x2A22, 0x6A2A, 0xCE3B, 0xEE3B, 0xEB2A, 0x8B32, 0x8819,
    0x2711, 0x0711, 0x0609, 0x2A2A, 0x4A2A, 0xE921, 0xE921, 0xA821, 0xA821, 0xA819, 0xCB32, 0x4C33,
    0x4C33, 0x6C33, 0x6D33, 0x2C3B, 0x2A22, 0x8819, 0x8308, 0x2100, 0x0000, 0x0000, 0x0000, 0x0000,
    0x0000, 0x0000, 0x0000, 0x0000, 0x0000, 0x0000, 0x0000, 0x0000, 0x0000, 0x0000, 0x0000, 0x0000,
    0x0000, 0x0000, 0x0000, 0x0000, 0x0000, 0x0000, 0x0000, 0x0000, 0x0000, 0x0000, 0x0000, 0x0000,
    0x0000, 0x0000, 0x0000, 0x0000, 0x0000, 0x0000, 0x4200, 0xE510, 0x4619, 0xAB32, 0xCB32, 0xEB2A,
    0x6C33, 0x6D33, 0x2D33, 0xAB32, 0xE921, 0xE929, 0xE921, 0xE921, 0x292A, 0x6A32, 0x8821, 0xA508,
    0xE610, 0x0611, 0xE929, 0x4A2A, 0x8D43, 0x6D33, 0x4A2A, 0xE921, 0x6D33, 0x8C2B, 0x2F44, 0xEE3B,
    0x8D33, 0x6C33, 0xCE3B, 0x0E3C, 0x0C33, 0xE921, 0x6B2A, 0x8D3B, 0x6C33, 0xEC32, 0x4B32, 0x2719,
    0xC610, 0x4711, 0x6B32, 0x6B2A, 0x2A2A, 0xE921, 0x0A2A, 0xC921, 0xC821, 0xEB32, 0x6D33, 0x4C33,
    0x6D33, 0xEC32, 0xCC32, 0x0922, 0x0511, 0xA408, 0x0000, 0x0000, 0x0000, 0x0000, 0x0000, 0x0000,
    0x0000, 0x0000, 0x0000, 0x0000, 0x0000, 0x0000, 0x0000, 0x0000, 0x0000, 0x0000, 0x0000, 0x0000,
    0x0000, 0x0000, 0x0000, 0x0000, 0x0000, 0x0000, 0x0000, 0x0000, 0x0000, 0x0000, 0x0000, 0x0000,
    0x0000, 0x0000, 0x0000, 0x0000, 0x0000, 0x0000, 0x0000, 0x0000, 0x2100, 0x0611, 0x0611, 0xE921,
    0x0C33, 0x0C33, 0x8D33, 0x4C33, 0x8B2A, 0x4A2A, 0x0C43, 0xF6A5, 0xF69D, 0xAB3A, 0x6A32, 0xC921,
    0x0611, 0xE610, 0x2719, 0x2A2A, 0xCC32, 0xCC32, 0x2B2A, 0xC919, 0x0C33, 0x4C33, 0xCD3B, 0x6F4C,
    0x8D33, 0x6C33, 0x8D33, 0xAD3B, 0x4A2A, 0x4719, 0x8B32, 0xCB32, 0xEC32, 0x2A2A, 0x2711, 0xE608,
    0x8819, 0x8B32, 0x4A2A, 0xF063, 0x79B6, 0x5595, 0xAB32, 0xAB2A, 0x0C33, 0x6D3B, 0x2C33, 0x0C33,
    0xAC32, 0x8819, 0x4711, 0xA308, 0x0000, 0x0000, 0x0000, 0x0000, 0x0000, 0x0000, 0x0000, 0x0000,
    0x0000, 0x0000, 0x0000, 0x0000, 0x0000, 0x0000, 0x0000, 0x0000, 0x0000, 0x0000, 0x0000, 0x0000,
    0x0000, 0x0000, 0x0000, 0x0000, 0x0000, 0x0000, 0x0000, 0x0000, 0x0000, 0x0000, 0x0000, 0x0000,
    0x0000, 0x0000, 0x0000, 0x0000, 0x0000, 0x0000, 0x0000, 0x0000, 0x0000, 0x0000, 0x4200, 0x0511,
    0x0511, 0x292A, 0x0C33, 0xAB2A, 0x8B32, 0x2A22, 0x1064, 0x3AC7, 0x98B6, 0xEC3A, 0x8B32, 0xAB32,
    0x2A2A, 0x2711, 0x0711, 0x0711, 0x6819, 0xC921, 0x4B32, 0xC921, 0x8719, 0xAB32, 0x4C3B, 0x0F4C,
    0x6D3B, 0x4C33, 0x4C3B, 0x6A2A, 0x8819, 0xE929, 0x4B32, 0xE921, 0x6819, 0x0711, 0xE608, 0xC821,
    0xCC32, 0xCC32, 0x4A22, 0xF05B, 0x5BCF, 0x98B6, 0xEB3A, 0xAB32, 0xAB32, 0xEC32, 0x8B32, 0x2611,
    0x0511, 0x4200, 0x0000, 0x0000, 0x0000, 0x0000, 0x0000, 0x0000, 0x0000, 0x0000, 0x0000, 0x0000,
    0x0000, 0x0000, 0x0000, 0x0000, 0x0000, 0x0000, 0x0000, 0x0000, 0x0000, 0x0000, 0x0000, 0x0000,
    0x0000, 0x0000, 0x0000, 0x0000, 0x0000, 0x0000, 0x0000, 0x0000, 0x0000, 0x0000, 0x0000, 0x0000,
    0x0000, 0x0000, 0x0000, 0x0000, 0x0000, 0x0000, 0x0000, 0x0000, 0x0000, 0x0000, 0x0000, 0x0000,
    0x0000, 0xE410, 0x4719, 0x2611, 0xE929, 0x6B32, 0x2D4B, 0x9174, 0xAE5B, 0x8B32, 0x8B32, 0x8B32,
    0x8B32, 0x4A2A, 0x4711, 0xE610, 0xE610, 0xE610, 0x6719, 0x2619, 0xE510, 0xA821, 0x6A2A, 0xAB2A,
    0xAA2A, 0xAB32, 0x6A2A, 0x6719, 0x0611, 0x6719, 0x6719, 0x2711, 0xE610, 0x0611, 0xE921, 0xCC32,
    0xCC32, 0xAB2A, 0xAB32, 0x4A22, 0xB16C, 0xD274, 0xAB32, 0x2A2A, 0x4719, 0x4719, 0x2619, 0x2100,
    0x0000, 0x0000, 0x0000, 0x0000, 0x0000, 0x0000, 0x0000, 0x0000, 0x0000, 0x0000, 0x0000, 0x0000,
    0x0000, 0x0000, 0x0000, 0x0000, 0x0000, 0x0000, 0x0000, 0x0000, 0x0000, 0x0000, 0x0000, 0x0000,
    0x0000, 0x0000, 0x0000, 0x0000, 0x0000, 0x0000, 0x0000, 0x0000, 0x0000, 0x0000, 0x0000, 0x0000,
    0x0000, 0x0000, 0x0000, 0x0000, 0x0000, 0x0000, 0x0000, 0x0000, 0x0000, 0x0000, 0x0000, 0x0000,
    0x0000, 0x2000, 0x2100, 0x2100, 0xA410, 0xA821, 0xA821, 0x6711, 0x6719, 0x2A2A, 0xAB32, 0x8B32,
    0x4A2A, 0x8B2A, 0x6D43, 0xC819, 0xC508, 0xE610, 0xE510, 0xE510, 0x0611, 0xE610, 0x4719, 0x8719,
    0x6719, 0x6719, 0x4719, 0xE610, 0x0611, 0xE510, 0xE610, 0xE610, 0xE610, 0x4A2A, 0xAE4B, 0x8A2A,
    0x6A2A, 0xAB32, 0xAB32, 0xE921, 0x6711, 0x6819, 0x8719, 0xE410, 0x4200, 0x4200, 0x4100, 0x0000,
    0x0000, 0x0000, 0x0000, 0x0000, 0x0000, 0x0000, 0x0000, 0x0000, 0x0000, 0x0000, 0x0000, 0x0000,
    0x0000, 0x0000, 0x0000, 0x0000, 0x0000, 0x0000, 0x0000, 0x0000, 0x0000, 0x0000, 0x0000, 0x0000,
    0x0000, 0x0000, 0x0000, 0x0000, 0x0000, 0x0000, 0x0000, 0x0000, 0x0000, 0x0000, 0x0000, 0x0000,
    0x0000, 0x0000, 0x0000, 0x0000, 0x0000, 0x0000, 0x0000, 0x0000, 0x0000, 0x0000, 0x0000, 0x0000,
    0x0000, 0x0000, 0x0000, 0x0000, 0x0000, 0x2100, 0xA308, 0x2619, 0x6719, 0x2A2A, 0x0A2A, 0x2A2A,
    0x8E4B, 0x5054, 0x2B2B, 0xEB32, 0x2611, 0xC510, 0xC510, 0xC508, 0xE510, 0x0611, 0x0611, 0x0611,
    0x0611, 0x0611, 0x0611, 0x0611, 0xC510, 0xC510, 0xE610, 0xC508, 0xA819, 0x2C3B, 0x2C3B, 0xD26C,
    0x0C3B, 0xE921, 0x0922, 0xC929, 0x2619, 0x0511, 0x2100, 0x0000, 0x0000, 0x0000, 0x0000, 0x0000,
    0x0000, 0x0000, 0x0000, 0x0000, 0x0000, 0x0000, 0x0000, 0x0000, 0x0000, 0x0000, 0x0000, 0x0000,
    0x0000, 0x0000, 0x0000, 0x0000, 0x0000, 0x0000, 0x0000, 0x0000, 0x0000, 0x0000, 0x0000, 0x0000,
    0x0000, 0x0000, 0x0000, 0x0000, 0x0000, 0x0000, 0x0000, 0x0000, 0x0000, 0x0000, 0x0000, 0x0000,
    0x0000, 0x0000, 0x0000, 0x0000, 0x0000, 0x0000, 0x0000, 0x0000, 0x0000, 0x0000, 0x0000, 0x0000,
    0x0000, 0x0000, 0x0000, 0x0000, 0x0000, 0x0000, 0x0000, 0x0000, 0x6208, 0x2611, 0xA408, 0x092A,
    0x5164, 0x0C3B, 0x491A, 0x6D3B, 0xE819, 0x0611, 0x6821, 0x8931, 0xA931, 0x2719, 0xE610, 0xE610,
    0xE610, 0xE610, 0xE610, 0x2719, 0xA931, 0x8931, 0x0619, 0xE508, 0xAA2A, 0x0C3B, 0xC819, 0xCF53,
    0xAF53, 0x2611, 0x0611, 0x0511, 0x0000, 0x0000, 0x0000, 0x0000, 0x0000, 0x0000, 0x0000, 0x0000,
    0x0000, 0x0000, 0x0000, 0x0000, 0x0000, 0x0000, 0x0000, 0x0000, 0x0000, 0x0000, 0x0000, 0x0000,
    0x0000, 0x0000, 0x0000, 0x0000, 0x0000, 0x0000, 0x0000, 0x0000, 0x0000, 0x0000, 0x0000, 0x0000,
    0x0000, 0x0000, 0x0000, 0x0000, 0x0000, 0x0000, 0x0000, 0x0000, 0x0000, 0x0000, 0x0000, 0x0000,
    0x0000, 0x0000, 0x0000, 0x0000, 0x0000, 0x0000, 0x0000, 0x0000, 0x0000, 0x0000, 0x0000, 0x0000,
    0x0000, 0x0000, 0x0000, 0x0000, 0x0000, 0x0000, 0x0000, 0x0000, 0x0000, 0x0000, 0x0000, 0xE410,
    0xE510, 0x4719, 0x0922, 0x4A2A, 0x8E43, 0xA819, 0x8C4A, 0xEF62, 0xCE62, 0x4C52, 0x0B42, 0x0B4A,
    0x0B4A, 0x0B4A, 0x0B42, 0x4C52, 0xCE62, 0xEF62, 0xA929, 0x2922, 0x4C3B, 0x4A2A, 0x8819, 0x2611,
    0x2611, 0xA308, 0x0000, 0x0000, 0x0000, 0x0000, 0x0000, 0x0000, 0x0000, 0x0000, 0x0000, 0x0000,
    0x0000, 0x0000, 0x0000, 0x0000, 0x0000, 0x0000, 0x0000, 0x0000, 0x0000, 0x0000, 0x0000, 0x0000,
    0x0000, 0x0000, 0x0000, 0x0000, 0x0000, 0x0000, 0x0000, 0x0000, 0x0000, 0x0000, 0x0000, 0x0000,
    0x0000, 0x0000, 0x0000, 0x0000, 0x0000, 0x0000, 0x0000, 0x0000, 0x0000, 0x0000, 0x0000, 0x0000,
    0x0000, 0x0000, 0x0000, 0x0000, 0x0000, 0x0000, 0x0000, 0x0000, 0x0000, 0x0000, 0x0000, 0x0000,
    0x0000, 0x0000, 0x0000, 0x0000, 0x0000, 0x0000, 0x0000, 0x0000, 0x0000, 0x0000, 0x0000, 0x0000,
    0x2100, 0xA308, 0x2719, 0x6719, 0xCC3A, 0x0922, 0x8829, 0x8D5A, 0x8E5A, 0xAE62, 0xCE62, 0xCE62,
    0xCE62, 0xCE62, 0xCE62, 0xAE62, 0xCE62, 0x0B42, 0x4719, 0xCC32, 0x091A, 0x2711, 0xC410, 0x6208,
    0x2100, 0x0000, 0x0000, 0x0000, 0x0000, 0x0000, 0x0000, 0x0000, 0x0000, 0x0000, 0x0000, 0x0000,
    0x0000, 0x0000, 0x0000, 0x0000, 0x0000, 0x0000, 0x0000, 0x0000, 0x0000, 0x0000, 0x0000, 0x0000,
    0x0000, 0x0000, 0x0000, 0x0000, 0x0000, 0x0000, 0x0000, 0x0000, 0x0000, 0x0000, 0x0000, 0x0000,
    0x0000, 0x0000, 0x0000, 0x0000, 0x0000, 0x0000, 0x0000, 0x0000, 0x0000, 0x0000, 0x0000, 0x0000,
    0x0000, 0x0000, 0x0000, 0x0000, 0x0000, 0x0000, 0x0000, 0x0000, 0x0000, 0x0000, 0x0000, 0x0000,
    0x0000, 0x0000, 0x0000, 0x0000, 0x0000, 0x0000, 0x0000, 0x0000, 0x0000, 0x0000, 0x0000, 0x0000,
    0x0000, 0x0000, 0x8308, 0x8308, 0x8308, 0xC821, 0x2619, 0xAD5A, 0xEF6A, 0xCE62, 0xCE62, 0xCE62,
    0xCE62, 0xCE62, 0xCE62, 0xCE62, 0x0F6B, 0xEA31, 0x6719, 0x6619, 0x6300, 0x8308, 0x2100, 0x0000,
    0x0000, 0x0000, 0x0000, 0x0000, 0x0000, 0x0000, 0x0000, 0x0000, 0x0000, 0x0000, 0x0000, 0x0000,
    0x0000, 0x0000, 0x0000, 0x0000, 0x0000, 0x0000, 0x0000, 0x0000, 0x0000, 0x0000, 0x0000, 0x0000,
    0x0000, 0x0000, 0x0000, 0x0000, 0x0000, 0x0000, 0x0000, 0x0000, 0x0000, 0x0000, 0x0000, 0x0000,
    0x0000, 0x0000, 0x0000, 0x0000, 0x0000, 0x0000, 0x0000, 0x0000, 0x0000, 0x0000, 0x0000, 0x0000,
    0x0000, 0x0000, 0x0000, 0x0000, 0x0000, 0x0000, 0x0000, 0x0000, 0x0000, 0x0000, 0x0000, 0x0000,
    0x0000, 0x0000, 0x0000, 0x0000, 0x0000, 0x0000, 0x0000, 0x0000, 0x0000, 0x0000, 0x0000, 0x0000,
    0x0000, 0x0000, 0x0000, 0x0000, 0x0000, 0x6208, 0xA310, 0xE939, 0xE941, 0xE941, 0xE941, 0xE941,
    0xC939, 0xE939, 0xC939, 0xE939, 0x0A42, 0x4729, 0xA308, 0x4100, 0x0000, 0x0000, 0x0000, 0x0000,
    0x0000, 0x0000, 0x0000, 0x0000, 0x0000, 0x0000, 0x0000, 0x0000, 0x0000, 0x0000, 0x0000, 0x0000,
    0x0000, 0x0000, 0x0000, 0x0000, 0x0000, 0x0000, 0x0000, 0x0000, 0x0000, 0x0000, 0x0000, 0x0000,
    0x0000, 0x0000, 0x0000, 0x0000, 0x0000, 0x0000, 0x0000, 0x0000, 0x0000, 0x0000, 0x0000, 0x0000,
    0x0000, 0x0000, 0x0000, 0x0000, 0x0000, 0x0000, 0x0000, 0x0000, 0x0000, 0x0000, 0x0000, 0x0000,
    0x0000, 0x0000, 0x0000, 0x0000, 0x0000, 0x0000, 0x0000, 0x0000, 0x0000, 0x0000, 0x0000, 0x0000,
    0x0000, 0x0000, 0x0000, 0x0000, 0x0000, 0x0000, 0x0000, 0x0000, 0x0000, 0x0000, 0x0000, 0x0000,
    0x0000, 0x0000, 0x0000, 0x0000, 0x0000, 0x0000, 0x0000, 0x0000, 0x0000, 0x0000, 0x0000, 0x0000,
    0x0000, 0x0000, 0x0000, 0x0000, 0x0000, 0x0000, 0x0000, 0x0000, 0x0000, 0x0000, 0x0000, 0x0000,
    0x0000, 0x0000, 0x0000, 0x0000, 0x0000, 0x0000, 0x0000, 0x0000, 0x0000, 0x0000, 0x0000, 0x0000,
    0x0000, 0x0000, 0x0000, 0x0000, 0x0000, 0x0000, 0x0000, 0x0000, 0x0000, 0x0000, 0x0000, 0x0000,
    0x0000, 0x0000, 0x0000, 0x0000, 0x0000, 0x0000, 0x0000, 0x0000, 0x0000, 0x0000, 0x0000, 0x0000,
    0x0000, 0x0000, 0x0000, 0x0000, 0x0000, 0x0000, 0x0000, 0x0000, 0x0000, 0x0000, 0x0000, 0x0000,
    0x0000, 0x0000, 0x0000, 0x0000, 0x0000, 0x0000, 0x0000, 0x0000, 0x0000, 0x0000, 0x0000, 0x0000,
    0x0000, 0x0000, 0x0000, 0x0000, 0x0000, 0x0000, 0x0000, 0x0000, 0x0000, 0x0000, 0x0000, 0x0000,
    0x0000, 0x0000, 0x0000, 0x0000, 0x0000, 0x0000, 0x0000, 0x0000, 0x0000, 0x0000, 0x0000, 0x0000,
    0x0000, 0x0000, 0x0000, 0x0000, 0x0000, 0x0000, 0x0000, 0x0000, 0x0000, 0x0000, 0x0000, 0x0000,
    0x0000, 0x0000, 0x0000, 0x0000, 0x0000, 0x0000, 0x0000, 0x0000, 0x0000, 0x0000, 0x0000, 0x0000,
    0x0000, 0x0000, 0x0000, 0x0000, 0x0000, 0x0000, 0x0000, 0x0000, 0x0000, 0x0000, 0x0000, 0x0000,
    0x0000, 0x0000, 0x0000, 0x0000, 0x0000, 0x0000, 0x0000, 0x0000, 0x0000, 0x0000, 0x0000, 0x0000,
    0x0000, 0x0000, 0x0000, 0x0000, 0x0000, 0x0000, 0x0000, 0x0000, 0x0000, 0x0000, 0x0000, 0x0000,
    0x0000, 0x0000, 0x0000, 0x0000, 0x0000, 0x0000, 0x0000, 0x0000, 0x0000, 0x0000, 0x0000, 0x0000,
    0x0000, 0x0000, 0x0000, 0x0000, 0x0000, 0x0000, 0x0000, 0x0000, 0x0000, 0x0000, 0x0000, 0x0000,
    0x0000, 0x0000, 0x0000, 0x0000, 0x0000, 0x0000, 0x0000, 0x0000, 0x0000, 0x0000, 0x0000, 0x0000,
    0x0000, 0x0000, 0x0000, 0x0000, 0x0000, 0x0000, 0x0000, 0x0000, 0x0000, 0x0000, 0x0000, 0x0000,
    0x0000, 0x0000, 0x0000, 0x0000, 0x0000, 0x0000, 0x0000, 0x0000, 0x0000, 0x0000, 0x0000, 0x0000,
    0x0000, 0x0000, 0x0000, 0x0000, 0x0000, 0x0000, 0x0000, 0x0000, 0x0000, 0x0000, 0x0000, 0x0000,
    0x0000, 0x0000, 0x0000, 0x0000, 0x0000, 0x0000, 0x0000, 0x0000, 0x0000, 0x0000, 0x0000, 0x0000,
    0x0000, 0x0000, 0x0000, 0x0000, 0x0000, 0x0000, 0x0000, 0x0000, 0x0000, 0x0000, 0x0000, 0x0000,
    0x0000, 0x0000, 0x0000, 0x0000, 0x0000, 0x0000, 0x0000, 0x0000, 0x0000, 0x0000, 0x0000, 0x0000,
    0x0000, 0x0000, 0x0000, 0x0000, 0x0000, 0x0000, 0x0000, 0x0000, 0x0000, 0x0000, 0x0000, 0x0000,
    0x0000, 0x0000, 0x0000, 0x0000, 0x0000, 0x0000, 0x0000, 0x0000, 0x0000, 0x0000, 0x0000, 0x0000,
    0x0000, 0x0000, 0x0000, 0x0000, 0x0000, 0x0000, 0x0000, 0x0000, 0x0000, 0x0000, 0x0000, 0x0000,
    0x0000, 0x0000, 0x0000, 0x0000, 0x0000, 0x0000, 0x0000, 0x0000, 0x0000, 0x0000, 0x0000, 0x0000,
    0x0000, 0x0000, 0x0000, 0x0000, 0x0000, 0x0000, 0x0000, 0x0000, 0x0000, 0x0000, 0x0000, 0x0000,
    0x0000, 0x0000, 0x0000, 0x0000, 0x0000, 0x0000, 0x0000, 0x0000, 0x0000, 0x0000, 0x0000, 0x0000,
    0x0000, 0x0000, 0x0000, 0x0000, 0x0000, 0x0000, 0x0000, 0x0000, 0x0000, 0x0000, 0x0000, 0x0000,
    0x0000, 0x0000, 0x0000, 0x0000, 0x0000, 0x0000, 0x0000, 0x0000, 0x0000, 0x0000, 0x0000, 0x0000,
    0x0000, 0x0000, 0x0000, 0x0000, 0x0000, 0x0000, 0x0000, 0x0000, 0x0000, 0x0000, 0x0000, 0x0000,
    0x0000, 0x0000, 0x0000, 0x0000, 0x0000, 0x0000, 0x0000, 0x0000, 0x0000, 0x0000, 0x0000, 0x0000,
    0x0000, 0x0000, 0x0000, 0x0000, 0x0000, 0x0000, 0x0000, 0x0000, 0x0000, 0x0000, 0x0000, 0x0000,
    0x0000, 0x0000, 0x0000, 0x0000, 0x0000, 0x0000, 0x0000, 0x0000, 0x0000, 0x0000, 0x0000, 0x0000,
    0x0000, 0x0000, 0x0000, 0x0000, 0x0000, 0x0000, 0x0000, 0x0000, 0x0000, 0x0000, 0x0000, 0x0000,
    0x0000, 0x0000, 0x0000, 0x0000, 0x0000, 0x0000, 0x0000, 0x0000, 0x0000, 0x0000, 0x0000, 0x0000,
    0x0000, 0x0000, 0x0000, 0x0000, 0x0000, 0x0000, 0x0000, 0x0000, 0x0000, 0x0000, 0x0000, 0x0000,
    0x0000, 0x0000, 0x0000, 0x0000, 0x0000, 0x0000, 0x0000, 0x0000, 0x0000, 0x0000, 0x0000, 0x0000,
    0x0000, 0x0000, 0x0000, 0x0000, 0x0000, 0x0000, 0x0000, 0x0000, 0x0000, 0x0000, 0x0000, 0x0000,
    0x0000, 0x0000, 0x0000, 0x0000, 0x0000, 0x0000, 0x0000, 0x0000, 0x0000, 0x0000, 0x0000, 0x0000,
    0x0000, 0x0000, 0x0000, 0x0000, 0x0000, 0x0000, 0x0000, 0x0000, 0x0000, 0x0000, 0x0000, 0x0000,
    0x0000, 0x0000, 0x0000, 0x0000, 0x0000, 0x0000, 0x0000, 0x0000, 0x0000, 0x0000, 0x0000, 0x0000,
    0x0000, 0x0000, 0x0000, 0x0000, 0x0000, 0x0000, 0x0000, 0x0000, 0x0000, 0x0000, 0x0000, 0x0000,
    0x0000, 0x0000, 0x0000, 0x0000, 0x0000, 0x0000, 0x0000, 0x0000, 0x0000, 0x0000, 0x0000, 0x0000,
    0x0000, 0x0000, 0x0000, 0x0000, 0x0000, 0x0000, 0x0000, 0x0000, 0x0000, 0x0000, 0x0000, 0x0000,
    0x0000, 0x0000, 0x0000, 0x0000, 0x0000, 0x0000, 0x0000, 0x0000, 0x0000, 0x0000, 0x0000, 0x0000,
    0x0000, 0x0000, 0x0000, 0x0000, 0x0000, 0x0000, 0x0000, 0x0000, 0x0000, 0x0000, 0x0000, 0x0000,
    0x0000, 0x0000, 0x0000, 0x0000, 0x0000, 0x0000, 0x0000, 0x0000, 0x0000, 0x0000, 0x0000, 0x0000,
    0x0000, 0x0000, 0x0000, 0x0000, 0x0000, 0x0000, 0x0000, 0x0000, 0x0000, 0x0000, 0x0000, 0x0000,
    0x0000, 0x0000, 0x0000, 0x0000, 0x0000, 0x0000, 0x0000, 0x0000, 0x0000, 0x0000, 0x0000, 0x0000,
    0x0000, 0x0000, 0x0000, 0x0000, 0x0000, 0x0000, 0x0000, 0x0000, 0x0000, 0x0000, 0x0000, 0x0000,
    0x0000, 0x0000, 0x0000, 0x0000, 0x0000, 0x0000, 0x0000, 0x0000, 0x0000, 0x0000, 0x0000, 0x0000,
};

static const uint16_t ARGUS_SPR_ANNOYED[ARGUS_PIXELS] = {
    0x0000, 0x0000, 0x0000, 0x0000, 0x0000, 0x0000, 0x0000, 0x0000, 0x0000, 0x0000, 0x0000, 0x0000,
    0x0000, 0x0000, 0x0000, 0x0000, 0x0000, 0x0000, 0x0000, 0x0000, 0x0000, 0x0000, 0x0000, 0x0000,
    0x0000, 0x0000, 0x0000, 0x0000, 0x0000, 0x0000, 0x0000, 0x0000, 0x0000, 0x0000, 0x0000, 0x0000,
    0x0000, 0x0000, 0x0000, 0x0000, 0x0000, 0x0000, 0x0000, 0x0000, 0x0000, 0x0000, 0x0000, 0x0000,
    0x0000, 0x0000, 0x0000, 0x0000, 0x0000, 0x0000, 0x0000, 0x0000, 0x0000, 0x0000, 0x0000, 0x0000,
    0x0000, 0x0000, 0x0000, 0x0000, 0x0000, 0x0000, 0x0000, 0x0000, 0x0000, 0x0000, 0x0000, 0x0000,
    0x0000, 0x0000, 0x0000, 0x0000, 0x0000, 0x0000, 0x0000, 0x0000, 0x0000, 0x0000, 0x0000, 0x0000,
    0x0000, 0x0000, 0x0000, 0x0000, 0x0000, 0x0000, 0x0000, 0x0000, 0x0000, 0x0000, 0x0000, 0x0000,
    0x0000, 0x0000, 0x0000, 0x0000, 0x0000, 0x0000, 0x0000, 0x0000, 0x0000, 0x0000, 0x0000, 0x0000,
    0x0000, 0x0000, 0x0000, 0x0000, 0x0000, 0x0000, 0x0000, 0x0000, 0x0000, 0x0000, 0x0000, 0x0000,
    0x0000, 0x0000, 0x0000, 0x0000, 0x0000, 0x0000, 0x0000, 0x0000, 0x0000, 0x0000, 0x0000, 0x0000,
    0x0000, 0x0000, 0x0000, 0x0000, 0x0000, 0x0000, 0x0000, 0x0000, 0x0000, 0x0000, 0x0000, 0x0000,
    0x0000, 0x0000, 0x0000, 0x0000, 0x0000, 0x0000, 0x0000, 0x0000, 0x0000, 0x0000, 0x0000, 0x0000,
    0x0000, 0x0000, 0x0000, 0x0000, 0x0000, 0x0000, 0x0000, 0x0000, 0x0000, 0x0000, 0x0000, 0x0000,
    0x0000, 0x0000, 0x0000, 0x0000, 0x0000, 0x0000, 0x0000, 0x0000, 0x0000, 0x0000, 0x0000, 0x0000,
    0x0000, 0x0000, 0x0000, 0x0000, 0x0000, 0x0000, 0x0000, 0x0000, 0x0000, 0x0000, 0x0000, 0x0000,
    0x0000, 0x0000, 0x0000, 0x0000, 0x0000, 0x0000, 0x0000, 0x0000, 0x0000, 0x0000, 0x0000, 0x0000,
    0x0000, 0x0000, 0x0000, 0x0000, 0x0000, 0x0000, 0x0000, 0x0000, 0x0000, 0x0000, 0x0000, 0x0000,
    0x0000, 0x0000, 0x0000, 0x0000, 0x0000, 0x0000, 0x0000, 0x0000, 0x0000, 0x0000, 0x0000, 0x0000,
    0x0000, 0x0000, 0x0000, 0x0000, 0x0000, 0x0000, 0x0000, 0x0000, 0x0000, 0x0000, 0x6208, 0x6208,
    0x8308, 0x6208, 0x0000, 0x0000, 0x0000, 0x0000, 0x0000, 0x0000, 0x0000, 0x0000, 0x0000, 0x0000,
    0x0000, 0x0000, 0x0000, 0x0000, 0x0000, 0x0000, 0x0000, 0x0000, 0x0000, 0x0000, 0x0000, 0x0000,
    0x0000, 0x0000, 0x0000, 0x0000, 0x0000, 0x0000, 0x0000, 0x0000, 0x0000, 0x0000, 0x0000, 0x0000,
    0x0000, 0x0000, 0x0000, 0x0000, 0x0000, 0x0000, 0x0000, 0x0000, 0x0000, 0x0000, 0x0000, 0x0000,
    0x0000, 0x0000, 0x0000, 0x0000, 0x0000, 0x0000, 0x0000, 0x0000, 0x0000, 0x0000, 0x0000, 0x0000,
    0x0000, 0x0000, 0x0000, 0x0000, 0x0000, 0x0000, 0x0000, 0x0000, 0x0000, 0x0000, 0x0000, 0x0000,
    0x0000, 0x0000, 0x0000, 0x0000, 0x0000, 0x0000, 0x0000, 0x0000, 0x0000, 0x0000, 0x0000, 0x0000,
    0x0000, 0x0000, 0x0000, 0x0000, 0x0000, 0x0000, 0x0000, 0x0000, 0x2100, 0x2100, 0xA852, 0xAA73,
    0xAA73, 0x884A, 0x4000, 0x2000, 0x0000, 0x0000, 0x0000, 0x0000, 0x0000, 0x0000, 0x0000, 0x0000,
    0x0000, 0x0000, 0x0000, 0x0000, 0x0000, 0x0000, 0x0000, 0x0000, 0x0000, 0x0000, 0x0000, 0x0000,
    0x0000, 0x0000, 0x0000, 0x0000, 0x0000, 0x0000, 0x0000, 0x0000, 0x0000, 0x0000, 0x0000, 0x0000,
    0x0000, 0x0000, 0x0000, 0x0000, 0x0000, 0x0000, 0x0000, 0x0000, 0x0000, 0x0000, 0x0000, 0x0000,
    0x0000, 0x0000, 0x0000, 0x0000, 0x0000, 0x0000, 0x0000, 0x0000, 0x0000, 0x0000, 0x0000, 0x0000,
    0x0000, 0x0000, 0x0000, 0x0000, 0x0000, 0x0000, 0x0000, 0x0000, 0x0000, 0x0000, 0x0000, 0x0000,
    0x0000, 0x0000, 0x0000, 0x0000, 0x0000, 0x0000, 0x0000, 0x0000, 0x0000, 0x0000, 0x0000, 0x0000,
    0x0000, 0x0000, 0x0000, 0x0000, 0x0000, 0x4100, 0x4521, 0x2421, 0xA631, 0xCC7B, 0x30A5, 0x12BE,
    0x33BE, 0x71AD, 0x2E84, 0x8531, 0x2421, 0x0421, 0x2100, 0x0000, 0x0000, 0x0000, 0x0000, 0x0000,
    0x0000, 0x0000, 0x0000, 0x0000, 0x0000, 0x0000, 0x0000, 0x0000, 0x0000, 0x0000, 0x0000, 0x0000,
    0x0000, 0x0000, 0x0000, 0x0000, 0x0000, 0x0000, 0x0000, 0x0000, 0x0000, 0x0000, 0x0000, 0x0000,
    0x0000, 0x0000, 0x0000, 0x0000, 0x0000, 0x0000, 0x0000, 0x0000, 0x0000, 0x0000, 0x0000, 0x0000,
    0x0000, 0x0000, 0x0000, 0x0000, 0x0000, 0x0000, 0x0000, 0x0000, 0x0000, 0x0000, 0x0000, 0x0000,
    0x0000, 0x0000, 0x0000, 0x0000, 0x0000, 0x0000, 0x0000, 0x0000, 0x0000, 0x0000, 0x0000, 0x0000,
    0x0000, 0x0000, 0x0000, 0x0000, 0x0000, 0x0000, 0x0000, 0x0000, 0x0000, 0x0000, 0x0000, 0x0000,
    0x0000, 0x0000, 0x0000, 0x8308, 0xE510, 0x0419, 0x0D84, 0x2FA5, 0x8E8C, 0x55BE, 0xB8CE, 0x7BE7,
    0x9BE7, 0xD8CE, 0x14B6, 0x4D8C, 0xAE94, 0x0C84, 0xE318, 0xC410, 0x6208, 0x2000, 0x2000, 0x0000,
    0x0000, 0x0000, 0x0000, 0x0000, 0x0000, 0x0000, 0x0000, 0x0000, 0x0000, 0x0000, 0x0000, 0x0000,
    0x0000, 0x0000, 0x0000, 0x0000, 0x0000, 0x0000, 0x0000, 0x0000, 0x0000, 0x0000, 0x0000, 0x0000,
    0x0000, 0x0000, 0x0000, 0x0000, 0x0000, 0x0000, 0x0000, 0x0000, 0x0000, 0x0000, 0x0000, 0x0000,
    0x0000, 0x0000, 0x0000, 0x0000, 0x0000, 0x0000, 0x0000, 0x0000, 0x0000, 0x0000, 0x0000, 0x0000,
    0x0000, 0x0000, 0x0000, 0x0000, 0x0000, 0x0000, 0x0000, 0x0000, 0x0000, 0x0000, 0x0000, 0x0000,
    0x0000, 0x0000, 0x0000, 0x0000, 0x0000, 0x0000, 0x0000, 0x0000, 0x0000, 0x0000, 0x0000, 0x0000,
    0x2100, 0xC408, 0x8719, 0x292A, 0x8621, 0x8A6B, 0x6FAD, 0x54C6, 0x92A5, 0x56BE, 0xB8C6, 0x9CE7,
    0x7BE7, 0xB8C6, 0xF5AD, 0x3095, 0x95C6, 0x4FA5, 0xEB73, 0xA621, 0xA821, 0x8719, 0xA308, 0x2100,
    0x0000, 0x0000, 0x0000, 0x0000, 0x0000, 0x0000, 0x0000, 0x0000, 0x0000, 0x0000, 0x0000, 0x0000,
    0x0000, 0x0000, 0x0000, 0x0000, 0x0000, 0x0000, 0x0000, 0x0000, 0x0000, 0x0000, 0x0000, 0x0000,
    0x0000, 0x0000, 0x0000, 0x0000, 0x0000, 0x0000, 0x0000, 0x0000, 0x0000, 0x0000, 0x0000, 0x0000,
    0x0000, 0x0000, 0x0000, 0x0000, 0x0000, 0x0000, 0x0000, 0x0000, 0x0000, 0x0000, 0x0000, 0x0000,
    0x0000, 0x0000, 0x0000, 0x0000, 0x0000, 0x0000, 0x0000, 0x0000, 0x0000, 0x0000, 0x0000, 0x0000,
    0x0000, 0x0000, 0x0000, 0x0000, 0x0000, 0x0000, 0x0000, 0x0000, 0x0000, 0x0000, 0x4200, 0xA408,
    0x4619, 0x6A2A, 0x4D3B, 0xEB3A, 0x095B, 0xED9C, 0x34BE, 0x39D7, 0xB39D, 0x55B6, 0x97C6, 0x9BE7,
    0x7BE7, 0xB8C6, 0x35B6, 0x5295, 0x19CF, 0xB7C6, 0x2E9D, 0x8A6B, 0xCA3A, 0xEB32, 0x8B2A, 0x8719,
    0x8308, 0x4208, 0x0000, 0x0000, 0x0000, 0x0000, 0x0000, 0x0000, 0x0000, 0x0000, 0x0000, 0x0000,
    0x0000, 0x0000, 0x0000, 0x0000, 0x0000, 0x0000, 0x0000, 0x0000, 0x0000, 0x0000, 0x0000, 0x0000,
    0x0000, 0x0000, 0x0000, 0x0000, 0x0000, 0x0000, 0x0000, 0x0000, 0x0000, 0x0000, 0x0000, 0x0000,
    0x0000, 0x0000, 0x0000, 0x0000, 0x0000, 0x0000, 0x0000, 0x0000, 0x0000, 0x0000, 0x0000, 0x0000,
    0x0000, 0x0000, 0x0000, 0x0000, 0x0000, 0x0000, 0x0000, 0x0000, 0x0000, 0x0000, 0x0000, 0x0000,
    0x0000, 0x0000, 0x0000, 0x0000, 0x0000, 0x0000, 0x0000, 0x0000, 0x0000, 0x8308, 0x8821, 0x092A,
    0xAB32, 0x0F4C, 0x2B33, 0x2953, 0x4FA5, 0x0F9D, 0x97CE, 0x19D7, 0xB4A5, 0x7295, 0x56BE, 0x5ADF,
    0x5ADF, 0x77BE, 0x3195, 0x739D, 0x19D7, 0xF9D6, 0xEF94, 0xCD94, 0xAB63, 0x8C43, 0xAE3B, 0x6A22,
    0x0A2A, 0x2611, 0x8308, 0x0000, 0x0000, 0x0000, 0x0000, 0x0000, 0x0000, 0x0000, 0x0000, 0x0000,
    0x0000, 0x0000, 0x0000, 0x0000, 0x0000, 0x0000, 0x0000, 0x0000, 0x0000, 0x0000, 0x0000, 0x0000,
    0x0000, 0x0000, 0x0000, 0x0000, 0x0000, 0x0000, 0x0000, 0x0000, 0x0000, 0x0000, 0x0000, 0x0000,
    0x0000, 0x0000, 0x0000, 0x0000, 0x0000, 0x0000, 0x0000, 0x0000, 0x0000, 0x0000, 0x0000, 0x0000,
    0x0000, 0x0000, 0x0000, 0x0000, 0x0000, 0x0000, 0x0000, 0x0000, 0x0000, 0x0000, 0x0000, 0x0000,
    0x0000, 0x0000, 0x0000, 0x0000, 0x0000, 0x0000, 0x2100, 0x2100, 0xC410, 0x6719, 0x0C3B, 0x705C,
    0x0F44, 0x8C3B, 0x6A4B, 0x0F9D, 0xD2AD, 0x729D, 0x77C6, 0x3ADF, 0xF5AD, 0x1295, 0x56BE, 0xF9CE,
    0xF9CE, 0x77BE, 0xD18C, 0xD4A5, 0x5BDF, 0xB8C6, 0x3295, 0x14B6, 0x71A5, 0xCC5B, 0xAD3B, 0x8D33,
    0x4D33, 0xCC32, 0xA821, 0x0511, 0x2000, 0x2000, 0x0000, 0x0000, 0x0000, 0x0000, 0x0000, 0x0000,
    0x0000, 0x0000, 0x0000, 0x0000, 0x0000, 0x0000, 0x0000, 0x0000, 0x0000, 0x0000, 0x0000, 0x0000,
    0x0000, 0x0000, 0x0000, 0x0000, 0x0000, 0x0000, 0x0000, 0x0000, 0x0000, 0x0000, 0x0000, 0x0000,
    0x0000, 0x0000, 0x0000, 0x0000, 0x0000, 0x0000, 0x0000, 0x0000, 0x0000, 0x0000, 0x0000, 0x0000,
    0x0000, 0x0000, 0x0000, 0x0000, 0x0000, 0x0000, 0x0000, 0x0000, 0x0000, 0x0000, 0x0000, 0x0000,
    0x0000, 0x0000, 0x0000, 0x0000, 0x0000, 0x6208, 0xA308, 0xC408, 0x2611, 0x2609, 0x2C33, 0x9054,
    0x0E44, 0x0B2B, 0x2953, 0xD2B5, 0xF9D6, 0xB4A5, 0x15B6, 0x3ADF, 0x57BE, 0x1295, 0x56BE, 0x19CF,
    0x19CF, 0x77BE, 0xF18C, 0xF5AD, 0x1AD7, 0x36BE, 0x539D, 0x3AD7, 0x15B6, 0x4B53, 0xEB2A, 0x704C,
    0x704C, 0x2C3B, 0x4611, 0x4611, 0xA308, 0x8300, 0x6208, 0x0000, 0x0000, 0x0000, 0x0000, 0x0000,
    0x0000, 0x0000, 0x0000, 0x0000, 0x0000, 0x0000, 0x0000, 0x0000, 0x0000, 0x0000, 0x0000, 0x0000,
    0x0000, 0x0000, 0x0000, 0x0000, 0x0000, 0x0000, 0x0000, 0x0000, 0x0000, 0x0000, 0x0000, 0x0000,
    0x0000, 0x0000, 0x0000, 0x0000, 0x0000, 0x0000, 0x0000, 0x0000, 0x0000, 0x0000, 0x0000, 0x0000,
    0x0000, 0x0000, 0x0000, 0x0000, 0x0000, 0x0000, 0x0000, 0x0000, 0x0000, 0x0000, 0x0000, 0x0000,
    0x0000, 0x0000, 0x0000, 0x0000, 0x4100, 0x2519, 0x148D, 0x959D, 0x9595, 0xB695, 0x6D43, 0xEB2A,
    0x6D3B, 0x8A2A, 0xC94A, 0xD3AD, 0x3ADF, 0xF5AD, 0x93A5, 0x1AD7, 0x97C6, 0x1195, 0x36B6, 0xB7C6,
    0x97C6, 0x36BE, 0xD194, 0x36BE, 0x19D7, 0x539D, 0xD5AD, 0x3BDF, 0xD4AD, 0x4B5B, 0x8A2A, 0x8E3B,
    0xAA22, 0x2C43, 0x7595, 0x7595, 0x7595, 0x348D, 0xA721, 0x2100, 0x2000, 0x0000, 0x0000, 0x0000,
    0x0000, 0x0000, 0x0000, 0x0000, 0x0000, 0x0000, 0x0000, 0x0000, 0x0000, 0x0000, 0x0000, 0x0000,
    0x0000, 0x0000, 0x0000, 0x0000, 0x0000, 0x0000, 0x0000, 0x0000, 0x0000, 0x0000, 0x0000, 0x0000,
    0x0000, 0x0000, 0x0000, 0x0000, 0x0000, 0x0000, 0x0000, 0x0000, 0x0000, 0x0000, 0x0000, 0x0000,
    0x0000, 0x0000, 0x0000, 0x0000, 0x0000, 0x0000, 0x0000, 0x0000, 0x0000, 0x0000, 0x0000, 0x0000,
    0x0000, 0x0000, 0x0000, 0x4100, 0x0832, 0x7595, 0x7CD7, 0x3AC7, 0xFABE, 0x3BC7, 0xDAB6, 0x7164,
    0x2D3B, 0x8A3A, 0xEA5A, 0x529D, 0xF9CE, 0x36B6, 0x329D, 0x56BE, 0x97C6, 0x129D, 0xD5AD, 0x36B6,
    0x36BE, 0xB4AD, 0x129D, 0x98CE, 0x77C6, 0x129D, 0x77C6, 0xD9CE, 0x329D, 0xCA52, 0xEC42, 0xCB2A,
    0x516C, 0xD9BE, 0x3BCF, 0xD9BE, 0xFABE, 0x3BCF, 0xB69D, 0x2932, 0x2000, 0x0000, 0x0000, 0x0000,
    0x0000, 0x0000, 0x0000, 0x0000, 0x0000, 0x0000, 0x0000, 0x0000, 0x0000, 0x0000, 0x0000, 0x0000,
    0x0000, 0x0000, 0x0000, 0x0000, 0x0000, 0x0000, 0x0000, 0x0000, 0x0000, 0x0000, 0x0000, 0x0000,
    0x0000, 0x0000, 0x0000, 0x0000, 0x0000, 0x0000, 0x0000, 0x0000, 0x0000, 0x0000, 0x0000, 0x0000,
    0x0000, 0x0000, 0x0000, 0x0000, 0x0000, 0x0000, 0x0000, 0x0000, 0x0000, 0x0000, 0x0000, 0x0000,
    0x0000, 0x0000, 0x4208, 0x6300, 0x5074, 0x7CCF, 0x57A6, 0x1375, 0xF264, 0x126D, 0x98A6, 0x1ABF,
    0x716C, 0xA942, 0x4D84, 0x1195, 0xF5AD, 0x76BE, 0x73A5, 0x73A5, 0x35B6, 0x74A5, 0x339D, 0x15B6,
    0x15B6, 0x339D, 0x73A5, 0x97C6, 0x94A5, 0x94A5, 0xB8CE, 0xD5AD, 0xF094, 0x8E8C, 0x893A, 0xAF53,
    0xFAC6, 0xD9BE, 0x547D, 0xF36C, 0x547D, 0x379E, 0x7CCF, 0x5174, 0xE510, 0x2100, 0x0000, 0x0000,
    0x0000, 0x0000, 0x0000, 0x0000, 0x0000, 0x0000, 0x0000, 0x0000, 0x0000, 0x0000, 0x0000, 0x0000,
    0x0000, 0x0000, 0x0000, 0x0000, 0x0000, 0x0000, 0x0000, 0x0000, 0x0000, 0x0000, 0x0000, 0x0000,
    0x0000, 0x0000, 0x0000, 0x0000, 0x0000, 0x0000, 0x0000, 0x0000, 0x0000, 0x0000, 0x0000, 0x0000,
    0x0000, 0x0000, 0x0000, 0x0000, 0x0000, 0x0000, 0x0000, 0x0000, 0x0000, 0x0000, 0x0000, 0x0000,
    0x0000, 0x0000, 0x6200, 0x6619, 0xD69D, 0x379E, 0xB15C, 0x0F44, 0x925C, 0x915C, 0xF264, 0xD9AE,
    0x137D, 0xC84A, 0xD2B5, 0xB4A5, 0xF194, 0x15B6, 0xF5B5, 0x329D, 0xD4AD, 0x16BE, 0x53A5, 0xF5B5,
    0xF5B5, 0x53A5, 0x16BE, 0xF5B5, 0x329D, 0x36BE, 0x36BE, 0x1295, 0xB3AD, 0x70AD, 0x673A, 0x716C,
    0x1ABF, 0x9164, 0x7154, 0x925C, 0xEF4B, 0xD264, 0xD9B6, 0xF7A5, 0x4A32, 0x6200, 0x0000, 0x0000,
    0x0000, 0x0000, 0x0000, 0x0000, 0x0000, 0x0000, 0x0000, 0x0000, 0x0000, 0x0000, 0x0000, 0x0000,
    0x0000, 0x0000, 0x0000, 0x0000, 0x0000, 0x0000, 0x0000, 0x0000, 0x0000, 0x0000, 0x0000, 0x0000,
    0x0000, 0x0000, 0x0000, 0x0000, 0x0000, 0x0000, 0x0000, 0x0000, 0x0000, 0x0000, 0x0000, 0x0000,
    0x0000, 0x0000, 0x0000, 0x0000, 0x0000, 0x0000, 0x0000, 0x0000, 0x0000, 0x0000, 0x0000, 0x0100,
    0x0100, 0x4200, 0x8619, 0xCE53, 0xD9BE, 0x1275, 0x2F54, 0x589E, 0x9585, 0xB585, 0xF264, 0xF264,
    0xB16C, 0xC84A, 0xCF94, 0xF5B5, 0x129D, 0x329D, 0x16B6, 0x94A5, 0x73A5, 0xF5B5, 0x53A5, 0xF5AD,
    0xD5AD, 0x54A5, 0xF5B5, 0x53A5, 0xB4AD, 0x16B6, 0x339D, 0x339D, 0x35B6, 0xCE94, 0xC94A, 0xD274,
    0x715C, 0x715C, 0xB264, 0xB58D, 0x78A6, 0x2F54, 0x948D, 0x3BC7, 0xEF53, 0x8719, 0x2100, 0x0000,
    0x0000, 0x0000, 0x0000, 0x0000, 0x0000, 0x0000, 0x0000, 0x0000, 0x0000, 0x0000, 0x0000, 0x0000,
    0x0000, 0x0000, 0x0000, 0x0000, 0x0000, 0x0000, 0x0000, 0x0000, 0x0000, 0x0000, 0x0000, 0x0000,
    0x0000, 0x0000, 0x0000, 0x0000, 0x0000, 0x0000, 0x0000, 0x0000, 0x0000, 0x0000, 0x0000, 0x0000,
    0x0000, 0x0000, 0x0000, 0x0000, 0x0000, 0x0000, 0x0000, 0x0000, 0x0000, 0x2100, 0x0519, 0x8829,
    0x8829, 0x8721, 0x4D3B, 0x6D3B, 0x57A6, 0xF695, 0xB58D, 0x1BBF, 0x7164, 0x8E43, 0x136D, 0x3054,
    0xD26C, 0xCA42, 0x2A63, 0x319D, 0xB4AD, 0xF294, 0x339D, 0xF5B5, 0x539D, 0x74A5, 0x53A5, 0xF5B5,
    0xD5AD, 0x74A5, 0x74A5, 0x53A5, 0x36BE, 0x53A5, 0x1295, 0xD4AD, 0xD094, 0x4B63, 0x693A, 0x7164,
    0x715C, 0x757D, 0x8E43, 0xB16C, 0x5BCF, 0x958D, 0xD595, 0xB595, 0x6D3B, 0x0C33, 0x8621, 0x8629,
    0x8629, 0x0419, 0x0000, 0x0000, 0x0000, 0x0000, 0x0000, 0x0000, 0x0000, 0x0000, 0x0000, 0x0000,
    0x0000, 0x0000, 0x0000, 0x0000, 0x0000, 0x0000, 0x0000, 0x0000, 0x0000, 0x0000, 0x0000, 0x0000,
    0x0000, 0x0000, 0x0000, 0x0000, 0x0000, 0x0000, 0x0000, 0x0000, 0x0000, 0x0000, 0x0000, 0x0000,
    0x0000, 0x0000, 0x0000, 0x0000, 0x0000, 0x0000, 0x0000, 0x0000, 0x2100, 0x8308, 0x116C, 0x9DDF,
    0x5CD7, 0xDABE, 0x0F4C, 0x8A22, 0x926C, 0x178E, 0x5475, 0x3896, 0x515C, 0xAF43, 0xF36C, 0x715C,
    0x8E43, 0x4D43, 0xAA3A, 0x2A63, 0xF194, 0x94AD, 0xF294, 0x53A5, 0x94AD, 0x1295, 0x539D, 0x94A5,
    0x94A5, 0x549D, 0x74A5, 0xD5AD, 0x94A5, 0x129D, 0xB4AD, 0x129D, 0x2B5B, 0xAA3A, 0x6D43, 0xAE43,
    0x515C, 0x9685, 0xCF4B, 0x0F54, 0x1796, 0x5475, 0xF68D, 0x8D4B, 0xCB2A, 0x6D43, 0x78AE, 0x1BCF,
    0x5CD7, 0xB27C, 0xA308, 0x0000, 0x0000, 0x0000, 0x0000, 0x0000, 0x0000, 0x0000, 0x0000, 0x0000,
    0x0000, 0x0000, 0x0000, 0x0000, 0x0000, 0x0000, 0x0000, 0x0000, 0x0000, 0x0000, 0x0000, 0x0000,
    0x0000, 0x0000, 0x0000, 0x0000, 0x0000, 0x0000, 0x0000, 0x0000, 0x0000, 0x0000, 0x0000, 0x0000,
    0x0000, 0x0000, 0x0000, 0x0000, 0x0000, 0x0000, 0x0000, 0x0000, 0x2100, 0x8B42, 0xB9BE, 0xB9B6,
    0x379E, 0xD9B6, 0xDAB6, 0x5164, 0x4A22, 0xAF4B, 0x5154, 0x1054, 0xEC3A, 0x4D3B, 0x357D, 0x315C,
    0x7264, 0xB695, 0xB274, 0x893A, 0x0A5B, 0xB094, 0x94A5, 0x1295, 0x129D, 0x339D, 0x917C, 0xD27C,
    0xD27C, 0xD27C, 0x749D, 0x73A5, 0x1295, 0xD5AD, 0xD08C, 0x0A5B, 0xAA3A, 0x3064, 0xF79D, 0xD374,
    0x315C, 0xF374, 0x8E43, 0x0C33, 0x104C, 0x5154, 0x4D3B, 0x6922, 0xAE4B, 0xB8B6, 0xF9BE, 0x98B6,
    0x36A6, 0xFAC6, 0x2D5B, 0x0100, 0x0000, 0x0000, 0x0000, 0x0000, 0x0000, 0x0000, 0x0000, 0x0000,
    0x0000, 0x0000, 0x0000, 0x0000, 0x0000, 0x0000, 0x0000, 0x0000, 0x0000, 0x0000, 0x0000, 0x0000,
    0x0000, 0x0000, 0x0000, 0x0000, 0x0000, 0x0000, 0x0000, 0x0000, 0x0000, 0x0000, 0x0000, 0x0000,
    0x0000, 0x0000, 0x0000, 0x0000, 0x0000, 0x0000, 0x0000, 0x2000, 0x0100, 0x4D53, 0x5BCF, 0xD26C,
    0xD264, 0xF68D, 0xB9AE, 0x58A6, 0xEF5B, 0x6E43, 0x8F43, 0x8E43, 0x926C, 0x7164, 0x315C, 0x315C,
    0x758D, 0x58B6, 0x548D, 0x0C43, 0x6942, 0x894A, 0xEE73, 0x539D, 0x1295, 0xB27C, 0x137D, 0x38A6,
    0x389E, 0x7585, 0x3485, 0x3395, 0x749D, 0x0F74, 0xCA52, 0x8942, 0x6D4B, 0x7585, 0x58AE, 0x758D,
    0x9264, 0xF053, 0x515C, 0x926C, 0xCF4B, 0x8E43, 0x6E43, 0x105C, 0x37A6, 0xB8B6, 0x379E, 0x3375,
    0x9064, 0x1BC7, 0x8E63, 0x0100, 0x0000, 0x0000, 0x0000, 0x0000, 0x0000, 0x0000, 0x0000, 0x0000,
    0x0000, 0x0000, 0x0000, 0x0000, 0x0000, 0x0000, 0x0000, 0x0000, 0x0000, 0x0000, 0x0000, 0x0000,
    0x0000, 0x0000, 0x0000, 0x0000, 0x0000, 0x0000, 0x0000, 0x0000, 0x0000, 0x0000, 0x0000, 0x0000,
    0x0000, 0x0000, 0x0000, 0x0000, 0x0000, 0x0000, 0x0000, 0x0000, 0x0100, 0xEC4A, 0xD9BE, 0xB16C,
    0x7154, 0xD264, 0xB585, 0xDAB6, 0x58A6, 0x9164, 0x9264, 0x715C, 0x9264, 0xD374, 0x716C, 0x7164,
    0x926C, 0x958D, 0xD374, 0x0B4B, 0x273A, 0x073A, 0xA94A, 0x8D5B, 0xD27C, 0x7164, 0x58A6, 0x58AE,
    0x58B6, 0x58A6, 0xB26C, 0x9174, 0x6C5B, 0xA94A, 0x684A, 0xE731, 0x4D4B, 0x347D, 0xD695, 0x7164,
    0xF053, 0x1054, 0xF374, 0x515C, 0x715C, 0xB164, 0x715C, 0x58A6, 0xFABE, 0x179E, 0x9164, 0x715C,
    0xD695, 0x59AE, 0xAC42, 0x0100, 0x0000, 0x0000, 0x0000, 0x0000, 0x0000, 0x0000, 0x0000, 0x0000,
    0x0000, 0x0000, 0x0000, 0x0000, 0x0000, 0x0000, 0x0000, 0x0000, 0x0000, 0x0000, 0x0000, 0x0000,
    0x0000, 0x0000, 0x0000, 0x0000, 0x0000, 0x0000, 0x0000, 0x0000, 0x0000, 0x0000, 0x0000, 0x0000,
    0x0000, 0x0000, 0x0000, 0x0000, 0x0000, 0x0000, 0x0000, 0x2100, 0xE510, 0x6A32, 0x38A6, 0x5CC7,
    0x305C, 0x8E43, 0xB264, 0xD36C, 0x1054, 0x137D, 0x38A6, 0x179E, 0x7164, 0xCF53, 0x716C, 0xD37C,
    0xCF4B, 0xAE43, 0x0F64, 0x8D8C, 0xEB7B, 0xC85A, 0x8D8C, 0xC84A, 0x0C43, 0x105C, 0x58A6, 0x57B6,
    0x79B6, 0x179E, 0x105C, 0x8A32, 0x8842, 0x2B84, 0x8752, 0x8A7B, 0x2D84, 0xCD5B, 0x6D4B, 0xAE4B,
    0x9264, 0x515C, 0x515C, 0xEF4B, 0x379E, 0x57AE, 0x7485, 0xEF53, 0x347D, 0x3475, 0xEF4B, 0xF053,
    0xDBB6, 0x758D, 0xAB32, 0xE510, 0x2100, 0x0000, 0x0000, 0x0000, 0x0000, 0x0000, 0x0000, 0x0000,
    0x0000, 0x0000, 0x0000, 0x0000, 0x0000, 0x0000, 0x0000, 0x0000, 0x0000, 0x0000, 0x0000, 0x0000,
    0x0000, 0x0000, 0x0000, 0x0000, 0x0000, 0x0000, 0x0000, 0x0000, 0x0000, 0x0000, 0x0000, 0x0000,
    0x0000, 0x0000, 0x0000, 0x0000, 0x0000, 0x0000, 0x0000, 0x0000, 0xC821, 0x4D3B, 0xCB2A, 0x2D3B,
    0xAF4B, 0x7264, 0xD374, 0x305C, 0x4D3B, 0x3475, 0x169E, 0xF69D, 0x5164, 0x8E4B, 0x506C, 0x1295,
    0xF18C, 0x4D7C, 0x4FA5, 0x31CE, 0x4EB5, 0x865A, 0x6FAD, 0xAE94, 0xEA4A, 0xEC3A, 0x137D, 0xD68D,
    0xB68D, 0x347D, 0x2D43, 0x0A53, 0xCE9C, 0xCDA4, 0x0542, 0x6B9C, 0x0FD6, 0xEDA4, 0x6E84, 0x1285,
    0xD274, 0x305C, 0x4D43, 0x916C, 0x57AE, 0x16A6, 0x958D, 0x2C3B, 0xCF4B, 0x7164, 0x515C, 0xAF4B,
    0x0D3B, 0x2D3B, 0xD053, 0x8721, 0x0100, 0x0000, 0x0000, 0x0000, 0x0000, 0x0000, 0x0000, 0x0000,
    0x0000, 0x0000, 0x0000, 0x0000, 0x0000, 0x0000, 0x0000, 0x0000, 0x0000, 0x0000, 0x0000, 0x0000,
    0x0000, 0x0000, 0x0000, 0x0000, 0x0000, 0x0000, 0x0000, 0x0000, 0x0000, 0x0000, 0x0000, 0x0000,
    0x0000, 0x0000, 0x0000, 0x0000, 0x0000, 0x0000, 0x0000, 0x2000, 0x2511, 0x0C33, 0x8E43, 0x6E43,
    0x4D3B, 0x515C, 0x758D, 0xB374, 0x8F43, 0x515C, 0x137D, 0x137D, 0x0F64, 0xCD63, 0x2D7C, 0x0EA5,
    0xCFC5, 0x50D6, 0x10D6, 0x8EBD, 0x2B94, 0x474A, 0x073A, 0xC631, 0xC729, 0x6619, 0xCC32, 0x9264,
    0xB364, 0x0D43, 0x8619, 0xE731, 0x063A, 0xE631, 0x8529, 0x897B, 0x2DB5, 0xEFD5, 0xCFCD, 0x90B5,
    0xCE94, 0x2D7C, 0xAD63, 0xCE53, 0x137D, 0x5485, 0xD26C, 0x4D43, 0xD374, 0xD695, 0x7164, 0x0C3B,
    0x8E4B, 0x315C, 0xCF53, 0x4619, 0x2100, 0x0000, 0x0000, 0x0000, 0x0000, 0x0000, 0x0000, 0x0000,
    0x0000, 0x0000, 0x0000, 0x0000, 0x0000, 0x0000, 0x0000, 0x0000, 0x0000, 0x0000, 0x0000, 0x0000,
    0x0000, 0x0000, 0x0000, 0x0000, 0x0000, 0x0000, 0x0000, 0x0000, 0x0000, 0x0000, 0x0000, 0x0000,
    0x0000, 0x0000, 0x0000, 0x0000, 0x0000, 0x0000, 0x0000, 0x0000, 0x2619, 0x968D, 0x179E, 0xF795,
    0x1054, 0x4D43, 0x147D, 0x5164, 0xD053, 0xAE53, 0x6D53, 0xAC63, 0x4D84, 0x4FB5, 0x8EC5, 0xEFCD,
    0x4DB5, 0xAC9C, 0x0863, 0x274A, 0xA639, 0xA831, 0x8C4A, 0x2E63, 0x0D63, 0x2E63, 0x0A3A, 0x0A32,
    0x4A32, 0x2A3A, 0xED5A, 0xAB52, 0xCC52, 0x6B4A, 0x8729, 0x8631, 0xA539, 0xA75A, 0xADA4, 0x2EB5,
    0xCFCD, 0xD0C5, 0x0EAD, 0x0C7C, 0xAD63, 0xAD53, 0xCF53, 0xAF4B, 0xB26C, 0x958D, 0x8E4B, 0xAF4B,
    0xD69D, 0x99B6, 0xF7A5, 0x4619, 0x0000, 0x0000, 0x0000, 0x0000, 0x0000, 0x0000, 0x0000, 0x0000,
    0x0000, 0x0000, 0x0000, 0x0000, 0x0000, 0x0000, 0x0000, 0x0000, 0x0000, 0x0000, 0x0000, 0x0000,
    0x0000, 0x0000, 0x0000, 0x0000, 0x0000, 0x0000, 0x0000, 0x0000, 0x0000, 0x0000, 0x0000, 0x0000,
    0x0000, 0x0000, 0x0000, 0x0000, 0x0000, 0x0000, 0x0000, 0x0100, 0x4719, 0x9595, 0x58AE, 0xF69D,
    0x3164, 0x2D3B, 0x926C, 0x8E53, 0x4C53, 0x6B63, 0x8A6B, 0x6C94, 0xD0C5, 0x0DAD, 0x2B8C, 0xE862,
    0xA95A, 0xE739, 0x093A, 0x0D5B, 0xAF73, 0xAF73, 0x9294, 0xF29C, 0xB294, 0x3084, 0xCF7B, 0x8E73,
    0x6E6B, 0xAF73, 0xAE7B, 0x9194, 0xB194, 0x718C, 0x8E6B, 0x4D63, 0x0D5B, 0xA731, 0xA731, 0x074A,
    0x2A6B, 0x286B, 0x0EAD, 0x8FC5, 0xADA4, 0x0C7C, 0x8C5B, 0x8D53, 0xAE4B, 0xF374, 0x8E43, 0x7164,
    0x379E, 0x37A6, 0x959D, 0x6619, 0x0000, 0x0000, 0x0000, 0x0000, 0x0000, 0x0000, 0x0000, 0x0000,
    0x0000, 0x0000, 0x0000, 0x0000, 0x0000, 0x0000, 0x0000, 0x0000, 0x0000, 0x0000, 0x0000, 0x0000,
    0x0000, 0x0000, 0x0000, 0x0000, 0x0000, 0x0000, 0x0000, 0x0000, 0x0000, 0x0000, 0x0000, 0x0000,
    0x0000, 0x0000, 0x0000, 0x0000, 0x0000, 0x0000, 0x0000, 0x2100, 0x6719, 0xF37C, 0x137D, 0xB274,
    0x6E4B, 0x4D43, 0x8D53, 0x0A53, 0x2963, 0xEB7B, 0xEA7B, 0x496B, 0x496B, 0x274A, 0xE841, 0x2A4A,
    0xCD5A, 0xD073, 0xD294, 0xB3AD, 0xF4B5, 0xD3B5, 0xD3AD, 0xD3B5, 0x319D, 0x329D, 0x339D, 0x129D,
    0x129D, 0xF29C, 0xF19C, 0x52A5, 0x92A5, 0x92A5, 0xB2AD, 0xB3AD, 0xD4AD, 0x918C, 0xEF7B, 0x4E6B,
    0x2A4A, 0x8B52, 0xA95A, 0x496B, 0xEB83, 0xCB83, 0x0C84, 0x6B63, 0x2B53, 0xEF5B, 0x6E43, 0xAF43,
    0xF36C, 0xD26C, 0xB274, 0x4619, 0x0000, 0x0000, 0x0000, 0x0000, 0x0000, 0x0000, 0x0000, 0x0000,
    0x0000, 0x0000, 0x0000, 0x0000, 0x0000, 0x0000, 0x0000, 0x0000, 0x0000, 0x0000, 0x0000, 0x0000,
    0x0000, 0x0000, 0x0000, 0x0000, 0x0000, 0x0000, 0x0000, 0x0000, 0x0000, 0x0000, 0x0000, 0x0000,
    0x0000, 0x0000, 0x0000, 0x0000, 0x0000, 0x0000, 0x0000, 0x2100, 0x0511, 0xCC3A, 0xCF53, 0x8E4B,
    0x2D43, 0x2B4B, 0x295B, 0xAA73, 0x8A73, 0xC852, 0x0632, 0x6621, 0xA831, 0x6C52, 0xAD5A, 0x318C,
    0x73AD, 0xB3AD, 0xD2AD, 0xB2AD, 0x91A5, 0xB2A5, 0xB2AD, 0xB3AD, 0xB194, 0x0C5B, 0x2C63, 0x4C5B,
    0x2C5B, 0x2C63, 0xEB5A, 0xCE73, 0x73A5, 0xB2A5, 0x92A5, 0xB2A5, 0x92A5, 0xD3AD, 0xF4B5, 0x94AD,
    0x518C, 0x4F6B, 0x6B4A, 0xE939, 0x6521, 0x073A, 0xE95A, 0x8A73, 0xAB73, 0x2A53, 0x0C4B, 0x2D3B,
    0xEF4B, 0xCF4B, 0xCC3A, 0xC410, 0x0000, 0x0000, 0x0000, 0x0000, 0x0000, 0x0000, 0x0000, 0x0000,
    0x0000, 0x0000, 0x0000, 0x0000, 0x0000, 0x0000, 0x0000, 0x0000, 0x0000, 0x0000, 0x0000, 0x0000,
    0x0000, 0x0000, 0x0000, 0x0000, 0x0000, 0x0000, 0x0000, 0x0000, 0x0000, 0x0000, 0x0000, 0x0000,
    0x0000, 0x0000, 0x0000, 0x0000, 0x0000, 0x0000, 0x2000, 0x0000, 0xA408, 0x2A2A, 0xF053, 0x4D4B,
    0x0A53, 0x2A63, 0xAB73, 0xA852, 0xC731, 0x8621, 0x8721, 0xA829, 0x0F63, 0x0F6B, 0x1084, 0x92A5,
    0xD2AD, 0x91A5, 0x91A5, 0x91A5, 0x91A5, 0xB2AD, 0xF4B5, 0xAF73, 0xA829, 0x0922, 0xA819, 0x2719,
    0x2619, 0x6709, 0x6A2A, 0x6721, 0x4D6B, 0x93AD, 0xD3AD, 0x92A5, 0xB2A5, 0x92A5, 0x92A5, 0xB2AD,
    0xD4B5, 0xD29C, 0x4F73, 0xEF62, 0x0A3A, 0x6721, 0x4619, 0xC731, 0x8852, 0xAB73, 0x4A63, 0x0B4B,
    0x0C3B, 0xF053, 0x292A, 0x8208, 0x0000, 0x0000, 0x0000, 0x0000, 0x0000, 0x0000, 0x0000, 0x0000,
    0x0000, 0x0000, 0x0000, 0x0000, 0x0000, 0x0000, 0x0000, 0x0000, 0x0000, 0x0000, 0x0000, 0x0000,
    0x0000, 0x0000, 0x0000, 0x0000, 0x0000, 0x0000, 0x0000, 0x0000, 0x0000, 0x0000, 0x0000, 0x0000,
    0x0000, 0x0000, 0x0000, 0x0000, 0x0000, 0x0000, 0x0000, 0x2000, 0x2100, 0x8721, 0xCB42, 0x2A53,
    0x8B73, 0x4A63, 0x073A, 0x8621, 0x292A, 0xA721, 0x0A3A, 0x6C52, 0xED62, 0xF29C, 0x92A5, 0xB1A5,
    0x91A5, 0xB1A5, 0x91A5, 0x91A5, 0x91A5, 0x93AD, 0x8D6B, 0x6729, 0x0C33, 0xB55D, 0x4D33, 0xA831,
    0xCC42, 0xF34C, 0xF665, 0x5064, 0xA829, 0x4D6B, 0x53A5, 0xB2AD, 0x92A5, 0x92A5, 0x92A5, 0x92A5,
    0x92A5, 0xB3AD, 0xF29C, 0x2E6B, 0xCE62, 0x8829, 0x8719, 0xE921, 0x8721, 0x073A, 0x0A63, 0x8B6B,
    0x0A53, 0xCB42, 0x6721, 0x2100, 0x0000, 0x0000, 0x0000, 0x0000, 0x0000, 0x0000, 0x0000, 0x0000,
    0x0000, 0x0000, 0x0000, 0x0000, 0x0000, 0x0000, 0x0000, 0x0000, 0x0000, 0x0000, 0x0000, 0x0000,
    0x0000, 0x0000, 0x0000, 0x0000, 0x0000, 0x0000, 0x0000, 0x0000, 0x0000, 0x0000, 0x0000, 0x0000,
    0x0000, 0x0000, 0x0000, 0x0000, 0x0000, 0x0000, 0x0000, 0x0000, 0x0000, 0x6200, 0x283A, 0xCC73,
    0xC952, 0xC729, 0xC821, 0x6A32, 0x492A, 0x6721, 0x8D5A, 0xAD62, 0xB194, 0xD2AD, 0x91A5, 0x91A5,
    0x92A5, 0xB1A5, 0x91A5, 0x91A5, 0xB2AD, 0xEF7B, 0xE620, 0xAE63, 0x978E, 0x5235, 0x8E2B, 0x0619,
    0xE829, 0xEF33, 0x524D, 0x779E, 0xD28C, 0x6731, 0x6D6B, 0xD3B5, 0x92A5, 0x92A5, 0x91A5, 0x91A5,
    0x91A5, 0x91A5, 0xB2AD, 0xF29C, 0xCD62, 0x2B4A, 0x6821, 0xE921, 0x4A32, 0xA821, 0xA729, 0x894A,
    0xAC73, 0x8942, 0x8208, 0x0000, 0x0000, 0x0000, 0x0000, 0x0000, 0x0000, 0x0000, 0x0000, 0x0000,
    0x0000, 0x0000, 0x0000, 0x0000, 0x0000, 0x0000, 0x0000, 0x0000, 0x0000, 0x0000, 0x0000, 0x0000,
    0x0000, 0x0000, 0x0000, 0x0000, 0x0000, 0x0000, 0x0000, 0x0000, 0x0000, 0x0000, 0x0000, 0x0000,
    0x0000, 0x0000, 0x0000, 0x0000, 0x0000, 0x0000, 0x0000, 0x0000, 0x0000, 0x6208, 0x083A, 0x283A,
    0x8721, 0xC921, 0xAB32, 0x6D43, 0x8A2A, 0x0A3A, 0xCE62, 0x0E6B, 0xB3AD, 0xB1A5, 0x91A5, 0x92A5,
    0xB1A5, 0xB1A5, 0x91A5, 0x91A5, 0xB2AD, 0x0F84, 0xC939, 0xEC5A, 0xB48D, 0x9355, 0xD03C, 0x8922,
    0x8922, 0x2E3C, 0xF47D, 0x76AE, 0xEF73, 0xA839, 0x8E73, 0x92AD, 0x91A5, 0x91A5, 0x91A5, 0x91A5,
    0x91A5, 0x91A5, 0xB1A5, 0x92AD, 0xED62, 0x8D5A, 0xC931, 0xE819, 0x2D33, 0xCC32, 0x092A, 0x6721,
    0x4942, 0x293A, 0x6208, 0x0000, 0x0000, 0x0000, 0x0000, 0x0000, 0x0000, 0x0000, 0x0000, 0x0000,
    0x0000, 0x0000, 0x0000, 0x0000, 0x0000, 0x0000, 0x0000, 0x0000, 0x0000, 0x0000, 0x0000, 0x0000,
    0x0000, 0x0000, 0x0000, 0x0000, 0x0000, 0x0000, 0x0000, 0x0000, 0x0000, 0x0000, 0x0000, 0x0000,
    0x0000, 0x0000, 0x0000, 0x0000, 0x0000, 0x0000, 0x0000, 0x0000, 0x0000, 0x6208, 0xC510, 0x6719,
    0x2A2A, 0x0C3B, 0x6E43, 0x6D43, 0xCC3A, 0xE931, 0xCE6A, 0xEE6A, 0x93AD, 0xB2AD, 0xB2AD, 0x92AD,
    0xB2AD, 0xB2AD, 0xB2A5, 0x91A5, 0x91A5, 0xB2AD, 0x508C, 0x4A4A, 0xCC52, 0xD16C, 0x926D, 0xB36D,
    0xB46D, 0xB375, 0xD495, 0xAD6B, 0xE839, 0xEF7B, 0x72A5, 0x91A5, 0x91A5, 0x91A5, 0x91A5, 0x91A5,
    0x91A5, 0x91A5, 0xB1A5, 0x93AD, 0x6F73, 0xCE5A, 0xEA31, 0x6B2A, 0x2D3B, 0x6E3B, 0xEC32, 0x2A2A,
    0x4719, 0x2619, 0x6208, 0x0000, 0x0000, 0x0000, 0x0000, 0x0000, 0x0000, 0x0000, 0x0000, 0x0000,
    0x0000, 0x0000, 0x0000, 0x0000, 0x0000, 0x0000, 0x0000, 0x0000, 0x0000, 0x0000, 0x0000, 0x0000,
    0x0000, 0x0000, 0x0000, 0x0000, 0x0000, 0x0000, 0x0000, 0x0000, 0x0000, 0x0000, 0x0000, 0x0000,
    0x0000, 0x0000, 0x0000, 0x0000, 0x0000, 0x0000, 0x0000, 0x0000, 0x0000, 0x6208, 0x0511, 0x8B32,
    0x2C3B, 0x8E43, 0x0C33, 0xAB32, 0xC921, 0xEA39, 0x0E6B, 0x308C, 0xB3AD, 0xB2AD, 0xB2AD, 0x92AD,
    0xB2AD, 0x92A5, 0x91A5, 0x91A5, 0xD2AD, 0xF3B5, 0xF4B5, 0xB194, 0xCC5A, 0xC831, 0x0832, 0x2932,
    0x2932, 0x493A, 0x083A, 0x2942, 0x5084, 0xF4B5, 0x13B6, 0xF2AD, 0x91A5, 0x91A5, 0x91A5, 0x92A5,
    0x91A5, 0x92A5, 0xB2A5, 0xD3B5, 0x9194, 0xCD5A, 0x0B3A, 0x6719, 0xAB2A, 0xCB2A, 0xAE43, 0x4D3B,
    0x2A2A, 0x4719, 0x6208, 0x0000, 0x0000, 0x0000, 0x0000, 0x0000, 0x0000, 0x0000, 0x0000, 0x0000,
    0x0000, 0x0000, 0x0000, 0x0000, 0x0000, 0x0000, 0x0000, 0x0000, 0x0000, 0x0000, 0x0000, 0x0000,
    0x0000, 0x0000, 0x0000, 0x0000, 0x0000, 0x0000, 0x0000, 0x0000, 0x0000, 0x0000, 0x0000, 0x0000,
    0x0000, 0x0000, 0x0000, 0x0000, 0x0000, 0x0000, 0x0000, 0x0000, 0x0000, 0x6208, 0x2611, 0xEC32,
    0x6D43, 0xAB2A, 0xCB2A, 0xEC3A, 0x2719, 0x6C52, 0x6F73, 0x73A5, 0xD2AD, 0xB2A5, 0x92A5, 0x92A5,
    0x91A5, 0xB2AD, 0xF3B5, 0x14B6, 0x4E7C, 0x6C63, 0xCD73, 0xF29C, 0x718C, 0xAF7B, 0x8E73, 0xAF7B,
    0xAF73, 0x8F73, 0xAF73, 0x718C, 0x32A5, 0x2F7C, 0x2C5B, 0x8C6B, 0xB3AD, 0xF3B5, 0xB2AD, 0x91A5,
    0x91A5, 0x91A5, 0x91A5, 0xB2AD, 0xB3AD, 0xF07B, 0xAD5A, 0x6821, 0xAC32, 0x4D3B, 0xAB2A, 0x8E3B,
    0xEC3A, 0x2719, 0x4200, 0x0000, 0x0000, 0x0000, 0x0000, 0x0000, 0x0000, 0x0000, 0x0000, 0x0000,
    0x0000, 0x0000, 0x0000, 0x0000, 0x0000, 0x0000, 0x0000, 0x0000, 0x0000, 0x0000, 0x0000, 0x0000,
    0x0000, 0x0000, 0x0000, 0x0000, 0x0000, 0x0000, 0x0000, 0x0000, 0x0000, 0x0000, 0x0000, 0x0000,
    0x0000, 0x0000, 0x0000, 0x0000, 0x0000, 0x0000, 0x0000, 0x0000, 0x0000, 0x6208, 0x2611, 0xEC32,
    0xCB2A, 0xAA2A, 0xAE43, 0x8B32, 0x6821, 0xAE62, 0xAF7B, 0xB3AD, 0x91A5, 0x91A5, 0xD2AD, 0x13B6,
    0x34BE, 0x52A5, 0x0E74, 0x507C, 0x693A, 0xA719, 0x8721, 0x6E6B, 0xD19C, 0x2F84, 0x508C, 0x708C,
    0x708C, 0x508C, 0x308C, 0xD19C, 0x718C, 0xA831, 0x6719, 0xC721, 0xAD63, 0xEE6B, 0x1195, 0x14B6,
    0xF3B5, 0xF3AD, 0x91A5, 0x91A5, 0xD3B5, 0x508C, 0xAD5A, 0x8821, 0x6A22, 0x0F4C, 0xEB2A, 0x8A22,
    0x8B2A, 0x4719, 0x4208, 0x0000, 0x0000, 0x0000, 0x0000, 0x0000, 0x0000, 0x0000, 0x0000, 0x0000,
    0x0000, 0x0000, 0x0000, 0x0000, 0x0000, 0x0000, 0x0000, 0x0000, 0x0000, 0x0000, 0x0000, 0x0000,
    0x0000, 0x0000, 0x0000, 0x0000, 0x0000, 0x0000, 0x0000, 0x0000, 0x0000, 0x0000, 0x0000, 0x0000,
    0x0000, 0x0000, 0x0000, 0x0000, 0x0000, 0x0000, 0x0000, 0x0000, 0x0000, 0x6208, 0x4711, 0xCB32,
    0xAB2A, 0x8E3B, 0x2C3B, 0xE921, 0x6829, 0x8D5A, 0x8F73, 0xD3AD, 0xF3B5, 0x14B6, 0xD094, 0xCE73,
    0x2F7C, 0x2C53, 0xE821, 0x2822, 0x2C3B, 0x2F54, 0x292A, 0x8831, 0x33A5, 0x72AD, 0x71A5, 0x51A5,
    0x51A5, 0x72A5, 0x71A5, 0x73AD, 0x8B52, 0x6719, 0x8E43, 0x8E43, 0x6922, 0x291A, 0x0C43, 0x0F74,
    0xEE73, 0x4F84, 0xF4B5, 0xF3B5, 0xD2AD, 0x3084, 0x8C52, 0x6821, 0xE919, 0x4C3B, 0xEF4B, 0xCB2A,
    0x4A2A, 0x4719, 0x4200, 0x0000, 0x0000, 0x0000, 0x0000, 0x0000, 0x0000, 0x0000, 0x0000, 0x0000,
    0x0000, 0x0000, 0x0000, 0x0000, 0x0000, 0x0000, 0x0000, 0x0000, 0x0000, 0x0000, 0x0000, 0x0000,
    0x0000, 0x0000, 0x0000, 0x0000, 0x0000, 0x0000, 0x0000, 0x0000, 0x0000, 0x0000, 0x0000, 0x0000,
    0x0000, 0x0000, 0x0000, 0x0000, 0x0000, 0x0000, 0x0000, 0x0000, 0x0000, 0x8308, 0x6711, 0xCB2A,
    0xCE43, 0xAE43, 0xAB2A, 0x2A2A, 0x6821, 0x6D5A, 0x1184, 0x129D, 0xA94A, 0xCA4A, 0xE829, 0xA719,
    0xC719, 0xCB2A, 0x8D43, 0xAE43, 0x2D3B, 0x6A2A, 0x8821, 0x4B4A, 0x518C, 0xB3AD, 0xB2AD, 0xB1AD,
    0xB1AD, 0xB1AD, 0xD2AD, 0xF29C, 0x6C52, 0x6829, 0xE921, 0x8B2A, 0x6E3B, 0xAE3B, 0xEB2A, 0xE819,
    0xC819, 0xE829, 0x6942, 0x894A, 0x529D, 0x718C, 0x8D52, 0x6821, 0x0922, 0x8B2A, 0x8D3B, 0xAE43,
    0x6A2A, 0x4719, 0x4200, 0x0000, 0x0000, 0x0000, 0x0000, 0x0000, 0x0000, 0x0000, 0x0000, 0x0000,
    0x0000, 0x0000, 0x0000, 0x0000, 0x0000, 0x0000, 0x0000, 0x0000, 0x0000, 0x0000, 0x0000, 0x0000,
    0x0000, 0x0000, 0x0000, 0x0000, 0x0000, 0x0000, 0x0000, 0x0000, 0x0000, 0x0000, 0x0000, 0x0000,
    0x0000, 0x0000, 0x0000, 0x0000, 0x0000, 0x0000, 0x0000, 0x0000, 0x0000, 0x6308, 0xA819, 0x6D33,
    0xEE43, 0x4D3B, 0x4D3B, 0x4A2A, 0x8829, 0xCE62, 0xCD5A, 0xC731, 0x4611, 0xE819, 0x6A2A, 0x0C33,
    0xCB32, 0x8A22, 0x8A2A, 0xC819, 0x6719, 0x4821, 0x4C4A, 0x0F6B, 0xAD62, 0x3084, 0xB3AD, 0x92A5,
    0x92A5, 0xB2AD, 0x32A5, 0x2E6B, 0xCE62, 0xAD5A, 0xAA31, 0x4821, 0xA821, 0x4A22, 0xCB32, 0xEC32,
    0x2D3B, 0xCB32, 0x0922, 0xC819, 0x2932, 0x4E63, 0xCE5A, 0x6829, 0xE921, 0xAB2A, 0x8A22, 0xAE43,
    0x4D3B, 0x6719, 0x4200, 0x0000, 0x0000, 0x0000, 0x0000, 0x0000, 0x0000, 0x0000, 0x0000, 0x0000,
    0x0000, 0x0000, 0x0000, 0x0000, 0x0000, 0x0000, 0x0000, 0x0000, 0x0000, 0x0000, 0x0000, 0x0000,
    0x0000, 0x0000, 0x0000, 0x0000, 0x0000, 0x0000, 0x0000, 0x0000, 0x0000, 0x0000, 0x0000, 0x0000,
    0x0000, 0x0000, 0x0000, 0x0000, 0x0000, 0x0000, 0x0000, 0x0000, 0x2000, 0xA408, 0xA819, 0x8E43,
    0xEB2A, 0x8D3B, 0x4D3B, 0x2A2A, 0xA829, 0x2F6B, 0x8829, 0x0511, 0xE921, 0xE921, 0xC821, 0xA819,
    0x8719, 0xA821, 0x8821, 0xC939, 0x4C4A, 0xAD5A, 0xEE62, 0xCE62, 0xCE62, 0xEE6A, 0x32A5, 0xB2AD,
    0xB2AD, 0x72A5, 0x8F7B, 0xAE62, 0xCE62, 0xCF62, 0xCF62, 0x4C52, 0xEA41, 0xEA39, 0x8821, 0xA821,
    0xA821, 0xA819, 0xC821, 0xC821, 0x0611, 0x8829, 0xEE62, 0x8829, 0xA819, 0xCB32, 0xEB2A, 0xEC2A,
    0x8E43, 0x8819, 0x8408, 0x2000, 0x0000, 0x0000, 0x0000, 0x0000, 0x0000, 0x0000, 0x0000, 0x0000,
    0x0000, 0x0000, 0x0000, 0x0000, 0x0000, 0x0000, 0x0000, 0x0000, 0x0000, 0x0000, 0x0000, 0x0000,
    0x0000, 0x0000, 0x0000, 0x0000, 0x0000, 0x0000, 0x0000, 0x0000, 0x0000, 0x0000, 0x0000, 0x0000,
    0x0000, 0x0000, 0x0000, 0x0000, 0x0000, 0x0000, 0x0000, 0x0000, 0xA310, 0x0619, 0xC508, 0x8711,
    0x0C3B, 0xAE43, 0xAA2A, 0x4A2A, 0x8829, 0x0F6B, 0x2B4A, 0xEA39, 0xCA39, 0xEA39, 0x0A3A, 0xEA39,
    0x0A42, 0xCD5A, 0xCE62, 0x0E63, 0xEE62, 0xCE62, 0xAE62, 0xCE62, 0xCE62, 0xCE62, 0xB194, 0x13B6,
    0xF3B5, 0x53A5, 0x0E6B, 0xAE62, 0xCE62, 0xAE62, 0xAE62, 0xCE62, 0x0F6B, 0xEE6A, 0xCD5A, 0x0A42,
    0xEA39, 0xEA39, 0xCA39, 0xA931, 0xA931, 0xEA41, 0xEE62, 0x8929, 0x8811, 0xEC2A, 0xAE3B, 0xCC32,
    0xA819, 0x0711, 0x2719, 0x8308, 0x0000, 0x0000, 0x0000, 0x0000, 0x0000, 0x0000, 0x0000, 0x0000,
    0x0000, 0x0000, 0x0000, 0x0000, 0x0000, 0x0000, 0x0000, 0x0000, 0x0000, 0x0000, 0x0000, 0x0000,
    0x0000, 0x0000, 0x0000, 0x0000, 0x0000, 0x0000, 0x0000, 0x0000, 0x0000, 0x0000, 0x0000, 0x0000,
    0x0000, 0x0000, 0x0000, 0x0000, 0x0000, 0x0000, 0x0000, 0x0000, 0x8308, 0x4721, 0x8A4A, 0x293A,
    0x8719, 0x8B2A, 0xEB32, 0x0922, 0xA829, 0xEE6A, 0xEF6A, 0x0F6B, 0x5073, 0x6C52, 0xA931, 0xA931,
    0xA931, 0xA931, 0x6829, 0x4729, 0xC939, 0xAD5A, 0xCE62, 0xCE62, 0xCE62, 0xAD62, 0x508C, 0x14B6,
    0x13B6, 0x12A5, 0xAD62, 0xAE62, 0xAE62, 0xAE62, 0xCF62, 0x0B4A, 0x6829, 0xA931, 0xCA39, 0xEA39,
    0xA931, 0x8829, 0xEA39, 0xEE62, 0xCE62, 0xAE62, 0xCE62, 0xA929, 0x2922, 0x4D33, 0x8E3B, 0x0922,
    0x6A42, 0x2D63, 0xA929, 0x6308, 0x0000, 0x2000, 0x0000, 0x0000, 0x0000, 0x0000, 0x0000, 0x0000,
    0x0000, 0x0000, 0x0000, 0x0000, 0x0000, 0x0000, 0x0000, 0x0000, 0x0000, 0x0000, 0x0000, 0x0000,
    0x0000, 0x0000, 0x0000, 0x0000, 0x0000, 0x0000, 0x0000, 0x0000, 0x0000, 0x0000, 0x0000, 0x0000,
    0x0000, 0x0000, 0x0000, 0x0000, 0x0000, 0x0000, 0x0000, 0x0000, 0x4200, 0x0832, 0x94A5, 0x94AD,
    0x0C53, 0xA819, 0xEC32, 0xAB32, 0xA929, 0xCE62, 0xAE62, 0xCE62, 0xA931, 0x8719, 0x081A, 0x291A,
    0x8719, 0x2611, 0xC819, 0x692A, 0xA721, 0x4729, 0x8D5A, 0xCE62, 0xCE62, 0x8D5A, 0x9194, 0xF3B5,
    0xF2B5, 0x129D, 0xAC5A, 0x8E62, 0xAE62, 0xAE62, 0xA939, 0x6721, 0x692A, 0x0922, 0x4719, 0x8719,
    0x0812, 0x281A, 0x8719, 0x2721, 0x6C52, 0xAE62, 0xCE62, 0x8829, 0xAB2A, 0x0C33, 0xE821, 0xAE6B,
    0x94B5, 0x33A5, 0xC831, 0x6208, 0x0000, 0x2000, 0x0000, 0x0000, 0x0000, 0x0000, 0x0000, 0x0000,
    0x0000, 0x0000, 0x0000, 0x0000, 0x0000, 0x0000, 0x0000, 0x0000, 0x0000, 0x0000, 0x0000, 0x0000,
    0x0000, 0x0000, 0x0000, 0x0000, 0x0000, 0x0000, 0x0000, 0x0000, 0x0000, 0x0000, 0x0000, 0x0000,
    0x0000, 0x0000, 0x0000, 0x0000, 0x0000, 0x0000, 0x0000, 0x0000, 0x4200, 0x493A, 0xB18C, 0x2D63,
    0xB294, 0xAB42, 0x6A22, 0x4D3B, 0x8829, 0xEE62, 0xEE6A, 0xED62, 0x8831, 0x8D4B, 0x1566, 0x766E,
    0x2F4C, 0x6A1A, 0x1255, 0xB686, 0xB385, 0xEC52, 0x8831, 0xCE62, 0x8E62, 0xAD62, 0x52A5, 0xD2AD,
    0xD2AD, 0xB3AD, 0x0E6B, 0x6D5A, 0xCF62, 0xCB41, 0x4A42, 0x127D, 0x3476, 0x325D, 0x492A, 0x0F44,
    0x145E, 0x5576, 0x916C, 0xC939, 0xAD62, 0x6F7B, 0x2F6B, 0x8829, 0xAB2A, 0x6A22, 0x8A42, 0xD39C,
    0xAE7B, 0xD29C, 0xC831, 0x4200, 0x0000, 0x0000, 0x0000, 0x0000, 0x0000, 0x0000, 0x0000, 0x0000,
    0x0000, 0x0000, 0x0000, 0x0000, 0x0000, 0x0000, 0x0000, 0x0000, 0x0000, 0x0000, 0x0000, 0x0000,
    0x0000, 0x0000, 0x0000, 0x0000, 0x0000, 0x0000, 0x0000, 0x0000, 0x0000, 0x0000, 0x0000, 0x0000,
    0x0000, 0x0000, 0x0000, 0x0000, 0x0000, 0x0000, 0x0000, 0x0000, 0x4208, 0x293A, 0xD294, 0xAD5A,
    0x4F6B, 0xEC52, 0x8A2A, 0x6D3B, 0x6821, 0x2E6B, 0x53A5, 0x52A5, 0xF083, 0xF073, 0xD274, 0x1275,
    0x9274, 0x1164, 0x7164, 0x3285, 0x739D, 0x518C, 0x8C5A, 0x907B, 0x0F6B, 0xAD5A, 0x32A5, 0xD2AD,
    0xB2AD, 0xB3B5, 0x0D6B, 0x8D62, 0x2F73, 0x8D5A, 0x518C, 0x15AE, 0x906C, 0xD26C, 0x5174, 0xB26C,
    0xF264, 0x3385, 0x7184, 0xF083, 0xF2A4, 0xD5BD, 0xB07B, 0x8829, 0xAB2A, 0x4922, 0xEC5A, 0xCD62,
    0xCD6A, 0xD29C, 0xA731, 0x4200, 0x0000, 0x0000, 0x0000, 0x0000, 0x0000, 0x0000, 0x0000, 0x0000,
    0x0000, 0x0000, 0x0000, 0x0000, 0x0000, 0x0000, 0x0000, 0x0000, 0x0000, 0x0000, 0x0000, 0x0000,
    0x0000, 0x0000, 0x0000, 0x0000, 0x0000, 0x0000, 0x0000, 0x0000, 0x0000, 0x0000, 0x0000, 0x0000,
    0x0000, 0x0000, 0x0000, 0x0000, 0x0000, 0x0000, 0x0000, 0x0000, 0x6208, 0x293A, 0xB18C, 0xCD62,
    0xAE5A, 0x4721, 0x8A2A, 0x4D3B, 0x8829, 0x4E6B, 0xB3AD, 0xD2B5, 0x93AD, 0x9194, 0xAF7B, 0xAF7B,
    0xB07B, 0xCF7B, 0xCF7B, 0xAF7B, 0x907B, 0x0E73, 0x1084, 0xD5B5, 0xB07B, 0x8C5A, 0x52A5, 0xD2B5,
    0xB2AD, 0xD2AD, 0xED6A, 0xCD62, 0x74AD, 0x6F7B, 0x4F73, 0xF083, 0xAF7B, 0xAF73, 0xAF73, 0xD07B,
    0xCF73, 0xCF7B, 0x9194, 0xF4B5, 0xD3B5, 0xB3B5, 0xB07B, 0xA829, 0xCB2A, 0x6A2A, 0x2721, 0x6C52,
    0x6F73, 0xF19C, 0xA729, 0x2100, 0x0000, 0x0000, 0x0000, 0x0000, 0x0000, 0x0000, 0x0000, 0x0000,
    0x0000, 0x0000, 0x0000, 0x0000, 0x0000, 0x0000, 0x0000, 0x0000, 0x0000, 0x0000, 0x0000, 0x0000,
    0x0000, 0x0000, 0x0000, 0x0000, 0x0000, 0x0000, 0x0000, 0x0000, 0x0000, 0x0000, 0x0000, 0x0000,
    0x0000, 0x0000, 0x0000, 0x0000, 0x0000, 0x0000, 0x0000, 0x0000, 0x6208, 0x293A, 0xF294, 0x2E6B,
    0x8D5A, 0x4721, 0x6A22, 0x6D3B, 0xA829, 0x6E73, 0xB3AD, 0xD2AD, 0xD2AD, 0xB2AD, 0x31A5, 0x32A5,
    0x119D, 0x32A5, 0x53AD, 0xD3A4, 0x6F7B, 0x6F7B, 0x32A5, 0xF4B5, 0xF083, 0xED62, 0x73AD, 0xD2B5,
    0xB2AD, 0xD2AD, 0x2D6B, 0x0D6B, 0x93AD, 0x708C, 0x2E73, 0x4F7B, 0x318C, 0x33A5, 0x33A5, 0x32A5,
    0x129D, 0x52A5, 0xD3B5, 0xB2AD, 0xB2AD, 0xB3B5, 0xD07B, 0xC929, 0xEC32, 0x8A2A, 0x6829, 0x8D5A,
    0xAF7B, 0x32A5, 0xC731, 0x4200, 0x0000, 0x0000, 0x0000, 0x0000, 0x0000, 0x0000, 0x0000, 0x0000,
    0x0000, 0x0000, 0x0000, 0x0000, 0x0000, 0x0000, 0x0000, 0x0000, 0x0000, 0x0000, 0x0000, 0x0000,
    0x0000, 0x0000, 0x0000, 0x0000, 0x0000, 0x0000, 0x0000, 0x0000, 0x0000, 0x0000, 0x0000, 0x0000,
    0x0000, 0x0000, 0x0000, 0x0000, 0x0000, 0x0000, 0x0000, 0x0000, 0x8308, 0xC829, 0x2F7C, 0x1084,
    0x8D52, 0x6821, 0x8A22, 0x6D3B, 0xA929, 0x6F73, 0xB3AD, 0xD2AD, 0xB2AD, 0xB1AD, 0xB2AD, 0xB2AD,
    0xB2AD, 0xD194, 0x7194, 0x8F7B, 0xAF7B, 0x53A5, 0xD3B5, 0xB3AD, 0xB194, 0x718C, 0x93AD, 0xF3B5,
    0xD2AD, 0xB2AD, 0x708C, 0x2F84, 0x51A5, 0xB2AD, 0xF19C, 0xAF7B, 0x4E73, 0x708C, 0xF19C, 0xD3B5,
    0xD3AD, 0xD2AD, 0xB2AD, 0xB2AD, 0xB2AD, 0xB3AD, 0xD07B, 0xC931, 0xEC32, 0xAB2A, 0x8831, 0x8D5A,
    0x9194, 0x2F84, 0x8729, 0x4208, 0x0000, 0x0000, 0x0000, 0x0000, 0x0000, 0x0000, 0x0000, 0x0000,
    0x0000, 0x0000, 0x0000, 0x0000, 0x0000, 0x0000, 0x0000, 0x0000, 0x0000, 0x0000, 0x0000, 0x0000,
    0x0000, 0x0000, 0x0000, 0x0000, 0x0000, 0x0000, 0x0000, 0x0000, 0x0000, 0x0000, 0x0000, 0x0000,
    0x0000, 0x0000, 0x0000, 0x0000, 0x0000, 0x0000, 0x0000, 0x0000, 0xA310, 0x2619, 0x293A, 0xD294,
    0x8D52, 0x6821, 0x6A22, 0x4D3B, 0xA929, 0x4F73, 0xB4B5, 0xD2AD, 0xB1AD, 0xB2AD, 0xB2AD, 0xB1A5,
    0xB2AD, 0x119D, 0xD194, 0xD194, 0x73AD, 0xD3B5, 0xB2AD, 0x92AD, 0x908C, 0x718C, 0x92AD, 0xD2B5,
    0xD2AD, 0xD2AD, 0x9094, 0x2F84, 0x52A5, 0x91AD, 0xB2AD, 0x72A5, 0xD194, 0xB094, 0xF19C, 0xB2AD,
    0xB2AD, 0xB2AD, 0xB2AD, 0xB2AD, 0xB2AD, 0xD4B5, 0xF183, 0xC931, 0xEB32, 0x6A2A, 0xA931, 0xAD62,
    0xF39C, 0xE839, 0x2719, 0x8308, 0x0000, 0x0000, 0x0000, 0x0000, 0x0000, 0x0000, 0x0000, 0x0000,
    0x0000, 0x0000, 0x0000, 0x0000, 0x0000, 0x0000, 0x0000, 0x0000, 0x0000, 0x0000, 0x0000, 0x0000,
    0x0000, 0x0000, 0x0000, 0x0000, 0x0000, 0x0000, 0x0000, 0x0000, 0x0000, 0x0000, 0x0000, 0x0000,
    0x0000, 0x0000, 0x0000, 0x0000, 0x0000, 0x0000, 0x0000, 0x0000, 0x4100, 0xC408, 0x6A3A, 0x928C,
    0x8D5A, 0x6821, 0x4922, 0x4D3B, 0x6821, 0x2B4A, 0x9194, 0xB2AD, 0xB2AD, 0xB2AD, 0xB2AD, 0xB2AD,
    0xB2AD, 0xD2AD, 0xD2AD, 0xD3AD, 0xB2AD, 0x91A5, 0x91A5, 0x72A5, 0x708C, 0x708C, 0x92AD, 0xF3B5,
    0xD2B5, 0xF3B5, 0xD194, 0x5084, 0x32A5, 0xB2AD, 0x91AD, 0xB2AD, 0xB2AD, 0xD2AD, 0xB2AD, 0xB2A5,
    0xB2A5, 0xB2AD, 0xB2A5, 0xB2A5, 0xB2AD, 0xD29C, 0x0E63, 0xA929, 0x2C3B, 0xAB32, 0xA931, 0xEE62,
    0xB394, 0xE931, 0xC410, 0x2100, 0x0000, 0x0000, 0x0000, 0x0000, 0x0000, 0x0000, 0x0000, 0x0000,
    0x0000, 0x0000, 0x0000, 0x0000, 0x0000, 0x0000, 0x0000, 0x0000, 0x0000, 0x0000, 0x0000, 0x0000,
    0x0000, 0x0000, 0x0000, 0x0000, 0x0000, 0x0000, 0x0000, 0x0000, 0x0000, 0x0000, 0x0000, 0x0000,
    0x0000, 0x0000, 0x0000, 0x0000, 0x0000, 0x0000, 0x0000, 0x0000, 0x0000, 0xA308, 0x4719, 0xC939,
    0xCE62, 0x6721, 0x491A, 0xAE43, 0x8719, 0xA931, 0x2D6B, 0x73AD, 0xD2AD, 0xB2AD, 0xB2AD, 0xB2AD,
    0xB2AD, 0xB2AD, 0x92A5, 0x92AD, 0x91A5, 0x91A5, 0x92A5, 0xD194, 0x5084, 0x708C, 0x92AD, 0xF3B5,
    0xD2B5, 0xF3B5, 0xD194, 0x508C, 0xF194, 0xD3B5, 0xB2AD, 0xB2AD, 0xB1A5, 0x91A5, 0xB1A5, 0xB2A5,
    0xB1A5, 0xB2A5, 0xB1A5, 0xB1A5, 0x72AD, 0x2D6B, 0xEA39, 0x6719, 0xAE43, 0x8A2A, 0x8831, 0x2F6B,
    0xE939, 0x4719, 0xA308, 0x0000, 0x0000, 0x0000, 0x0000, 0x0000, 0x0000, 0x0000, 0x0000, 0x0000,
    0x0000, 0x0000, 0x0000, 0x0000, 0x0000, 0x0000, 0x0000, 0x0000, 0x0000, 0x0000, 0x0000, 0x0000,
    0x0000, 0x0000, 0x0000, 0x0000, 0x0000, 0x0000, 0x0000, 0x0000, 0x0000, 0x0000, 0x0000, 0x0000,
    0x0000, 0x0000, 0x0000, 0x0000, 0x0000, 0x0000, 0x0000, 0x0000, 0x0000, 0x8308, 0xC508, 0x6829,
    0xCE62, 0x6821, 0x4922, 0x0F44, 0x4A22, 0xA929, 0xEE62, 0x508C, 0xD3AD, 0xB2AD, 0xB2AD, 0xB2AD,
    0xB2A5, 0xB2AD, 0xB2AD, 0xB1A5, 0x91A5, 0xB2AD, 0xD094, 0x908C, 0xD294, 0x708C, 0x93AD, 0xF3B5,
    0xF2AD, 0xF3B5, 0xD094, 0x918C, 0xF19C, 0x908C, 0xD3B5, 0xD2AD, 0xB2AD, 0xB1A5, 0xB2A5, 0xB2AD,
    0xB1A5, 0xB2A5, 0xB1A5, 0xD2AD, 0x508C, 0x6C52, 0xCA31, 0xA719, 0xCE43, 0x4922, 0x8829, 0x0F6B,
    0xC929, 0x2611, 0x6208, 0x0000, 0x0000, 0x0000, 0x0000, 0x0000, 0x0000, 0x0000, 0x0000, 0x0000,
    0x0000, 0x0000, 0x0000, 0x0000, 0x0000, 0x0000, 0x0000, 0x0000, 0x0000, 0x0000, 0x0000, 0x0000,
    0x0000, 0x0000, 0x0000, 0x0000, 0x0000, 0x0000, 0x0000, 0x0000, 0x0000, 0x0000, 0x0000, 0x0000,
    0x0000, 0x0000, 0x0000, 0x0000, 0x0000, 0x0000, 0x0000, 0x0000, 0x0000, 0x0000, 0x4200, 0x8831,
    0x0F63, 0xC929, 0x4922, 0x0F44, 0x0C33, 0x0A32, 0x8D52, 0xEE6A, 0x73AD, 0xD2AD, 0xB2AD, 0xB2A5,
    0xB1A5, 0xB2AD, 0xB1A5, 0x91A5, 0xB2AD, 0xB094, 0x0C63, 0x73A5, 0x329D, 0xB094, 0xB2AD, 0xF2B5,
    0xF2AD, 0xF2B5, 0xF194, 0xD094, 0xF4B5, 0xAE73, 0x708C, 0xF3B5, 0xD2AD, 0xB2AD, 0xB2A5, 0xB1A5,
    0xB1AD, 0xB1A5, 0xB1A5, 0x72AD, 0x2E6B, 0x0B4A, 0xA921, 0xCB2A, 0xAD3B, 0x2922, 0x8831, 0x0E63,
    0xC929, 0xC408, 0x0000, 0x0000, 0x0000, 0x0000, 0x0000, 0x0000, 0x0000, 0x0000, 0x0000, 0x0000,
    0x0000, 0x0000, 0x0000, 0x0000, 0x0000, 0x0000, 0x0000, 0x0000, 0x0000, 0x0000, 0x0000, 0x0000,
    0x0000, 0x0000, 0x0000, 0x0000, 0x0000, 0x0000, 0x0000, 0x0000, 0x0000, 0x0000, 0x0000, 0x0000,
    0x0000, 0x0000, 0x0000, 0x0000, 0x0000, 0x0000, 0x0000, 0x0000, 0x0000, 0x0000, 0x4100, 0xC408,
    0xE931, 0x2A32, 0x291A, 0xEF43, 0x2C33, 0xEC3A, 0xCA31, 0x2C4A, 0xCF7B, 0xD3AD, 0x91A5, 0xB1AD,
    0xB1AD, 0xB2AD, 0xB1AD, 0xB1AD, 0xB3AD, 0x0D6B, 0xED62, 0xB3AD, 0x119D, 0xF19C, 0xB2AD, 0xD1AD,
    0xD2AD, 0xD2AD, 0x52A5, 0x119D, 0xF4B5, 0xAF7B, 0xED62, 0x93AD, 0xD2AD, 0xB2A5, 0xB1A5, 0xB1A5,
    0xB2A5, 0x91A5, 0xF3AD, 0xEF7B, 0x6D5A, 0xCA39, 0x4A2A, 0x2C33, 0x8D3B, 0x0922, 0xEA39, 0xE939,
    0xE510, 0x8208, 0x0000, 0x0000, 0x0000, 0x0000, 0x0000, 0x0000, 0x0000, 0x0000, 0x0000, 0x0000,
    0x0000, 0x0000, 0x0000, 0x0000, 0x0000, 0x0000, 0x0000, 0x0000, 0x0000, 0x0000, 0x0000, 0x0000,
    0x0000, 0x0000, 0x0000, 0x0000, 0x0000, 0x0000, 0x0000, 0x0000, 0x0000, 0x0000, 0x0000, 0x0000,
    0x0000, 0x0000, 0x0000, 0x0000, 0x0000, 0x0000, 0x0000, 0x0000, 0x0000, 0x0000, 0x2100, 0xA408,
    0x8721, 0xC929, 0xE921, 0x6D3B, 0x8E3B, 0x2D33, 0x8819, 0x0B4A, 0xCD62, 0x329D, 0xD2AD, 0xB1A5,
    0xB2AD, 0xB2AD, 0xB2AD, 0xD2AD, 0x32A5, 0x6C5A, 0x2E6B, 0x94AD, 0x918C, 0x5084, 0xB2AD, 0xD1AD,
    0xD1AD, 0xD2AD, 0xD194, 0x708C, 0xB4B5, 0x907B, 0x2D52, 0x508C, 0xF3B5, 0xB1A5, 0xB2A5, 0xB2AD,
    0xB1A5, 0xD2AD, 0x52A5, 0x0E6B, 0x8E5A, 0x8821, 0x0C33, 0x4C33, 0x2C33, 0x8719, 0xA829, 0xA729,
    0x6208, 0x0000, 0x0000, 0x0000, 0x0000, 0x0000, 0x0000, 0x0000, 0x0000, 0x0000, 0x0000, 0x0000,
    0x0000, 0x0000, 0x0000, 0x0000, 0x0000, 0x0000, 0x0000, 0x0000, 0x0000, 0x0000, 0x0000, 0x0000,
    0x0000, 0x0000, 0x0000, 0x0000, 0x0000, 0x0000, 0x0000, 0x0000, 0x0000, 0x0000, 0x0000, 0x0000,
    0x0000, 0x0000, 0x0000, 0x0000, 0x0000, 0x0000, 0x0000, 0x0000, 0x0000, 0x0000, 0x0000, 0x4200,
    0xE610, 0xE610, 0x4819, 0x4B2A, 0xAE43, 0x8E3B, 0x8B32, 0xEB41, 0xCE62, 0xCF7B, 0x72A5, 0xD2AD,
    0xB2AD, 0xB2AD, 0xB2AD, 0x14BE, 0x1084, 0xEA41, 0xA931, 0xA831, 0xA931, 0xAC52, 0x5084, 0x52A5,
    0x72A5, 0x329D, 0x2E63, 0xC931, 0xC831, 0x6829, 0xAA31, 0x6E73, 0xD3B5, 0xB1A5, 0xB1A5, 0xD2AD,
    0xD2AD, 0xD3AD, 0x518C, 0xCE62, 0xEB39, 0x8B32, 0x0F44, 0x6D33, 0xEC32, 0x8819, 0xC508, 0xE510,
    0x2100, 0x0000, 0x0000, 0x0000, 0x0000, 0x0000, 0x0000, 0x0000, 0x0000, 0x0000, 0x0000, 0x0000,
    0x0000, 0x0000, 0x0000, 0x0000, 0x0000, 0x0000, 0x0000, 0x0000, 0x0000, 0x0000, 0x0000, 0x0000,
    0x0000, 0x0000, 0x0000, 0x0000, 0x0000, 0x0000, 0x0000, 0x0000, 0x0000, 0x0000, 0x0000, 0x0000,
    0x0000, 0x0000, 0x0000, 0x0000, 0x0000, 0x0000, 0x0000, 0x0000, 0x0000, 0x0000, 0x0000, 0x4100,
    0xE618, 0xE610, 0x2711, 0x4A2A, 0x8E3B, 0xAD3B, 0xCB32, 0xCA29, 0xCE62, 0x8D5A, 0xD194, 0xF3B5,
    0xB2AD, 0xD2AD, 0xF4B5, 0x918C, 0xAC42, 0xAC32, 0x8B2A, 0xC919, 0x4711, 0xA929, 0x8C52, 0xED62,
    0x2E63, 0xED5A, 0xC931, 0x0719, 0x2711, 0xA819, 0xAB32, 0x4B3A, 0xAE73, 0xD3AD, 0xD2AD, 0xD1A5,
    0xF2AD, 0x72A5, 0x2F73, 0x8E5A, 0xC929, 0x4D3B, 0x9054, 0x8D3B, 0x0C33, 0x8819, 0x0611, 0x0619,
    0x4100, 0x0000, 0x0000, 0x0000, 0x0000, 0x0000, 0x0000, 0x0000, 0x0000, 0x0000, 0x0000, 0x0000,
    0x0000, 0x0000, 0x0000, 0x0000, 0x0000, 0x0000, 0x0000, 0x0000, 0x0000, 0x0000, 0x0000, 0x0000,
    0x0000, 0x0000, 0x0000, 0x0000, 0x0000, 0x0000, 0x0000, 0x0000, 0x0000, 0x0000, 0x0000, 0x0000,
    0x0000, 0x0000, 0x0000, 0x0000, 0x0000, 0x0000, 0x0000, 0x0000, 0x0000, 0x0000, 0x0000, 0x0000,
    0x6308, 0xC510, 0xE921, 0x6D3B, 0xEE43, 0x6D33, 0x4D3B, 0x2A2A, 0xEA39, 0xAD5A, 0xD194, 0xF2AD,
    0xF2B5, 0xB3AD, 0xCF73, 0xAC42, 0x2D3B, 0xCE3B, 0x0F44, 0x4D3B, 0x4A2A, 0x8711, 0x6719, 0x4721,
    0x4721, 0x4719, 0x2611, 0xC821, 0x4A22, 0x4C33, 0xCE3B, 0x4C3B, 0x8B3A, 0x6E63, 0x73A5, 0x13B6,
    0xD1AD, 0x72AD, 0x2F73, 0xAA39, 0x4A2A, 0x8D3B, 0xD154, 0xAD3B, 0x0C33, 0x0A22, 0x2619, 0x6208,
    0x0000, 0x0000, 0x0000, 0x0000, 0x0000, 0x0000, 0x0000, 0x0000, 0x0000, 0x0000, 0x0000, 0x0000,
    0x0000, 0x0000, 0x0000, 0x0000, 0x0000, 0x0000, 0x0000, 0x0000, 0x0000, 0x0000, 0x0000, 0x0000,
    0x0000, 0x0000, 0x0000, 0x0000, 0x0000, 0x0000, 0x0000, 0x0000, 0x0000, 0x0000, 0x0000, 0x0000,
    0x0000, 0x0000, 0x0000, 0x0000, 0x0000, 0x0000, 0x0000, 0x0000, 0x0000, 0x0000, 0x0000, 0x0000,
    0x4200, 0x0611, 0xCC32, 0x0F44, 0xAD3B, 0x6D33, 0x6D3B, 0xAB2A, 0x2A32, 0x0A42, 0xD29C, 0xF4B5,
    0x93AD, 0xAE6B, 0xAC3A, 0xCF43, 0x904C, 0xF14C, 0x4F44, 0x6D33, 0x6D3B, 0xCC32, 0x6711, 0x4711,
    0x4711, 0x2611, 0xE921, 0x8A2A, 0x4C33, 0xAD3B, 0x904C, 0x6F44, 0xCE43, 0xCC3A, 0x0D5B, 0xF29C,
    0xB3B5, 0x73AD, 0x2F73, 0xA929, 0x0C33, 0xAD33, 0xD154, 0x0E3C, 0x4D33, 0x2D43, 0x6719, 0x6208,
    0x0000, 0x0000, 0x0000, 0x0000, 0x0000, 0x0000, 0x0000, 0x0000, 0x0000, 0x0000, 0x0000, 0x0000,
    0x0000, 0x0000, 0x0000, 0x0000, 0x0000, 0x0000, 0x0000, 0x0000, 0x0000, 0x0000, 0x0000, 0x0000,
    0x0000, 0x0000, 0x0000, 0x0000, 0x0000, 0x0000, 0x0000, 0x0000, 0x0000, 0x0000, 0x0000, 0x0000,
    0x0000, 0x0000, 0x0000, 0x0000, 0x0000, 0x0000, 0x0000, 0x0000, 0x0000, 0x0000, 0x0000, 0x0000,
    0x4208, 0x0611, 0xCC32, 0xAE3B, 0x6D33, 0x8D33, 0x8D33, 0xAE3B, 0x0D3B, 0xEA39, 0x4F6B, 0x518C,
    0x6E63, 0xCC3A, 0xCE43, 0xD04C, 0xB04C, 0x0E44, 0x8D33, 0x4C33, 0x4D33, 0x6D3B, 0xAB2A, 0x8B32,
    0x8B32, 0x8B2A, 0x2C33, 0x4C33, 0x6D33, 0x8D33, 0xCE3B, 0x6F44, 0xB04C, 0x2F44, 0xCC3A, 0x6B42,
    0xB07B, 0xD083, 0x6C4A, 0xAB32, 0xAE3B, 0x8D33, 0x4F44, 0xB04C, 0xAE33, 0x2D3B, 0x6719, 0x6208,
    0x0000, 0x0000, 0x0000, 0x0000, 0x0000, 0x0000, 0x0000, 0x0000, 0x0000, 0x0000, 0x0000, 0x0000,
    0x0000, 0x0000, 0x0000, 0x0000, 0x0000, 0x0000, 0x0000, 0x0000, 0x0000, 0x0000, 0x0000, 0x0000,
    0x0000, 0x0000, 0x0000, 0x0000, 0x0000, 0x0000, 0x0000, 0x0000, 0x0000, 0x0000, 0x0000, 0x0000,
    0x0000, 0x0000, 0x0000, 0x0000, 0x0000, 0x0000, 0x0000, 0x0000, 0x0000, 0x0000, 0x0000, 0x0000,
    0x6208, 0x2611, 0xEC32, 0xAE3B, 0x8D33, 0x8D33, 0x0E3C, 0x0F44, 0x4D3B, 0x8C3A, 0x0C42, 0x2C42,
    0x8B32, 0xAE3B, 0x904C, 0x2E44, 0x2C33, 0x0C33, 0x0C3B, 0x0D3B, 0x0D3B, 0x0D3B, 0x0C3B, 0x0D3B,
    0x0D3B, 0x0D3B, 0x0D3B, 0x2D3B, 0x2D3B, 0x2D3B, 0x2D3B, 0x2C33, 0x0E44, 0x904C, 0xEE3B, 0xCC32,
    0x2B3A, 0xCA39, 0xA921, 0x4D33, 0x6F44, 0xCE33, 0xAD33, 0x6F44, 0x7044, 0x0C33, 0x4719, 0x6200,
    0x0000, 0x0000, 0x0000, 0x0000, 0x0000, 0x0000, 0x0000, 0x0000, 0x0000, 0x0000, 0x0000, 0x0000,
    0x0000, 0x0000, 0x0000, 0x0000, 0x0000, 0x0000, 0x0000, 0x0000, 0x0000, 0x0000, 0x0000, 0x0000,
    0x0000, 0x0000, 0x0000, 0x0000, 0x0000, 0x0000, 0x0000, 0x0000, 0x0000, 0x0000, 0x0000, 0x0000,
    0x0000, 0x0000, 0x0000, 0x0000, 0x0000, 0x0000, 0x0000, 0x0000, 0x0000, 0x0000, 0x0000, 0x0000,
    0x6208, 0x2619, 0xAB32, 0x8E3B, 0x8D33, 0xEE3B, 0x6F44, 0xCE3B, 0xAE3B, 0x2D3B, 0x8819, 0x6B32,
    0x8D3B, 0x8F4C, 0x0E44, 0x2B2B, 0xAB32, 0xE921, 0xE921, 0xC921, 0xEA21, 0xEA21, 0xEA21, 0xEA21,
    0xEA21, 0xEA21, 0xEA21, 0x0A2A, 0x0A2A, 0xEA29, 0xEA21, 0x6B2A, 0x0C33, 0xCE3B, 0x704C, 0x0F44,
    0xCB32, 0x8819, 0x0D3B, 0x8D33, 0x2F44, 0x0E3C, 0x6C33, 0xAD33, 0x0F44, 0xCC32, 0x4711, 0x6208,
    0x0000, 0x0000, 0x0000, 0x0000, 0x0000, 0x0000, 0x0000, 0x0000, 0x0000, 0x0000, 0x0000, 0x0000,
    0x0000, 0x0000, 0x0000, 0x0000, 0x0000, 0x0000, 0x0000, 0x0000, 0x0000, 0x0000, 0x0000, 0x0000,
    0x0000, 0x0000, 0x0000, 0x0000, 0x0000, 0x0000, 0x0000, 0x0000, 0x0000, 0x0000, 0x0000, 0x0000,
    0x0000, 0x0000, 0x0000, 0x0000, 0x0000, 0x0000, 0x0000, 0x0000, 0x0000, 0x0000, 0x0000, 0x0000,
    0x6208, 0x2719, 0x0A2A, 0x4D3B, 0xCD3B, 0x4F44, 0xCE3B, 0x8D33, 0xAD3B, 0x4D33, 0xAB32, 0x8D3B,
    0xB054, 0x2F44, 0x0B33, 0xCC32, 0x0922, 0xE608, 0x0711, 0x0711, 0xC610, 0xE610, 0xE608, 0xE608,
    0xE610, 0xE610, 0x0711, 0x0711, 0x0711, 0x0711, 0x4819, 0xEA21, 0xCC32, 0x2C33, 0xEE3B, 0x1255,
    0xEE43, 0x2C33, 0x8D3B, 0x8D33, 0x8D33, 0x2F44, 0xAD3B, 0x2C33, 0x4C33, 0x4A22, 0x2711, 0x6200,
    0x0000, 0x0000, 0x0000, 0x0000, 0x0000, 0x0000, 0x0000, 0x0000, 0x0000, 0x0000, 0x0000, 0x0000,
    0x0000, 0x0000, 0x0000, 0x0000, 0x0000, 0x0000, 0x0000, 0x0000, 0x0000, 0x0000, 0x0000, 0x0000,
    0x0000, 0x0000, 0x0000, 0x0000, 0x0000, 0x0000, 0x0000, 0x0000, 0x0000, 0x0000, 0x0000, 0x0000,
    0x0000, 0x0000, 0x0000, 0x0000, 0x0000, 0x0000, 0x0000, 0x0000, 0x0000, 0x0000, 0x0000, 0x0000,
    0x6208, 0x2719, 0x0A2A, 0x2C33, 0x2F44, 0x0E3C, 0x6D33, 0x8D3B, 0x8D33, 0x6D3B, 0x2C33, 0x904C,
    0x2E44, 0x2C33, 0x8B2A, 0xC921, 0x6819, 0x8929, 0x2821, 0x2A3A, 0x2C63, 0x0C5B, 0x0C5B, 0x0C5B,
    0x0C5B, 0x0C5B, 0x0C5B, 0xEC5A, 0xCC52, 0x8C52, 0x4921, 0xEB29, 0x4B2A, 0xAC2A, 0x6D33, 0x4F44,
    0x325D, 0xCE3B, 0x6D33, 0x8D33, 0x6C33, 0x0E3C, 0x2F44, 0xEC2A, 0xEC2A, 0x2A22, 0x2611, 0x6200,
    0x0000, 0x0000, 0x0000, 0x0000, 0x0000, 0x0000, 0x0000, 0x0000, 0x0000, 0x0000, 0x0000, 0x0000,
    0x0000, 0x0000, 0x0000, 0x0000, 0x0000, 0x0000, 0x0000, 0x0000, 0x0000, 0x0000, 0x0000, 0x0000,
    0x0000, 0x0000, 0x0000, 0x0000, 0x0000, 0x0000, 0x0000, 0x0000, 0x0000, 0x0000, 0x0000, 0x0000,
    0x0000, 0x0000, 0x0000, 0x0000, 0x0000, 0x0000, 0x0000, 0x0000, 0x0000, 0x0000, 0x0000, 0x0000,
    0x6308, 0x0611, 0x092A, 0xEC3A, 0x6D3B, 0x6D3B, 0x8D33, 0x8D33, 0x8D3B, 0x6D33, 0x6C33, 0xB04C,
    0xCD33, 0x4D33, 0xC919, 0x6819, 0x4C4A, 0xAD5A, 0x107C, 0x119D, 0x92AD, 0x72A5, 0x73A5, 0x73A5,
    0x72A5, 0x72A5, 0x93A5, 0x52A5, 0x52A5, 0xF29C, 0xCD5A, 0x6D4A, 0x8D4A, 0xA919, 0x0C33, 0xAD33,
    0xF154, 0xEE3B, 0x6D33, 0x8D33, 0x8C33, 0x0E3C, 0x7044, 0x0C2B, 0x0C33, 0x2A2A, 0x0611, 0x6308,
    0x0000, 0x0000, 0x0000, 0x0000, 0x0000, 0x0000, 0x0000, 0x0000, 0x0000, 0x0000, 0x0000, 0x0000,
    0x0000, 0x0000, 0x0000, 0x0000, 0x0000, 0x0000, 0x0000, 0x0000, 0x0000, 0x0000, 0x0000, 0x0000,
    0x0000, 0x0000, 0x0000, 0x0000, 0x0000, 0x0000, 0x0000, 0x0000, 0x0000, 0x0000, 0x0000, 0x0000,
    0x0000, 0x0000, 0x0000, 0x0000, 0x0000, 0x0000, 0x0000, 0x0000, 0x0000, 0x0000, 0x0000, 0xA410,
    0xE610, 0xC510, 0x4719, 0xE921, 0x4A2A, 0xEB32, 0x6D3B, 0x4C33, 0x2C33, 0x6D33, 0xAD33, 0xB04C,
    0xEE3B, 0x4D3B, 0xCA21, 0xEA31, 0x1084, 0xF29C, 0xF3B5, 0xD2AD, 0x52A5, 0x0F7C, 0x1084, 0x107C,
    0x107C, 0x3084, 0x3084, 0xD29C, 0xF4B5, 0xF3B5, 0x73AD, 0x518C, 0x2E63, 0x8821, 0xCC2A, 0xAD33,
    0xF154, 0xEE3B, 0xAD33, 0xAD33, 0x8D33, 0xCE3B, 0x2F3C, 0x2D33, 0x8B32, 0x8819, 0xE610, 0x0611,
    0xA408, 0x2000, 0x0000, 0x0000, 0x0000, 0x0000, 0x0000, 0x0000, 0x0000, 0x0000, 0x0000, 0x0000,
    0x0000, 0x0000, 0x0000, 0x0000, 0x0000, 0x0000, 0x0000, 0x0000, 0x0000, 0x0000, 0x0000, 0x0000,
    0x0000, 0x0000, 0x0000, 0x0000, 0x0000, 0x0000, 0x0000, 0x0000, 0x0000, 0x0000, 0x0000, 0x0000,
    0x0000, 0x0000, 0x0000, 0x0000, 0x0000, 0x0000, 0x0000, 0x0000, 0x0000, 0x0000, 0xA410, 0x0619,
    0xE610, 0xC510, 0xA508, 0x2719, 0x092A, 0xCB32, 0x2D3B, 0xEC32, 0xEC32, 0xAD33, 0x2F3C, 0xB04C,
    0xCE3B, 0x6D3B, 0xC919, 0xEA31, 0xF29C, 0xD3AD, 0x91A5, 0x529D, 0x8E73, 0x6C4A, 0xAA31, 0xEA31,
    0xEB31, 0x0B32, 0x0B3A, 0xEE5A, 0x918C, 0xB2AD, 0xD2AD, 0x32A5, 0x4E6B, 0x8821, 0xCB2A, 0xAD3B,
    0x904C, 0x0E3C, 0x7044, 0xEE3B, 0xAD3B, 0xCE3B, 0xCE3B, 0xAB2A, 0x8819, 0x0611, 0x0611, 0x0611,
    0x2719, 0x8308, 0x0000, 0x0000, 0x0000, 0x0000, 0x0000, 0x0000, 0x0000, 0x0000, 0x0000, 0x0000,
    0x0000, 0x0000, 0x0000, 0x0000, 0x0000, 0x0000, 0x0000, 0x0000, 0x0000, 0x0000, 0x0000, 0x0000,
    0x0000, 0x0000, 0x0000, 0x0000, 0x0000, 0x0000, 0x0000, 0x0000, 0x0000, 0x0000, 0x0000, 0x0000,
    0x0000, 0x0000, 0x0000, 0x0000, 0x0000, 0x0000, 0x0000, 0x0000, 0x4200, 0xC510, 0x4719, 0x4719,
    0x2A32, 0x2619, 0xA508, 0xC510, 0x4719, 0x2A2A, 0x6A2A, 0x4A2A, 0x2C33, 0xEE3B, 0xCD33, 0xCD3B,
    0xCE3B, 0x8D33, 0xCC32, 0x0A2A, 0xEF73, 0x72AD, 0xF3B5, 0xD294, 0xAC52, 0xA929, 0x0A2A, 0x2B2A,
    0x2B2A, 0x2B2A, 0x0A22, 0xAA29, 0x4E63, 0x93AD, 0xF4B5, 0xD29C, 0x8C4A, 0x8B32, 0x6D3B, 0xCE3B,
    0xCD33, 0xCD33, 0xD14C, 0x9044, 0x4C33, 0x4C33, 0xEB32, 0x4711, 0x0611, 0xE610, 0x8821, 0x4A32,
    0x4719, 0xE510, 0xC410, 0x2100, 0x0000, 0x0000, 0x0000, 0x0000, 0x0000, 0x0000, 0x0000, 0x0000,
    0x0000, 0x0000, 0x0000, 0x0000, 0x0000, 0x0000, 0x0000, 0x0000, 0x0000, 0x0000, 0x0000, 0x0000,
    0x0000, 0x0000, 0x0000, 0x0000, 0x0000, 0x0000, 0x0000, 0x0000, 0x0000, 0x0000, 0x0000, 0x0000,
    0x0000, 0x0000, 0x0000, 0x0000, 0x0000, 0x0000, 0x0000, 0x8308, 0x6721, 0x4719, 0x8819, 0x4A2A,
    0x292A, 0xE921, 0x2611, 0xC508, 0xC510, 0x6719, 0x092A, 0x0A22, 0x6D3B, 0xEE33, 0xAD33, 0xAD33,
    0xAD33, 0xAD33, 0x8D3B, 0x8B2A, 0xE931, 0xAE7B, 0x7194, 0xCC52, 0xCA29, 0x8B32, 0x2D3B, 0x2C33,
    0x0C33, 0x0C33, 0x0C3B, 0x0A22, 0x0A32, 0xCF7B, 0x718C, 0xAC4A, 0xAC32, 0xAE3B, 0xAD3B, 0xAD3B,
    0xAD3B, 0xAD33, 0x6F44, 0x7044, 0xEC2A, 0x8B2A, 0x0922, 0xE610, 0xE510, 0x6719, 0x2A2A, 0x2A2A,
    0x292A, 0x4711, 0x2719, 0x0619, 0x6208, 0x0000, 0x0000, 0x0000, 0x0000, 0x0000, 0x0000, 0x0000,
    0x0000, 0x0000, 0x0000, 0x0000, 0x0000, 0x0000, 0x0000, 0x0000, 0x0000, 0x0000, 0x0000, 0x0000,
    0x0000, 0x0000, 0x0000, 0x0000, 0x0000, 0x0000, 0x0000, 0x0000, 0x0000, 0x0000, 0x0000, 0x0000,
    0x0000, 0x0000, 0x0000, 0x0000, 0x0000, 0x6208, 0xC510, 0x4719, 0x8821, 0x6819, 0x0A2A, 0x8B32,
    0x2C43, 0x2D43, 0x2A2A, 0x0611, 0xE610, 0x4719, 0x0A2A, 0x0A2A, 0x6D3B, 0x0E3C, 0xAD33, 0xAE3B,
    0xAD3B, 0x8D33, 0x8D33, 0x6D33, 0x8B2A, 0xC929, 0xA829, 0xC921, 0xAB2A, 0x6D3B, 0x6C33, 0x8D3B,
    0x8D3B, 0xAD3B, 0x6D3B, 0x0C33, 0x4B2A, 0x0A2A, 0x0A2A, 0xCC32, 0xAE3B, 0xAD33, 0xAD33, 0xAD3B,
    0xAD3B, 0xAD33, 0x2F3C, 0x7044, 0xEC32, 0x4A2A, 0xA821, 0xC508, 0x2611, 0x4A32, 0x2C43, 0x2D43,
    0xAB32, 0xE921, 0x6819, 0x4719, 0x2619, 0xC410, 0x4200, 0x0000, 0x0000, 0x0000, 0x0000, 0x0000,
    0x0000, 0x0000, 0x0000, 0x0000, 0x0000, 0x0000, 0x0000, 0x0000, 0x0000, 0x0000, 0x0000, 0x0000,
    0x0000, 0x0000, 0x0000, 0x0000, 0x0000, 0x0000, 0x0000, 0x0000, 0x0000, 0x0000, 0x0000, 0x0000,
    0x0000, 0x0000, 0x0000, 0x0000, 0x8308, 0x0619, 0x6819, 0xE921, 0x2A2A, 0x0A2A, 0x2A2A, 0xF05B,
    0x3BC7, 0x98B6, 0xEC42, 0xA821, 0x0711, 0x0711, 0x2719, 0xE921, 0x6D3B, 0xEE3B, 0xAD33, 0xAD3B,
    0x4D33, 0x4D33, 0xAD33, 0xAD33, 0x8D3B, 0xEC32, 0xEC32, 0xEC32, 0x4D3B, 0x8D33, 0xEE3B, 0x8D3B,
    0x8D33, 0x4F44, 0xCE3B, 0x8D3B, 0x4D3B, 0x0D33, 0x4D3B, 0xAE3B, 0xCE3B, 0x4F44, 0xAD33, 0x2C33,
    0xAD3B, 0x8D33, 0x2F3C, 0x704C, 0xCC32, 0x8819, 0xE608, 0x2711, 0x0A2A, 0xCB3A, 0x98B6, 0x5BCF,
    0xCF5B, 0xA819, 0x092A, 0x2A2A, 0xC921, 0x2711, 0x0619, 0xA410, 0x2100, 0x0000, 0x0000, 0x0000,
    0x0000, 0x0000, 0x0000, 0x0000, 0x0000, 0x0000, 0x0000, 0x0000, 0x0000, 0x0000, 0x0000, 0x0000,
    0x0000, 0x0000, 0x0000, 0x0000, 0x0000, 0x0000, 0x0000, 0x0000, 0x0000, 0x0000, 0x0000, 0x0000,
    0x0000, 0x0000, 0x0000, 0xA410, 0x2719, 0x6719, 0xE921, 0xCB2A, 0x4D3B, 0x4A22, 0x0922, 0x8F53,
    0xFAC6, 0x57B6, 0x8B32, 0x2A2A, 0x4719, 0xE610, 0x0711, 0x8819, 0x6B2A, 0x6D33, 0xCD33, 0x8D3B,
    0x8B2A, 0x0C33, 0xAD33, 0x8D33, 0x8D33, 0x8D3B, 0x8D3B, 0x8D3B, 0x8D33, 0xAD33, 0x704C, 0x8D33,
    0x6C33, 0x0E3C, 0x4F44, 0x6C33, 0xAD3B, 0xAD3B, 0xAE3B, 0xAD33, 0xCE3B, 0x2F3C, 0xAE3B, 0xEC32,
    0x0C33, 0x8D33, 0xEE3B, 0x0F44, 0xE921, 0x0611, 0x0611, 0xC921, 0x8B32, 0xCB32, 0x98B6, 0xD9BE,
    0x6E53, 0xA819, 0x4A2A, 0x0C33, 0xCC32, 0xE921, 0x2711, 0x4719, 0xA410, 0x2000, 0x0000, 0x0000,
    0x0000, 0x0000, 0x0000, 0x0000, 0x0000, 0x0000, 0x0000, 0x0000, 0x0000, 0x0000, 0x0000, 0x0000,
    0x0000, 0x0000, 0x0000, 0x0000, 0x0000, 0x0000, 0x0000, 0x0000, 0x0000, 0x0000, 0x0000, 0x0000,
    0x0000, 0x0000, 0x8308, 0x0619, 0x0611, 0x0922, 0x2C3B, 0x6D33, 0x6D33, 0x2C33, 0x4A2A, 0x0A2A,
    0xED4A, 0x8B3A, 0x2A2A, 0x6B32, 0x4B32, 0x0611, 0xE610, 0xE610, 0xE929, 0xEC32, 0xAD3B, 0x6D3B,
    0x2922, 0x0C33, 0xAD33, 0x8D33, 0xEE3B, 0xEE3B, 0x8D33, 0x8D33, 0x8D33, 0x2F3C, 0x9044, 0x8D33,
    0x8D33, 0xEE3B, 0x4F44, 0x6C33, 0x8D33, 0x8D33, 0xAD33, 0x0E3C, 0xCE33, 0xCD33, 0x8D33, 0xAB2A,
    0x4A22, 0x8D3B, 0x6C33, 0x0C33, 0x6719, 0xA508, 0x0611, 0x8B3A, 0x6B2A, 0x4A2A, 0xEC42, 0xCB42,
    0xC819, 0x2A22, 0x4D33, 0xAD3B, 0xAE3B, 0x2C33, 0x0922, 0x0611, 0x2619, 0x8308, 0x0000, 0x0000,
    0x0000, 0x0000, 0x0000, 0x0000, 0x0000, 0x0000, 0x0000, 0x0000, 0x0000, 0x0000, 0x0000, 0x0000,
    0x0000, 0x0000, 0x0000, 0x0000, 0x0000, 0x0000, 0x0000, 0x0000, 0x0000, 0x0000, 0x0000, 0x0000,
    0x0000, 0x0000, 0x8308, 0x4719, 0x092A, 0x4D3B, 0x8D33, 0x8D33, 0x8D33, 0xAD3B, 0x4D3B, 0x4A2A,
    0x8821, 0xC921, 0xE921, 0xE921, 0x2A2A, 0x8821, 0xC610, 0xE610, 0xE929, 0xCB32, 0xAD43, 0x0C3B,
    0xC821, 0xEC32, 0xAD33, 0x8D33, 0x2F44, 0x4F44, 0x4C33, 0x8D3B, 0xCD33, 0x114D, 0xB044, 0xAD33,
    0xAD33, 0xEE3B, 0xD04C, 0x2E44, 0x4C33, 0x0C33, 0x6D33, 0x9044, 0xAD33, 0xAD33, 0x6D33, 0x6B2A,
    0xE921, 0x4D3B, 0x2C33, 0xAB32, 0x0611, 0xC508, 0xE921, 0xE821, 0xC819, 0x2A2A, 0x0A22, 0x8819,
    0x4A2A, 0x6D3B, 0xCE3B, 0xAD33, 0x8D33, 0xAD3B, 0xEC32, 0xE921, 0x4719, 0x8308, 0x0000, 0x0000,
    0x0000, 0x0000, 0x0000, 0x0000, 0x0000, 0x0000, 0x0000, 0x0000, 0x0000, 0x0000, 0x0000, 0x0000,
    0x0000, 0x0000, 0x0000, 0x0000, 0x0000, 0x0000, 0x0000, 0x0000, 0x0000, 0x0000, 0x0000, 0x0000,
    0x0000, 0x0000, 0x8308, 0xC921, 0xCB32, 0x6D33, 0xAD33, 0x8D33, 0xAD33, 0xAD33, 0xAD3B, 0x2C33,
    0x2A2A, 0xE929, 0xCB3A, 0x7174, 0x306C, 0x4A32, 0x2611, 0xA508, 0x4719, 0x2A2A, 0x8B32, 0xE821,
    0x4711, 0x6A2A, 0x6D33, 0x8D33, 0x2F3C, 0x4F44, 0xCB2A, 0x2C33, 0xEE3B, 0xF14C, 0xB044, 0xAD33,
    0xCE3B, 0xCD33, 0xB04C, 0xB04C, 0x4C33, 0x4A22, 0x4C33, 0x9044, 0xCD33, 0xAD3B, 0xEC32, 0xC919,
    0x4711, 0x4A2A, 0x4A2A, 0xC921, 0xA508, 0xA821, 0x492A, 0x0F64, 0xF37C, 0x2D4B, 0x0922, 0x6A2A,
    0x6D3B, 0xAD3B, 0xAD33, 0x8D33, 0x8D33, 0x8D33, 0x8D3B, 0x4A22, 0x6819, 0x8308, 0x0000, 0x0000,
    0x0000, 0x0000, 0x0000, 0x0000, 0x0000, 0x0000, 0x0000, 0x0000, 0x0000, 0x0000, 0x0000, 0x0000,
    0x0000, 0x0000, 0x0000, 0x0000, 0x0000, 0x0000, 0x0000, 0x0000, 0x0000, 0x0000, 0x0000, 0x0000,
    0x0000, 0x0000, 0x4200, 0x2619, 0xE921, 0x2D33, 0xAE3B, 0xAD33, 0xAD33, 0x8D33, 0x8D33, 0x6D33,
    0xEC32, 0xA819, 0xAE5B, 0xF9BE, 0x57AE, 0x6A3A, 0x8821, 0xC610, 0x8508, 0x4719, 0x4A2A, 0xE921,
    0x2711, 0x2A2A, 0x6D3B, 0x8D33, 0x2E3C, 0x7044, 0xAB2A, 0x2D33, 0xEE3B, 0x114D, 0xB044, 0xAD33,
    0xCE3B, 0xAD33, 0x2F3C, 0xD14C, 0x4D33, 0x2A22, 0x4C33, 0xB04C, 0xAD33, 0x8D3B, 0xCC32, 0x6819,
    0x6819, 0x6B32, 0xA821, 0xA508, 0x2619, 0xC921, 0x2922, 0x37A6, 0x7CD7, 0x516C, 0xC819, 0x2C3B,
    0x8D3B, 0x8D33, 0x8D33, 0x8D33, 0xAD33, 0xAE3B, 0xAB2A, 0xC921, 0x2619, 0x2100, 0x0000, 0x0000,
    0x0000, 0x0000, 0x0000, 0x0000, 0x0000, 0x0000, 0x0000, 0x0000, 0x0000, 0x0000, 0x0000, 0x0000,
    0x0000, 0x0000, 0x0000, 0x0000, 0x0000, 0x0000, 0x0000, 0x0000, 0x0000, 0x0000, 0x0000, 0x0000,
    0x0000, 0x0000, 0x0000, 0x4200, 0xC408, 0xA821, 0xCB2A, 0x6C33, 0x8D33, 0x8D33, 0x6C33, 0x6C33,
    0x6D3B, 0x0922, 0xCB42, 0xF284, 0x348D, 0x4A32, 0xE929, 0xC929, 0x2711, 0xA508, 0xC921, 0xEA29,
    0x2711, 0x2A2A, 0xCB2A, 0x6D33, 0x4F44, 0x904C, 0xAB2A, 0xCC32, 0xCD3B, 0xF14C, 0x9044, 0xAD33,
    0xCE3B, 0xAD33, 0x4F3C, 0xD044, 0x6D33, 0x4A2A, 0x0C33, 0x4F44, 0xAD3B, 0xCB2A, 0x2A2A, 0x2711,
    0x8819, 0x0A2A, 0xC508, 0x4719, 0x0A2A, 0x0A2A, 0x0922, 0xD27C, 0x548D, 0xEC4A, 0x4922, 0x8D3B,
    0x6C33, 0x6C33, 0x8D33, 0x8D3B, 0x8D3B, 0xAB2A, 0xA821, 0xE510, 0x4100, 0x0000, 0x0000, 0x0000,
    0x0000, 0x0000, 0x0000, 0x0000, 0x0000, 0x0000, 0x0000, 0x0000, 0x0000, 0x0000, 0x0000, 0x0000,
    0x0000, 0x0000, 0x0000, 0x0000, 0x0000, 0x0000, 0x0000, 0x0000, 0x0000, 0x0000, 0x0000, 0x0000,
    0x0000, 0x0000, 0x0000, 0x0000, 0x2000, 0x8308, 0x4611, 0x4A22, 0x2C33, 0x6D33, 0x6D33, 0x6C33,
    0x4C33, 0x2C3B, 0x092A, 0x4719, 0xA821, 0xC921, 0xE929, 0x4A32, 0x0A2A, 0x6819, 0x0711, 0x0711,
    0x2719, 0xC921, 0x6B2A, 0x2C33, 0x0E44, 0xAE3B, 0x0A22, 0x2A22, 0x6D33, 0x4F3C, 0x7044, 0xAD33,
    0xAD3B, 0xAD33, 0x4F3C, 0xB04C, 0xEB2A, 0x0A22, 0xCB2A, 0xCE3B, 0x6D3B, 0x6A2A, 0x2A32, 0x2719,
    0xE510, 0xC508, 0x0611, 0x0A2A, 0x2A2A, 0xE921, 0xE921, 0xA821, 0x6719, 0xC819, 0x4C3B, 0x6C33,
    0x6C33, 0x8D33, 0x6D3B, 0xEC32, 0xE919, 0x6719, 0x8308, 0x2000, 0x0000, 0x0000, 0x0000, 0x0000,
    0x0000, 0x0000, 0x0000, 0x0000, 0x0000, 0x0000, 0x0000, 0x0000, 0x0000, 0x0000, 0x0000, 0x0000,
    0x0000, 0x0000, 0x0000, 0x0000, 0x0000, 0x0000, 0x0000, 0x0000, 0x0000, 0x0000, 0x0000, 0x0000,
    0x0000, 0x0000, 0x0000, 0x0000, 0x0000, 0x0000, 0x6208, 0x0511, 0x8719, 0xEC32, 0x0C33, 0x2C33,
    0x6D33, 0x6D33, 0x0C33, 0x6A2A, 0xE921, 0x2A2A, 0x292A, 0x4A2A, 0x6A2A, 0x8C3A, 0x8819, 0xE610,
    0x0711, 0x6819, 0x2A2A, 0xAB32, 0xAE3B, 0x0C33, 0x0A22, 0x2A22, 0x6D3B, 0x6C2B, 0x7044, 0xCD33,
    0x8D33, 0x6D33, 0x0E3C, 0x2F3C, 0xCB2A, 0x2A2A, 0x0C33, 0x8D3B, 0x2D33, 0x8C32, 0xA821, 0xE610,
    0xA408, 0x4719, 0x4A32, 0xE921, 0xC821, 0xA821, 0xE929, 0xC821, 0x2922, 0x2C3B, 0x6C33, 0x6D33,
    0x4C33, 0xAB2A, 0x8B32, 0x6719, 0xC408, 0x8308, 0x0000, 0x0000, 0x0000, 0x0000, 0x0000, 0x0000,
    0x0000, 0x0000, 0x0000, 0x0000, 0x0000, 0x0000, 0x0000, 0x0000, 0x0000, 0x0000, 0x0000, 0x0000,
    0x0000, 0x0000, 0x0000, 0x0000, 0x0000, 0x0000, 0x0000, 0x0000, 0x0000, 0x0000, 0x0000, 0x0000,
    0x0000, 0x0000, 0x0000, 0x0000, 0x0000, 0x0000, 0x0000, 0x2100, 0x6208, 0x4619, 0x2611, 0x0922,
    0x0C33, 0x0C33, 0x6D33, 0x2C33, 0x8B32, 0x4A2A, 0x3064, 0x98AE, 0xF37C, 0x4A2A, 0x6B32, 0xA821,
    0x0711, 0x0711, 0x4819, 0x4B2A, 0xCC32, 0xAC32, 0xC921, 0xE921, 0x0C33, 0x4C33, 0x0E3C, 0x6F44,
    0x6C33, 0x6D33, 0x8C33, 0x8D33, 0x2A22, 0x8819, 0xED3A, 0xAB32, 0xAC32, 0xC921, 0xE610, 0xE610,
    0xA821, 0x8B32, 0x0922, 0x7274, 0x38AE, 0x7174, 0x0922, 0x8A2A, 0x0C33, 0x6D33, 0x2C33, 0x0D33,
    0x6A2A, 0x0609, 0x0511, 0x4200, 0x0000, 0x0000, 0x0000, 0x0000, 0x0000, 0x0000, 0x0000, 0x0000,
    0x0000, 0x0000, 0x0000, 0x0000, 0x0000, 0x0000, 0x0000, 0x0000, 0x0000, 0x0000, 0x0000, 0x0000,
    0x0000, 0x0000, 0x0000, 0x0000, 0x0000, 0x0000, 0x0000, 0x0000, 0x0000, 0x0000, 0x0000, 0x0000,
    0x0000, 0x0000, 0x0000, 0x0000, 0x0000, 0x0000, 0x0000, 0x0000, 0x0000, 0x0000, 0x4200, 0x0511,
    0x0511, 0x4A2A, 0xEC32, 0x8B32, 0xAB32, 0x4A2A, 0x548D, 0x7BC7, 0x9595, 0x2A2A, 0xAB32, 0x8B32,
    0xEA29, 0x2711, 0x0711, 0x2711, 0xA921, 0xEA21, 0x2B2A, 0xA921, 0x8819, 0xCB32, 0x6D3B, 0x2F44,
    0x8D33, 0x4C33, 0x0C33, 0x4A2A, 0xA821, 0x0B2A, 0x6B32, 0xA921, 0x4819, 0x0711, 0x0609, 0x0922,
    0xCC3A, 0xCC32, 0x2922, 0xF37C, 0x7BCF, 0xB595, 0x492A, 0xAB32, 0xAB32, 0xEC32, 0x4A2A, 0x2611,
    0x0511, 0x2100, 0x0000, 0x0000, 0x0000, 0x0000, 0x0000, 0x0000, 0x0000, 0x0000, 0x0000, 0x0000,
    0x0000, 0x0000, 0x0000, 0x0000, 0x0000, 0x0000, 0x0000, 0x0000, 0x0000, 0x0000, 0x0000, 0x0000,
    0x0000, 0x0000, 0x0000, 0x0000, 0x0000, 0x0000, 0x0000, 0x0000, 0x0000, 0x0000, 0x0000, 0x0000,
    0x0000, 0x0000, 0x0000, 0x0000, 0x0000, 0x0000, 0x0000, 0x0000, 0x0000, 0x0000, 0x0000, 0x2100,
    0x2100, 0x2519, 0x6719, 0x4719, 0x0A2A, 0x4A32, 0xCF5B, 0x916C, 0x4D4B, 0x2A2A, 0x8B32, 0x8B32,
    0x8B32, 0x2A2A, 0x2711, 0x0611, 0xE610, 0x2711, 0x6819, 0x2719, 0xE510, 0xE921, 0x8B32, 0x8B2A,
    0xAB2A, 0xAB32, 0x292A, 0x0611, 0x2711, 0x6819, 0x4719, 0x0611, 0xE610, 0x0611, 0x2A2A, 0xEC32,
    0xCB32, 0xAB2A, 0x6B2A, 0xCB32, 0xF374, 0x516C, 0x6B32, 0x2A2A, 0x2611, 0x2619, 0x0511, 0x0100,
    0x0000, 0x0000, 0x0000, 0x0000, 0x0000, 0x0000, 0x0000, 0x0000, 0x0000, 0x0000, 0x0000, 0x0000,
    0x0000, 0x0000, 0x0000, 0x0000, 0x0000, 0x0000, 0x0000, 0x0000, 0x0000, 0x0000, 0x0000, 0x0000,
    0x0000, 0x0000, 0x0000, 0x0000, 0x0000, 0x0000, 0x0000, 0x0000, 0x0000, 0x0000, 0x0000, 0x0000,
    0x0000, 0x0000, 0x0000, 0x0000, 0x0000, 0x0000, 0x0000, 0x0000, 0x0000, 0x0000, 0x0000, 0x0000,
    0x0000, 0x2100, 0x4100, 0x4100, 0xC410, 0x8721, 0x8819, 0x4711, 0x6819, 0x4A2A, 0x8B32, 0x6B32,
    0x2922, 0xAB2A, 0x2D3B, 0x8719, 0xC510, 0xE610, 0xE510, 0xE510, 0xE510, 0x0611, 0x6719, 0x6719,
    0x6719, 0x6719, 0x2719, 0xE610, 0xE610, 0xE510, 0xE510, 0xE510, 0xE508, 0x8B2A, 0x4D3B, 0x8A22,
    0xAB2A, 0xAB2A, 0xAB32, 0xC919, 0x6711, 0x8819, 0x6719, 0xE510, 0x4200, 0x4208, 0x2100, 0x0000,
    0x0000, 0x0000, 0x0000, 0x0000, 0x0000, 0x0000, 0x0000, 0x0000, 0x0000, 0x0000, 0x0000, 0x0000,
    0x0000, 0x0000, 0x0000, 0x0000, 0x0000, 0x0000, 0x0000, 0x0000, 0x0000, 0x0000, 0x0000, 0x0000,
    0x0000, 0x0000, 0x0000, 0x0000, 0x0000, 0x0000, 0x0000, 0x0000, 0x0000, 0x0000, 0x0000, 0x0000,
    0x0000, 0x0000, 0x0000, 0x0000, 0x0000, 0x0000, 0x0000, 0x0000, 0x0000, 0x0000, 0x0000, 0x0000,
    0x0000, 0x0000, 0x0000, 0x0000, 0x0000, 0x4100, 0xA308, 0x0619, 0x6819, 0x0A2A, 0x2A2A, 0x6A2A,
    0x1054, 0xEE4B, 0xEB2A, 0x8A2A, 0xE510, 0xE610, 0xC510, 0xC510, 0xC510, 0xE610, 0xE610, 0x0611,
    0x0611, 0x0611, 0x0611, 0xE610, 0xE510, 0xC510, 0xE610, 0xC508, 0x0922, 0x2C3B, 0xEF4B, 0x7164,
    0xAB32, 0x2A22, 0x2A2A, 0xE921, 0x2719, 0x0511, 0x2100, 0x0000, 0x0000, 0x0000, 0x0000, 0x0000,
    0x0000, 0x0000, 0x0000, 0x0000, 0x0000, 0x0000, 0x0000, 0x0000, 0x0000, 0x0000, 0x0000, 0x0000,
    0x0000, 0x0000, 0x0000, 0x0000, 0x0000, 0x0000, 0x0000, 0x0000, 0x0000, 0x0000, 0x0000, 0x0000,
    0x0000, 0x0000, 0x0000, 0x0000, 0x0000, 0x0000, 0x0000, 0x0000, 0x0000, 0x0000, 0x0000, 0x0000,
    0x0000, 0x0000, 0x0000, 0x0000, 0x0000, 0x0000, 0x0000, 0x0000, 0x0000, 0x0000, 0x0000, 0x0000,
    0x0000, 0x0000, 0x0000, 0x0000, 0x0000, 0x0000, 0x0000, 0x0000, 0xA408, 0x0611, 0xC508, 0xAB3A,
    0x7164, 0xAB32, 0x6922, 0x4C3B, 0x8711, 0x0619, 0x8931, 0x8931, 0xA931, 0x0719, 0xE610, 0xE610,
    0xE610, 0xE610, 0xE610, 0x6829, 0x6931, 0x6829, 0xE610, 0x2609, 0x2C3B, 0xCB2A, 0x4922, 0x5064,
    0x2D43, 0x0509, 0x2619, 0xE510, 0x0000, 0x0000, 0x0000, 0x0000, 0x0000, 0x0000, 0x0000, 0x0000,
    0x0000, 0x0000, 0x0000, 0x0000, 0x0000, 0x0000, 0x0000, 0x0000, 0x0000, 0x0000, 0x0000, 0x0000,
    0x0000, 0x0000, 0x0000, 0x0000, 0x0000, 0x0000, 0x0000, 0x0000, 0x0000, 0x0000, 0x0000, 0x0000,
    0x0000, 0x0000, 0x0000, 0x0000, 0x0000, 0x0000, 0x0000, 0x0000, 0x0000, 0x0000, 0x0000, 0x0000,
    0x0000, 0x0000, 0x0000, 0x0000, 0x0000, 0x0000, 0x0000, 0x0000, 0x0000, 0x0000, 0x0000, 0x0000,
    0x0000, 0x0000, 0x0000, 0x0000, 0x0000, 0x0000, 0x0000, 0x0000, 0x0000, 0x0000, 0x2100, 0x0619,
    0xC508, 0x8821, 0x292A, 0x8A2A, 0x0C3B, 0x8821, 0xCE62, 0xCE62, 0xEF62, 0x2C4A, 0x0B4A, 0x0B4A,
    0x0B42, 0x0B42, 0x0B42, 0x6D5A, 0x8E5A, 0xAD5A, 0x4719, 0x8A2A, 0x0B33, 0x4A2A, 0x8819, 0x0609,
    0xE510, 0x2100, 0x0000, 0x0000, 0x0000, 0x0000, 0x0000, 0x0000, 0x0000, 0x0000, 0x0000, 0x0000,
    0x0000, 0x0000, 0x0000, 0x0000, 0x0000, 0x0000, 0x0000, 0x0000, 0x0000, 0x0000, 0x0000, 0x0000,
    0x0000, 0x0000, 0x0000, 0x0000, 0x0000, 0x0000, 0x0000, 0x0000, 0x0000, 0x0000, 0x0000, 0x0000,
    0x0000, 0x0000, 0x0000, 0x0000, 0x0000, 0x0000, 0x0000, 0x0000, 0x0000, 0x0000, 0x0000, 0x0000,
    0x0000, 0x0000, 0x0000, 0x0000, 0x0000, 0x0000, 0x0000, 0x0000, 0x0000, 0x0000, 0x0000, 0x0000,
    0x0000, 0x0000, 0x0000, 0x0000, 0x0000, 0x0000, 0x0000, 0x0000, 0x0000, 0x0000, 0x0000, 0x0000,
    0x2100, 0xC410, 0x2719, 0x6719, 0xCB3A, 0xA821, 0xEA39, 0xCE62, 0xAE62, 0xCE62, 0xCE62, 0xCE62,
    0xAE62, 0xAE62, 0xAE62, 0x8D5A, 0x8D5A, 0xA931, 0x8719, 0x2C3B, 0xA819, 0x6719, 0xA408, 0x4200,
    0x2100, 0x0000, 0x0000, 0x0000, 0x0000, 0x0000, 0x0000, 0x0000, 0x0000, 0x0000, 0x0000, 0x0000,
    0x0000, 0x0000, 0x0000, 0x0000, 0x0000, 0x0000, 0x0000, 0x0000, 0x0000, 0x0000, 0x0000, 0x0000,
    0x0000, 0x0000, 0x0000, 0x0000, 0x0000, 0x0000, 0x0000, 0x0000, 0x0000, 0x0000, 0x0000, 0x0000,
    0x0000, 0x0000, 0x0000, 0x0000, 0x0000, 0x0000, 0x0000, 0x0000, 0x0000, 0x0000, 0x0000, 0x0000,
    0x0000, 0x0000, 0x0000, 0x0000, 0x0000, 0x0000, 0x0000, 0x0000, 0x0000, 0x0000, 0x0000, 0x0000,
    0x0000, 0x0000, 0x0000, 0x0000, 0x0000, 0x0000, 0x0000, 0x0000, 0x0000, 0x0000, 0x0000, 0x0000,
    0x0000, 0x0000, 0x6308, 0x6308, 0xC408, 0xA821, 0x6821, 0x0F6B, 0xEF6A, 0xCE62, 0xCF62, 0xCE62,
    0xCE62, 0xCE62, 0xCE62, 0xCE62, 0xEF62, 0x4721, 0xA819, 0x0511, 0x6200, 0x8308, 0x0000, 0x0000,
    0x0000, 0x0000, 0x0000, 0x0000, 0x0000, 0x0000, 0x0000, 0x0000, 0x0000, 0x0000, 0x0000, 0x0000,
    0x0000, 0x0000, 0x0000, 0x0000, 0x0000, 0x0000, 0x0000, 0x0000, 0x0000, 0x0000, 0x0000, 0x0000,
    0x0000, 0x0000, 0x0000, 0x0000, 0x0000, 0x0000, 0x0000, 0x0000, 0x0000, 0x0000, 0x0000, 0x0000,
    0x0000, 0x0000, 0x0000, 0x0000, 0x0000, 0x0000, 0x0000, 0x0000, 0x0000, 0x0000, 0x0000, 0x0000,
    0x0000, 0x0000, 0x0000, 0x0000, 0x0000, 0x0000, 0x0000, 0x0000, 0x0000, 0x0000, 0x0000, 0x0000,
    0x0000, 0x0000, 0x0000, 0x0000, 0x0000, 0x0000, 0x0000, 0x0000, 0x0000, 0x0000, 0x0000, 0x0000,
    0x0000, 0x0000, 0x0000, 0x0000, 0x0000, 0x8208, 0x0519, 0x0942, 0xE939, 0xC939, 0xC939, 0xE939,
    0xE939, 0xE941, 0xE941, 0xEA41, 0x0A42, 0xE518, 0x6208, 0x0000, 0x0000, 0x0000, 0x0000, 0x0000,
    0x0000, 0x0000, 0x0000, 0x0000, 0x0000, 0x0000, 0x0000, 0x0000, 0x0000, 0x0000, 0x0000, 0x0000,
    0x0000, 0x0000, 0x0000, 0x0000, 0x0000, 0x0000, 0x0000, 0x0000, 0x0000, 0x0000, 0x0000, 0x0000,
    0x0000, 0x0000, 0x0000, 0x0000, 0x0000, 0x0000, 0x0000, 0x0000, 0x0000, 0x0000, 0x0000, 0x0000,
    0x0000, 0x0000, 0x0000, 0x0000, 0x0000, 0x0000, 0x0000, 0x0000, 0x0000, 0x0000, 0x0000, 0x0000,
    0x0000, 0x0000, 0x0000, 0x0000, 0x0000, 0x0000, 0x0000, 0x0000, 0x0000, 0x0000, 0x0000, 0x0000,
    0x0000, 0x0000, 0x0000, 0x0000, 0x0000, 0x0000, 0x0000, 0x0000, 0x0000, 0x0000, 0x0000, 0x0000,
    0x0000, 0x0000, 0x0000, 0x0000, 0x0000, 0x0000, 0x0000, 0x0000, 0x0000, 0x0000, 0x0000, 0x0000,
    0x0000, 0x0000, 0x0000, 0x0000, 0x0000, 0x0000, 0x0000, 0x0000, 0x0000, 0x0000, 0x0000, 0x0000,
    0x0000, 0x0000, 0x0000, 0x0000, 0x0000, 0x0000, 0x0000, 0x0000, 0x0000, 0x0000, 0x0000, 0x0000,
    0x0000, 0x0000, 0x0000, 0x0000, 0x0000, 0x0000, 0x0000, 0x0000, 0x0000, 0x0000, 0x0000, 0x0000,
    0x0000, 0x0000, 0x0000, 0x0000, 0x0000, 0x0000, 0x0000, 0x0000, 0x0000, 0x0000, 0x0000, 0x0000,
    0x0000, 0x0000, 0x0000, 0x0000, 0x0000, 0x0000, 0x0000, 0x0000, 0x0000, 0x0000, 0x0000, 0x0000,
    0x0000, 0x0000, 0x0000, 0x0000, 0x0000, 0x0000, 0x0000, 0x0000, 0x0000, 0x0000, 0x0000, 0x0000,
    0x0000, 0x0000, 0x0000, 0x0000, 0x0000, 0x0000, 0x0000, 0x0000, 0x0000, 0x0000, 0x0000, 0x0000,
    0x0000, 0x0000, 0x0000, 0x0000, 0x0000, 0x0000, 0x0000, 0x0000, 0x0000, 0x0000, 0x0000, 0x0000,
    0x0000, 0x0000, 0x0000, 0x0000, 0x0000, 0x0000, 0x0000, 0x0000, 0x0000, 0x0000, 0x0000, 0x0000,
    0x0000, 0x0000, 0x0000, 0x0000, 0x0000, 0x0000, 0x0000, 0x0000, 0x0000, 0x0000, 0x0000, 0x0000,
    0x0000, 0x0000, 0x0000, 0x0000, 0x0000, 0x0000, 0x0000, 0x0000, 0x0000, 0x0000, 0x0000, 0x0000,
    0x0000, 0x0000, 0x0000, 0x0000, 0x0000, 0x0000, 0x0000, 0x0000, 0x0000, 0x0000, 0x0000, 0x0000,
    0x0000, 0x0000, 0x0000, 0x0000, 0x0000, 0x0000, 0x0000, 0x0000, 0x0000, 0x0000, 0x0000, 0x0000,
    0x0000, 0x0000, 0x0000, 0x0000, 0x0000, 0x0000, 0x0000, 0x0000, 0x0000, 0x0000, 0x0000, 0x0000,
    0x0000, 0x0000, 0x0000, 0x0000, 0x0000, 0x0000, 0x0000, 0x0000, 0x0000, 0x0000, 0x0000, 0x0000,
    0x0000, 0x0000, 0x0000, 0x0000, 0x0000, 0x0000, 0x0000, 0x0000, 0x0000, 0x0000, 0x0000, 0x0000,
    0x0000, 0x0000, 0x0000, 0x0000, 0x0000, 0x0000, 0x0000, 0x0000, 0x0000, 0x0000, 0x0000, 0x0000,
    0x0000, 0x0000, 0x0000, 0x0000, 0x0000, 0x0000, 0x0000, 0x0000, 0x0000, 0x0000, 0x0000, 0x0000,
    0x0000, 0x0000, 0x0000, 0x0000, 0x0000, 0x0000, 0x0000, 0x0000, 0x0000, 0x0000, 0x0000, 0x0000,
    0x0000, 0x0000, 0x0000, 0x0000, 0x0000, 0x0000, 0x0000, 0x0000, 0x0000, 0x0000, 0x0000, 0x0000,
    0x0000, 0x0000, 0x0000, 0x0000, 0x0000, 0x0000, 0x0000, 0x0000, 0x0000, 0x0000, 0x0000, 0x0000,
    0x0000, 0x0000, 0x0000, 0x0000, 0x0000, 0x0000, 0x0000, 0x0000, 0x0000, 0x0000, 0x0000, 0x0000,
    0x0000, 0x0000, 0x0000, 0x0000, 0x0000, 0x0000, 0x0000, 0x0000, 0x0000, 0x0000, 0x0000, 0x0000,
    0x0000, 0x0000, 0x0000, 0x0000, 0x0000, 0x0000, 0x0000, 0x0000, 0x0000, 0x0000, 0x0000, 0x0000,
    0x0000, 0x0000, 0x0000, 0x0000, 0x0000, 0x0000, 0x0000, 0x0000, 0x0000, 0x0000, 0x0000, 0x0000,
    0x0000, 0x0000, 0x0000, 0x0000, 0x0000, 0x0000, 0x0000, 0x0000, 0x0000, 0x0000, 0x0000, 0x0000,
    0x0000, 0x0000, 0x0000, 0x0000, 0x0000, 0x0000, 0x0000, 0x0000, 0x0000, 0x0000, 0x0000, 0x0000,
    0x0000, 0x0000, 0x0000, 0x0000, 0x0000, 0x0000, 0x0000, 0x0000, 0x0000, 0x0000, 0x0000, 0x0000,
    0x0000, 0x0000, 0x0000, 0x0000, 0x0000, 0x0000, 0x0000, 0x0000, 0x0000, 0x0000, 0x0000, 0x0000,
    0x0000, 0x0000, 0x0000, 0x0000, 0x0000, 0x0000, 0x0000, 0x0000, 0x0000, 0x0000, 0x0000, 0x0000,
    0x0000, 0x0000, 0x0000, 0x0000, 0x0000, 0x0000, 0x0000, 0x0000, 0x0000, 0x0000, 0x0000, 0x0000,
    0x0000, 0x0000, 0x0000, 0x0000, 0x0000, 0x0000, 0x0000, 0x0000, 0x0000, 0x0000, 0x0000, 0x0000,
    0x0000, 0x0000, 0x0000, 0x0000, 0x0000, 0x0000, 0x0000, 0x0000, 0x0000, 0x0000, 0x0000, 0x0000,
    0x0000, 0x0000, 0x0000, 0x0000, 0x0000, 0x0000, 0x0000, 0x0000, 0x0000, 0x0000, 0x0000, 0x0000,
    0x0000, 0x0000, 0x0000, 0x0000, 0x0000, 0x0000, 0x0000, 0x0000, 0x0000, 0x0000, 0x0000, 0x0000,
    0x0000, 0x0000, 0x0000, 0x0000, 0x0000, 0x0000, 0x0000, 0x0000, 0x0000, 0x0000, 0x0000, 0x0000,
    0x0000, 0x0000, 0x0000, 0x0000, 0x0000, 0x0000, 0x0000, 0x0000, 0x0000, 0x0000, 0x0000, 0x0000,
    0x0000, 0x0000, 0x0000, 0x0000, 0x0000, 0x0000, 0x0000, 0x0000, 0x0000, 0x0000, 0x0000, 0x0000,
    0x0000, 0x0000, 0x0000, 0x0000, 0x0000, 0x0000, 0x0000, 0x0000, 0x0000, 0x0000, 0x0000, 0x0000,
    0x0000, 0x0000, 0x0000, 0x0000, 0x0000, 0x0000, 0x0000, 0x0000, 0x0000, 0x0000, 0x0000, 0x0000,
    0x0000, 0x0000, 0x0000, 0x0000, 0x0000, 0x0000, 0x0000, 0x0000, 0x0000, 0x0000, 0x0000, 0x0000,
    0x0000, 0x0000, 0x0000, 0x0000, 0x0000, 0x0000, 0x0000, 0x0000, 0x0000, 0x0000, 0x0000, 0x0000,
    0x0000, 0x0000, 0x0000, 0x0000, 0x0000, 0x0000, 0x0000, 0x0000, 0x0000, 0x0000, 0x0000, 0x0000,
    0x0000, 0x0000, 0x0000, 0x0000, 0x0000, 0x0000, 0x0000, 0x0000, 0x0000, 0x0000, 0x0000, 0x0000,
    0x0000, 0x0000, 0x0000, 0x0000, 0x0000, 0x0000, 0x0000, 0x0000, 0x0000, 0x0000, 0x0000, 0x0000,
    0x0000, 0x0000, 0x0000, 0x0000, 0x0000, 0x0000, 0x0000, 0x0000, 0x0000, 0x0000, 0x0000, 0x0000,
    0x0000, 0x0000, 0x0000, 0x0000, 0x0000, 0x0000, 0x0000, 0x0000, 0x0000, 0x0000, 0x0000, 0x0000,
    0x0000, 0x0000, 0x0000, 0x0000, 0x0000, 0x0000, 0x0000, 0x0000, 0x0000, 0x0000, 0x0000, 0x0000,
    0x0000, 0x0000, 0x0000, 0x0000, 0x0000, 0x0000, 0x0000, 0x0000, 0x0000, 0x0000, 0x0000, 0x0000,
    0x0000, 0x0000, 0x0000, 0x0000, 0x0000, 0x0000, 0x0000, 0x0000, 0x0000, 0x0000, 0x0000, 0x0000,
    0x0000, 0x0000, 0x0000, 0x0000, 0x0000, 0x0000, 0x0000, 0x0000, 0x0000, 0x0000, 0x0000, 0x0000,
    0x0000, 0x0000, 0x0000, 0x0000, 0x0000, 0x0000, 0x0000, 0x0000, 0x0000, 0x0000, 0x0000, 0x0000,
};

static const uint16_t ARGUS_SPR_RESIGNED[ARGUS_PIXELS] = {
    0x0000, 0x0000, 0x0000, 0x0000, 0x0000, 0x0000, 0x0000, 0x0000, 0x0000, 0x0000, 0x0000, 0x0000,
    0x0000, 0x0000, 0x0000, 0x0000, 0x0000, 0x0000, 0x0000, 0x0000, 0x0000, 0x0000, 0x0000, 0x0000,
    0x0000, 0x0000, 0x0000, 0x0000, 0x0000, 0x0000, 0x0000, 0x0000, 0x0000, 0x0000, 0x0000, 0x0000,
    0x0000, 0x0000, 0x0000, 0x0000, 0x0000, 0x0000, 0x0000, 0x0000, 0x0000, 0x0000, 0x0000, 0x0000,
    0x0000, 0x0000, 0x0000, 0x0000, 0x0000, 0x0000, 0x0000, 0x0000, 0x0000, 0x0000, 0x0000, 0x0000,
    0x0000, 0x0000, 0x0000, 0x0000, 0x0000, 0x0000, 0x0000, 0x0000, 0x0000, 0x0000, 0x0000, 0x0000,
    0x0000, 0x0000, 0x0000, 0x0000, 0x0000, 0x0000, 0x0000, 0x0000, 0x0000, 0x0000, 0x0000, 0x0000,
    0x0000, 0x0000, 0x0000, 0x0000, 0x0000, 0x0000, 0x0000, 0x0000, 0x0000, 0x0000, 0x0000, 0x0000,
    0x0000, 0x0000, 0x0000, 0x0000, 0x0000, 0x0000, 0x0000, 0x0000, 0x0000, 0x0000, 0x0000, 0x0000,
    0x0000, 0x0000, 0x0000, 0x0000, 0x0000, 0x0000, 0x0000, 0x0000, 0x0000, 0x0000, 0x0000, 0x0000,
    0x0000, 0x0000, 0x0000, 0x0000, 0x0000, 0x0000, 0x0000, 0x0000, 0x0000, 0x0000, 0x0000, 0x0000,
    0x0000, 0x0000, 0x0000, 0x0000, 0x0000, 0x0000, 0x0000, 0x0000, 0x0000, 0x0000, 0x0000, 0x0000,
    0x0000, 0x0000, 0x0000, 0x0000, 0x0000, 0x0000, 0x0000, 0x0000, 0x0000, 0x0000, 0x0000, 0x0000,
    0x0000, 0x0000, 0x0000, 0x0000, 0x0000, 0x0000, 0x0000, 0x0000, 0x0000, 0x0000, 0x0000, 0x0000,
    0x0000, 0x0000, 0x0000, 0x0000, 0x0000, 0x0000, 0x0000, 0x0000, 0x0000, 0x0000, 0x0000, 0x0000,
    0x0000, 0x0000, 0x0000, 0x0000, 0x0000, 0x0000, 0x0000, 0x0000, 0x0000, 0x0000, 0x0000, 0x0000,
    0x0000, 0x0000, 0x0000, 0x0000, 0x0000, 0x0000, 0x0000, 0x0000, 0x0000, 0x0000, 0x0000, 0x0000,
    0x0000, 0x0000, 0x0000, 0x0000, 0x0000, 0x0000, 0x0000, 0x0000, 0x0000, 0x0000, 0x0000, 0x0000,
    0x0000, 0x0000, 0x0000, 0x0000, 0x0000, 0x0000, 0x0000, 0x0000, 0x0000, 0x0000, 0x0000, 0x0000,
    0x0000, 0x0000, 0x0000, 0x0000, 0x0000, 0x0000, 0x0000, 0x0000, 0x0000, 0x2100, 0x6208, 0x6208,
    0x8208, 0x8308, 0x2100, 0x0000, 0x0000, 0x0000, 0x0000, 0x0000, 0x0000, 0x0000, 0x0000, 0x0000,
    0x0000, 0x0000, 0x0000, 0x0000, 0x0000, 0x0000, 0x0000, 0x0000, 0x0000, 0x0000, 0x0000, 0x0000,
    0x0000, 0x0000, 0x0000, 0x0000, 0x0000, 0x0000, 0x0000, 0x0000, 0x0000, 0x0000, 0x0000, 0x0000,
    0x0000, 0x0000, 0x0000, 0x0000, 0x0000, 0x0000, 0x0000, 0x0000, 0x0000, 0x0000, 0x0000, 0x0000,
    0x0000, 0x0000, 0x0000, 0x0000, 0x0000, 0x0000, 0x0000, 0x0000, 0x0000, 0x0000, 0x0000, 0x0000,
    0x0000, 0x0000, 0x0000, 0x0000, 0x0000, 0x0000, 0x0000, 0x0000, 0x0000, 0x0000, 0x0000, 0x0000,
    0x0000, 0x0000, 0x0000, 0x0000, 0x0000, 0x0000, 0x0000, 0x0000, 0x0000, 0x0000, 0x0000, 0x0000,
    0x0000, 0x0000, 0x0000, 0x0000, 0x0000, 0x0000, 0x0000, 0x0000, 0x2100, 0x2000, 0xA852, 0xCB7B,
    0xCA73, 0xC95A, 0x4108, 0x2000, 0x0000, 0x0000, 0x0000, 0x0000, 0x0000, 0x0000, 0x0000, 0x0000,
    0x0000, 0x0000, 0x0000, 0x0000, 0x0000, 0x0000, 0x0000, 0x0000, 0x0000, 0x0000, 0x0000, 0x0000,
    0x0000, 0x0000, 0x0000, 0x0000, 0x0000, 0x0000, 0x0000, 0x0000, 0x0000, 0x0000, 0x0000, 0x0000,
    0x0000, 0x0000, 0x0000, 0x0000, 0x0000, 0x0000, 0x0000, 0x0000, 0x0000, 0x0000, 0x0000, 0x0000,
    0x0000, 0x0000, 0x0000, 0x0000, 0x0000, 0x0000, 0x0000, 0x0000, 0x0000, 0x0000, 0x0000, 0x0000,
    0x0000, 0x0000, 0x0000, 0x0000, 0x0000, 0x0000, 0x0000, 0x0000, 0x0000, 0x0000, 0x0000, 0x0000,
    0x0000, 0x0000, 0x0000, 0x0000, 0x0000, 0x0000, 0x0000, 0x0000, 0x0000, 0x0000, 0x0000, 0x0000,
    0x0000, 0x0000, 0x0000, 0x0000, 0x0000, 0x4100, 0x2521, 0x2521, 0x8529, 0xAC73, 0x30A5, 0x12BE,
    0x33BE, 0x91AD, 0x4E84, 0x8531, 0x2421, 0x2421, 0x4100, 0x0000, 0x0000, 0x0000, 0x0000, 0x0000,
    0x0000, 0x0000, 0x0000, 0x0000, 0x0000, 0x0000, 0x0000, 0x0000, 0x0000, 0x0000, 0x0000, 0x0000,
    0x0000, 0x0000, 0x0000, 0x0000, 0x0000, 0x0000, 0x0000, 0x0000, 0x0000, 0x0000, 0x0000, 0x0000,
    0x0000, 0x0000, 0x0000, 0x0000, 0x0000, 0x0000, 0x0000, 0x0000, 0x0000, 0x0000, 0x0000, 0x0000,
    0x0000, 0x0000, 0x0000, 0x0000, 0x0000, 0x0000, 0x0000, 0x0000, 0x0000, 0x0000, 0x0000, 0x0000,
    0x0000, 0x0000, 0x0000, 0x0000, 0x0000, 0x0000, 0x0000, 0x0000, 0x0000, 0x0000, 0x0000, 0x0000,
    0x0000, 0x0000, 0x0000, 0x0000, 0x0000, 0x0000, 0x0000, 0x0000, 0x0000, 0x0000, 0x0000, 0x0000,
    0x0000, 0x0000, 0x2000, 0x6308, 0xE410, 0xE318, 0xCC7B, 0xEF9C, 0x4D84, 0x34BE, 0xB7C6, 0x7BDF,
    0x9BE7, 0xD8C6, 0x35BE, 0x6D8C, 0x8D94, 0x0C84, 0x4421, 0xE510, 0x8308, 0x4100, 0x2000, 0x0000,
    0x0000, 0x0000, 0x0000, 0x0000, 0x0000, 0x0000, 0x0000, 0x0000, 0x0000, 0x0000, 0x0000, 0x0000,
    0x0000, 0x0000, 0x0000, 0x0000, 0x0000, 0x0000, 0x0000, 0x0000, 0x0000, 0x0000, 0x0000, 0x0000,
    0x0000, 0x0000, 0x0000, 0x0000, 0x0000, 0x0000, 0x0000, 0x0000, 0x0000, 0x0000, 0x0000, 0x0000,
    0x0000, 0x0000, 0x0000, 0x0000, 0x0000, 0x0000, 0x0000, 0x0000, 0x0000, 0x0000, 0x0000, 0x0000,
    0x0000, 0x0000, 0x0000, 0x0000, 0x0000, 0x0000, 0x0000, 0x0000, 0x0000, 0x0000, 0x0000, 0x0000,
    0x0000, 0x0000, 0x0000, 0x0000, 0x0000, 0x0000, 0x0000, 0x0000, 0x0000, 0x0000, 0x0000, 0x0000,
    0x2100, 0xE410, 0x6719, 0x092A, 0x8621, 0x8B73, 0x4FA5, 0x33BE, 0x92A5, 0x55B6, 0xB7C6, 0x7BE7,
    0x9BE7, 0xB8C6, 0x35B6, 0xEF94, 0x54BE, 0x4FA5, 0x2C84, 0x0732, 0xC821, 0x8719, 0xA408, 0x2100,
    0x0000, 0x0000, 0x0000, 0x0000, 0x0000, 0x0000, 0x0000, 0x0000, 0x0000, 0x0000, 0x0000, 0x0000,
    0x0000, 0x0000, 0x0000, 0x0000, 0x0000, 0x0000, 0x0000, 0x0000, 0x0000, 0x0000, 0x0000, 0x0000,
    0x0000, 0x0000, 0x0000, 0x0000, 0x0000, 0x0000, 0x0000, 0x0000, 0x0000, 0x0000, 0x0000, 0x0000,
    0x0000, 0x0000, 0x0000, 0x0000, 0x0000, 0x0000, 0x0000, 0x0000, 0x0000, 0x0000, 0x0000, 0x0000,
    0x0000, 0x0000, 0x0000, 0x0000, 0x0000, 0x0000, 0x0000, 0x0000, 0x0000, 0x0000, 0x0000, 0x0000,
    0x0000, 0x0000, 0x0000, 0x0000, 0x0000, 0x0000, 0x0000, 0x0000, 0x0000, 0x2000, 0x4200, 0x8308,
    0x2611, 0x6A2A, 0x6D43, 0xEB3A, 0xE952, 0xCD9C, 0xF2B5, 0x39D7, 0xB3A5, 0x14AE, 0x96BE, 0x7ADF,
    0x7BDF, 0xD8C6, 0x56B6, 0x3195, 0xF9C6, 0xF8CE, 0x4FA5, 0x0C7C, 0xEA3A, 0xEC32, 0xAB32, 0x8719,
    0x6308, 0x4200, 0x0000, 0x0000, 0x0000, 0x0000, 0x0000, 0x0000, 0x0000, 0x0000, 0x0000, 0x0000,
    0x0000, 0x0000, 0x0000, 0x0000, 0x0000, 0x0000, 0x0000, 0x0000, 0x0000, 0x0000, 0x0000, 0x0000,
    0x0000, 0x0000, 0x0000, 0x0000, 0x0000, 0x0000, 0x0000, 0x0000, 0x0000, 0x0000, 0x0000, 0x0000,
    0x0000, 0x0000, 0x0000, 0x0000, 0x0000, 0x0000, 0x0000, 0x0000, 0x0000, 0x0000, 0x0000, 0x0000,
    0x0000, 0x0000, 0x0000, 0x0000, 0x0000, 0x0000, 0x0000, 0x0000, 0x0000, 0x0000, 0x0000, 0x0000,
    0x0000, 0x0000, 0x0000, 0x0000, 0x0000, 0x0000, 0x0000, 0x0000, 0x0000, 0x8308, 0x8721, 0x2A2A,
    0xCC32, 0x0F4C, 0x4C3B, 0x2953, 0x0E9D, 0x2F9D, 0xB7C6, 0x3AD7, 0xD4A5, 0x5195, 0x35B6, 0x5AD7,
    0x5AD7, 0x97BE, 0x529D, 0x739D, 0x19CF, 0x3ADF, 0x319D, 0xCE94, 0xCA63, 0x8C43, 0x8D3B, 0x6A22,
    0xE921, 0x4611, 0x6208, 0x0000, 0x0000, 0x0000, 0x0000, 0x0000, 0x0000, 0x0000, 0x0000, 0x0000,
    0x0000, 0x0000, 0x0000, 0x0000, 0x0000, 0x0000, 0x0000, 0x0000, 0x0000, 0x0000, 0x0000, 0x0000,
    0x0000, 0x0000, 0x0000, 0x0000, 0x0000, 0x0000, 0x0000, 0x0000, 0x0000, 0x0000, 0x0000, 0x0000,
    0x0000, 0x0000, 0x0000, 0x0000, 0x0000, 0x0000, 0x0000, 0x0000, 0x0000, 0x0000, 0x0000, 0x0000,
    0x0000, 0x0000, 0x0000, 0x0000, 0x0000, 0x0000, 0x0000, 0x0000, 0x0000, 0x0000, 0x0000, 0x0000,
    0x0000, 0x0000, 0x0000, 0x0000, 0x0000, 0x0000, 0x2100, 0x2100, 0xC410, 0x6719, 0xEC3A, 0x915C,
    0x2F44, 0xAD3B, 0x6A4B, 0x0F9D, 0x91AD, 0x529D, 0x97C6, 0x5ADF, 0x15B6, 0x1195, 0x36B6, 0x19CF,
    0x19CF, 0x97C6, 0xF18C, 0xB4A5, 0x5ADF, 0xF9CE, 0x529D, 0x35B6, 0x50A5, 0xAC5B, 0x6C33, 0x6C33,
    0x2C2B, 0x8B2A, 0x8821, 0xE510, 0x2100, 0x2100, 0x0000, 0x0000, 0x0000, 0x0000, 0x0000, 0x0000,
    0x0000, 0x0000, 0x0000, 0x0000, 0x0000, 0x0000, 0x0000, 0x0000, 0x0000, 0x0000, 0x0000, 0x0000,
    0x0000, 0x0000, 0x0000, 0x0000, 0x0000, 0x0000, 0x0000, 0x0000, 0x0000, 0x0000, 0x0000, 0x0000,
    0x0000, 0x0000, 0x0000, 0x0000, 0x0000, 0x0000, 0x0000, 0x0000, 0x0000, 0x0000, 0x0000, 0x0000,
    0x0000, 0x0000, 0x0000, 0x0000, 0x0000, 0x0000, 0x0000, 0x0000, 0x0000, 0x0000, 0x0000, 0x0000,
    0x0000, 0x0000, 0x0000, 0x0000, 0x0000, 0x4108, 0x8308, 0xA308, 0x0511, 0x2609, 0x0C33, 0x704C,
    0x2F44, 0x2B2B, 0x294B, 0xD2B5, 0xF9CE, 0xB4A5, 0x16B6, 0x5BDF, 0x77BE, 0x329D, 0x36BE, 0x19CF,
    0x19CF, 0x97C6, 0x1195, 0xF5AD, 0x3AD7, 0x56BE, 0x3295, 0x3AD7, 0x35BE, 0x4A5B, 0x8922, 0x2F44,
    0x704C, 0x2D33, 0x4611, 0x2611, 0xA408, 0x8300, 0x8208, 0x0000, 0x0000, 0x0000, 0x0000, 0x0000,
    0x0000, 0x0000, 0x0000, 0x0000, 0x0000, 0x0000, 0x0000, 0x0000, 0x0000, 0x0000, 0x0000, 0x0000,
    0x0000, 0x0000, 0x0000, 0x0000, 0x0000, 0x0000, 0x0000, 0x0000, 0x0000, 0x0000, 0x0000, 0x0000,
    0x0000, 0x0000, 0x0000, 0x0000, 0x0000, 0x0000, 0x0000, 0x0000, 0x0000, 0x0000, 0x0000, 0x0000,
    0x0000, 0x0000, 0x0000, 0x0000, 0x0000, 0x0000, 0x0000, 0x0000, 0x0000, 0x0000, 0x0000, 0x0000,
    0x0000, 0x0000, 0x0000, 0x0000, 0x6208, 0x2519, 0xF38C, 0x9595, 0x9595, 0xD695, 0x6D43, 0xCA22,
    0x4D3B, 0x692A, 0xA842, 0xB3AD, 0x5AD7, 0x16B6, 0x94A5, 0x3AD7, 0xB8C6, 0x329D, 0x36BE, 0xB8C6,
    0x97C6, 0x77BE, 0x1195, 0x15B6, 0xF9CE, 0x739D, 0x93A5, 0x3AD7, 0xF4B5, 0x4B5B, 0x2922, 0x4D3B,
    0xCA2A, 0xEB3A, 0x9595, 0x959D, 0x959D, 0x348D, 0xC721, 0x2100, 0x0000, 0x0000, 0x0000, 0x0000,
    0x0000, 0x0000, 0x0000, 0x0000, 0x0000, 0x0000, 0x0000, 0x0000, 0x0000, 0x0000, 0x0000, 0x0000,
    0x0000, 0x0000, 0x0000, 0x0000, 0x0000, 0x0000, 0x0000, 0x0000, 0x0000, 0x0000, 0x0000, 0x0000,
    0x0000, 0x0000, 0x0000, 0x0000, 0x0000, 0x0000, 0x0000, 0x0000, 0x0000, 0x0000, 0x0000, 0x0000,
    0x0000, 0x0000, 0x0000, 0x0000, 0x0000, 0x0000, 0x0000, 0x0000, 0x0000, 0x0000, 0x0000, 0x0000,
    0x0000, 0x0000, 0x0000, 0x4100, 0x0832, 0x348D, 0x7BCF, 0x3AC7, 0x3ABF, 0x5BC7, 0xDAB6, 0x5064,
    0xAB32, 0x8A3A, 0xE95A, 0xF094, 0xF9CE, 0x57BE, 0x539D, 0x36BE, 0xB8CE, 0x539D, 0xD5AD, 0x36B6,
    0x36B6, 0xD5AD, 0x1195, 0x97C6, 0x76BE, 0x1195, 0x36B6, 0xF9CE, 0x729D, 0x0A53, 0x8B3A, 0xAB2A,
    0xEF5B, 0xB9BE, 0x5BC7, 0xB8B6, 0xF9BE, 0x5BCF, 0xD69D, 0x4A3A, 0x2100, 0x0000, 0x0000, 0x0000,
    0x0000, 0x0000, 0x0000, 0x0000, 0x0000, 0x0000, 0x0000, 0x0000, 0x0000, 0x0000, 0x0000, 0x0000,
    0x0000, 0x0000, 0x0000, 0x0000, 0x0000, 0x0000, 0x0000, 0x0000, 0x0000, 0x0000, 0x0000, 0x0000,
    0x0000, 0x0000, 0x0000, 0x0000, 0x0000, 0x0000, 0x0000, 0x0000, 0x0000, 0x0000, 0x0000, 0x0000,
    0x0000, 0x0000, 0x0000, 0x0000, 0x0000, 0x0000, 0x0000, 0x0000, 0x0000, 0x0000, 0x0000, 0x0000,
    0x0000, 0x0000, 0x4208, 0xA308, 0x3074, 0xBCD7, 0x78A6, 0x1375, 0xF264, 0x126D, 0x98A6, 0x1BBF,
    0x1064, 0x8842, 0x4D84, 0xD08C, 0xF5AD, 0x97C6, 0xB4AD, 0x74A5, 0x77C6, 0xD4AD, 0x329D, 0xF5AD,
    0x15B6, 0x329D, 0x93A5, 0x56BE, 0x93A5, 0x329D, 0x97C6, 0x15AE, 0x1195, 0xAE8C, 0x8942, 0x4D4B,
    0xD9BE, 0xF9BE, 0x7485, 0xD26C, 0x5475, 0x379E, 0x7CCF, 0xB27C, 0x0511, 0x2100, 0x0000, 0x0000,
    0x0000, 0x0000, 0x0000, 0x0000, 0x0000, 0x0000, 0x0000, 0x0000, 0x0000, 0x0000, 0x0000, 0x0000,
    0x0000, 0x0000, 0x0000, 0x0000, 0x0000, 0x0000, 0x0000, 0x0000, 0x0000, 0x0000, 0x0000, 0x0000,
    0x0000, 0x0000, 0x0000, 0x0000, 0x0000, 0x0000, 0x0000, 0x0000, 0x0000, 0x0000, 0x0000, 0x0000,
    0x0000, 0x0000, 0x0000, 0x0000, 0x0000, 0x0000, 0x0000, 0x0000, 0x0000, 0x0000, 0x0000, 0x0000,
    0x0000, 0x0000, 0x8308, 0xA719, 0x9595, 0x98A6, 0xD264, 0x104C, 0x7154, 0x7054, 0xF264, 0xD9AE,
    0x137D, 0xA842, 0xD2B5, 0x93A5, 0xF194, 0x36BE, 0x36BE, 0x539D, 0xB4AD, 0x36BE, 0x539D, 0xD5AD,
    0xF5B5, 0x53A5, 0x16BE, 0x16B6, 0x1295, 0x16B6, 0x57BE, 0x1295, 0xB4A5, 0xB1AD, 0xA842, 0xEF5B,
    0x3ABF, 0xB164, 0x3054, 0xB264, 0xEF4B, 0xB164, 0xB9B6, 0x58AE, 0x6A32, 0x6200, 0x0000, 0x0000,
    0x0000, 0x0000, 0x0000, 0x0000, 0x0000, 0x0000, 0x0000, 0x0000, 0x0000, 0x0000, 0x0000, 0x0000,
    0x0000, 0x0000, 0x0000, 0x0000, 0x0000, 0x0000, 0x0000, 0x0000, 0x0000, 0x0000, 0x0000, 0x0000,
    0x0000, 0x0000, 0x0000, 0x0000, 0x0000, 0x0000, 0x0000, 0x0000, 0x0000, 0x0000, 0x0000, 0x0000,
    0x0000, 0x0000, 0x0000, 0x0000, 0x0000, 0x0000, 0x0000, 0x0000, 0x0000, 0x0000, 0x0000, 0x0000,
    0x0000, 0x2100, 0x8611, 0x6D43, 0xD9B6, 0x747D, 0x505C, 0x79A6, 0xB68D, 0xB685, 0xF364, 0xF264,
    0xB274, 0xA842, 0xCF94, 0xF4AD, 0x1295, 0x329D, 0x36BE, 0x94A5, 0x329D, 0xD5AD, 0x539D, 0xB4A5,
    0xD4AD, 0x53A5, 0xD5AD, 0x53A5, 0x94AD, 0x57BE, 0x53A5, 0x339D, 0x15B6, 0x109D, 0x0A53, 0x5164,
    0xF26C, 0x5054, 0xF36C, 0xB68D, 0x99AE, 0x9164, 0x948D, 0x3BC7, 0x105C, 0xC821, 0x6200, 0x0000,
    0x0000, 0x0000, 0x0000, 0x0000, 0x0000, 0x0000, 0x0000, 0x0000, 0x0000, 0x0000, 0x0000, 0x0000,
    0x0000, 0x0000, 0x0000, 0x0000, 0x0000, 0x0000, 0x0000, 0x0000, 0x0000, 0x0000, 0x0000, 0x0000,
    0x0000, 0x0000, 0x0000, 0x0000, 0x0000, 0x0000, 0x0000, 0x0000, 0x0000, 0x0000, 0x0000, 0x0000,
    0x0000, 0x0000, 0x0000, 0x0000, 0x0000, 0x0000, 0x0000, 0x0000, 0x0000, 0x2100, 0xE418, 0x6621,
    0x6721, 0x4621, 0xAB32, 0x0C33, 0x169E, 0x1696, 0xD68D, 0x3CC7, 0xB26C, 0xCF4B, 0x557D, 0x705C,
    0xD26C, 0xEB42, 0x4B63, 0x319D, 0xD4AD, 0x1295, 0x129D, 0xD5B5, 0x129D, 0x129D, 0x339D, 0xB4A5,
    0xB4AD, 0x739D, 0x73A5, 0x339D, 0x36BE, 0x74A5, 0x139D, 0xD5B5, 0x329D, 0xAC6B, 0x8A3A, 0x926C,
    0x9264, 0x5475, 0xEF4B, 0x9164, 0x7CCF, 0xD695, 0xD595, 0xD695, 0x8E3B, 0x6D3B, 0xC829, 0xA729,
    0x8729, 0x0519, 0x2100, 0x0000, 0x0000, 0x0000, 0x0000, 0x0000, 0x0000, 0x0000, 0x0000, 0x0000,
    0x0000, 0x0000, 0x0000, 0x0000, 0x0000, 0x0000, 0x0000, 0x0000, 0x0000, 0x0000, 0x0000, 0x0000,
    0x0000, 0x0000, 0x0000, 0x0000, 0x0000, 0x0000, 0x0000, 0x0000, 0x0000, 0x0000, 0x0000, 0x0000,
    0x0000, 0x0000, 0x0000, 0x0000, 0x0000, 0x0000, 0x0000, 0x0000, 0x2100, 0x6300, 0x4E53, 0x5DD7,
    0x1BCF, 0xDABE, 0xCF4B, 0x491A, 0x105C, 0xD685, 0x5475, 0x589E, 0x9264, 0xAF4B, 0x347D, 0xD26C,
    0xCF4B, 0xAF4B, 0xEB42, 0x4B63, 0x119D, 0xB4AD, 0x1295, 0x129D, 0x74A5, 0xF294, 0x1295, 0x739D,
    0x739D, 0x3395, 0x539D, 0xD5AD, 0x73A5, 0x1295, 0xD5AD, 0x329D, 0x8C6B, 0xEB42, 0x6D43, 0xCF4B,
    0x715C, 0x9585, 0xF04B, 0xCF4B, 0x379E, 0x547D, 0xF68D, 0xAE4B, 0xCB2A, 0x8D43, 0x37A6, 0x5CD7,
    0x7CD7, 0xB27C, 0xC410, 0x0000, 0x0000, 0x0000, 0x0000, 0x0000, 0x0000, 0x0000, 0x0000, 0x0000,
    0x0000, 0x0000, 0x0000, 0x0000, 0x0000, 0x0000, 0x0000, 0x0000, 0x0000, 0x0000, 0x0000, 0x0000,
    0x0000, 0x0000, 0x0000, 0x0000, 0x0000, 0x0000, 0x0000, 0x0000, 0x0000, 0x0000, 0x0000, 0x0000,
    0x0000, 0x0000, 0x0000, 0x0000, 0x0000, 0x0000, 0x0000, 0x0000, 0x2100, 0x4A3A, 0x79AE, 0x1ABF,
    0x369E, 0xD9AE, 0x99A6, 0x305C, 0xE819, 0x4D43, 0xF053, 0xCF4B, 0xEC3A, 0x6E43, 0x557D, 0x7164,
    0x926C, 0x17A6, 0xF37C, 0xAA42, 0x2B63, 0xD194, 0xB4AD, 0x539D, 0x1295, 0x5395, 0xD27C, 0xD27C,
    0xD27C, 0xB27C, 0x739D, 0x539D, 0x329D, 0xB5AD, 0xD194, 0x4B63, 0xAA3A, 0x3064, 0xD69D, 0xF374,
    0x515C, 0x146D, 0xCF4B, 0x0D33, 0xF04B, 0x5154, 0x6E43, 0x6B2A, 0xCF53, 0x98AE, 0x1AC7, 0xB8B6,
    0x169E, 0xFAC6, 0x6E5B, 0x0000, 0x0000, 0x0000, 0x0000, 0x0000, 0x0000, 0x0000, 0x0000, 0x0000,
    0x0000, 0x0000, 0x0000, 0x0000, 0x0000, 0x0000, 0x0000, 0x0000, 0x0000, 0x0000, 0x0000, 0x0000,
    0x0000, 0x0000, 0x0000, 0x0000, 0x0000, 0x0000, 0x0000, 0x0000, 0x0000, 0x0000, 0x0000, 0x0000,
    0x0000, 0x0000, 0x0000, 0x0000, 0x0000, 0x0000, 0x0000, 0x0000, 0x0000, 0x0C4B, 0x7CCF, 0xF26C,
    0xB25C, 0xD685, 0xB9AE, 0x37A6, 0xCF53, 0x4D43, 0x6E43, 0x8E43, 0x926C, 0x9264, 0x305C, 0x105C,
    0x558D, 0x37AE, 0x5485, 0x4D4B, 0x894A, 0xA94A, 0x0F74, 0x73A5, 0x539D, 0xD27C, 0x337D, 0x58A6,
    0x58A6, 0x7585, 0x1385, 0x5395, 0x749D, 0x0F74, 0xCA52, 0x6942, 0x4D4B, 0x147D, 0x58AE, 0x758D,
    0x9264, 0xF04B, 0x9264, 0x1475, 0xCF4B, 0x8F4B, 0x6E43, 0xF05B, 0x17A6, 0xF9BE, 0x379E, 0x3375,
    0x505C, 0xFABE, 0xAF63, 0x0000, 0x0000, 0x0000, 0x0000, 0x0000, 0x0000, 0x0000, 0x0000, 0x0000,
    0x0000, 0x0000, 0x0000, 0x0000, 0x0000, 0x0000, 0x0000, 0x0000, 0x0000, 0x0000, 0x0000, 0x0000,
    0x0000, 0x0000, 0x0000, 0x0000, 0x0000, 0x0000, 0x0000, 0x0000, 0x0000, 0x0000, 0x0000, 0x0000,
    0x0000, 0x0000, 0x0000, 0x0000, 0x0000, 0x0000, 0x0000, 0x0000, 0x0100, 0xAB42, 0x98B6, 0xD16C,
    0x7154, 0xB25C, 0xF68D, 0xD9B6, 0x99AE, 0x7164, 0x515C, 0x515C, 0x515C, 0xB26C, 0x305C, 0x305C,
    0x5164, 0x7585, 0xD274, 0xEB42, 0xE739, 0x4842, 0xA94A, 0x4C5B, 0xD284, 0xB26C, 0x379E, 0x78AE,
    0x78AE, 0x79AE, 0xB26C, 0x9174, 0x6C5B, 0x8842, 0x684A, 0x083A, 0x2C43, 0xD374, 0xB695, 0x7164,
    0xF053, 0x1054, 0xF36C, 0x9264, 0x515C, 0x7164, 0x3054, 0x379E, 0xD9BE, 0x1696, 0x9164, 0x3054,
    0xB695, 0x58AE, 0xEC4A, 0x0100, 0x0000, 0x0000, 0x0000, 0x0000, 0x0000, 0x0000, 0x0000, 0x0000,
    0x0000, 0x0000, 0x0000, 0x0000, 0x0000, 0x0000, 0x0000, 0x0000, 0x0000, 0x0000, 0x0000, 0x0000,
    0x0000, 0x0000, 0x0000, 0x0000, 0x0000, 0x0000, 0x0000, 0x0000, 0x0000, 0x0000, 0x0000, 0x0000,
    0x0000, 0x0000, 0x0000, 0x0000, 0x0000, 0x0000, 0x0000, 0x4100, 0xE510, 0x8B3A, 0x17A6, 0x5CC7,
    0x305C, 0x6E3B, 0x715C, 0x9264, 0x3054, 0xB26C, 0xF795, 0xB695, 0x515C, 0xAE4B, 0xEF53, 0x9174,
    0x8E4B, 0x6D3B, 0xEE5B, 0x0C7C, 0xAA7B, 0xA752, 0x6D8C, 0xC952, 0xCB42, 0x1054, 0x78AE, 0x58B6,
    0xB9BE, 0x58A6, 0x7164, 0xAA3A, 0x8842, 0xEB83, 0xC862, 0x6A73, 0x2D84, 0xEE63, 0x6E4B, 0xCF53,
    0x9264, 0x7164, 0x515C, 0xEF53, 0x37A6, 0x169E, 0x7485, 0xAE4B, 0xD26C, 0xD26C, 0x8E43, 0xAF4B,
    0x9AB6, 0x968D, 0xEC3A, 0xE510, 0x2100, 0x0000, 0x0000, 0x0000, 0x0000, 0x0000, 0x0000, 0x0000,
    0x0000, 0x0000, 0x0000, 0x0000, 0x0000, 0x0000, 0x0000, 0x0000, 0x0000, 0x0000, 0x0000, 0x0000,
    0x0000, 0x0000, 0x0000, 0x0000, 0x0000, 0x0000, 0x0000, 0x0000, 0x0000, 0x0000, 0x0000, 0x0000,
    0x0000, 0x0000, 0x0000, 0x0000, 0x0000, 0x0000, 0x0000, 0x2100, 0xE921, 0x6F43, 0xCB2A, 0x4D43,
    0x8F4B, 0x3154, 0xB26C, 0xEF53, 0x2D33, 0xD36C, 0xB58D, 0xB58D, 0x505C, 0x6D43, 0x3064, 0xD184,
    0xB084, 0xED6B, 0x0E9D, 0xEFC5, 0x2DAD, 0x454A, 0xEE9C, 0xCE9C, 0x0A53, 0xCB3A, 0x147D, 0xB68D,
    0xB695, 0xB68D, 0x4D43, 0x0A4B, 0x8E8C, 0xAE9C, 0x254A, 0x4B9C, 0x30DE, 0x0EA5, 0x6E84, 0x138D,
    0xF27C, 0x7164, 0x8E43, 0x5064, 0x77AE, 0x36A6, 0x958D, 0x0C33, 0x8E43, 0x7164, 0x315C, 0x6E43,
    0x0C3B, 0x2D33, 0xAF4B, 0xA821, 0x2100, 0x0000, 0x0000, 0x0000, 0x0000, 0x0000, 0x0000, 0x0000,
    0x0000, 0x0000, 0x0000, 0x0000, 0x0000, 0x0000, 0x0000, 0x0000, 0x0000, 0x0000, 0x0000, 0x0000,
    0x0000, 0x0000, 0x0000, 0x0000, 0x0000, 0x0000, 0x0000, 0x0000, 0x0000, 0x0000, 0x0000, 0x0000,
    0x0000, 0x0000, 0x0000, 0x0000, 0x0000, 0x0000, 0x0000, 0x2100, 0x6719, 0x6E43, 0xD04B, 0x4E43,
    0x4E3B, 0x515C, 0x758D, 0xD374, 0x6E3B, 0x104C, 0xB26C, 0xD274, 0xEF5B, 0xAD5B, 0x0C74, 0xEE9C,
    0xAFBD, 0x10CE, 0x0FCE, 0x4DB5, 0xEA8B, 0x0642, 0xA531, 0xC631, 0xC729, 0x6619, 0xAB32, 0x9264,
    0xD36C, 0x2D43, 0xA821, 0xE731, 0x273A, 0xE639, 0xA531, 0x6973, 0x0DB5, 0x30D6, 0x31D6, 0xD1BD,
    0x50A5, 0x2D7C, 0xAD63, 0xEE5B, 0x137D, 0x5485, 0xD374, 0x0C3B, 0x926C, 0xB68D, 0xB264, 0x0C33,
    0x6E43, 0x515C, 0x105C, 0x6719, 0x2100, 0x0000, 0x0000, 0x0000, 0x0000, 0x0000, 0x0000, 0x0000,
    0x0000, 0x0000, 0x0000, 0x0000, 0x0000, 0x0000, 0x0000, 0x0000, 0x0000, 0x0000, 0x0000, 0x0000,
    0x0000, 0x0000, 0x0000, 0x0000, 0x0000, 0x0000, 0x0000, 0x0000, 0x0000, 0x0000, 0x0000, 0x0000,
    0x0000, 0x0000, 0x0000, 0x0000, 0x0000, 0x0000, 0x0000, 0x2100, 0x6719, 0xB695, 0x38A6, 0x179E,
    0x315C, 0x8E4B, 0x5485, 0x7164, 0xAF4B, 0x6E4B, 0x2C4B, 0x6B5B, 0xEC73, 0x0EAD, 0x6EB5, 0xEFCD,
    0x4DB5, 0xEDA4, 0x086B, 0x274A, 0x8631, 0x6729, 0x4B42, 0xED5A, 0xCC5A, 0x0E63, 0x0A3A, 0xE929,
    0x2A32, 0x2A3A, 0x0E63, 0xCC5A, 0xED5A, 0xCC52, 0xA829, 0xA731, 0xE641, 0x086B, 0xAEA4, 0x4EBD,
    0xF0CD, 0xAFC5, 0x2FAD, 0x0C84, 0xAC63, 0x8D53, 0x8E4B, 0xAF4B, 0xB264, 0x7485, 0xCE53, 0x2D3B,
    0xB58D, 0x78B6, 0x38B6, 0xA721, 0x2100, 0x0000, 0x0000, 0x0000, 0x0000, 0x0000, 0x0000, 0x0000,
    0x0000, 0x0000, 0x0000, 0x0000, 0x0000, 0x0000, 0x0000, 0x0000, 0x0000, 0x0000, 0x0000, 0x0000,
    0x0000, 0x0000, 0x0000, 0x0000, 0x0000, 0x0000, 0x0000, 0x0000, 0x0000, 0x0000, 0x0000, 0x0000,
    0x0000, 0x0000, 0x0000, 0x0000, 0x0000, 0x0000, 0x0000, 0x2100, 0x6719, 0xB595, 0x57AE, 0xD69D,
    0x726C, 0x6E43, 0xD374, 0xCE53, 0x4C53, 0x4B5B, 0x496B, 0xEB83, 0x4EB5, 0xCCA4, 0xEA83, 0xC762,
    0x8852, 0xC739, 0xE939, 0x0D5B, 0xCF73, 0xAE73, 0x718C, 0xD294, 0x918C, 0x1084, 0x8F73, 0x6E6B,
    0x4E6B, 0x8F73, 0x8F7B, 0x918C, 0xD194, 0xB194, 0xCF73, 0xAE6B, 0x6E63, 0xC839, 0xA739, 0x074A,
    0xE962, 0xC762, 0x8C9C, 0x8EBD, 0x8C9C, 0xCB7B, 0x4B5B, 0x6D53, 0xAE53, 0xF374, 0xEF53, 0x515C,
    0x579E, 0x37A6, 0xD6A5, 0xA721, 0x2100, 0x0000, 0x0000, 0x0000, 0x0000, 0x0000, 0x0000, 0x0000,
    0x0000, 0x0000, 0x0000, 0x0000, 0x0000, 0x0000, 0x0000, 0x0000, 0x0000, 0x0000, 0x0000, 0x0000,
    0x0000, 0x0000, 0x0000, 0x0000, 0x0000, 0x0000, 0x0000, 0x0000, 0x0000, 0x0000, 0x0000, 0x0000,
    0x0000, 0x0000, 0x0000, 0x0000, 0x0000, 0x0000, 0x0000, 0x0100, 0x4619, 0x3485, 0x3485, 0xD27C,
    0xAE4B, 0x6E4B, 0xCE5B, 0x4B5B, 0x6A6B, 0xEB83, 0xCA7B, 0x2963, 0x0963, 0xE639, 0xA731, 0x0A42,
    0xAC52, 0x8F6B, 0x918C, 0x73A5, 0xF4B5, 0xD3AD, 0xB2AD, 0xF3AD, 0x529D, 0x1295, 0xF294, 0xF294,
    0xF29C, 0xF29C, 0xF194, 0x92A5, 0xD3AD, 0xB2A5, 0xD3AD, 0xF4B5, 0xD4B5, 0xB194, 0xEF7B, 0xED5A,
    0x0A42, 0x4A4A, 0x484A, 0xE85A, 0x8A73, 0x8A73, 0x0C84, 0x6B6B, 0x2B53, 0xEF5B, 0xCF53, 0xF04B,
    0x1375, 0x1375, 0x147D, 0x6721, 0x0000, 0x0000, 0x0000, 0x0000, 0x0000, 0x0000, 0x0000, 0x0000,
    0x0000, 0x0000, 0x0000, 0x0000, 0x0000, 0x0000, 0x0000, 0x0000, 0x0000, 0x0000, 0x0000, 0x0000,
    0x0000, 0x0000, 0x0000, 0x0000, 0x0000, 0x0000, 0x0000, 0x0000, 0x0000, 0x0000, 0x0000, 0x0000,
    0x0000, 0x0000, 0x0000, 0x0000, 0x0000, 0x0000, 0x0000, 0x0000, 0x0511, 0xCC3A, 0xCF4B, 0x8E4B,
    0x2D43, 0x4C53, 0x4A63, 0xAB73, 0xEB7B, 0x095B, 0x483A, 0x8621, 0xA831, 0x6C52, 0xAD5A, 0x1084,
    0x53A5, 0xB3AD, 0xD2AD, 0xB2AD, 0x91A5, 0x92A5, 0xB2A5, 0xB3AD, 0xB18C, 0x2B5B, 0x2C5B, 0x2C5B,
    0x2C5B, 0x2C5B, 0x0B5B, 0xEF7B, 0x53A5, 0xB2A5, 0x91A5, 0x91A5, 0x91A5, 0xB2AD, 0xD3AD, 0x73A5,
    0x3184, 0x0E6B, 0x6C4A, 0xE939, 0x2519, 0xC731, 0x0A5B, 0xCB7B, 0x0C84, 0x8B63, 0x4C53, 0x6E43,
    0x104C, 0x1054, 0xED3A, 0xE510, 0x0000, 0x0000, 0x0000, 0x0000, 0x0000, 0x0000, 0x0000, 0x0000,
    0x0000, 0x0000, 0x0000, 0x0000, 0x0000, 0x0000, 0x0000, 0x0000, 0x0000, 0x0000, 0x0000, 0x0000,
    0x0000, 0x0000, 0x0000, 0x0000, 0x0000, 0x0000, 0x0000, 0x0000, 0x0000, 0x0000, 0x0000, 0x0000,
    0x0000, 0x0000, 0x0000, 0x0000, 0x0000, 0x0000, 0x0000, 0x0000, 0xA308, 0x092A, 0xAF53, 0x2C43,
    0x0A4B, 0x4A63, 0xAB73, 0xE95A, 0x0732, 0xA721, 0xA821, 0xEA39, 0x0F6B, 0x2F6B, 0x3084, 0x93A5,
    0xB2A5, 0x91A5, 0x91A5, 0x91A5, 0xB1A5, 0xB2A5, 0xD3AD, 0xEF7B, 0xA831, 0xC819, 0x8711, 0x2719,
    0x2611, 0x6609, 0x0822, 0x4621, 0x6E6B, 0x93AD, 0xD2AD, 0x91A5, 0x91A5, 0x91A5, 0x91A5, 0x91A5,
    0xD3AD, 0xF29C, 0x2F6B, 0x0F6B, 0x2B42, 0x8721, 0x8721, 0xE731, 0xE95A, 0x0C84, 0xAB73, 0x2B53,
    0x0C3B, 0xF053, 0x2A2A, 0x6200, 0x0000, 0x0000, 0x0000, 0x0000, 0x0000, 0x0000, 0x0000, 0x0000,
    0x0000, 0x0000, 0x0000, 0x0000, 0x0000, 0x0000, 0x0000, 0x0000, 0x0000, 0x0000, 0x0000, 0x0000,
    0x0000, 0x0000, 0x0000, 0x0000, 0x0000, 0x0000, 0x0000, 0x0000, 0x0000, 0x0000, 0x0000, 0x0000,
    0x0000, 0x0000, 0x0000, 0x0000, 0x0000, 0x0000, 0x0000, 0x0000, 0x2100, 0x4619, 0x6A32, 0xCA4A,
    0x6A6B, 0x2A63, 0xE739, 0x6621, 0x292A, 0x092A, 0xE931, 0xCE5A, 0xEE6A, 0xD29C, 0xD3AD, 0xB2AD,
    0x91A5, 0x92A5, 0xB2A5, 0xB2A5, 0x91A5, 0x93AD, 0xEF7B, 0xA831, 0x0C3B, 0x334D, 0x6D2B, 0xA921,
    0x6B32, 0x545D, 0x535D, 0xAE53, 0xC831, 0x0C63, 0x329D, 0xB2A5, 0x91A5, 0x91A5, 0x91A5, 0x91A5,
    0xB1A5, 0xB2AD, 0x33A5, 0x6F73, 0x0F63, 0xEA31, 0x8821, 0x2A32, 0x8721, 0xE739, 0xE95A, 0x8B73,
    0x0A53, 0xAB42, 0x4619, 0x2100, 0x0000, 0x0000, 0x0000, 0x0000, 0x0000, 0x0000, 0x0000, 0x0000,
    0x0000, 0x0000, 0x0000, 0x0000, 0x0000, 0x0000, 0x0000, 0x0000, 0x0000, 0x0000, 0x0000, 0x0000,
    0x0000, 0x0000, 0x0000, 0x0000, 0x0000, 0x0000, 0x0000, 0x0000, 0x0000, 0x0000, 0x0000, 0x0000,
    0x0000, 0x0000, 0x0000, 0x0000, 0x0000, 0x0000, 0x0000, 0x0000, 0x0000, 0x4100, 0xE739, 0x6B6B,
    0x684A, 0x6621, 0x6721, 0x292A, 0x6A2A, 0x4719, 0x8D52, 0xAD62, 0xD29C, 0xF3AD, 0xB2AD, 0x92A5,
    0xB2A5, 0x92A5, 0x92A5, 0x91A5, 0xD3AD, 0x2F84, 0x2729, 0x4E5B, 0x7686, 0x1446, 0x0F2C, 0x0609,
    0xA821, 0x8D33, 0xF03C, 0x9796, 0xD284, 0x6729, 0xCB5A, 0x72A5, 0x91A5, 0x91A5, 0x91A5, 0xB2AD,
    0x92A5, 0xB2A5, 0xD3AD, 0x53A5, 0x2F6B, 0x4C4A, 0x6721, 0x0922, 0x6B32, 0x6719, 0x6621, 0x2842,
    0x6B73, 0x694A, 0x8208, 0x0000, 0x0000, 0x0000, 0x0000, 0x0000, 0x0000, 0x0000, 0x0000, 0x0000,
    0x0000, 0x0000, 0x0000, 0x0000, 0x0000, 0x0000, 0x0000, 0x0000, 0x0000, 0x0000, 0x0000, 0x0000,
    0x0000, 0x0000, 0x0000, 0x0000, 0x0000, 0x0000, 0x0000, 0x0000, 0x0000, 0x0000, 0x0000, 0x0000,
    0x0000, 0x0000, 0x0000, 0x0000, 0x0000, 0x0000, 0x0000, 0x0000, 0x0000, 0x4208, 0x093A, 0xE731,
    0x4619, 0xA821, 0x6A2A, 0x0C3B, 0x2922, 0x8829, 0x8E62, 0xCD62, 0x72A5, 0xB2A5, 0x92A5, 0x92A5,
    0x92A5, 0x92A5, 0x92A5, 0x92A5, 0xD3AD, 0x5084, 0x0942, 0xCC52, 0xF58D, 0x145E, 0xAF34, 0xA91A,
    0x681A, 0x6B23, 0x146E, 0x969E, 0xEF73, 0x8731, 0x0C5B, 0x71A5, 0xB1A5, 0x92A5, 0x92AD, 0x92A5,
    0x92A5, 0xB2A5, 0xB2A5, 0xB3AD, 0x2E6B, 0xCE62, 0xC931, 0x8711, 0x0D3B, 0xAB32, 0xC821, 0x2619,
    0xE839, 0x083A, 0x6208, 0x0000, 0x0000, 0x0000, 0x0000, 0x0000, 0x0000, 0x0000, 0x0000, 0x0000,
    0x0000, 0x0000, 0x0000, 0x0000, 0x0000, 0x0000, 0x0000, 0x0000, 0x0000, 0x0000, 0x0000, 0x0000,
    0x0000, 0x0000, 0x0000, 0x0000, 0x0000, 0x0000, 0x0000, 0x0000, 0x0000, 0x0000, 0x0000, 0x0000,
    0x0000, 0x0000, 0x0000, 0x0000, 0x0000, 0x0000, 0x0000, 0x0000, 0x0000, 0x6308, 0xE610, 0x6719,
    0x2A2A, 0xCC3A, 0x4D43, 0x2C3B, 0x8B32, 0xA829, 0xAE62, 0xCD62, 0x319D, 0xD2AD, 0xB2A5, 0xB2AD,
    0xB2AD, 0xD2AD, 0xB2AD, 0xB2A5, 0x92A5, 0xD3B5, 0xB194, 0xAC5A, 0xEC52, 0xF16C, 0xD265, 0xF365,
    0xD35D, 0xF36D, 0x148E, 0x0F74, 0x093A, 0xCF7B, 0x72A5, 0x92A5, 0x91A5, 0x91A5, 0xB2AD, 0xB2AD,
    0xB2AD, 0xB2AD, 0xD2AD, 0xB3AD, 0x2E6B, 0xAE62, 0xCA39, 0xE929, 0x8B2A, 0x2D3B, 0xCB32, 0x0922,
    0x2611, 0xE610, 0x6208, 0x0000, 0x0000, 0x0000, 0x0000, 0x0000, 0x0000, 0x0000, 0x0000, 0x0000,
    0x0000, 0x0000, 0x0000, 0x0000, 0x0000, 0x0000, 0x0000, 0x0000, 0x0000, 0x0000, 0x0000, 0x0000,
    0x0000, 0x0000, 0x0000, 0x0000, 0x0000, 0x0000, 0x0000, 0x0000, 0x0000, 0x0000, 0x0000, 0x0000,
    0x0000, 0x0000, 0x0000, 0x0000, 0x0000, 0x0000, 0x0000, 0x0000, 0x0000, 0x6308, 0x2611, 0xAB32,
    0x2D3B, 0x8E43, 0x0C33, 0x8A2A, 0xA821, 0x8829, 0xCE62, 0x6E73, 0x93AD, 0x319D, 0x319D, 0x529D,
    0x529D, 0x529D, 0x72A5, 0xB3AD, 0x92A5, 0x92A5, 0xB3AD, 0x918C, 0xEC5A, 0xA729, 0x4932, 0x4932,
    0x4932, 0x693A, 0x293A, 0x0942, 0xCF73, 0x52A5, 0x92AD, 0x71A5, 0x91A5, 0x719D, 0x1195, 0x1195,
    0x3195, 0x329D, 0x319D, 0xB3AD, 0x3084, 0xCE62, 0xAA31, 0x2719, 0x4A2A, 0x6A22, 0x6E43, 0x2D3B,
    0x0922, 0x2619, 0x6208, 0x0000, 0x0000, 0x0000, 0x0000, 0x0000, 0x0000, 0x0000, 0x0000, 0x0000,
    0x0000, 0x0000, 0x0000, 0x0000, 0x0000, 0x0000, 0x0000, 0x0000, 0x0000, 0x0000, 0x0000, 0x0000,
    0x0000, 0x0000, 0x0000, 0x0000, 0x0000, 0x0000, 0x0000, 0x0000, 0x0000, 0x0000, 0x0000, 0x0000,
    0x0000, 0x0000, 0x0000, 0x0000, 0x0000, 0x0000, 0x0000, 0x0000, 0x0000, 0x6208, 0x4719, 0x2D3B,
    0xCE43, 0x2C33, 0xEC32, 0xEC3A, 0x0619, 0x0B4A, 0xAD62, 0x9294, 0x4C5B, 0xA621, 0xE721, 0xE821,
    0x0822, 0xA619, 0x2832, 0x329D, 0xB3AD, 0x91A5, 0x91A5, 0x92A5, 0xB194, 0xF07B, 0x8F73, 0xD07B,
    0xAF7B, 0xAF7B, 0xD07B, 0x1084, 0x52A5, 0xB2AD, 0x91A5, 0x91A5, 0xF3AD, 0x4B5B, 0x0409, 0xC721,
    0xA719, 0xA721, 0x8619, 0x483A, 0x339D, 0x0E6B, 0x6D52, 0x4821, 0x4A2A, 0x2D33, 0xAB2A, 0x8E43,
    0x0D3B, 0x2611, 0x6208, 0x0000, 0x0000, 0x0000, 0x0000, 0x0000, 0x0000, 0x0000, 0x0000, 0x0000,
    0x0000, 0x0000, 0x0000, 0x0000, 0x0000, 0x0000, 0x0000, 0x0000, 0x0000, 0x0000, 0x0000, 0x0000,
    0x0000, 0x0000, 0x0000, 0x0000, 0x0000, 0x0000, 0x0000, 0x0000, 0x0000, 0x0000, 0x0000, 0x0000,
    0x0000, 0x0000, 0x0000, 0x0000, 0x0000, 0x0000, 0x0000, 0x0000, 0x0000, 0x6308, 0x6711, 0x4D3B,
    0x2C33, 0xEB2A, 0xEF4B, 0xAB32, 0x8829, 0xCE62, 0x2F6B, 0x6E6B, 0x2619, 0xCB32, 0x2C33, 0x0C33,
    0x0C33, 0xEB32, 0xA719, 0xA721, 0x2F74, 0xB3AD, 0x91A5, 0x91A5, 0x93AD, 0x508C, 0x518C, 0x7194,
    0x508C, 0x7194, 0x718C, 0x129D, 0xB3AD, 0x92A5, 0xB2AD, 0xB3AD, 0x6D63, 0xA719, 0xAB32, 0x2C33,
    0x0C33, 0x2C3B, 0x0D3B, 0xA719, 0x6A42, 0x2F6B, 0xCE5A, 0xA931, 0x2A22, 0x2F4C, 0x2C33, 0xCC2A,
    0xEC3A, 0x4719, 0x8308, 0x0000, 0x0000, 0x0000, 0x0000, 0x0000, 0x0000, 0x0000, 0x0000, 0x0000,
    0x0000, 0x0000, 0x0000, 0x0000, 0x0000, 0x0000, 0x0000, 0x0000, 0x0000, 0x0000, 0x0000, 0x0000,
    0x0000, 0x0000, 0x0000, 0x0000, 0x0000, 0x0000, 0x0000, 0x0000, 0x0000, 0x0000, 0x0000, 0x0000,
    0x0000, 0x0000, 0x0000, 0x0000, 0x0000, 0x0000, 0x0000, 0x0000, 0x0000, 0x6208, 0x6719, 0x0C3B,
    0x0C33, 0xEF43, 0xAE43, 0x4A2A, 0xA931, 0xEF6A, 0x8D52, 0x6729, 0xE929, 0xAB32, 0x8A2A, 0x8A2A,
    0xCB32, 0x0C33, 0x0C33, 0x6A2A, 0x6619, 0x8D63, 0xB3AD, 0xB2A5, 0xB2AD, 0x72A5, 0x52A5, 0x52A5,
    0x72A5, 0x52A5, 0x52A5, 0x92AD, 0x92A5, 0xD3AD, 0xB4AD, 0x4C5B, 0xE821, 0x2C3B, 0x8D3B, 0x6D3B,
    0xEC32, 0xAB32, 0xAB32, 0x6A2A, 0x4619, 0xC931, 0xEF62, 0xA931, 0xC819, 0x6D3B, 0x2F54, 0x2C33,
    0x6A2A, 0x6719, 0x6308, 0x0000, 0x0000, 0x0000, 0x0000, 0x0000, 0x0000, 0x0000, 0x0000, 0x0000,
    0x0000, 0x0000, 0x0000, 0x0000, 0x0000, 0x0000, 0x0000, 0x0000, 0x0000, 0x0000, 0x0000, 0x0000,
    0x0000, 0x0000, 0x0000, 0x0000, 0x0000, 0x0000, 0x0000, 0x0000, 0x0000, 0x0000, 0x0000, 0x0000,
    0x0000, 0x0000, 0x0000, 0x0000, 0x0000, 0x0000, 0x0000, 0x0000, 0x0000, 0x6208, 0x6711, 0xCB2A,
    0xEE43, 0xEF4B, 0xCB32, 0x6A32, 0xA829, 0x0F6B, 0xCA39, 0x0519, 0x6721, 0x4619, 0x2619, 0x0611,
    0x8719, 0x8B2A, 0xEB2A, 0x2C33, 0xAB32, 0xA719, 0xEB4A, 0x93A5, 0xD3B5, 0xD2AD, 0xB2AD, 0x92A5,
    0x72A5, 0x92A5, 0xB2AD, 0xB2AD, 0xD3B5, 0x1295, 0xAA42, 0x692A, 0x8E43, 0x6D3B, 0x2C3B, 0x8B2A,
    0xA821, 0x6821, 0x8821, 0x6719, 0x2619, 0x6829, 0x0F63, 0xA931, 0xE921, 0xAB2A, 0x8D43, 0xEE4B,
    0xAB2A, 0x6719, 0x6308, 0x0000, 0x0000, 0x0000, 0x0000, 0x0000, 0x0000, 0x0000, 0x0000, 0x0000,
    0x0000, 0x0000, 0x0000, 0x0000, 0x0000, 0x0000, 0x0000, 0x0000, 0x0000, 0x0000, 0x0000, 0x0000,
    0x0000, 0x0000, 0x0000, 0x0000, 0x0000, 0x0000, 0x0000, 0x0000, 0x0000, 0x0000, 0x0000, 0x0000,
    0x0000, 0x0000, 0x0000, 0x0000, 0x0000, 0x0000, 0x0000, 0x0000, 0x0000, 0x6208, 0x8719, 0x4C33,
    0xAE3B, 0xEC32, 0x0C3B, 0x0922, 0x8829, 0xCE62, 0x6C52, 0x4C4A, 0x6C4A, 0x6C52, 0x8D5A, 0x8C52,
    0x6721, 0x6719, 0x4A2A, 0x0C3B, 0x4D3B, 0x2C3B, 0x0822, 0x493A, 0x7084, 0xF194, 0xB3AD, 0x708C,
    0x8D73, 0x52A5, 0x6F8C, 0xB18C, 0x6D63, 0xE829, 0x6A2A, 0x6D43, 0x6D43, 0xEC3A, 0x0922, 0x6821,
    0x4C4A, 0xEF62, 0xCE5A, 0x8D52, 0x4C4A, 0x6C52, 0xEF62, 0xA931, 0xC921, 0xAB2A, 0x8A22, 0xAE43,
    0x8E43, 0x6719, 0x6208, 0x0000, 0x0000, 0x0000, 0x0000, 0x0000, 0x0000, 0x0000, 0x0000, 0x0000,
    0x0000, 0x0000, 0x0000, 0x0000, 0x0000, 0x0000, 0x0000, 0x0000, 0x0000, 0x0000, 0x0000, 0x0000,
    0x0000, 0x0000, 0x0000, 0x0000, 0x0000, 0x0000, 0x0000, 0x0000, 0x0000, 0x0000, 0x0000, 0x0000,
    0x0000, 0x0000, 0x0000, 0x0000, 0x0000, 0x0000, 0x0000, 0x0000, 0x2000, 0xA308, 0x8719, 0x8E43,
    0xEB2A, 0x4D3B, 0x0C3B, 0xC819, 0x6829, 0xAE62, 0xAE62, 0xCE62, 0xCE62, 0xEE6A, 0x8D5A, 0x6C52,
    0xC931, 0x0611, 0x2611, 0xC821, 0xEC32, 0x6D3B, 0x6D3B, 0x2922, 0x0822, 0x4A42, 0xD29C, 0xF083,
    0x2E6B, 0xB294, 0xAB52, 0x8721, 0xA719, 0x8A32, 0x4D3B, 0x0C3B, 0x292A, 0x6719, 0x2611, 0xCA31,
    0x6C4A, 0x6C4A, 0xCE62, 0xEF6A, 0xEF62, 0xCF62, 0xCF62, 0xA931, 0xA819, 0xEC32, 0xCB2A, 0xEB2A,
    0x6E43, 0x8819, 0xA408, 0x2000, 0x0000, 0x0000, 0x0000, 0x0000, 0x0000, 0x0000, 0x0000, 0x0000,
    0x0000, 0x0000, 0x0000, 0x0000, 0x0000, 0x0000, 0x0000, 0x0000, 0x0000, 0x0000, 0x0000, 0x0000,
    0x0000, 0x0000, 0x0000, 0x0000, 0x0000, 0x0000, 0x0000, 0x0000, 0x0000, 0x0000, 0x0000, 0x0000,
    0x0000, 0x0000, 0x0000, 0x0000, 0x0000, 0x0000, 0x0000, 0x0000, 0xA308, 0x2619, 0xE608, 0xA719,
    0x0C33, 0xCE43, 0xAA2A, 0xC819, 0x6721, 0xCE62, 0xAD62, 0xAD62, 0xEE62, 0x0A42, 0xA721, 0xE821,
    0xE821, 0xE821, 0xE821, 0xE821, 0x6711, 0x8B32, 0x0C3B, 0xCC32, 0x8B32, 0x8821, 0xCD5A, 0x0F6B,
    0x0E6B, 0x4F73, 0x4B4A, 0xA821, 0xAB3A, 0xCC3A, 0xAB32, 0xC821, 0x6611, 0xE819, 0xE819, 0xE819,
    0x091A, 0xC819, 0x8821, 0xAE5A, 0xEF62, 0xAE62, 0xEF6A, 0xEA31, 0xA819, 0x2C33, 0x8D3B, 0xCB32,
    0xA819, 0xE608, 0x6721, 0xA308, 0x0000, 0x0000, 0x0000, 0x0000, 0x0000, 0x0000, 0x0000, 0x0000,
    0x0000, 0x0000, 0x0000, 0x0000, 0x0000, 0x0000, 0x0000, 0x0000, 0x0000, 0x0000, 0x0000, 0x0000,
    0x0000, 0x0000, 0x0000, 0x0000, 0x0000, 0x0000, 0x0000, 0x0000, 0x0000, 0x0000, 0x0000, 0x0000,
    0x0000, 0x0000, 0x0000, 0x0000, 0x0000, 0x0000, 0x0000, 0x0000, 0x6308, 0x6721, 0xAB4A, 0x493A,
    0x8719, 0xAB2A, 0xCB32, 0xC819, 0x8829, 0xCE62, 0xAD62, 0x0F6B, 0x2B4A, 0xA721, 0x1275, 0x736D,
    0xB465, 0xF46D, 0x156E, 0x946D, 0xAB32, 0x2611, 0xA819, 0x6719, 0x8829, 0x0A42, 0xCE62, 0x2F6B,
    0x2F6B, 0xEF6A, 0xCE62, 0x0A3A, 0x6721, 0x6719, 0x2611, 0x6611, 0x2F4C, 0xB45D, 0xB455, 0xB455,
    0xD45D, 0x1686, 0xAA32, 0x4721, 0x0F63, 0xCF62, 0x0F6B, 0xEA39, 0x2922, 0x4D33, 0x8E43, 0x2922,
    0x4A3A, 0xAC52, 0x8829, 0x8208, 0x0000, 0x0000, 0x0000, 0x0000, 0x0000, 0x0000, 0x0000, 0x0000,
    0x0000, 0x0000, 0x0000, 0x0000, 0x0000, 0x0000, 0x0000, 0x0000, 0x0000, 0x0000, 0x0000, 0x0000,
    0x0000, 0x0000, 0x0000, 0x0000, 0x0000, 0x0000, 0x0000, 0x0000, 0x0000, 0x0000, 0x0000, 0x0000,
    0x0000, 0x0000, 0x0000, 0x0000, 0x0000, 0x0000, 0x0000, 0x0000, 0x4200, 0x093A, 0x94A5, 0x94AD,
    0x4D5B, 0xA719, 0xAB2A, 0xAB2A, 0xA829, 0xCE62, 0xCE62, 0x8D52, 0xA831, 0xF18C, 0x96A6, 0x7686,
    0xB34D, 0x4F3C, 0x0E34, 0xB455, 0xD47D, 0x8A42, 0x4721, 0xA931, 0xAD5A, 0xEF6A, 0x6D5A, 0xD083,
    0xB294, 0x0E6B, 0x0F6B, 0x2F6B, 0x8D52, 0x8829, 0x8721, 0xD164, 0x356E, 0x903C, 0x2F3C, 0x5245,
    0x966E, 0xF8A6, 0x15A6, 0x8A4A, 0xEA41, 0xEF6A, 0x0F6B, 0xC931, 0xEB32, 0x6D3B, 0x292A, 0x8D63,
    0x95B5, 0x74AD, 0xE831, 0x6200, 0x0000, 0x0000, 0x0000, 0x0000, 0x0000, 0x0000, 0x0000, 0x0000,
    0x0000, 0x0000, 0x0000, 0x0000, 0x0000, 0x0000, 0x0000, 0x0000, 0x0000, 0x0000, 0x0000, 0x0000,
    0x0000, 0x0000, 0x0000, 0x0000, 0x0000, 0x0000, 0x0000, 0x0000, 0x0000, 0x0000, 0x0000, 0x0000,
    0x0000, 0x0000, 0x0000, 0x0000, 0x0000, 0x0000, 0x0000, 0x0000, 0x4200, 0x493A, 0x9184, 0x0C63,
    0xB28C, 0xAA4A, 0x091A, 0x2D33, 0x8829, 0x0E63, 0x6F73, 0xAC5A, 0xAB5A, 0x96C6, 0xB6BE, 0x18A7,
    0xD13C, 0x0501, 0x8709, 0x534D, 0xD69E, 0x3395, 0x4B52, 0x0F6B, 0xEE6A, 0xAD62, 0x6F73, 0xB194,
    0x14BE, 0x7194, 0x0E6B, 0xEF6A, 0x5073, 0x8D5A, 0x307C, 0xF79E, 0x1466, 0x071A, 0xA300, 0x2F2C,
    0xB676, 0x96A6, 0x96BE, 0x0F7C, 0xA839, 0x4F73, 0x0F6B, 0xC931, 0xEB32, 0x0B33, 0x8A42, 0x34AD,
    0xCF83, 0x129D, 0x293A, 0x4200, 0x0000, 0x0000, 0x0000, 0x0000, 0x0000, 0x0000, 0x0000, 0x0000,
    0x0000, 0x0000, 0x0000, 0x0000, 0x0000, 0x0000, 0x0000, 0x0000, 0x0000, 0x0000, 0x0000, 0x0000,
    0x0000, 0x0000, 0x0000, 0x0000, 0x0000, 0x0000, 0x0000, 0x0000, 0x0000, 0x0000, 0x0000, 0x0000,
    0x0000, 0x0000, 0x0000, 0x0000, 0x0000, 0x0000, 0x0000, 0x0000, 0x4200, 0x2932, 0x918C, 0x8C5A,
    0x0E63, 0xEC52, 0x8A2A, 0x6D3B, 0xA829, 0x6F73, 0xD4B5, 0xD4B5, 0x0F84, 0xF4B5, 0xB6BE, 0xD7A6,
    0xF144, 0xAA1A, 0xEB22, 0x7355, 0x959E, 0xF5AD, 0x8C5A, 0xAD62, 0xCE62, 0xAD62, 0xF29C, 0xF3B5,
    0xD2AD, 0x14B6, 0xD07B, 0xCF6A, 0xEF6A, 0xCE62, 0xD294, 0x16AF, 0x1476, 0x4B33, 0xE711, 0x8F3C,
    0x957E, 0xB6A6, 0x14AE, 0x8D6B, 0x908C, 0xB4B5, 0x1184, 0xA829, 0xEB32, 0xCB2A, 0x2D5B, 0x2E6B,
    0xEE6A, 0x139D, 0x293A, 0x6200, 0x0000, 0x0000, 0x0000, 0x0000, 0x0000, 0x0000, 0x0000, 0x0000,
    0x0000, 0x0000, 0x0000, 0x0000, 0x0000, 0x0000, 0x0000, 0x0000, 0x0000, 0x0000, 0x0000, 0x0000,
    0x0000, 0x0000, 0x0000, 0x0000, 0x0000, 0x0000, 0x0000, 0x0000, 0x0000, 0x0000, 0x0000, 0x0000,
    0x0000, 0x0000, 0x0000, 0x0000, 0x0000, 0x0000, 0x0000, 0x0000, 0x4200, 0x0832, 0x9184, 0xCD62,
    0xAE5A, 0x4721, 0xAB2A, 0x6D3B, 0xA929, 0x6F73, 0xF4B5, 0xF3B5, 0xB2AD, 0x52A5, 0xB6BE, 0xB7B6,
    0x5586, 0x357E, 0x357E, 0x5586, 0x15A6, 0xAF7B, 0xCD62, 0x318C, 0x4F73, 0xAD62, 0xF19C, 0xF2AD,
    0xD2AD, 0xF3B5, 0xAF7B, 0xCE62, 0x528C, 0xEE62, 0x6F73, 0xB39D, 0x958E, 0x136E, 0xF36D, 0x1476,
    0xD6A6, 0xB6B6, 0xB2A5, 0x72A5, 0x92A5, 0xD3AD, 0x3084, 0xA829, 0xCB2A, 0xCB2A, 0x4721, 0xAE5A,
    0x6F73, 0x339D, 0x283A, 0x6208, 0x0000, 0x0000, 0x0000, 0x0000, 0x0000, 0x0000, 0x0000, 0x0000,
    0x0000, 0x0000, 0x0000, 0x0000, 0x0000, 0x0000, 0x0000, 0x0000, 0x0000, 0x0000, 0x0000, 0x0000,
    0x0000, 0x0000, 0x0000, 0x0000, 0x0000, 0x0000, 0x0000, 0x0000, 0x0000, 0x0000, 0x0000, 0x0000,
    0x0000, 0x0000, 0x0000, 0x0000, 0x0000, 0x0000, 0x0000, 0x0000, 0x2100, 0x283A, 0x1295, 0x4E6B,
    0xEE62, 0xA929, 0x8A22, 0x4D3B, 0xA929, 0x6F73, 0xD4B5, 0xD2AD, 0xB2AD, 0x71A5, 0xD3AD, 0x14AE,
    0x54AE, 0x75B6, 0x55B6, 0x15AE, 0xAF73, 0x6C5A, 0xEF83, 0xF4BD, 0xCF7B, 0x8C5A, 0x119D, 0xD2AD,
    0xB1AD, 0xD3AD, 0x8E73, 0xAC5A, 0x74AD, 0x308C, 0x6C5A, 0x2E6B, 0x5395, 0x359E, 0x55A6, 0x75AE,
    0x55B6, 0x13AE, 0x92A5, 0xB2AD, 0x91A5, 0xB3AD, 0x3084, 0x8829, 0xAB2A, 0x8A2A, 0x2721, 0x8E5A,
    0x8F73, 0x339D, 0x293A, 0x6208, 0x0000, 0x0000, 0x0000, 0x0000, 0x0000, 0x0000, 0x0000, 0x0000,
    0x0000, 0x0000, 0x0000, 0x0000, 0x0000, 0x0000, 0x0000, 0x0000, 0x0000, 0x0000, 0x0000, 0x0000,
    0x0000, 0x0000, 0x0000, 0x0000, 0x0000, 0x0000, 0x0000, 0x0000, 0x0000, 0x0000, 0x0000, 0x0000,
    0x0000, 0x0000, 0x0000, 0x0000, 0x0000, 0x0000, 0x0000, 0x0000, 0x4208, 0xC829, 0x0F74, 0x1084,
    0xCE5A, 0xA929, 0x8A22, 0x6D3B, 0xA929, 0x6F73, 0xD4B5, 0xD2AD, 0x92A5, 0x92A5, 0x71A5, 0x319D,
    0x129D, 0x3084, 0x6F73, 0x4E73, 0x0E6B, 0x7194, 0xB3AD, 0x72A5, 0x708C, 0x1084, 0x52A5, 0xD2B5,
    0xB2AD, 0xD2AD, 0x908C, 0xCF7B, 0x32A5, 0xB3AD, 0x508C, 0xEE6A, 0xEE6A, 0xB07B, 0xCF7B, 0x129D,
    0x93A5, 0x92AD, 0xB2AD, 0x92A5, 0x92A5, 0xD3AD, 0x3184, 0x8829, 0xAA2A, 0x6A2A, 0x2721, 0x6D52,
    0x718C, 0x2F7C, 0xA829, 0x6208, 0x0000, 0x0000, 0x0000, 0x0000, 0x0000, 0x0000, 0x0000, 0x0000,
    0x0000, 0x0000, 0x0000, 0x0000, 0x0000, 0x0000, 0x0000, 0x0000, 0x0000, 0x0000, 0x0000, 0x0000,
    0x0000, 0x0000, 0x0000, 0x0000, 0x0000, 0x0000, 0x0000, 0x0000, 0x0000, 0x0000, 0x0000, 0x0000,
    0x0000, 0x0000, 0x0000, 0x0000, 0x0000, 0x0000, 0x0000, 0x0000, 0xA310, 0x4719, 0xE831, 0x9294,
    0xAE62, 0xA929, 0x6A22, 0x4D3B, 0xA929, 0x4F73, 0xB4B5, 0xB2AD, 0x92A5, 0x91A5, 0x31A5, 0xEE7B,
    0xCF7B, 0x6E73, 0xED62, 0x0E6B, 0xF29C, 0xB3B5, 0x92AD, 0x72A5, 0x508C, 0x508C, 0x72A5, 0xD2B5,
    0xB2AD, 0xD2AD, 0xD094, 0xEF7B, 0x319D, 0xB1A5, 0xB2AD, 0xD29C, 0x4E6B, 0x6C52, 0xED62, 0xF083,
    0xEF7B, 0x119D, 0xB3AD, 0x92AD, 0xB2A5, 0xD4B5, 0x528C, 0xA931, 0xCB32, 0x6A2A, 0x4721, 0x6D52,
    0xB394, 0x083A, 0x2619, 0x8310, 0x0000, 0x0000, 0x0000, 0x0000, 0x0000, 0x0000, 0x0000, 0x0000,
    0x0000, 0x0000, 0x0000, 0x0000, 0x0000, 0x0000, 0x0000, 0x0000, 0x0000, 0x0000, 0x0000, 0x0000,
    0x0000, 0x0000, 0x0000, 0x0000, 0x0000, 0x0000, 0x0000, 0x0000, 0x0000, 0x0000, 0x0000, 0x0000,
    0x0000, 0x0000, 0x0000, 0x0000, 0x0000, 0x0000, 0x0000, 0x0000, 0x4100, 0xC410, 0x2932, 0x728C,
    0xCD62, 0xA929, 0x4922, 0x2D3B, 0x4719, 0xE939, 0x918C, 0xB2AD, 0xB2A5, 0xB2A5, 0x92AD, 0x52A5,
    0x72A5, 0x73AD, 0x73AD, 0x73AD, 0xD3AD, 0xB2AD, 0xB2AD, 0x92AD, 0x708C, 0x508C, 0x72A5, 0xD2AD,
    0xD2AD, 0xD2AD, 0xB094, 0x0F7C, 0x529D, 0xB1AD, 0xB2AD, 0xD3AD, 0x93AD, 0x73AD, 0x93AD, 0x73A5,
    0x73A5, 0x93AD, 0xB2AD, 0xB2A5, 0xB2AD, 0x129D, 0xCD5A, 0xA829, 0x0C33, 0xAA2A, 0x6829, 0xAD5A,
    0x9294, 0x093A, 0xA410, 0x2100, 0x0000, 0x0000, 0x0000, 0x0000, 0x0000, 0x0000, 0x0000, 0x0000,
    0x0000, 0x0000, 0x0000, 0x0000, 0x0000, 0x0000, 0x0000, 0x0000, 0x0000, 0x0000, 0x0000, 0x0000,
    0x0000, 0x0000, 0x0000, 0x0000, 0x0000, 0x0000, 0x0000, 0x0000, 0x0000, 0x0000, 0x0000, 0x0000,
    0x0000, 0x0000, 0x0000, 0x0000, 0x0000, 0x0000, 0x0000, 0x0000, 0x0000, 0x8308, 0x4619, 0xC939,
    0xEF6A, 0x8829, 0x2922, 0x6D3B, 0x6711, 0x6829, 0xED62, 0x52A5, 0xB2AD, 0xB1A5, 0xB1AD, 0xB1AD,
    0xB2AD, 0xB2AD, 0xB2AD, 0xB2AD, 0xB2A5, 0xB2A5, 0xB3AD, 0x119D, 0x508C, 0x708C, 0x72A5, 0xF2B5,
    0xD2AD, 0xD2AD, 0xD194, 0x3084, 0xF19C, 0xD3B5, 0xB2AD, 0xB2AD, 0xD2AD, 0xD2AD, 0xD2AD, 0xB2AD,
    0xD2AD, 0xB2AD, 0xB1A5, 0xB1A5, 0xB3AD, 0x6E6B, 0xEB39, 0x6719, 0x6D3B, 0xCB2A, 0x6829, 0x0F6B,
    0x0A3A, 0x4619, 0xA310, 0x0000, 0x0000, 0x0000, 0x0000, 0x0000, 0x0000, 0x0000, 0x0000, 0x0000,
    0x0000, 0x0000, 0x0000, 0x0000, 0x0000, 0x0000, 0x0000, 0x0000, 0x0000, 0x0000, 0x0000, 0x0000,
    0x0000, 0x0000, 0x0000, 0x0000, 0x0000, 0x0000, 0x0000, 0x0000, 0x0000, 0x0000, 0x0000, 0x0000,
    0x0000, 0x0000, 0x0000, 0x0000, 0x0000, 0x0000, 0x0000, 0x0000, 0x0000, 0x8308, 0xE510, 0x6829,
    0x0F6B, 0xA931, 0x081A, 0x8E3B, 0x2922, 0x4721, 0x8D5A, 0xEF83, 0xB3AD, 0xB1A5, 0x91A5, 0xB1A5,
    0xB2A5, 0xB1A5, 0x92A5, 0x92A5, 0xB2A5, 0xD3AD, 0x129D, 0x9094, 0xD294, 0x708C, 0x72A5, 0xF2AD,
    0xD2AD, 0xF3AD, 0xD194, 0x908C, 0xF19C, 0xF19C, 0xD3AD, 0xB2AD, 0xB2A5, 0x91A5, 0x91A5, 0x91A5,
    0xB1AD, 0xB1A5, 0x91A5, 0xD2AD, 0xB194, 0x6C52, 0xCA31, 0xE819, 0xAE43, 0xAA2A, 0x8829, 0x4F6B,
    0xEA31, 0x2611, 0x8208, 0x0000, 0x0000, 0x0000, 0x0000, 0x0000, 0x0000, 0x0000, 0x0000, 0x0000,
    0x0000, 0x0000, 0x0000, 0x0000, 0x0000, 0x0000, 0x0000, 0x0000, 0x0000, 0x0000, 0x0000, 0x0000,
    0x0000, 0x0000, 0x0000, 0x0000, 0x0000, 0x0000, 0x0000, 0x0000, 0x0000, 0x0000, 0x0000, 0x0000,
    0x0000, 0x0000, 0x0000, 0x0000, 0x0000, 0x0000, 0x0000, 0x0000, 0x0000, 0x0000, 0x6200, 0x6829,
    0x0F63, 0xC931, 0xE819, 0x8E3B, 0xAB2A, 0xC821, 0x0B42, 0xED62, 0x32A5, 0xB2AD, 0xB1A5, 0xB2A5,
    0xB2AD, 0xB1A5, 0xB1AD, 0x91A5, 0xB2AD, 0xD194, 0x2C63, 0x52A5, 0x329D, 0xB194, 0x92AD, 0xD2AD,
    0xD2AD, 0xD3AD, 0xF19C, 0xB094, 0xD3B5, 0xCE7B, 0x708C, 0xB2AD, 0xB1A5, 0x91A5, 0xB1A5, 0xB2A5,
    0x91AD, 0xB1AD, 0x91A5, 0xB2AD, 0x6F73, 0xEB49, 0x6821, 0xAA2A, 0xAD3B, 0xAA2A, 0xA929, 0x506B,
    0xEA31, 0xE410, 0x0000, 0x0000, 0x0000, 0x0000, 0x0000, 0x0000, 0x0000, 0x0000, 0x0000, 0x0000,
    0x0000, 0x0000, 0x0000, 0x0000, 0x0000, 0x0000, 0x0000, 0x0000, 0x0000, 0x0000, 0x0000, 0x0000,
    0x0000, 0x0000, 0x0000, 0x0000, 0x0000, 0x0000, 0x0000, 0x0000, 0x0000, 0x0000, 0x0000, 0x0000,
    0x0000, 0x0000, 0x0000, 0x0000, 0x0000, 0x0000, 0x0000, 0x0000, 0x0000, 0x0000, 0x2100, 0xA408,
    0x6721, 0x0932, 0xE819, 0xAE3B, 0xEC2A, 0xAB32, 0xA929, 0x4C52, 0xCF7B, 0xD3B5, 0xB1A5, 0xB2A5,
    0xB2A5, 0xB1A5, 0xB1A5, 0xB1A5, 0xB2AD, 0x0C63, 0x8C52, 0xB3AD, 0x319D, 0xD19C, 0xD3AD, 0xD2AD,
    0xD2AD, 0xD3AD, 0x52A5, 0xF19C, 0xF3B5, 0xCF7B, 0x6C5A, 0x32A5, 0xB1AD, 0x91A5, 0xB1A5, 0xB1A5,
    0xB1A5, 0x91A5, 0xD3AD, 0x708C, 0x6D5A, 0xAA39, 0x0922, 0xEB2A, 0x8D3B, 0x8A2A, 0x0A3A, 0x2A3A,
    0x0511, 0xA308, 0x0000, 0x0000, 0x0000, 0x0000, 0x0000, 0x0000, 0x0000, 0x0000, 0x0000, 0x0000,
    0x0000, 0x0000, 0x0000, 0x0000, 0x0000, 0x0000, 0x0000, 0x0000, 0x0000, 0x0000, 0x0000, 0x0000,
    0x0000, 0x0000, 0x0000, 0x0000, 0x0000, 0x0000, 0x0000, 0x0000, 0x0000, 0x0000, 0x0000, 0x0000,
    0x0000, 0x0000, 0x0000, 0x0000, 0x0000, 0x0000, 0x0000, 0x0000, 0x0000, 0x0000, 0x0000, 0x8308,
    0x2619, 0x8821, 0xC819, 0x6D3B, 0xAE3B, 0xAE43, 0x4A32, 0xEB41, 0x0E6B, 0x129D, 0xD3AD, 0xB2A5,
    0xB2A5, 0xB2A5, 0xB1A5, 0xB1A5, 0x52A5, 0x4B4A, 0xCD5A, 0x74AD, 0xD294, 0x508C, 0xD3AD, 0xD2AD,
    0xD2AD, 0xF3AD, 0xF19C, 0x708C, 0xD4B5, 0xD07B, 0x0C4A, 0xCF7B, 0xF3B5, 0x91A5, 0xB1A5, 0xB1A5,
    0xB1A5, 0xD2AD, 0x72A5, 0x4F73, 0x8E5A, 0x6821, 0xEC32, 0x6D3B, 0x0C33, 0xC821, 0xC929, 0xC929,
    0xA308, 0x2100, 0x0000, 0x0000, 0x0000, 0x0000, 0x0000, 0x0000, 0x0000, 0x0000, 0x0000, 0x0000,
    0x0000, 0x0000, 0x0000, 0x0000, 0x0000, 0x0000, 0x0000, 0x0000, 0x0000, 0x0000, 0x0000, 0x0000,
    0x0000, 0x0000, 0x0000, 0x0000, 0x0000, 0x0000, 0x0000, 0x0000, 0x0000, 0x0000, 0x0000, 0x0000,
    0x0000, 0x0000, 0x0000, 0x0000, 0x0000, 0x0000, 0x0000, 0x0000, 0x0000, 0x0000, 0x0000, 0x0000,
    0xC410, 0xE610, 0x4719, 0xAB32, 0xEF43, 0x0F44, 0xAC32, 0x0B42, 0xEE6A, 0xF083, 0x73A5, 0xD2AD,
    0xB2A5, 0xB2AD, 0xB2AD, 0x14B6, 0x508C, 0xEA39, 0xA931, 0x0A3A, 0xEA39, 0xCD5A, 0x3084, 0x72A5,
    0x72A5, 0x32A5, 0x4E6B, 0xEA39, 0xE931, 0x8829, 0xAA31, 0x2E6B, 0xB3AD, 0xD2AD, 0xB1A5, 0xB2A5,
    0xB2AD, 0xD3AD, 0x518C, 0xCE6A, 0x2C4A, 0x4A2A, 0x0F4C, 0x6D33, 0xCC32, 0xC821, 0xE508, 0x0611,
    0x6208, 0x0000, 0x0000, 0x0000, 0x0000, 0x0000, 0x0000, 0x0000, 0x0000, 0x0000, 0x0000, 0x0000,
    0x0000, 0x0000, 0x0000, 0x0000, 0x0000, 0x0000, 0x0000, 0x0000, 0x0000, 0x0000, 0x0000, 0x0000,
    0x0000, 0x0000, 0x0000, 0x0000, 0x0000, 0x0000, 0x0000, 0x0000, 0x0000, 0x0000, 0x0000, 0x0000,
    0x0000, 0x0000, 0x0000, 0x0000, 0x0000, 0x0000, 0x0000, 0x0000, 0x0000, 0x0000, 0x0000, 0x2100,
    0xE518, 0xE610, 0x4719, 0xAB32, 0xEF43, 0xEE3B, 0x2C33, 0x0A32, 0xCE62, 0xCE62, 0xD194, 0xD2AD,
    0xB2A5, 0xD2AD, 0xF4B5, 0x918C, 0xAC4A, 0xAC3A, 0x8B2A, 0xC819, 0x2711, 0xA929, 0x6C4A, 0xED62,
    0x0D63, 0xED62, 0xCA39, 0x2719, 0x4711, 0xE919, 0xCC3A, 0x8C42, 0x8E73, 0x93AD, 0xF2AD, 0xB2AD,
    0xD2AD, 0x93AD, 0x4F73, 0xAE62, 0xE931, 0x6D3B, 0x9054, 0x6D3B, 0xCC32, 0xA819, 0xE610, 0x2619,
    0x6208, 0x0000, 0x0000, 0x0000, 0x0000, 0x0000, 0x0000, 0x0000, 0x0000, 0x0000, 0x0000, 0x0000,
    0x0000, 0x0000, 0x0000, 0x0000, 0x0000, 0x0000, 0x0000, 0x0000, 0x0000, 0x0000, 0x0000, 0x0000,
    0x0000, 0x0000, 0x0000, 0x0000, 0x0000, 0x0000, 0x0000, 0x0000, 0x0000, 0x0000, 0x0000, 0x0000,
    0x0000, 0x0000, 0x0000, 0x0000, 0x0000, 0x0000, 0x0000, 0x0000, 0x0000, 0x0000, 0x0000, 0x0000,
    0x8308, 0xE610, 0x0922, 0x6D3B, 0x2F44, 0xCE3B, 0x8E3B, 0xAB32, 0xEA39, 0xCE62, 0xD194, 0xD2AD,
    0xD2AD, 0xD3AD, 0xAF73, 0x8B42, 0xEC3A, 0x8D33, 0x0F44, 0x2C3B, 0x2A22, 0x4711, 0x4719, 0x4719,
    0x4721, 0x4821, 0x2719, 0xE921, 0xAB2A, 0x8D3B, 0xEE43, 0x6D3B, 0x8B3A, 0x2D63, 0x73A5, 0x13B6,
    0xD2AD, 0xB3B5, 0x6F7B, 0xCA39, 0x2A2A, 0x8D3B, 0x9054, 0x8D3B, 0xEC32, 0x2922, 0x0611, 0x8308,
    0x0000, 0x0000, 0x0000, 0x0000, 0x0000, 0x0000, 0x0000, 0x0000, 0x0000, 0x0000, 0x0000, 0x0000,
    0x0000, 0x0000, 0x0000, 0x0000, 0x0000, 0x0000, 0x0000, 0x0000, 0x0000, 0x0000, 0x0000, 0x0000,
    0x0000, 0x0000, 0x0000, 0x0000, 0x0000, 0x0000, 0x0000, 0x0000, 0x0000, 0x0000, 0x0000, 0x0000,
    0x0000, 0x0000, 0x0000, 0x0000, 0x0000, 0x0000, 0x0000, 0x0000, 0x0000, 0x0000, 0x0000, 0x0000,
    0x6208, 0x2719, 0xCC32, 0x2F4C, 0xEE3B, 0x8D33, 0x8D3B, 0xEC2A, 0x2A2A, 0x0B42, 0xD294, 0xF4B5,
    0xB4AD, 0xCF73, 0x8B3A, 0x6D3B, 0x4F4C, 0xB054, 0x0E3C, 0x6D33, 0x2C3B, 0xAB32, 0x6719, 0x4819,
    0x6819, 0x4711, 0xE921, 0x0C33, 0x8D3B, 0x8D33, 0x2F44, 0xB154, 0x0F4C, 0xED42, 0x0D5B, 0xF29C,
    0xF4B5, 0xB4B5, 0x7073, 0xC929, 0xEC32, 0x8D33, 0x704C, 0xEE3B, 0x6D33, 0x4D3B, 0x4719, 0x6208,
    0x0000, 0x0000, 0x0000, 0x0000, 0x0000, 0x0000, 0x0000, 0x0000, 0x0000, 0x0000, 0x0000, 0x0000,
    0x0000, 0x0000, 0x0000, 0x0000, 0x0000, 0x0000, 0x0000, 0x0000, 0x0000, 0x0000, 0x0000, 0x0000,
    0x0000, 0x0000, 0x0000, 0x0000, 0x0000, 0x0000, 0x0000, 0x0000, 0x0000, 0x0000, 0x0000, 0x0000,
    0x0000, 0x0000, 0x0000, 0x0000, 0x0000, 0x0000, 0x0000, 0x0000, 0x0000, 0x0000, 0x0000, 0x0000,
    0x6208, 0x2619, 0xEC32, 0xCE3B, 0xAD33, 0x8D33, 0x8D33, 0xCE3B, 0x2D3B, 0xCA31, 0x0E6B, 0x318C,
    0x4E6B, 0x8B3A, 0x6D3B, 0x904C, 0xB04C, 0xAD33, 0x6C33, 0x6C3B, 0x4C33, 0x4D3B, 0xCC32, 0xAC32,
    0xAC32, 0x8B32, 0x0C3B, 0x2C33, 0x6D3B, 0x8D33, 0x8C33, 0x2E44, 0xD154, 0x7054, 0x2D43, 0x8B4A,
    0xF183, 0xF183, 0x8C4A, 0xAB32, 0xCE3B, 0x8D33, 0x0E3C, 0x904C, 0xCE33, 0x2D33, 0x4711, 0x6208,
    0x0000, 0x0000, 0x0000, 0x0000, 0x0000, 0x0000, 0x0000, 0x0000, 0x0000, 0x0000, 0x0000, 0x0000,
    0x0000, 0x0000, 0x0000, 0x0000, 0x0000, 0x0000, 0x0000, 0x0000, 0x0000, 0x0000, 0x0000, 0x0000,
    0x0000, 0x0000, 0x0000, 0x0000, 0x0000, 0x0000, 0x0000, 0x0000, 0x0000, 0x0000, 0x0000, 0x0000,
    0x0000, 0x0000, 0x0000, 0x0000, 0x0000, 0x0000, 0x0000, 0x0000, 0x0000, 0x0000, 0x0000, 0x0000,
    0x6208, 0x2619, 0x0C33, 0xAE3B, 0x8D3B, 0x8D33, 0xEE3B, 0x0E3C, 0x2C33, 0x4B32, 0xCB39, 0x0B42,
    0x4A32, 0x4D3B, 0x4F44, 0x904C, 0xAD33, 0x4C33, 0x4D3B, 0xEC32, 0x6B2A, 0x8C32, 0x6B32, 0x6B2A,
    0x6B2A, 0x6B32, 0x6B2A, 0x4B2A, 0xCC32, 0x4D3B, 0x6D33, 0x8D33, 0x0E3C, 0xD154, 0x4F4C, 0x0C3B,
    0x2B3A, 0x0B3A, 0xC921, 0x2C33, 0x2F44, 0x0E3C, 0x8D33, 0x7044, 0x7044, 0x4D33, 0x4711, 0x6208,
    0x0000, 0x0000, 0x0000, 0x0000, 0x0000, 0x0000, 0x0000, 0x0000, 0x0000, 0x0000, 0x0000, 0x0000,
    0x0000, 0x0000, 0x0000, 0x0000, 0x0000, 0x0000, 0x0000, 0x0000, 0x0000, 0x0000, 0x0000, 0x0000,
    0x0000, 0x0000, 0x0000, 0x0000, 0x0000, 0x0000, 0x0000, 0x0000, 0x0000, 0x0000, 0x0000, 0x0000,
    0x0000, 0x0000, 0x0000, 0x0000, 0x0000, 0x0000, 0x0000, 0x0000, 0x0000, 0x0000, 0x0000, 0x0000,
    0x6308, 0x4719, 0xAB32, 0x8E3B, 0x8D33, 0xCD3B, 0x4F44, 0xAD33, 0x8D33, 0x2D3B, 0x6819, 0x0A2A,
    0x4C3B, 0x4F4C, 0x6F4C, 0x8D33, 0x6D3B, 0x0D3B, 0xAC32, 0xEA31, 0x0B3A, 0x0A32, 0x0A32, 0x0A32,
    0xEA31, 0xEA31, 0xEA31, 0xEA31, 0xCA29, 0x6C32, 0xCC32, 0x4D33, 0x8D33, 0x0E3C, 0x904C, 0x2F44,
    0xCC32, 0x6711, 0xEC32, 0x6C33, 0xEE3B, 0x7044, 0xAD33, 0xAD33, 0x7044, 0x2D33, 0x4711, 0x6308,
    0x0000, 0x0000, 0x0000, 0x0000, 0x0000, 0x0000, 0x0000, 0x0000, 0x0000, 0x0000, 0x0000, 0x0000,
    0x0000, 0x0000, 0x0000, 0x0000, 0x0000, 0x0000, 0x0000, 0x0000, 0x0000, 0x0000, 0x0000, 0x0000,
    0x0000, 0x0000, 0x0000, 0x0000, 0x0000, 0x0000, 0x0000, 0x0000, 0x0000, 0x0000, 0x0000, 0x0000,
    0x0000, 0x0000, 0x0000, 0x0000, 0x0000, 0x0000, 0x0000, 0x0000, 0x0000, 0x0000, 0x0000, 0x0000,
    0x6308, 0x4719, 0x0A2A, 0x2D33, 0xAD33, 0x2F44, 0xAD33, 0x6C33, 0x8D33, 0x6D33, 0xCC32, 0x2C3B,
    0x9054, 0x7054, 0x4C33, 0x2D3B, 0x4B2A, 0x0A2A, 0xCA31, 0x2B4A, 0x518C, 0x9194, 0x718C, 0x918C,
    0x718C, 0x718C, 0x718C, 0xB294, 0x0D63, 0xCA39, 0xEB31, 0xCA21, 0xCC32, 0x4C33, 0xCD3B, 0xB154,
    0xEE43, 0xAB2A, 0x4D3B, 0x6D33, 0x6C33, 0x2F44, 0x0F44, 0x6D33, 0x8D3B, 0x8B2A, 0x4719, 0x6308,
    0x0000, 0x0000, 0x0000, 0x0000, 0x0000, 0x0000, 0x0000, 0x0000, 0x0000, 0x0000, 0x0000, 0x0000,
    0x0000, 0x0000, 0x0000, 0x0000, 0x0000, 0x0000, 0x0000, 0x0000, 0x0000, 0x0000, 0x0000, 0x0000,
    0x0000, 0x0000, 0x0000, 0x0000, 0x0000, 0x0000, 0x0000, 0x0000, 0x0000, 0x0000, 0x0000, 0x0000,
    0x0000, 0x0000, 0x0000, 0x0000, 0x0000, 0x0000, 0x0000, 0x0000, 0x0000, 0x0000, 0x0000, 0x0000,
    0x6208, 0x2619, 0x092A, 0xEC32, 0x0E44, 0xEE3B, 0x6C33, 0x8D33, 0x8D33, 0x6D33, 0x2C33, 0x4F4C,
    0x2E44, 0x6C33, 0xCC32, 0xE921, 0x8921, 0x0B42, 0x6F73, 0xF29C, 0xD3B5, 0x14B6, 0xF3B5, 0xF3B5,
    0xF3AD, 0xD3AD, 0xF3B5, 0x14B6, 0x52A5, 0x518C, 0xED5A, 0x0B3A, 0x8819, 0x8B2A, 0x4C33, 0xEE3B,
    0xD154, 0xAE3B, 0x4C33, 0x8D33, 0x4C2B, 0x2F3C, 0x2F44, 0x0C2B, 0x0C33, 0x6B2A, 0x4719, 0x6208,
    0x0000, 0x0000, 0x0000, 0x0000, 0x0000, 0x0000, 0x0000, 0x0000, 0x0000, 0x0000, 0x0000, 0x0000,
    0x0000, 0x0000, 0x0000, 0x0000, 0x0000, 0x0000, 0x0000, 0x0000, 0x0000, 0x0000, 0x0000, 0x0000,
    0x0000, 0x0000, 0x0000, 0x0000, 0x0000, 0x0000, 0x0000, 0x0000, 0x0000, 0x0000, 0x0000, 0x0000,
    0x0000, 0x0000, 0x0000, 0x0000, 0x0000, 0x0000, 0x0000, 0x0000, 0x0000, 0x0000, 0x0000, 0x0000,
    0x6308, 0x0611, 0x092A, 0xCB32, 0x4D3B, 0x6D33, 0x8D33, 0x8D33, 0xAD3B, 0x8D33, 0x6C33, 0x904C,
    0xCE3B, 0x4D33, 0xE919, 0x8921, 0xCE5A, 0xF083, 0x52A5, 0xF3B5, 0xB3AD, 0xF19C, 0xF29C, 0xF29C,
    0xF29C, 0xF29C, 0xF29C, 0x119D, 0xD3B5, 0xD3B5, 0x129D, 0x2E6B, 0xEE5A, 0xA921, 0xAB2A, 0x6C33,
    0x904C, 0xEE3B, 0x6C33, 0x8D33, 0x4C33, 0x0E3C, 0x2F44, 0x0C2B, 0xEC32, 0x4A2A, 0x2711, 0x8308,
    0x0000, 0x0000, 0x0000, 0x0000, 0x0000, 0x0000, 0x0000, 0x0000, 0x0000, 0x0000, 0x0000, 0x0000,
    0x0000, 0x0000, 0x0000, 0x0000, 0x0000, 0x0000, 0x0000, 0x0000, 0x0000, 0x0000, 0x0000, 0x0000,
    0x0000, 0x0000, 0x0000, 0x0000, 0x0000, 0x0000, 0x0000, 0x0000, 0x0000, 0x0000, 0x0000, 0x0000,
    0x0000, 0x0000, 0x0000, 0x0000, 0x0000, 0x0000, 0x0000, 0x0000, 0x0000, 0x0000, 0x0000, 0x8308,
    0xE610, 0xC508, 0x4719, 0xE929, 0x292A, 0xCB32, 0x8D33, 0x6D33, 0x6D33, 0x8D33, 0xAD33, 0xD14C,
    0x0F3C, 0x6D3B, 0xE919, 0xEA39, 0x518C, 0x52A5, 0xB2A5, 0xD3AD, 0x908C, 0x0E6B, 0xAD5A, 0xAD52,
    0xAD52, 0x8C52, 0xAD5A, 0x2E6B, 0x319D, 0xB1A5, 0xB2AD, 0x329D, 0xCF7B, 0xA929, 0x8B2A, 0xAD33,
    0xF14C, 0x2F3C, 0x8D2B, 0xAD33, 0x6D33, 0x8D33, 0xEE3B, 0x2C33, 0x4A2A, 0x4719, 0xE610, 0xE610,
    0xA408, 0x2000, 0x0000, 0x0000, 0x0000, 0x0000, 0x0000, 0x0000, 0x0000, 0x0000, 0x0000, 0x0000,
    0x0000, 0x0000, 0x0000, 0x0000, 0x0000, 0x0000, 0x0000, 0x0000, 0x0000, 0x0000, 0x0000, 0x0000,
    0x0000, 0x0000, 0x0000, 0x0000, 0x0000, 0x0000, 0x0000, 0x0000, 0x0000, 0x0000, 0x0000, 0x0000,
    0x0000, 0x0000, 0x0000, 0x0000, 0x0000, 0x0000, 0x0000, 0x0000, 0x0000, 0x0000, 0x8408, 0x0619,
    0xE610, 0xC508, 0xA508, 0x2719, 0x2A2A, 0xCB32, 0x8D3B, 0x2D33, 0x0C33, 0xAE33, 0x2F3C, 0xF154,
    0x0E3C, 0x6D3B, 0xE921, 0x0A32, 0x139D, 0xF3B5, 0xF3B5, 0x129D, 0x6F73, 0x6C4A, 0xC929, 0x0A2A,
    0x0A2A, 0xEA29, 0xA921, 0x6D4A, 0x6E6B, 0x52A5, 0xF2B5, 0x119D, 0xF07B, 0xA929, 0xAB2A, 0xCE33,
    0x9044, 0x2E3C, 0x4F44, 0x0E3C, 0xAD33, 0xAD3B, 0xAD3B, 0x6A2A, 0x2611, 0xE510, 0xE610, 0xE610,
    0x0619, 0xA310, 0x0000, 0x0000, 0x0000, 0x0000, 0x0000, 0x0000, 0x0000, 0x0000, 0x0000, 0x0000,
    0x0000, 0x0000, 0x0000, 0x0000, 0x0000, 0x0000, 0x0000, 0x0000, 0x0000, 0x0000, 0x0000, 0x0000,
    0x0000, 0x0000, 0x0000, 0x0000, 0x0000, 0x0000, 0x0000, 0x0000, 0x0000, 0x0000, 0x0000, 0x0000,
    0x0000, 0x0000, 0x0000, 0x0000, 0x0000, 0x0000, 0x0000, 0x0000, 0x2100, 0xA410, 0x2719, 0x4719,
    0x2A2A, 0x4719, 0xA610, 0xC610, 0x6821, 0x4A2A, 0xAB32, 0xAB32, 0x2D33, 0xEE3B, 0xCD33, 0xEE3B,
    0xCE3B, 0xAD3B, 0xEC32, 0xE929, 0xED5A, 0xF29C, 0xF29C, 0x6F6B, 0x0B3A, 0x2A2A, 0xEC32, 0xEC32,
    0x0C33, 0xEC32, 0x8B2A, 0xEA29, 0x2C42, 0x6E73, 0x13A5, 0x107C, 0x2B3A, 0x6B2A, 0x6D33, 0xCE3B,
    0xAD33, 0xCD33, 0xB14C, 0x904C, 0x4C33, 0x0C2B, 0xCB2A, 0x0611, 0xE610, 0xC508, 0x4719, 0x0A32,
    0x2611, 0xE510, 0xA410, 0x2100, 0x0000, 0x0000, 0x0000, 0x0000, 0x0000, 0x0000, 0x0000, 0x0000,
    0x0000, 0x0000, 0x0000, 0x0000, 0x0000, 0x0000, 0x0000, 0x0000, 0x0000, 0x0000, 0x0000, 0x0000,
    0x0000, 0x0000, 0x0000, 0x0000, 0x0000, 0x0000, 0x0000, 0x0000, 0x0000, 0x0000, 0x0000, 0x0000,
    0x0000, 0x0000, 0x0000, 0x0000, 0x0000, 0x0000, 0x0000, 0x6308, 0x4721, 0x4819, 0x6819, 0x4A2A,
    0x4A2A, 0x092A, 0x2611, 0xA508, 0xE610, 0xA821, 0x2A2A, 0x2A2A, 0x4D3B, 0x0E3C, 0xAD33, 0xAD33,
    0xAD33, 0xCD3B, 0xAE3B, 0x0C33, 0x0A2A, 0x2B42, 0x4B42, 0xEA31, 0xE921, 0x0C33, 0x6D3B, 0x6D33,
    0x6D33, 0x8D3B, 0x8D3B, 0xAB2A, 0xC921, 0xC929, 0x0A3A, 0x0B32, 0x8B2A, 0x8D33, 0xCD33, 0xCD33,
    0xCD33, 0xCD33, 0x2F3C, 0x904C, 0xEC2A, 0x6B2A, 0xE921, 0xE610, 0xC510, 0x2619, 0x092A, 0x4A2A,
    0x292A, 0x2611, 0x0611, 0x0611, 0x8208, 0x0000, 0x0000, 0x0000, 0x0000, 0x0000, 0x0000, 0x0000,
    0x0000, 0x0000, 0x0000, 0x0000, 0x0000, 0x0000, 0x0000, 0x0000, 0x0000, 0x0000, 0x0000, 0x0000,
    0x0000, 0x0000, 0x0000, 0x0000, 0x0000, 0x0000, 0x0000, 0x0000, 0x0000, 0x0000, 0x0000, 0x0000,
    0x0000, 0x0000, 0x0000, 0x0000, 0x0000, 0x4208, 0xE510, 0x4719, 0x8921, 0x4819, 0xE921, 0xAB32,
    0x4C43, 0x4D43, 0x292A, 0x0611, 0xC610, 0x4719, 0x0A2A, 0x4A2A, 0x4D33, 0x0E3C, 0xAD33, 0xAD33,
    0xCD33, 0xAD33, 0xCD33, 0xCE33, 0x2D33, 0x4B2A, 0x4B2A, 0x6B2A, 0x0C33, 0x8D3B, 0x8D33, 0xCE3B,
    0xCE3B, 0x8D33, 0x8D33, 0x4D33, 0xAB32, 0x6B2A, 0x6B2A, 0xCC2A, 0xAE3B, 0xCD33, 0xCD33, 0xCD33,
    0xCD33, 0xAD33, 0x0E3C, 0x904C, 0xEC2A, 0x4B2A, 0x8921, 0xC508, 0xE610, 0x2A2A, 0x2D43, 0x4D43,
    0xCB3A, 0xE921, 0x6819, 0x6719, 0x4719, 0xC408, 0x4100, 0x0000, 0x0000, 0x0000, 0x0000, 0x0000,
    0x0000, 0x0000, 0x0000, 0x0000, 0x0000, 0x0000, 0x0000, 0x0000, 0x0000, 0x0000, 0x0000, 0x0000,
    0x0000, 0x0000, 0x0000, 0x0000, 0x0000, 0x0000, 0x0000, 0x0000, 0x0000, 0x0000, 0x0000, 0x0000,
    0x0000, 0x0000, 0x0000, 0x0000, 0x8308, 0x0611, 0x6819, 0xC921, 0x2A2A, 0xE921, 0x0922, 0xF05B,
    0x3BC7, 0xDABE, 0x2C43, 0xC921, 0xE610, 0xE710, 0x4719, 0x0A2A, 0x2D33, 0x0E3C, 0xCD33, 0xCD33,
    0x6D3B, 0x8D33, 0xCE33, 0xAD33, 0xAD3B, 0x4D3B, 0x4D3B, 0x4C3B, 0x8D3B, 0x8D33, 0x0E3C, 0xCD3B,
    0x8D33, 0x2F44, 0xCD3B, 0x8D33, 0x6D33, 0x4D33, 0x6D33, 0xAE3B, 0xCE3B, 0xEE3B, 0xAD33, 0x6D33,
    0xAD33, 0xAD33, 0x0E3C, 0x914C, 0xEC32, 0xA821, 0xC608, 0xE610, 0xE921, 0x6A32, 0x38AE, 0x3BCF,
    0x1064, 0xA819, 0xE921, 0x2A2A, 0xC921, 0x4719, 0xE510, 0xA308, 0x2100, 0x0000, 0x0000, 0x0000,
    0x0000, 0x0000, 0x0000, 0x0000, 0x0000, 0x0000, 0x0000, 0x0000, 0x0000, 0x0000, 0x0000, 0x0000,
    0x0000, 0x0000, 0x0000, 0x0000, 0x0000, 0x0000, 0x0000, 0x0000, 0x0000, 0x0000, 0x0000, 0x0000,
    0x0000, 0x0000, 0x0000, 0xA410, 0x4721, 0x4719, 0xC921, 0xCB32, 0x4D3B, 0x2A22, 0xE921, 0x6E4B,
    0xFAC6, 0x78B6, 0xCB3A, 0x2A2A, 0x6819, 0xE610, 0x0711, 0x6819, 0x8B2A, 0x4D33, 0xCD3B, 0xAD3B,
    0xCB2A, 0x0C33, 0xCD33, 0x8D33, 0x8D33, 0xAD33, 0xAD3B, 0xAD3B, 0x8D33, 0xAD33, 0x904C, 0xAD33,
    0x6C2B, 0x2F44, 0x4F44, 0x6C2B, 0x8D33, 0xAD33, 0xAD33, 0xAD33, 0xCD33, 0x2F44, 0x6D33, 0xCB2A,
    0xEC32, 0xAD33, 0xEE3B, 0x504C, 0x2A22, 0x2711, 0xE610, 0xA821, 0x8B32, 0x8A2A, 0x17A6, 0x99BE,
    0x8E53, 0x8819, 0x2922, 0xEB32, 0x8B2A, 0xC921, 0x4719, 0x2719, 0xA410, 0x2000, 0x0000, 0x0000,
    0x0000, 0x0000, 0x0000, 0x0000, 0x0000, 0x0000, 0x0000, 0x0000, 0x0000, 0x0000, 0x0000, 0x0000,
    0x0000, 0x0000, 0x0000, 0x0000, 0x0000, 0x0000, 0x0000, 0x0000, 0x0000, 0x0000, 0x0000, 0x0000,
    0x0000, 0x0000, 0x8308, 0x2719, 0x4719, 0xE921, 0x4D3B, 0x8D3B, 0x8D33, 0x4D3B, 0x2A2A, 0xE921,
    0xED4A, 0x6B3A, 0x0A2A, 0x6B32, 0x8B32, 0x2711, 0xE710, 0xE610, 0x0A2A, 0xEC32, 0xAD3B, 0x8D3B,
    0x6A2A, 0xEC32, 0xAD33, 0x6C33, 0xCD3B, 0xEE3B, 0x8D33, 0x8D33, 0x8D33, 0x2F3C, 0xB14C, 0xAD33,
    0xAD33, 0xEE33, 0x9044, 0xED3B, 0xAD33, 0x8D33, 0x8D33, 0xCE3B, 0xCD33, 0x2F44, 0x6D33, 0xAB32,
    0x6A2A, 0x8D3B, 0x4C33, 0x4D3B, 0x8819, 0xC608, 0x0711, 0x8B3A, 0xAB32, 0xAB32, 0xCC3A, 0xAB3A,
    0xA819, 0x2A22, 0x4C33, 0x8D33, 0x8D3B, 0x0C33, 0xC819, 0x2611, 0x2619, 0x8308, 0x0000, 0x0000,
    0x0000, 0x0000, 0x0000, 0x0000, 0x0000, 0x0000, 0x0000, 0x0000, 0x0000, 0x0000, 0x0000, 0x0000,
    0x0000, 0x0000, 0x0000, 0x0000, 0x0000, 0x0000, 0x0000, 0x0000, 0x0000, 0x0000, 0x0000, 0x0000,
    0x0000, 0x0000, 0x8308, 0x4719, 0x2A2A, 0x4D3B, 0xAD3B, 0xAD33, 0xAD33, 0xAD3B, 0x6D3B, 0x4A2A,
    0x8819, 0xC921, 0xE921, 0x0922, 0x4A2A, 0x092A, 0x0611, 0xC608, 0xE929, 0xCB32, 0xAE43, 0x2C3B,
    0xC821, 0xCB32, 0x8D33, 0x4C2B, 0x0E3C, 0x4F44, 0x4C33, 0x6D33, 0xAD33, 0xF14C, 0xD04C, 0xAD33,
    0xCE33, 0xEE33, 0x3255, 0xD04C, 0xAD3B, 0x0C33, 0x6C33, 0x9044, 0xAD33, 0xCE3B, 0x4C33, 0x6B2A,
    0xE921, 0x4D3B, 0x2C33, 0xAB32, 0x2611, 0xC508, 0xE929, 0x0922, 0xE819, 0x4A2A, 0x2A2A, 0x6711,
    0x4A2A, 0x8D3B, 0xCD3B, 0x8D33, 0x8D33, 0x8D3B, 0xCB32, 0xE921, 0x2719, 0x6208, 0x0000, 0x0000,
    0x0000, 0x0000, 0x0000, 0x0000, 0x0000, 0x0000, 0x0000, 0x0000, 0x0000, 0x0000, 0x0000, 0x0000,
    0x0000, 0x0000, 0x0000, 0x0000, 0x0000, 0x0000, 0x0000, 0x0000, 0x0000, 0x0000, 0x0000, 0x0000,
    0x0000, 0x0000, 0x8308, 0xC921, 0xCC32, 0x6D33, 0xAD33, 0xAD33, 0xAD33, 0x8D33, 0xAD3B, 0x4D3B,
    0x6B2A, 0x2A2A, 0xEC42, 0xB27C, 0x716C, 0x8B32, 0x6719, 0xA508, 0x4719, 0x2A2A, 0xAB32, 0x0922,
    0x2611, 0x2922, 0x0C33, 0x6C33, 0xEE3B, 0x4F44, 0xAB2A, 0xEC32, 0xCD33, 0xD14C, 0xD04C, 0xAD33,
    0xAD33, 0xCD33, 0xD04C, 0xD14C, 0xAD3B, 0x8B2A, 0x4D33, 0xB04C, 0xCD33, 0x8D33, 0x0C33, 0xC819,
    0x2611, 0x2922, 0x6A2A, 0xC921, 0xC508, 0xA821, 0x292A, 0x1064, 0x3485, 0x8E53, 0x2A2A, 0x8B2A,
    0x8D3B, 0xCE3B, 0xAD33, 0xAD33, 0x8D33, 0x8D33, 0x6D3B, 0x4A2A, 0x4719, 0x8308, 0x0000, 0x0000,
    0x0000, 0x0000, 0x0000, 0x0000, 0x0000, 0x0000, 0x0000, 0x0000, 0x0000, 0x0000, 0x0000, 0x0000,
    0x0000, 0x0000, 0x0000, 0x0000, 0x0000, 0x0000, 0x0000, 0x0000, 0x0000, 0x0000, 0x0000, 0x0000,
    0x0000, 0x0000, 0x4100, 0x2619, 0xE921, 0x2C3B, 0xAD3B, 0x8D33, 0x8D33, 0x8D33, 0x6D33, 0x8D33,
    0x2C3B, 0xE921, 0xAF5B, 0x1AC7, 0x99B6, 0xCB3A, 0xA821, 0xE610, 0x8408, 0x2711, 0x2A2A, 0x092A,
    0xE610, 0xC821, 0x2C33, 0x6C33, 0xEE3B, 0x5044, 0xAB2A, 0xEC32, 0xEE3B, 0xF14C, 0xD04C, 0xAD33,
    0xCE33, 0xAD33, 0x4F3C, 0xF14C, 0xAD3B, 0x8B2A, 0x4D33, 0xD14C, 0xCD33, 0x8D3B, 0x0C33, 0x8819,
    0x6719, 0x6A32, 0xA821, 0xA508, 0x2611, 0x092A, 0x2922, 0x17A6, 0x5CCF, 0xB37C, 0xC819, 0x2C33,
    0xAD3B, 0xAD33, 0xAD33, 0xAD33, 0xAD33, 0xCE3B, 0xCC32, 0xC921, 0x4719, 0x2100, 0x0000, 0x0000,
    0x0000, 0x0000, 0x0000, 0x0000, 0x0000, 0x0000, 0x0000, 0x0000, 0x0000, 0x0000, 0x0000, 0x0000,
    0x0000, 0x0000, 0x0000, 0x0000, 0x0000, 0x0000, 0x0000, 0x0000, 0x0000, 0x0000, 0x0000, 0x0000,
    0x0000, 0x0000, 0x0000, 0x4100, 0xC410, 0xA821, 0xCB32, 0x6D33, 0x8D33, 0x8D33, 0x6D33, 0x6C33,
    0x8D3B, 0x0922, 0xAB3A, 0xD27C, 0x348D, 0x8A32, 0x092A, 0xE929, 0x0611, 0x8400, 0x6719, 0x0A2A,
    0xE610, 0xC821, 0xAB2A, 0x4C33, 0x0E3C, 0x704C, 0xAB32, 0xCC32, 0xCE3B, 0xD14C, 0xD14C, 0xAD33,
    0xCE3B, 0xAD33, 0x4F3C, 0xD144, 0x8D33, 0x8B2A, 0x2C33, 0x7044, 0xCD33, 0x0C2B, 0x6A2A, 0x6819,
    0x8819, 0x4A32, 0xE508, 0x4719, 0x092A, 0x292A, 0x292A, 0x9274, 0x548D, 0x4D53, 0x4922, 0xAD3B,
    0x8D33, 0x8D33, 0x8D33, 0xAD3B, 0x8D3B, 0xCB2A, 0x8819, 0xE610, 0x6200, 0x0000, 0x0000, 0x0000,
    0x0000, 0x0000, 0x0000, 0x0000, 0x0000, 0x0000, 0x0000, 0x0000, 0x0000, 0x0000, 0x0000, 0x0000,
    0x0000, 0x0000, 0x0000, 0x0000, 0x0000, 0x0000, 0x0000, 0x0000, 0x0000, 0x0000, 0x0000, 0x0000,
    0x0000, 0x0000, 0x0000, 0x0000, 0x0000, 0x6308, 0x6711, 0x6A2A, 0x4D3B, 0xAD3B, 0x8D33, 0x6D33,
    0x6C33, 0x0C33, 0x0922, 0x6719, 0xA821, 0xA821, 0x092A, 0x2A2A, 0xE921, 0x2711, 0xC508, 0x0611,
    0xE610, 0xA821, 0x2922, 0x2C33, 0xEE3B, 0xAD3B, 0x2A22, 0x0A22, 0x6D33, 0x0E3C, 0x904C, 0x8D33,
    0x8D33, 0x8D33, 0x2F3C, 0xB044, 0x2C2B, 0x2A22, 0xCB2A, 0xEE3B, 0xAD3B, 0xCB2A, 0x6B32, 0x6819,
    0x0611, 0xE610, 0x2711, 0x2A2A, 0x4A2A, 0x0922, 0xE921, 0x8721, 0x6719, 0xC819, 0x2C3B, 0x6C33,
    0x6D33, 0x8D3B, 0x8D3B, 0x2C33, 0x0922, 0x6819, 0x8308, 0x2000, 0x0000, 0x0000, 0x0000, 0x0000,
    0x0000, 0x0000, 0x0000, 0x0000, 0x0000, 0x0000, 0x0000, 0x0000, 0x0000, 0x0000, 0x0000, 0x0000,
    0x0000, 0x0000, 0x0000, 0x0000, 0x0000, 0x0000, 0x0000, 0x0000, 0x0000, 0x0000, 0x0000, 0x0000,
    0x0000, 0x0000, 0x0000, 0x0000, 0x0000, 0x0000, 0x6208, 0x0511, 0xA819, 0xEC32, 0xEC32, 0x2C33,
    0x6D33, 0x6D33, 0x0C33, 0x4A2A, 0xC921, 0x092A, 0xE921, 0x292A, 0x292A, 0x6B32, 0x8721, 0xA508,
    0xE610, 0x2719, 0xE921, 0xAB2A, 0xCE3B, 0x4D33, 0x0A22, 0x0A22, 0x6D33, 0x8C33, 0x704C, 0xEE3B,
    0x6C33, 0x6C33, 0xCD33, 0x2F3C, 0xEC32, 0x0A22, 0xEC32, 0xCE3B, 0x6D3B, 0xCC32, 0xE921, 0x0611,
    0xC508, 0x6719, 0x8B32, 0x292A, 0x0922, 0xC821, 0xE921, 0xC821, 0x292A, 0x2C3B, 0x6C33, 0x6C33,
    0x4D33, 0xAB2A, 0xAB32, 0xA819, 0xA408, 0x8308, 0x0000, 0x0000, 0x0000, 0x0000, 0x0000, 0x0000,
    0x0000, 0x0000, 0x0000, 0x0000, 0x0000, 0x0000, 0x0000, 0x0000, 0x0000, 0x0000, 0x0000, 0x0000,
    0x0000, 0x0000, 0x0000, 0x0000, 0x0000, 0x0000, 0x0000, 0x0000, 0x0000, 0x0000, 0x0000, 0x0000,
    0x0000, 0x0000, 0x0000, 0x0000, 0x0000, 0x0000, 0x0000, 0x2000, 0x6200, 0x4619, 0x0511, 0x2922,
    0x2C3B, 0x0C33, 0x4D33, 0x0C33, 0x6A2A, 0x2A2A, 0x8E53, 0x78A6, 0x3485, 0x292A, 0x6B32, 0xA821,
    0x0711, 0xE610, 0x4819, 0x4B2A, 0xCC32, 0xAC32, 0x0A22, 0xC921, 0xEC32, 0x6C33, 0xEE3B, 0x904C,
    0x8C33, 0x6C33, 0x6C2B, 0x6D33, 0x4A22, 0x6711, 0xCC32, 0xCB2A, 0xAC32, 0xCA21, 0xE610, 0xE610,
    0xC921, 0xAC32, 0x4A2A, 0xB27C, 0x38B6, 0x7174, 0x0922, 0x8B2A, 0x0C33, 0x6D33, 0x2C33, 0x0C33,
    0x6B2A, 0x2611, 0x2611, 0x8308, 0x0000, 0x0000, 0x0000, 0x0000, 0x0000, 0x0000, 0x0000, 0x0000,
    0x0000, 0x0000, 0x0000, 0x0000, 0x0000, 0x0000, 0x0000, 0x0000, 0x0000, 0x0000, 0x0000, 0x0000,
    0x0000, 0x0000, 0x0000, 0x0000, 0x0000, 0x0000, 0x0000, 0x0000, 0x0000, 0x0000, 0x0000, 0x0000,
    0x0000, 0x0000, 0x0000, 0x0000, 0x0000, 0x0000, 0x0000, 0x0000, 0x0000, 0x0000, 0x4100, 0x0511,
    0x2511, 0x6A2A, 0xEC32, 0x8B2A, 0x8B32, 0x0922, 0xF37C, 0x3ABF, 0xF695, 0x6A2A, 0xAB32, 0xAC32,
    0x0A2A, 0x0711, 0xE710, 0x2711, 0x6819, 0xC921, 0x4B32, 0xA921, 0x6819, 0xCC32, 0x6D3B, 0x2F4C,
    0x8D3B, 0x4C33, 0x0C33, 0x2A22, 0x8821, 0xE929, 0x4B2A, 0xA921, 0x2711, 0x0711, 0x0711, 0x0922,
    0xCC3A, 0xCC32, 0x2922, 0x3485, 0x3BCF, 0xB595, 0x4922, 0xCC32, 0xCB32, 0xEC32, 0x6B2A, 0x2611,
    0x0511, 0x2100, 0x0000, 0x0000, 0x0000, 0x0000, 0x0000, 0x0000, 0x0000, 0x0000, 0x0000, 0x0000,
    0x0000, 0x0000, 0x0000, 0x0000, 0x0000, 0x0000, 0x0000, 0x0000, 0x0000, 0x0000, 0x0000, 0x0000,
    0x0000, 0x0000, 0x0000, 0x0000, 0x0000, 0x0000, 0x0000, 0x0000, 0x0000, 0x0000, 0x0000, 0x0000,
    0x0000, 0x0000, 0x0000, 0x0000, 0x0000, 0x0000, 0x0000, 0x0000, 0x0000, 0x0000, 0x0000, 0x0000,
    0x2100, 0x2619, 0x4719, 0x2611, 0xE929, 0x4A2A, 0x8E53, 0x916C, 0x6D4B, 0x4A2A, 0x8B32, 0x8B32,
    0x8B32, 0x4B2A, 0x4711, 0x0711, 0x0711, 0x2711, 0x6819, 0x2719, 0xE610, 0xE921, 0xAB32, 0xAB2A,
    0xCB2A, 0xAB32, 0x292A, 0x2611, 0x0611, 0x4719, 0x4719, 0x0611, 0xE610, 0x0609, 0x0922, 0xCC32,
    0xCB2A, 0xAB2A, 0x8A2A, 0xAB32, 0x916C, 0x5164, 0x6B2A, 0x092A, 0x2611, 0x4619, 0x0519, 0x2100,
    0x0000, 0x0000, 0x0000, 0x0000, 0x0000, 0x0000, 0x0000, 0x0000, 0x0000, 0x0000, 0x0000, 0x0000,
    0x0000, 0x0000, 0x0000, 0x0000, 0x0000, 0x0000, 0x0000, 0x0000, 0x0000, 0x0000, 0x0000, 0x0000,
    0x0000, 0x0000, 0x0000, 0x0000, 0x0000, 0x0000, 0x0000, 0x0000, 0x0000, 0x0000, 0x0000, 0x0000,
    0x0000, 0x0000, 0x0000, 0x0000, 0x0000, 0x0000, 0x0000, 0x0000, 0x0000, 0x0000, 0x0000, 0x0000,
    0x0000, 0x2000, 0x2100, 0x2100, 0xC410, 0xA821, 0x8819, 0x4711, 0x8819, 0x4B2A, 0x8B32, 0x6B32,
    0x2A22, 0xCB32, 0x6D3B, 0xC919, 0xE610, 0x0711, 0xE610, 0xE610, 0xE610, 0x0611, 0x6719, 0x8819,
    0x6819, 0x6719, 0x4711, 0xE610, 0xE610, 0xC610, 0xE610, 0xE510, 0xE608, 0x8A2A, 0x8E43, 0x8A22,
    0x8A2A, 0xAB2A, 0xAB32, 0xC919, 0x4711, 0x6819, 0x4719, 0xC408, 0x4100, 0x4100, 0x2100, 0x0000,
    0x0000, 0x0000, 0x0000, 0x0000, 0x0000, 0x0000, 0x0000, 0x0000, 0x0000, 0x0000, 0x0000, 0x0000,
    0x0000, 0x0000, 0x0000, 0x0000, 0x0000, 0x0000, 0x0000, 0x0000, 0x0000, 0x0000, 0x0000, 0x0000,
    0x0000, 0x0000, 0x0000, 0x0000, 0x0000, 0x0000, 0x0000, 0x0000, 0x0000, 0x0000, 0x0000, 0x0000,
    0x0000, 0x0000, 0x0000, 0x0000, 0x0000, 0x0000, 0x0000, 0x0000, 0x0000, 0x0000, 0x0000, 0x0000,
    0x0000, 0x0000, 0x0000, 0x0000, 0x0000, 0x2100, 0xC410, 0x0611, 0x8821, 0x4B2A, 0x2A2A, 0x6B2A,
    0x3054, 0x0F4C, 0x2C2B, 0xCB2A, 0x0611, 0xE610, 0xC508, 0xC510, 0xE610, 0x0611, 0x0611, 0x0611,
    0x0611, 0x0711, 0x0611, 0xE610, 0xE610, 0xC510, 0xE610, 0xE510, 0xE821, 0x2C33, 0xCF4B, 0x715C,
    0xCB32, 0x2922, 0x0A22, 0xC921, 0x2619, 0xE510, 0x2100, 0x0000, 0x0000, 0x0000, 0x0000, 0x0000,
    0x0000, 0x0000, 0x0000, 0x0000, 0x0000, 0x0000, 0x0000, 0x0000, 0x0000, 0x0000, 0x0000, 0x0000,
    0x0000, 0x0000, 0x0000, 0x0000, 0x0000, 0x0000, 0x0000, 0x0000, 0x0000, 0x0000, 0x0000, 0x0000,
    0x0000, 0x0000, 0x0000, 0x0000, 0x0000, 0x0000, 0x0000, 0x0000, 0x0000, 0x0000, 0x0000, 0x0000,
    0x0000, 0x0000, 0x0000, 0x0000, 0x0000, 0x0000, 0x0000, 0x0000, 0x0000, 0x0000, 0x0000, 0x0000,
    0x0000, 0x0000, 0x0000, 0x0000, 0x0000, 0x0000, 0x0000, 0x0000, 0xC410, 0x4611, 0xE508, 0xCC3A,
    0x926C, 0xCB32, 0x8A22, 0x4C3B, 0x8711, 0x0619, 0x6829, 0x6829, 0x6929, 0xE610, 0xE610, 0xE610,
    0x0611, 0x0611, 0xE610, 0x6829, 0x8929, 0x6829, 0xE610, 0x4611, 0x4C3B, 0xEB2A, 0xE819, 0x1054,
    0x4D43, 0x0509, 0x0511, 0xE410, 0x0000, 0x0000, 0x2000, 0x0000, 0x0000, 0x0000, 0x0000, 0x0000,
    0x0000, 0x0000, 0x0000, 0x0000, 0x0000, 0x0000, 0x0000, 0x0000, 0x0000, 0x0000, 0x0000, 0x0000,
    0x0000, 0x0000, 0x0000, 0x0000, 0x0000, 0x0000, 0x0000, 0x0000, 0x0000, 0x0000, 0x0000, 0x0000,
    0x0000, 0x0000, 0x0000, 0x0000, 0x0000, 0x0000, 0x0000, 0x0000, 0x0000, 0x0000, 0x0000, 0x0000,
    0x0000, 0x0000, 0x0000, 0x0000, 0x0000, 0x0000, 0x0000, 0x0000, 0x0000, 0x0000, 0x0000, 0x0000,
    0x0000, 0x0000, 0x0000, 0x0000, 0x0000, 0x0000, 0x0000, 0x0000, 0x0000, 0x0000, 0x2100, 0x4619,
    0xE508, 0x8819, 0x0922, 0xAA2A, 0x4C3B, 0x6719, 0xAE5A, 0xAE5A, 0xAE5A, 0x2B4A, 0x0B42, 0x0B42,
    0x0B42, 0x2B42, 0x2B42, 0xAD5A, 0xAE62, 0xEE5A, 0xA821, 0xAA2A, 0x2C33, 0x6A2A, 0xA821, 0x2611,
    0xE510, 0x4100, 0x0000, 0x0000, 0x0000, 0x0000, 0x0000, 0x0000, 0x0000, 0x0000, 0x0000, 0x0000,
    0x0000, 0x0000, 0x0000, 0x0000, 0x0000, 0x0000, 0x0000, 0x0000, 0x0000, 0x0000, 0x0000, 0x0000,
    0x0000, 0x0000, 0x0000, 0x0000, 0x0000, 0x0000, 0x0000, 0x0000, 0x0000, 0x0000, 0x0000, 0x0000,
    0x0000, 0x0000, 0x0000, 0x0000, 0x0000, 0x0000, 0x0000, 0x0000, 0x0000, 0x0000, 0x0000, 0x0000,
    0x0000, 0x0000, 0x0000, 0x0000, 0x0000, 0x0000, 0x0000, 0x0000, 0x0000, 0x0000, 0x0000, 0x0000,
    0x0000, 0x0000, 0x0000, 0x0000, 0x0000, 0x0000, 0x0000, 0x0000, 0x0000, 0x0000, 0x0000, 0x2000,
    0x2100, 0xC410, 0x2611, 0x6719, 0xAB32, 0x8719, 0xA931, 0xAD5A, 0x8D5A, 0xAE62, 0xAE62, 0xCE62,
    0xCE62, 0xCE62, 0xCE62, 0xAE5A, 0xCE62, 0xC931, 0xA819, 0x4D3B, 0xC819, 0x6819, 0xC410, 0x4200,
    0x2100, 0x0000, 0x0000, 0x0000, 0x0000, 0x0000, 0x0000, 0x0000, 0x0000, 0x0000, 0x0000, 0x0000,
    0x0000, 0x0000, 0x0000, 0x0000, 0x0000, 0x0000, 0x0000, 0x0000, 0x0000, 0x0000, 0x0000, 0x0000,
    0x0000, 0x0000, 0x0000, 0x0000, 0x0000, 0x0000, 0x0000, 0x0000, 0x0000, 0x0000, 0x0000, 0x0000,
    0x0000, 0x0000, 0x0000, 0x0000, 0x0000, 0x0000, 0x0000, 0x0000, 0x0000, 0x0000, 0x0000, 0x0000,
    0x0000, 0x0000, 0x0000, 0x0000, 0x0000, 0x0000, 0x0000, 0x0000, 0x0000, 0x0000, 0x0000, 0x0000,
    0x0000, 0x0000, 0x0000, 0x0000, 0x0000, 0x0000, 0x0000, 0x0000, 0x0000, 0x0000, 0x0000, 0x0000,
    0x0000, 0x0000, 0x8308, 0x6208, 0x8308, 0x6719, 0x4721, 0x0F63, 0xEF62, 0xCF62, 0xCE62, 0xCE62,
    0xCE62, 0xCE62, 0xCE62, 0xCE62, 0x0F6B, 0x8829, 0xA819, 0x4611, 0x6300, 0x8308, 0x2100, 0x0000,
    0x0000, 0x0000, 0x0000, 0x0000, 0x0000, 0x0000, 0x0000, 0x0000, 0x0000, 0x0000, 0x0000, 0x0000,
    0x0000, 0x0000, 0x0000, 0x0000, 0x0000, 0x0000, 0x0000, 0x0000, 0x0000, 0x0000, 0x0000, 0x0000,
    0x0000, 0x0000, 0x0000, 0x0000, 0x0000, 0x0000, 0x0000, 0x0000, 0x0000, 0x0000, 0x0000, 0x0000,
    0x0000, 0x0000, 0x0000, 0x0000, 0x0000, 0x0000, 0x0000, 0x0000, 0x0000, 0x0000, 0x0000, 0x0000,
    0x0000, 0x0000, 0x0000, 0x0000, 0x0000, 0x0000, 0x0000, 0x0000, 0x0000, 0x0000, 0x0000, 0x0000,
    0x0000, 0x0000, 0x0000, 0x0000, 0x0000, 0x0000, 0x0000, 0x0000, 0x0000, 0x0000, 0x0000, 0x0000,
    0x0000, 0x0000, 0x0000, 0x0000, 0x0000, 0x6208, 0xE518, 0x0942, 0xE941, 0xE941, 0xE939, 0xE939,
    0xE939, 0xC939, 0xE939, 0xE941, 0x0A42, 0x0519, 0x8308, 0x0000, 0x0000, 0x0000, 0x0000, 0x0000,
    0x0000, 0x0000, 0x0000, 0x0000, 0x0000, 0x0000, 0x0000, 0x0000, 0x0000, 0x0000, 0x0000, 0x0000,
    0x0000, 0x0000, 0x0000, 0x0000, 0x0000, 0x0000, 0x0000, 0x0000, 0x0000, 0x0000, 0x0000, 0x0000,
    0x0000, 0x0000, 0x0000, 0x0000, 0x0000, 0x0000, 0x0000, 0x0000, 0x0000, 0x0000, 0x0000, 0x0000,
    0x0000, 0x0000, 0x0000, 0x0000, 0x0000, 0x0000, 0x0000, 0x0000, 0x0000, 0x0000, 0x0000, 0x0000,
    0x0000, 0x0000, 0x0000, 0x0000, 0x0000, 0x0000, 0x0000, 0x0000, 0x0000, 0x0000, 0x0000, 0x0000,
    0x0000, 0x0000, 0x0000, 0x0000, 0x0000, 0x0000, 0x0000, 0x0000, 0x0000, 0x0000, 0x0000, 0x0000,
    0x0000, 0x0000, 0x0000, 0x0000, 0x0000, 0x0000, 0x0000, 0x0000, 0x0000, 0x0000, 0x0000, 0x0000,
    0x0000, 0x0000, 0x0000, 0x0000, 0x0000, 0x0000, 0x0000, 0x0000, 0x0000, 0x0000, 0x0000, 0x0000,
    0x0000, 0x0000, 0x0000, 0x0000, 0x0000, 0x0000, 0x0000, 0x0000, 0x0000, 0x0000, 0x0000, 0x0000,
    0x0000, 0x0000, 0x0000, 0x0000, 0x0000, 0x0000, 0x0000, 0x0000, 0x0000, 0x0000, 0x0000, 0x0000,
    0x0000, 0x0000, 0x0000, 0x0000, 0x0000, 0x0000, 0x0000, 0x0000, 0x0000, 0x0000, 0x0000, 0x0000,
    0x0000, 0x0000, 0x0000, 0x0000, 0x0000, 0x0000, 0x0000, 0x0000, 0x0000, 0x0000, 0x0000, 0x0000,
    0x0000, 0x0000, 0x0000, 0x0000, 0x0000, 0x0000, 0x0000, 0x0000, 0x0000, 0x0000, 0x0000, 0x0000,
    0x0000, 0x0000, 0x0000, 0x0000, 0x0000, 0x0000, 0x0000, 0x0000, 0x0000, 0x0000, 0x0000, 0x0000,
    0x0000, 0x0000, 0x0000, 0x0000, 0x0000, 0x0000, 0x0000, 0x0000, 0x0000, 0x0000, 0x0000, 0x0000,
    0x0000, 0x0000, 0x0000, 0x0000, 0x0000, 0x0000, 0x0000, 0x0000, 0x0000, 0x0000, 0x0000, 0x0000,
    0x0000, 0x0000, 0x0000, 0x0000, 0x0000, 0x0000, 0x0000, 0x0000, 0x0000, 0x0000, 0x0000, 0x0000,
    0x0000, 0x0000, 0x0000, 0x0000, 0x0000, 0x0000, 0x0000, 0x0000, 0x0000, 0x0000, 0x0000, 0x0000,
    0x0000, 0x0000, 0x0000, 0x0000, 0x0000, 0x0000, 0x0000, 0x0000, 0x0000, 0x0000, 0x0000, 0x0000,
    0x0000, 0x0000, 0x0000, 0x0000, 0x0000, 0x0000, 0x0000, 0x0000, 0x0000, 0x0000, 0x0000, 0x0000,
    0x0000, 0x0000, 0x0000, 0x0000, 0x0000, 0x0000, 0x0000, 0x0000, 0x0000, 0x0000, 0x0000, 0x0000,
    0x0000, 0x0000, 0x0000, 0x0000, 0x0000, 0x0000, 0x0000, 0x0000, 0x0000, 0x0000, 0x0000, 0x0000,
    0x0000, 0x0000, 0x0000, 0x0000, 0x0000, 0x0000, 0x0000, 0x0000, 0x0000, 0x0000, 0x0000, 0x0000,
    0x0000, 0x0000, 0x0000, 0x0000, 0x0000, 0x0000, 0x0000, 0x0000, 0x0000, 0x0000, 0x0000, 0x0000,
    0x0000, 0x0000, 0x0000, 0x0000, 0x0000, 0x0000, 0x0000, 0x0000, 0x0000, 0x0000, 0x0000, 0x0000,
    0x0000, 0x0000, 0x0000, 0x0000, 0x0000, 0x0000, 0x0000, 0x0000, 0x0000, 0x0000, 0x0000, 0x0000,
    0x0000, 0x0000, 0x0000, 0x0000, 0x0000, 0x0000, 0x0000, 0x0000, 0x0000, 0x0000, 0x0000, 0x0000,
    0x0000, 0x0000, 0x0000, 0x0000, 0x0000, 0x0000, 0x0000, 0x0000, 0x0000, 0x0000, 0x0000, 0x0000,
    0x0000, 0x0000, 0x0000, 0x0000, 0x0000, 0x0000, 0x0000, 0x0000, 0x0000, 0x0000, 0x0000, 0x0000,
    0x0000, 0x0000, 0x0000, 0x0000, 0x0000, 0x0000, 0x0000, 0x0000, 0x0000, 0x0000, 0x0000, 0x0000,
    0x0000, 0x0000, 0x0000, 0x0000, 0x0000, 0x0000, 0x0000, 0x0000, 0x0000, 0x0000, 0x0000, 0x0000,
    0x0000, 0x0000, 0x0000, 0x0000, 0x0000, 0x0000, 0x0000, 0x0000, 0x0000, 0x0000, 0x0000, 0x0000,
    0x0000, 0x0000, 0x0000, 0x0000, 0x0000, 0x0000, 0x0000, 0x0000, 0x0000, 0x0000, 0x0000, 0x0000,
    0x0000, 0x0000, 0x0000, 0x0000, 0x0000, 0x0000, 0x0000, 0x0000, 0x0000, 0x0000, 0x0000, 0x0000,
    0x0000, 0x0000, 0x0000, 0x0000, 0x0000, 0x0000, 0x0000, 0x0000, 0x0000, 0x0000, 0x0000, 0x0000,
    0x0000, 0x0000, 0x0000, 0x0000, 0x0000, 0x0000, 0x0000, 0x0000, 0x0000, 0x0000, 0x0000, 0x0000,
    0x0000, 0x0000, 0x0000, 0x0000, 0x0000, 0x0000, 0x0000, 0x0000, 0x0000, 0x0000, 0x0000, 0x0000,
    0x0000, 0x0000, 0x0000, 0x0000, 0x0000, 0x0000, 0x0000, 0x0000, 0x0000, 0x0000, 0x0000, 0x0000,
    0x0000, 0x0000, 0x0000, 0x0000, 0x0000, 0x0000, 0x0000, 0x0000, 0x0000, 0x0000, 0x0000, 0x0000,
    0x0000, 0x0000, 0x0000, 0x0000, 0x0000, 0x0000, 0x0000, 0x0000, 0x0000, 0x0000, 0x0000, 0x0000,
    0x0000, 0x0000, 0x0000, 0x0000, 0x0000, 0x0000, 0x0000, 0x0000, 0x0000, 0x0000, 0x0000, 0x0000,
    0x0000, 0x0000, 0x0000, 0x0000, 0x0000, 0x0000, 0x0000, 0x0000, 0x0000, 0x0000, 0x0000, 0x0000,
    0x0000, 0x0000, 0x0000, 0x0000, 0x0000, 0x0000, 0x0000, 0x0000, 0x0000, 0x0000, 0x0000, 0x0000,
    0x0000, 0x0000, 0x0000, 0x0000, 0x0000, 0x0000, 0x0000, 0x0000, 0x0000, 0x0000, 0x0000, 0x0000,
    0x0000, 0x0000, 0x0000, 0x0000, 0x0000, 0x0000, 0x0000, 0x0000, 0x0000, 0x0000, 0x0000, 0x0000,
    0x0000, 0x0000, 0x0000, 0x0000, 0x0000, 0x0000, 0x0000, 0x0000, 0x0000, 0x0000, 0x0000, 0x0000,
    0x0000, 0x0000, 0x0000, 0x0000, 0x0000, 0x0000, 0x0000, 0x0000, 0x0000, 0x0000, 0x0000, 0x0000,
    0x0000, 0x0000, 0x0000, 0x0000, 0x0000, 0x0000, 0x0000, 0x0000, 0x0000, 0x0000, 0x0000, 0x0000,
    0x0000, 0x0000, 0x0000, 0x0000, 0x0000, 0x0000, 0x0000, 0x0000, 0x0000, 0x0000, 0x0000, 0x0000,
    0x0000, 0x0000, 0x0000, 0x0000, 0x0000, 0x0000, 0x0000, 0x0000, 0x0000, 0x0000, 0x0000, 0x0000,
    0x0000, 0x0000, 0x0000, 0x0000, 0x0000, 0x0000, 0x0000, 0x0000, 0x0000, 0x0000, 0x0000, 0x0000,
    0x0000, 0x0000, 0x0000, 0x0000, 0x0000, 0x0000, 0x0000, 0x0000, 0x0000, 0x0000, 0x0000, 0x0000,
    0x0000, 0x0000, 0x0000, 0x0000, 0x0000, 0x0000, 0x0000, 0x0000, 0x0000, 0x0000, 0x0000, 0x0000,
    0x0000, 0x0000, 0x0000, 0x0000, 0x0000, 0x0000, 0x0000, 0x0000, 0x0000, 0x0000, 0x0000, 0x0000,
    0x0000, 0x0000, 0x0000, 0x0000, 0x0000, 0x0000, 0x0000, 0x0000, 0x0000, 0x0000, 0x0000, 0x0000,
    0x0000, 0x0000, 0x0000, 0x0000, 0x0000, 0x0000, 0x0000, 0x0000, 0x0000, 0x0000, 0x0000, 0x0000,
    0x0000, 0x0000, 0x0000, 0x0000, 0x0000, 0x0000, 0x0000, 0x0000, 0x0000, 0x0000, 0x0000, 0x0000,
    0x0000, 0x0000, 0x0000, 0x0000, 0x0000, 0x0000, 0x0000, 0x0000, 0x0000, 0x0000, 0x0000, 0x0000,
    0x0000, 0x0000, 0x0000, 0x0000, 0x0000, 0x0000, 0x0000, 0x0000, 0x0000, 0x0000, 0x0000, 0x0000,
};

static const uint16_t ARGUS_SPR_CALCULATING[ARGUS_PIXELS] = {
    0x0000, 0x0000, 0x0000, 0x0000, 0x0000, 0x0000, 0x0000, 0x0000, 0x0000, 0x0000, 0x0000, 0x0000,
    0x0000, 0x0000, 0x0000, 0x0000, 0x0000, 0x0000, 0x0000, 0x0000, 0x0000, 0x0000, 0x0000, 0x0000,
    0x0000, 0x0000, 0x0000, 0x0000, 0x0000, 0x0000, 0x0000, 0x0000, 0x0000, 0x0000, 0x0000, 0x0000,
    0x0000, 0x0000, 0x0000, 0x0000, 0x0000, 0x0000, 0x0000, 0x0000, 0x0000, 0x0000, 0x0000, 0x0000,
    0x0000, 0x0000, 0x0000, 0x0000, 0x0000, 0x0000, 0x0000, 0x0000, 0x0000, 0x0000, 0x0000, 0x0000,
    0x0000, 0x0000, 0x0000, 0x0000, 0x0000, 0x0000, 0x0000, 0x0000, 0x0000, 0x0000, 0x0000, 0x0000,
    0x0000, 0x0000, 0x0000, 0x0000, 0x0000, 0x0000, 0x0000, 0x0000, 0x0000, 0x0000, 0x0000, 0x0000,
    0x0000, 0x0000, 0x0000, 0x0000, 0x0000, 0x0000, 0x0000, 0x0000, 0x0000, 0x0000, 0x0000, 0x0000,
    0x0000, 0x0000, 0x0000, 0x0000, 0x0000, 0x0000, 0x0000, 0x0000, 0x0000, 0x0000, 0x0000, 0x0000,
    0x0000, 0x0000, 0x0000, 0x0000, 0x0000, 0x0000, 0x0000, 0x0000, 0x0000, 0x0000, 0x0000, 0x0000,
    0x0000, 0x0000, 0x0000, 0x0000, 0x0000, 0x0000, 0x0000, 0x0000, 0x0000, 0x0000, 0x0000, 0x0000,
    0x0000, 0x0000, 0x0000, 0x0000, 0x0000, 0x0000, 0x0000, 0x0000, 0x0000, 0x0000, 0x0000, 0x0000,
    0x0000, 0x0000, 0x0000, 0x0000, 0x0000, 0x0000, 0x0000, 0x0000, 0x0000, 0x0000, 0x0000, 0x0000,
    0x0000, 0x0000, 0x0000, 0x0000, 0x0000, 0x0000, 0x0000, 0x0000, 0x0000, 0x0000, 0x0000, 0x0000,
    0x0000, 0x0000, 0x0000, 0x0000, 0x0000, 0x0000, 0x0000, 0x0000, 0x0000, 0x0000, 0x0000, 0x0000,
    0x0000, 0x0000, 0x0000, 0x0000, 0x0000, 0x0000, 0x0000, 0x0000, 0x0000, 0x0000, 0x0000, 0x0000,
    0x0000, 0x0000, 0x0000, 0x0000, 0x0000, 0x0000, 0x0000, 0x0000, 0x0000, 0x0000, 0x0000, 0x0000,
    0x0000, 0x0000, 0x0000, 0x0000, 0x0000, 0x0000, 0x0000, 0x0000, 0x0000, 0x0000, 0x0000, 0x0000,
    0x0000, 0x0000, 0x0000, 0x0000, 0x0000, 0x0000, 0x0000, 0x0000, 0x0000, 0x0000, 0x0000, 0x0000,
    0x0000, 0x0000, 0x0000, 0x0000, 0x0000, 0x0000, 0x0000, 0x0000, 0x0000, 0x0000, 0x6208, 0x6208,
    0x8208, 0x8208, 0x2000, 0x0000, 0x0000, 0x0000, 0x0000, 0x0000, 0x0000, 0x0000, 0x0000, 0x0000,
    0x0000, 0x0000, 0x0000, 0x0000, 0x0000, 0x0000, 0x0000, 0x0000, 0x0000, 0x0000, 0x0000, 0x0000,
    0x0000, 0x0000, 0x0000, 0x0000, 0x0000, 0x0000, 0x0000, 0x0000, 0x0000, 0x0000, 0x0000, 0x0000,
    0x0000, 0x0000, 0x0000, 0x0000, 0x0000, 0x0000, 0x0000, 0x0000, 0x0000, 0x0000, 0x0000, 0x0000,
    0x0000, 0x0000, 0x0000, 0x0000, 0x0000, 0x0000, 0x0000, 0x0000, 0x0000, 0x0000, 0x0000, 0x0000,
    0x0000, 0x0000, 0x0000, 0x0000, 0x0000, 0x0000, 0x0000, 0x0000, 0x0000, 0x0000, 0x0000, 0x0000,
    0x0000, 0x0000, 0x0000, 0x0000, 0x0000, 0x0000, 0x0000, 0x0000, 0x0000, 0x0000, 0x0000, 0x0000,
    0x0000, 0x0000, 0x0000, 0x0000, 0x0000, 0x0000, 0x0000, 0x0000, 0x2000, 0x0000, 0xA852, 0xCB73,
    0xCB7B, 0xE95A, 0x4108, 0x2000, 0x0000, 0x0000, 0x0000, 0x0000, 0x0000, 0x0000, 0x0000, 0x0000,
    0x0000, 0x0000, 0x0000, 0x0000, 0x0000, 0x0000, 0x0000, 0x0000, 0x0000, 0x0000, 0x0000, 0x0000,
    0x0000, 0x0000, 0x0000, 0x0000, 0x0000, 0x0000, 0x0000, 0x0000, 0x0000, 0x0000, 0x0000, 0x0000,
    0x0000, 0x0000, 0x0000, 0x0000, 0x0000, 0x0000, 0x0000, 0x0000, 0x0000, 0x0000, 0x0000, 0x0000,
    0x0000, 0x0000, 0x0000, 0x0000, 0x0000, 0x0000, 0x0000, 0x0000, 0x0000, 0x0000, 0x0000, 0x0000,
    0x0000, 0x0000, 0x0000, 0x0000, 0x0000, 0x0000, 0x0000, 0x0000, 0x0000, 0x0000, 0x0000, 0x0000,
    0x0000, 0x0000, 0x0000, 0x0000, 0x0000, 0x0000, 0x0000, 0x0000, 0x0000, 0x0000, 0x0000, 0x0000,
    0x0000, 0x0000, 0x0000, 0x0000, 0x0000, 0x4100, 0x2521, 0x4529, 0x2421, 0x2A63, 0xEF9C, 0xF2B5,
    0x12BE, 0x71A5, 0x0E84, 0x6529, 0x2421, 0x2419, 0x4100, 0x0000, 0x0000, 0x0000, 0x0000, 0x0000,
    0x0000, 0x0000, 0x0000, 0x0000, 0x0000, 0x0000, 0x0000, 0x0000, 0x0000, 0x0000, 0x0000, 0x0000,
    0x0000, 0x0000, 0x0000, 0x0000, 0x0000, 0x0000, 0x0000, 0x0000, 0x0000, 0x0000, 0x0000, 0x0000,
    0x0000, 0x0000, 0x0000, 0x0000, 0x0000, 0x0000, 0x0000, 0x0000, 0x0000, 0x0000, 0x0000, 0x0000,
    0x0000, 0x0000, 0x0000, 0x0000, 0x0000, 0x0000, 0x0000, 0x0000, 0x0000, 0x0000, 0x0000, 0x0000,
    0x0000, 0x0000, 0x0000, 0x0000, 0x0000, 0x0000, 0x0000, 0x0000, 0x0000, 0x0000, 0x0000, 0x0000,
    0x0000, 0x0000, 0x0000, 0x0000, 0x0000, 0x0000, 0x0000, 0x0000, 0x0000, 0x0000, 0x0000, 0x0000,
    0x0000, 0x0000, 0x2100, 0x8308, 0x0519, 0xE418, 0xEC7B, 0x50AD, 0x2D84, 0xD3AD, 0x76C6, 0x5BDF,
    0x7BDF, 0x97C6, 0x35B6, 0x4D84, 0xAE94, 0x4E8C, 0x4521, 0xC410, 0x8308, 0x2100, 0x2100, 0x0000,
    0x0000, 0x0000, 0x0000, 0x0000, 0x0000, 0x0000, 0x0000, 0x0000, 0x0000, 0x0000, 0x0000, 0x0000,
    0x0000, 0x0000, 0x0000, 0x0000, 0x0000, 0x0000, 0x0000, 0x0000, 0x0000, 0x0000, 0x0000, 0x0000,
    0x0000, 0x0000, 0x0000, 0x0000, 0x0000, 0x0000, 0x0000, 0x0000, 0x0000, 0x0000, 0x0000, 0x0000,
    0x0000, 0x0000, 0x0000, 0x0000, 0x0000, 0x0000, 0x0000, 0x0000, 0x0000, 0x0000, 0x0000, 0x0000,
    0x0000, 0x0000, 0x0000, 0x0000, 0x0000, 0x0000, 0x0000, 0x0000, 0x0000, 0x0000, 0x0000, 0x0000,
    0x0000, 0x0000, 0x0000, 0x0000, 0x0000, 0x0000, 0x0000, 0x0000, 0x0000, 0x0000, 0x0000, 0x0000,
    0x0000, 0xA308, 0x6719, 0x092A, 0x8621, 0x6B6B, 0x4FAD, 0x34BE, 0xD3AD, 0x35B6, 0xB8C6, 0x7CE7,
    0x9CE7, 0xD8C6, 0x56B6, 0x309D, 0x54BE, 0x50A5, 0x6D8C, 0x073A, 0xA821, 0x8719, 0xA308, 0x0000,
    0x0000, 0x0000, 0x0000, 0x0000, 0x0000, 0x0000, 0x0000, 0x0000, 0x0000, 0x0000, 0x0000, 0x0000,
    0x0000, 0x0000, 0x0000, 0x0000, 0x0000, 0x0000, 0x0000, 0x0000, 0x0000, 0x0000, 0x0000, 0x0000,
    0x0000, 0x0000, 0x0000, 0x0000, 0x0000, 0x0000, 0x0000, 0x0000, 0x0000, 0x0000, 0x0000, 0x0000,
    0x0000, 0x0000, 0x0000, 0x0000, 0x0000, 0x0000, 0x0000, 0x0000, 0x0000, 0x0000, 0x0000, 0x0000,
    0x0000, 0x0000, 0x0000, 0x0000, 0x0000, 0x0000, 0x0000, 0x0000, 0x0000, 0x0000, 0x0000, 0x0000,
    0x0000, 0x0000, 0x0000, 0x0000, 0x0000, 0x0000, 0x0000, 0x0000, 0x0000, 0x0000, 0x2100, 0x4200,
    0xE410, 0x292A, 0x2D3B, 0xEB3A, 0xC852, 0xCD94, 0xF3B5, 0x5ADF, 0xF4AD, 0x56B6, 0xB8C6, 0x9CE7,
    0x9CE7, 0xF9CE, 0x77BE, 0x529D, 0xF9CE, 0xD8CE, 0x4FA5, 0xCB73, 0x482A, 0x0C33, 0x0822, 0x4619,
    0x8208, 0x4108, 0x0000, 0x0000, 0x0000, 0x0000, 0x0000, 0x0000, 0x0000, 0x0000, 0x0000, 0x0000,
    0x0000, 0x0000, 0x0000, 0x0000, 0x0000, 0x0000, 0x0000, 0x0000, 0x0000, 0x0000, 0x0000, 0x0000,
    0x0000, 0x0000, 0x0000, 0x0000, 0x0000, 0x0000, 0x0000, 0x0000, 0x0000, 0x0000, 0x0000, 0x0000,
    0x0000, 0x0000, 0x0000, 0x0000, 0x0000, 0x0000, 0x0000, 0x0000, 0x0000, 0x0000, 0x0000, 0x0000,
    0x0000, 0x0000, 0x0000, 0x0000, 0x0000, 0x0000, 0x0000, 0x0000, 0x0000, 0x0000, 0x0000, 0x0000,
    0x0000, 0x0000, 0x0000, 0x0000, 0x0000, 0x0000, 0x0000, 0x0000, 0x0000, 0x6208, 0x4619, 0xA821,
    0x6A2A, 0xAE43, 0xEB32, 0x094B, 0xEE9C, 0xEE94, 0x97C6, 0x3AD7, 0xF5AD, 0x73A5, 0x57BE, 0x5BDF,
    0x5BDF, 0xD9CE, 0x93A5, 0x739D, 0xD9CE, 0x1AD7, 0x1095, 0x8C8C, 0xAA63, 0x4B3B, 0xCE43, 0x8A2A,
    0xC819, 0x2611, 0x8208, 0x0000, 0x0000, 0x0000, 0x0000, 0x0000, 0x0000, 0x0000, 0x0000, 0x0000,
    0x0000, 0x0000, 0x0000, 0x0000, 0x0000, 0x0000, 0x0000, 0x0000, 0x0000, 0x0000, 0x0000, 0x0000,
    0x0000, 0x0000, 0x0000, 0x0000, 0x0000, 0x0000, 0x0000, 0x0000, 0x0000, 0x0000, 0x0000, 0x0000,
    0x0000, 0x0000, 0x0000, 0x0000, 0x0000, 0x0000, 0x0000, 0x0000, 0x0000, 0x0000, 0x0000, 0x0000,
    0x0000, 0x0000, 0x0000, 0x0000, 0x0000, 0x0000, 0x0000, 0x0000, 0x0000, 0x0000, 0x0000, 0x0000,
    0x0000, 0x0000, 0x0000, 0x0000, 0x0000, 0x0000, 0x2100, 0x2100, 0xA410, 0x4719, 0xEC3A, 0x715C,
    0xCE43, 0x4C33, 0x0943, 0xAD8C, 0x91A5, 0x5195, 0x36B6, 0x39D7, 0x15B6, 0xF194, 0x36B6, 0xF9D6,
    0xF9D6, 0xD8CE, 0x1295, 0x93A5, 0x3AD7, 0xD8CE, 0x1195, 0xD2AD, 0x2F9D, 0xAB5B, 0x8D3B, 0x6C33,
    0x6C33, 0xEC32, 0xC921, 0x0519, 0x2100, 0x2100, 0x0000, 0x0000, 0x0000, 0x0000, 0x0000, 0x0000,
    0x0000, 0x0000, 0x0000, 0x0000, 0x0000, 0x0000, 0x0000, 0x0000, 0x0000, 0x0000, 0x0000, 0x0000,
    0x0000, 0x0000, 0x0000, 0x0000, 0x0000, 0x0000, 0x0000, 0x0000, 0x0000, 0x0000, 0x0000, 0x0000,
    0x0000, 0x0000, 0x0000, 0x0000, 0x0000, 0x0000, 0x0000, 0x0000, 0x0000, 0x0000, 0x0000, 0x0000,
    0x0000, 0x0000, 0x0000, 0x0000, 0x0000, 0x0000, 0x0000, 0x0000, 0x0000, 0x0000, 0x0000, 0x0000,
    0x0000, 0x0000, 0x0000, 0x0000, 0x0000, 0x6208, 0xA408, 0xC408, 0x2611, 0x6711, 0x2D3B, 0x9054,
    0x0E44, 0x0B2B, 0xE84A, 0x70A5, 0xD8C6, 0x94A5, 0xD4AD, 0x39D7, 0x76BE, 0x1195, 0x15B6, 0xF9CE,
    0xF9CE, 0xB8C6, 0x1195, 0xD4A5, 0x19D7, 0x56BE, 0x3295, 0xD8C6, 0xF4B5, 0x8B63, 0xAA2A, 0x2F44,
    0x9054, 0x8E43, 0x8711, 0x4719, 0xC408, 0xA308, 0x8208, 0x0000, 0x0000, 0x0000, 0x0000, 0x0000,
    0x0000, 0x0000, 0x0000, 0x0000, 0x0000, 0x0000, 0x0000, 0x0000, 0x0000, 0x0000, 0x0000, 0x0000,
    0x0000, 0x0000, 0x0000, 0x0000, 0x0000, 0x0000, 0x0000, 0x0000, 0x0000, 0x0000, 0x0000, 0x0000,
    0x0000, 0x0000, 0x0000, 0x0000, 0x0000, 0x0000, 0x0000, 0x0000, 0x0000, 0x0000, 0x0000, 0x0000,
    0x0000, 0x0000, 0x0000, 0x0000, 0x0000, 0x0000, 0x0000, 0x0000, 0x0000, 0x0000, 0x0000, 0x0000,
    0x0000, 0x0000, 0x0000, 0x0000, 0x6208, 0x2519, 0xD38C, 0xD6A5, 0xB69D, 0xD79D, 0x8E4B, 0x0B33,
    0x8D43, 0xCA32, 0xA842, 0x92AD, 0x3AD7, 0x16AE, 0x739D, 0xF9CE, 0xB8C6, 0x1195, 0xF4B5, 0xB7C6,
    0xB7C6, 0x76BE, 0xD194, 0xF5B5, 0x39D7, 0xB4A5, 0x73A5, 0x1AD7, 0xF5B5, 0x8C63, 0x492A, 0x8E43,
    0x0C33, 0x0C3B, 0xB69D, 0xD6A5, 0xB69D, 0x548D, 0xE829, 0x6200, 0x0000, 0x0000, 0x0000, 0x0000,
    0x0000, 0x0000, 0x0000, 0x0000, 0x0000, 0x0000, 0x0000, 0x0000, 0x0000, 0x0000, 0x0000, 0x0000,
    0x0000, 0x0000, 0x0000, 0x0000, 0x0000, 0x0000, 0x0000, 0x0000, 0x0000, 0x0000, 0x0000, 0x0000,
    0x0000, 0x0000, 0x0000, 0x0000, 0x0000, 0x0000, 0x0000, 0x0000, 0x0000, 0x0000, 0x0000, 0x0000,
    0x0000, 0x0000, 0x0000, 0x0000, 0x0000, 0x0000, 0x0000, 0x0000, 0x0000, 0x0000, 0x0000, 0x0000,
    0x0000, 0x0000, 0x0000, 0x2100, 0xA729, 0x1385, 0x7BCF, 0x5BC7, 0x3ABF, 0x7BCF, 0x1BC7, 0x926C,
    0x0C3B, 0xCB42, 0x2A5B, 0x319D, 0xF9CE, 0x77BE, 0x539D, 0x36B6, 0xB8C6, 0x3295, 0x93A5, 0x15AE,
    0x15AE, 0xB4AD, 0xF194, 0x97C6, 0x97C6, 0x329D, 0x36B6, 0xF9D6, 0x93A5, 0x2B5B, 0x0C4B, 0xCC32,
    0x1064, 0xDABE, 0x7BCF, 0xD9BE, 0x1ABF, 0x3BC7, 0xF79D, 0x8A3A, 0x2100, 0x0000, 0x0000, 0x0000,
    0x0000, 0x0000, 0x0000, 0x0000, 0x0000, 0x0000, 0x0000, 0x0000, 0x0000, 0x0000, 0x0000, 0x0000,
    0x0000, 0x0000, 0x0000, 0x0000, 0x0000, 0x0000, 0x0000, 0x0000, 0x0000, 0x0000, 0x0000, 0x0000,
    0x0000, 0x0000, 0x0000, 0x0000, 0x0000, 0x0000, 0x0000, 0x0000, 0x0000, 0x0000, 0x0000, 0x0000,
    0x0000, 0x0000, 0x0000, 0x0000, 0x0000, 0x0000, 0x0000, 0x0000, 0x0000, 0x0000, 0x0000, 0x0000,
    0x0000, 0x0000, 0x4100, 0x8308, 0xEF63, 0x7BC7, 0x789E, 0x1375, 0x136D, 0x126D, 0x98AE, 0x7CCF,
    0x916C, 0x8942, 0x6E84, 0x319D, 0xF5B5, 0xB8C6, 0xB4AD, 0x73A5, 0x56BE, 0x93A5, 0x1295, 0xB4A5,
    0xD4AD, 0x1295, 0x529D, 0x77C6, 0xB4AD, 0x529D, 0x98C6, 0x16B6, 0x1195, 0xF094, 0x0B53, 0x6D4B,
    0xD9BE, 0x1AC7, 0x7485, 0xD26C, 0x1375, 0x379E, 0x7CCF, 0x348D, 0xE408, 0x4108, 0x0000, 0x0000,
    0x0000, 0x0000, 0x0000, 0x0000, 0x0000, 0x0000, 0x0000, 0x0000, 0x0000, 0x0000, 0x0000, 0x0000,
    0x0000, 0x0000, 0x0000, 0x0000, 0x0000, 0x0000, 0x0000, 0x0000, 0x0000, 0x0000, 0x0000, 0x0000,
    0x0000, 0x0000, 0x0000, 0x0000, 0x0000, 0x0000, 0x0000, 0x0000, 0x0000, 0x0000, 0x0000, 0x0000,
    0x0000, 0x0000, 0x0000, 0x0000, 0x0000, 0x0000, 0x0000, 0x0000, 0x0000, 0x0000, 0x0000, 0x0000,
    0x0000, 0x0000, 0x8208, 0x4511, 0x548D, 0x789E, 0x9164, 0xAF43, 0x3154, 0x915C, 0xF26C, 0xD9AE,
    0x948D, 0xC842, 0xD2AD, 0xF5B5, 0x129D, 0x36BE, 0x56BE, 0x339D, 0xB4AD, 0x36BE, 0x539D, 0xB4A5,
    0xD5AD, 0x329D, 0xD5AD, 0xF5B5, 0x1295, 0xF5B5, 0x77C6, 0x329D, 0xB4A5, 0xF3B5, 0xE94A, 0xEF63,
    0x5BC7, 0xF26C, 0x5154, 0x7264, 0x8E43, 0x915C, 0xB9AE, 0xDABE, 0x8B3A, 0x2100, 0x0000, 0x0000,
    0x0000, 0x0000, 0x0000, 0x0000, 0x0000, 0x0000, 0x0000, 0x0000, 0x0000, 0x0000, 0x0000, 0x0000,
    0x0000, 0x0000, 0x0000, 0x0000, 0x0000, 0x0000, 0x0000, 0x0000, 0x0000, 0x0000, 0x0000, 0x0000,
    0x0000, 0x0000, 0x0000, 0x0000, 0x0000, 0x0000, 0x0000, 0x0000, 0x0000, 0x0000, 0x0000, 0x0000,
    0x0000, 0x0000, 0x0000, 0x0000, 0x0000, 0x0000, 0x0000, 0x0000, 0x0000, 0x0000, 0x0000, 0x0000,
    0x0000, 0x2100, 0x4611, 0xEB3A, 0xB9B6, 0x747D, 0x105C, 0x389E, 0xB685, 0xD68D, 0x1365, 0xD264,
    0xD274, 0xA942, 0xCF94, 0xF4B5, 0x539D, 0x339D, 0x36BE, 0xB4AD, 0x339D, 0xF5B5, 0x73A5, 0xD5AD,
    0xF5AD, 0x539D, 0xB5AD, 0x539D, 0x539D, 0x36BE, 0x539D, 0x1295, 0xF5B5, 0x109D, 0x0A53, 0x5164,
    0xD26C, 0x5054, 0xD364, 0x557D, 0x79AE, 0x305C, 0x337D, 0x3BC7, 0x105C, 0xC719, 0x6200, 0x0000,
    0x0000, 0x0000, 0x0000, 0x0000, 0x0000, 0x0000, 0x0000, 0x0000, 0x0000, 0x0000, 0x0000, 0x0000,
    0x0000, 0x0000, 0x0000, 0x0000, 0x0000, 0x0000, 0x0000, 0x0000, 0x0000, 0x0000, 0x0000, 0x0000,
    0x0000, 0x0000, 0x0000, 0x0000, 0x0000, 0x0000, 0x0000, 0x0000, 0x0000, 0x0000, 0x0000, 0x0000,
    0x0000, 0x0000, 0x0000, 0x0000, 0x0000, 0x0000, 0x0000, 0x0000, 0x0000, 0x0000, 0xC310, 0x4621,
    0x4621, 0x6621, 0xAB32, 0xCB2A, 0xF695, 0x1796, 0xB58D, 0x3BBF, 0xD26C, 0x8E43, 0x3475, 0x3054,
    0xB26C, 0xEB42, 0x2A5B, 0x119D, 0xD4AD, 0xF294, 0x339D, 0x16B6, 0x539D, 0x53A5, 0x74A5, 0xD5AD,
    0xF5AD, 0x54A5, 0x74A5, 0x139D, 0x16B6, 0x94A5, 0xF294, 0xB4AD, 0x319D, 0xAC6B, 0x693A, 0x7164,
    0x515C, 0x5475, 0xF04B, 0x515C, 0x7CCF, 0xD68D, 0x9585, 0x38A6, 0xAE43, 0x4D3B, 0xC729, 0x8629,
    0x6629, 0x2519, 0x4100, 0x0000, 0x0000, 0x0000, 0x0000, 0x0000, 0x0000, 0x0000, 0x0000, 0x0000,
    0x0000, 0x0000, 0x0000, 0x0000, 0x0000, 0x0000, 0x0000, 0x0000, 0x0000, 0x0000, 0x0000, 0x0000,
    0x0000, 0x0000, 0x0000, 0x0000, 0x0000, 0x0000, 0x0000, 0x0000, 0x0000, 0x0000, 0x0000, 0x0000,
    0x0000, 0x0000, 0x0000, 0x0000, 0x0000, 0x0000, 0x0000, 0x0000, 0x2100, 0x8300, 0xEC4A, 0x3CCF,
    0x1BC7, 0xFABE, 0xEF4B, 0x291A, 0xEF53, 0xD685, 0x5475, 0x589E, 0x7164, 0x8E43, 0xF374, 0x9264,
    0x8E43, 0x8E4B, 0xCA42, 0x2A5B, 0xF19C, 0xB4AD, 0x129D, 0x539D, 0xD5AD, 0x339D, 0x539D, 0x95A5,
    0x95A5, 0x539D, 0x53A5, 0xD5AD, 0xB5AD, 0xF294, 0x74A5, 0x52A5, 0x6B63, 0xAA3A, 0x0D43, 0x6E43,
    0x3054, 0xB67D, 0x1054, 0xAF4B, 0x3796, 0x547D, 0xF78D, 0xCF4B, 0xAB2A, 0x4C3B, 0x37A6, 0x5BCF,
    0x7CD7, 0xF384, 0xE410, 0x0000, 0x0000, 0x0000, 0x0000, 0x0000, 0x0000, 0x0000, 0x0000, 0x0000,
    0x0000, 0x0000, 0x0000, 0x0000, 0x0000, 0x0000, 0x0000, 0x0000, 0x0000, 0x0000, 0x0000, 0x0000,
    0x0000, 0x0000, 0x0000, 0x0000, 0x0000, 0x0000, 0x0000, 0x0000, 0x0000, 0x0000, 0x0000, 0x0000,
    0x0000, 0x0000, 0x0000, 0x0000, 0x0000, 0x0000, 0x0000, 0x0000, 0x2100, 0x0932, 0x58AE, 0xFAB6,
    0x3696, 0xB8A6, 0xD9AE, 0x7164, 0x0922, 0x2D43, 0x1054, 0xAF4B, 0xEC3A, 0x0D3B, 0x1475, 0x7264,
    0x5164, 0xD695, 0x1385, 0xCA42, 0x0A5B, 0xD194, 0xB5AD, 0x539D, 0x539D, 0x94A5, 0xF384, 0xF384,
    0x1385, 0xF384, 0x94A5, 0xB4A5, 0x1295, 0x94A5, 0xF194, 0x4B63, 0x8A3A, 0x3064, 0xB695, 0xB26C,
    0x104C, 0xF36C, 0xAF4B, 0x0D33, 0xCF4B, 0x315C, 0x8E4B, 0x6A2A, 0xAE4B, 0x78A6, 0x1ABF, 0xB9AE,
    0x379E, 0xFBC6, 0xF06B, 0x2100, 0x0000, 0x0000, 0x0000, 0x0000, 0x0000, 0x0000, 0x0000, 0x0000,
    0x0000, 0x0000, 0x0000, 0x0000, 0x0000, 0x0000, 0x0000, 0x0000, 0x0000, 0x0000, 0x0000, 0x0000,
    0x0000, 0x0000, 0x0000, 0x0000, 0x0000, 0x0000, 0x0000, 0x0000, 0x0000, 0x0000, 0x0000, 0x0000,
    0x0000, 0x0000, 0x0000, 0x0000, 0x0000, 0x0000, 0x0000, 0x0000, 0x0100, 0x8B42, 0x7BCF, 0x1275,
    0x7154, 0xB57D, 0x98A6, 0x379E, 0xCF4B, 0x4D43, 0x4E43, 0x4D3B, 0x5164, 0x7264, 0xF04B, 0xF053,
    0x1485, 0x58AE, 0x758D, 0x8D53, 0xA94A, 0x6942, 0xEF73, 0x73A5, 0x549D, 0xD284, 0x3485, 0x78AE,
    0x79AE, 0xB595, 0x548D, 0x3395, 0x749D, 0x707C, 0xCA52, 0x6942, 0x4D4B, 0x347D, 0x78A6, 0x7585,
    0x515C, 0xCF4B, 0x515C, 0xD36C, 0x8F43, 0x4E43, 0x4D43, 0xAF53, 0xD695, 0xF9B6, 0x379E, 0x136D,
    0x2F5C, 0xDABE, 0x517C, 0x2100, 0x0000, 0x0000, 0x0000, 0x0000, 0x0000, 0x0000, 0x0000, 0x0000,
    0x0000, 0x0000, 0x0000, 0x0000, 0x0000, 0x0000, 0x0000, 0x0000, 0x0000, 0x0000, 0x0000, 0x0000,
    0x0000, 0x0000, 0x0000, 0x0000, 0x0000, 0x0000, 0x0000, 0x0000, 0x0000, 0x0000, 0x0000, 0x0000,
    0x0000, 0x0000, 0x0000, 0x0000, 0x0000, 0x0000, 0x0000, 0x0000, 0x2200, 0x4A3A, 0xD9B6, 0x127D,
    0x5154, 0x715C, 0xB585, 0x98A6, 0x789E, 0x715C, 0x305C, 0x515C, 0x515C, 0xD36C, 0x515C, 0x5164,
    0x5164, 0x758D, 0xF37C, 0x2B4B, 0x2842, 0x273A, 0xA94A, 0x4C5B, 0xD384, 0x716C, 0x179E, 0x98AE,
    0x58AE, 0x79AE, 0xB26C, 0x927C, 0xCE63, 0xA94A, 0x6842, 0x083A, 0x2C43, 0xD36C, 0xD695, 0x9264,
    0xCF53, 0xF04B, 0xD364, 0x715C, 0x515C, 0x515C, 0x0F54, 0x1796, 0x1AB7, 0x1696, 0x705C, 0x3054,
    0x7585, 0x58AE, 0x8E5B, 0x4100, 0x0000, 0x0000, 0x0000, 0x0000, 0x0000, 0x0000, 0x0000, 0x0000,
    0x0000, 0x0000, 0x0000, 0x0000, 0x0000, 0x0000, 0x0000, 0x0000, 0x0000, 0x0000, 0x0000, 0x0000,
    0x0000, 0x0000, 0x0000, 0x0000, 0x0000, 0x0000, 0x0000, 0x0000, 0x0000, 0x0000, 0x0000, 0x0000,
    0x0000, 0x0000, 0x0000, 0x0000, 0x0000, 0x0000, 0x0000, 0x2000, 0xE510, 0xAB32, 0x37A6, 0x5BC7,
    0xB26C, 0x6E43, 0x715C, 0x9264, 0x315C, 0xB26C, 0x379E, 0xF695, 0x5164, 0x8E4B, 0x0F5C, 0xB26C,
    0xCF4B, 0x8E43, 0x0F64, 0x2D84, 0xEB7B, 0xC85A, 0x8D8C, 0xC94A, 0xCB42, 0xD053, 0x179E, 0x78AE,
    0x98B6, 0x58A6, 0x5164, 0xAB3A, 0x6842, 0x2C84, 0xC85A, 0xAB7B, 0x6D8C, 0xCE63, 0x6E4B, 0xCF53,
    0xB26C, 0x7164, 0x1054, 0xCF4B, 0x179E, 0x379E, 0x9585, 0xEF53, 0x1375, 0xD26C, 0xF053, 0xF053,
    0xDBB6, 0xB78D, 0x2D43, 0x0511, 0x2100, 0x0000, 0x0000, 0x0000, 0x0000, 0x0000, 0x0000, 0x0000,
    0x0000, 0x0000, 0x0000, 0x0000, 0x0000, 0x0000, 0x0000, 0x0000, 0x0000, 0x0000, 0x0000, 0x0000,
    0x0000, 0x0000, 0x0000, 0x0000, 0x0000, 0x0000, 0x0000, 0x0000, 0x0000, 0x0000, 0x0000, 0x0000,
    0x0000, 0x0000, 0x0000, 0x0000, 0x0000, 0x0000, 0x0000, 0x0000, 0x8719, 0xCF4B, 0x8B2A, 0x2D43,
    0xF053, 0x515C, 0xF374, 0x7164, 0x6E43, 0xF36C, 0xD695, 0xD695, 0x7164, 0x6D43, 0x3064, 0xF284,
    0xD184, 0xED6B, 0x0F9D, 0x10CE, 0x8EBD, 0x8652, 0x0EA5, 0xCE9C, 0x0A53, 0xCC3A, 0xF374, 0xB68D,
    0xD68D, 0x9685, 0x4E4B, 0xCA4A, 0x6D8C, 0xAD9C, 0x264A, 0x2B94, 0x30D6, 0x2EAD, 0x8E84, 0x1285,
    0xF374, 0x7164, 0x6E4B, 0x3064, 0x77A6, 0x36A6, 0xB58D, 0x4D3B, 0xCF53, 0x926C, 0x7264, 0xCF53,
    0x0D3B, 0x0D33, 0xB04B, 0xC821, 0x2100, 0x0000, 0x0000, 0x0000, 0x0000, 0x0000, 0x0000, 0x0000,
    0x0000, 0x0000, 0x0000, 0x0000, 0x0000, 0x0000, 0x0000, 0x0000, 0x0000, 0x0000, 0x0000, 0x0000,
    0x0000, 0x0000, 0x0000, 0x0000, 0x0000, 0x0000, 0x0000, 0x0000, 0x0000, 0x0000, 0x0000, 0x0000,
    0x0000, 0x0000, 0x0000, 0x0000, 0x0000, 0x0000, 0x0000, 0x0000, 0x0511, 0x4D3B, 0xAF4B, 0x6E43,
    0x6E43, 0xF053, 0x958D, 0x147D, 0xAF43, 0x3154, 0xF374, 0x137D, 0x3064, 0xAD63, 0x0D74, 0x8D94,
    0x6EB5, 0x10CE, 0x0FCE, 0x6EBD, 0x0A8C, 0x2642, 0xE639, 0xC631, 0xE731, 0x8721, 0xAB32, 0x925C,
    0xD364, 0x6F43, 0xA819, 0xE729, 0x0732, 0xE631, 0x8529, 0x6973, 0x2DB5, 0xCFCD, 0x10D6, 0x90B5,
    0x309D, 0x6E7C, 0xAD63, 0xEE5B, 0x5485, 0x7485, 0xF374, 0x2D43, 0xB26C, 0xF695, 0xD26C, 0xEC3A,
    0x2D43, 0x315C, 0xF05B, 0x8719, 0x2100, 0x0000, 0x0000, 0x0000, 0x0000, 0x0000, 0x0000, 0x0000,
    0x0000, 0x0000, 0x0000, 0x0000, 0x0000, 0x0000, 0x0000, 0x0000, 0x0000, 0x0000, 0x0000, 0x0000,
    0x0000, 0x0000, 0x0000, 0x0000, 0x0000, 0x0000, 0x0000, 0x0000, 0x0000, 0x0000, 0x0000, 0x0000,
    0x0000, 0x0000, 0x0000, 0x0000, 0x0000, 0x0000, 0x0000, 0x0100, 0x0511, 0x558D, 0x179E, 0x179E,
    0x515C, 0x4E43, 0x347D, 0xB26C, 0xCF4B, 0x8E4B, 0x6D53, 0xAC63, 0x0C7C, 0x0FAD, 0x6EBD, 0xCFC5,
    0x2DB5, 0x8C9C, 0xE862, 0x0642, 0x8531, 0x8729, 0x2A3A, 0xED5A, 0xED5A, 0x2E63, 0x0A3A, 0xE929,
    0x2A32, 0xEA31, 0xED5A, 0xED5A, 0x0D5B, 0xCC52, 0xC831, 0xC731, 0xC639, 0x875A, 0x4C9C, 0x4EBD,
    0xF0CD, 0xB0C5, 0x0FAD, 0x2D84, 0xCD63, 0xAE53, 0xAE4B, 0xCF53, 0x9264, 0x7485, 0xCF53, 0x2D3B,
    0xB68D, 0x99AE, 0x59AE, 0xC829, 0x0000, 0x0000, 0x0000, 0x0000, 0x0000, 0x0000, 0x0000, 0x0000,
    0x0000, 0x0000, 0x0000, 0x0000, 0x0000, 0x0000, 0x0000, 0x0000, 0x0000, 0x0000, 0x0000, 0x0000,
    0x0000, 0x0000, 0x0000, 0x0000, 0x0000, 0x0000, 0x0000, 0x0000, 0x0000, 0x0000, 0x0000, 0x0000,
    0x0000, 0x0000, 0x0000, 0x0000, 0x0000, 0x0000, 0x0000, 0x2100, 0x2611, 0x348D, 0x77A6, 0xF69D,
    0x726C, 0x2D3B, 0xB26C, 0xEF53, 0x4C53, 0x6C63, 0x8A6B, 0x2B8C, 0x6FB5, 0xEDAC, 0x4B94, 0xE862,
    0x8952, 0xC739, 0xA831, 0xCC52, 0x8E63, 0x6D63, 0x307C, 0x918C, 0x5184, 0xD07B, 0x8F73, 0x4E6B,
    0x4E6B, 0x8F73, 0xCF7B, 0x718C, 0xB18C, 0x718C, 0xCF73, 0x8E6B, 0x6E63, 0xE939, 0xE839, 0x8852,
    0x4A6B, 0xC75A, 0xADA4, 0x8FBD, 0xAD9C, 0x0C7C, 0x6C5B, 0x8D53, 0xAE4B, 0xB26C, 0xAE4B, 0x305C,
    0x589E, 0x179E, 0x17A6, 0xC829, 0x0000, 0x0000, 0x0000, 0x0000, 0x0000, 0x0000, 0x0000, 0x0000,
    0x0000, 0x0000, 0x0000, 0x0000, 0x0000, 0x0000, 0x0000, 0x0000, 0x0000, 0x0000, 0x0000, 0x0000,
    0x0000, 0x0000, 0x0000, 0x0000, 0x0000, 0x0000, 0x0000, 0x0000, 0x0000, 0x0000, 0x0000, 0x0000,
    0x0000, 0x0000, 0x0000, 0x0000, 0x0000, 0x0000, 0x0000, 0x0100, 0x2611, 0xD37C, 0x5485, 0xD274,
    0xAF53, 0x0D43, 0x8D53, 0x0B4B, 0x4A63, 0xCB7B, 0x0B84, 0x496B, 0x8A73, 0x684A, 0x0842, 0x4B4A,
    0xED5A, 0x6F6B, 0x317C, 0x539D, 0xD3AD, 0xB3A5, 0x92A5, 0xB3A5, 0xF194, 0xF294, 0xF29C, 0x129D,
    0x13A5, 0x139D, 0x129D, 0xB3A5, 0x92A5, 0x92A5, 0xB3A5, 0xB3AD, 0xD4AD, 0xB18C, 0x107C, 0x2D63,
    0x4B42, 0x6B4A, 0x694A, 0x2963, 0xCB7B, 0xEB83, 0x0C84, 0x6B63, 0x0B53, 0xAE53, 0x8E4B, 0x8E43,
    0xD264, 0xF374, 0x5585, 0xA721, 0x0100, 0x0000, 0x0000, 0x0000, 0x0000, 0x0000, 0x0000, 0x0000,
    0x0000, 0x0000, 0x0000, 0x0000, 0x0000, 0x0000, 0x0000, 0x0000, 0x0000, 0x0000, 0x0000, 0x0000,
    0x0000, 0x0000, 0x0000, 0x0000, 0x0000, 0x0000, 0x0000, 0x0000, 0x0000, 0x0000, 0x0000, 0x0000,
    0x0000, 0x0000, 0x0000, 0x0000, 0x0000, 0x0000, 0x0000, 0x0000, 0xE510, 0xCC3A, 0xAF4B, 0x6E4B,
    0x2D43, 0x0B4B, 0x0A53, 0x6A6B, 0xAB7B, 0xA852, 0x273A, 0x6621, 0xA831, 0x8D52, 0xEE62, 0x1184,
    0x74A5, 0xD4AD, 0xD3AD, 0x92A5, 0x929D, 0x929D, 0x92A5, 0xB3A5, 0xB18C, 0xAD6B, 0x8D63, 0x6D63,
    0x6D63, 0x6D63, 0x6D63, 0x0F74, 0x3295, 0xB3A5, 0x929D, 0x92A5, 0x92A5, 0xB2A5, 0xD3AD, 0x93A5,
    0x728C, 0x2E6B, 0x6C4A, 0x0A3A, 0x4519, 0xE731, 0x0A5B, 0x8B73, 0xCC7B, 0x2A5B, 0x2C4B, 0x2D43,
    0xD04B, 0xF04B, 0x0D43, 0x2511, 0x0000, 0x0000, 0x0000, 0x0000, 0x0000, 0x0000, 0x0000, 0x0000,
    0x0000, 0x0000, 0x0000, 0x0000, 0x0000, 0x0000, 0x0000, 0x0000, 0x0000, 0x0000, 0x0000, 0x0000,
    0x0000, 0x0000, 0x0000, 0x0000, 0x0000, 0x0000, 0x0000, 0x0000, 0x0000, 0x0000, 0x0000, 0x0000,
    0x0000, 0x0000, 0x0000, 0x0000, 0x0000, 0x0000, 0x0000, 0x0000, 0x6208, 0xE921, 0xAF53, 0x4D4B,
    0xEA4A, 0x2A63, 0x8B73, 0xC95A, 0xC631, 0x8619, 0x8721, 0xA929, 0xEF62, 0x5073, 0x718C, 0x93A5,
    0xD3AD, 0x92A5, 0xB2A5, 0xB2A5, 0xB2A5, 0xB3A5, 0xD4AD, 0x307C, 0xEA31, 0x4B22, 0x0D23, 0xED22,
    0xED22, 0x0E23, 0xAD22, 0x6819, 0x0D5B, 0x73A5, 0xD3AD, 0x92A5, 0xB2A5, 0x92A5, 0x92A5, 0x92A5,
    0xD3AD, 0x329D, 0x4E6B, 0xEE62, 0x0A3A, 0x4719, 0x4619, 0xA729, 0x8852, 0xEC7B, 0x8B6B, 0x2B53,
    0xEC42, 0xD053, 0x6B32, 0xA308, 0x0000, 0x0000, 0x0000, 0x0000, 0x0000, 0x0000, 0x0000, 0x0000,
    0x0000, 0x0000, 0x0000, 0x0000, 0x0000, 0x0000, 0x0000, 0x0000, 0x0000, 0x0000, 0x0000, 0x0000,
    0x0000, 0x0000, 0x0000, 0x0000, 0x0000, 0x0000, 0x0000, 0x0000, 0x0000, 0x0000, 0x0000, 0x0000,
    0x0000, 0x0000, 0x0000, 0x0000, 0x0000, 0x0000, 0x0000, 0x0000, 0x2000, 0x0511, 0xAA3A, 0xEA52,
    0x6B6B, 0x4B63, 0xE739, 0x4619, 0xE829, 0xC821, 0xC931, 0xAD5A, 0xEE62, 0x718C, 0xB3A5, 0x92A5,
    0x92A5, 0xB2A5, 0xB2A5, 0xB3A5, 0xB2A5, 0xB3A5, 0x5184, 0xEA31, 0x6F43, 0x3866, 0xDA66, 0xD96E,
    0xB976, 0xDA6E, 0x996E, 0x7264, 0x0A32, 0x2E5B, 0x539D, 0xB2A5, 0x92A5, 0x92A5, 0x92A5, 0xB2A5,
    0x92A5, 0xB2A5, 0x53A5, 0x2E6B, 0xCE62, 0xCA31, 0x6819, 0x0A32, 0x8721, 0x083A, 0x0A63, 0xAB73,
    0x2A5B, 0xCB42, 0xA721, 0x4100, 0x0000, 0x0000, 0x0000, 0x0000, 0x0000, 0x0000, 0x0000, 0x0000,
    0x0000, 0x0000, 0x0000, 0x0000, 0x0000, 0x0000, 0x0000, 0x0000, 0x0000, 0x0000, 0x0000, 0x0000,
    0x0000, 0x0000, 0x0000, 0x0000, 0x0000, 0x0000, 0x0000, 0x0000, 0x0000, 0x0000, 0x0000, 0x0000,
    0x0000, 0x0000, 0x0000, 0x0000, 0x0000, 0x0000, 0x0000, 0x0000, 0x0000, 0x2100, 0xA729, 0xAC73,
    0xCA52, 0xC829, 0xA821, 0x2A2A, 0x4A32, 0x6719, 0x2B4A, 0x8D5A, 0x718C, 0xD3A5, 0x92A5, 0x92A5,
    0xB2A5, 0x92A5, 0x92A5, 0x92A5, 0xD3AD, 0xB18C, 0x8929, 0x6F53, 0x576E, 0x973E, 0xF966, 0xD98E,
    0xD88E, 0xD97E, 0x975E, 0x9886, 0xB37C, 0x6921, 0x2D5B, 0x93A5, 0xB2A5, 0x92A5, 0xB2A5, 0xB2A5,
    0x92A5, 0xB2A5, 0xB2A5, 0x33A5, 0x0E6B, 0x2C42, 0x6819, 0x0A22, 0x4B32, 0xA821, 0x8729, 0x4842,
    0x6B6B, 0xAA4A, 0x8308, 0x0000, 0x0000, 0x0000, 0x0000, 0x0000, 0x0000, 0x0000, 0x0000, 0x0000,
    0x0000, 0x0000, 0x0000, 0x0000, 0x0000, 0x0000, 0x0000, 0x0000, 0x0000, 0x0000, 0x0000, 0x0000,
    0x0000, 0x0000, 0x0000, 0x0000, 0x0000, 0x0000, 0x0000, 0x0000, 0x0000, 0x0000, 0x0000, 0x0000,
    0x0000, 0x0000, 0x0000, 0x0000, 0x0000, 0x0000, 0x0000, 0x0000, 0x0000, 0x2100, 0x8729, 0x293A,
    0x6721, 0xC921, 0x8B32, 0x0C3B, 0x6A2A, 0xC929, 0xCF62, 0xAD5A, 0x1195, 0xB2A5, 0x92A5, 0x92A5,
    0x92A5, 0x92A5, 0xB2A5, 0xB2A5, 0xD3AD, 0xB18C, 0x4B42, 0xED42, 0x1666, 0x9736, 0xB84E, 0x9866,
    0x9766, 0xB756, 0x9746, 0xD87E, 0x9274, 0xC931, 0x6E63, 0x93A5, 0xB3AD, 0xB3A5, 0x92A5, 0xB2A5,
    0xB2A5, 0x92A5, 0xB2A5, 0xD3AD, 0x4E6B, 0xCE5A, 0xCA29, 0xC919, 0x2D3B, 0xAC32, 0xE921, 0x4719,
    0xE839, 0x093A, 0x8208, 0x0000, 0x0000, 0x0000, 0x0000, 0x0000, 0x0000, 0x0000, 0x0000, 0x0000,
    0x0000, 0x0000, 0x0000, 0x0000, 0x0000, 0x0000, 0x0000, 0x0000, 0x0000, 0x0000, 0x0000, 0x0000,
    0x0000, 0x0000, 0x0000, 0x0000, 0x0000, 0x0000, 0x0000, 0x0000, 0x0000, 0x0000, 0x0000, 0x0000,
    0x0000, 0x0000, 0x0000, 0x0000, 0x0000, 0x0000, 0x0000, 0x0000, 0x0000, 0x4200, 0xC510, 0x8719,
    0x6B32, 0x0D3B, 0x6D43, 0x6D43, 0xEC42, 0xEA31, 0xEF62, 0x0E63, 0x329D, 0xB2A5, 0x92A5, 0xB2A5,
    0xB2A5, 0xB3A5, 0xB3A5, 0xB3A5, 0xB2A5, 0xB4A5, 0xD28C, 0xCC4A, 0x4E43, 0xF65D, 0x1977, 0x187F,
    0xF876, 0x1877, 0xB87E, 0x9264, 0x4B3A, 0x1074, 0x93A5, 0xD3A5, 0xB3A5, 0xB3A5, 0xB3A5, 0xB3A5,
    0x92A5, 0xB2A5, 0x92A5, 0xB3AD, 0xAF73, 0xAF62, 0xEB31, 0xC921, 0xEC32, 0x4D3B, 0xCC32, 0x4B2A,
    0x2711, 0x0611, 0x8308, 0x0000, 0x0000, 0x0000, 0x0000, 0x0000, 0x0000, 0x0000, 0x0000, 0x0000,
    0x0000, 0x0000, 0x0000, 0x0000, 0x0000, 0x0000, 0x0000, 0x0000, 0x0000, 0x0000, 0x0000, 0x0000,
    0x0000, 0x0000, 0x0000, 0x0000, 0x0000, 0x0000, 0x0000, 0x0000, 0x0000, 0x0000, 0x0000, 0x0000,
    0x0000, 0x0000, 0x0000, 0x0000, 0x0000, 0x0000, 0x0000, 0x0000, 0x0000, 0x4200, 0x0611, 0xCC32,
    0x4D43, 0xAE43, 0x2D3B, 0xAB32, 0x092A, 0xCA31, 0xEE62, 0x1084, 0xF4B5, 0x34B6, 0x14B6, 0x15B6,
    0x15B6, 0xF4AD, 0xB3A5, 0xB3A5, 0xB29D, 0x929D, 0x739D, 0x9284, 0x2E5B, 0x6B32, 0x2D43, 0x2D43,
    0x0D43, 0x0C43, 0xAB3A, 0x4B3A, 0xF073, 0x539D, 0x93A5, 0x93A5, 0xB3A5, 0xB3A5, 0xD3A5, 0x15AE,
    0x35B6, 0x35B6, 0x34B6, 0x35B6, 0x918C, 0xEF62, 0xEB31, 0x2711, 0x4A2A, 0xCB2A, 0x8E43, 0x0C33,
    0x4A2A, 0x4719, 0x6208, 0x0000, 0x0000, 0x0000, 0x0000, 0x0000, 0x0000, 0x0000, 0x0000, 0x0000,
    0x0000, 0x0000, 0x0000, 0x0000, 0x0000, 0x0000, 0x0000, 0x0000, 0x0000, 0x0000, 0x0000, 0x0000,
    0x0000, 0x0000, 0x0000, 0x0000, 0x0000, 0x0000, 0x0000, 0x0000, 0x0000, 0x0000, 0x0000, 0x0000,
    0x0000, 0x0000, 0x0000, 0x0000, 0x0000, 0x0000, 0x0000, 0x0000, 0x0000, 0x4200, 0x2611, 0x0D3B,
    0xAE43, 0x2C33, 0x0C33, 0xCB32, 0x4719, 0x2C4A, 0xEE62, 0xB28C, 0xED63, 0xCD5B, 0xCE63, 0xCE63,
    0xCE5B, 0xF284, 0xF5AD, 0xB39D, 0xB39D, 0x939D, 0x929D, 0x5395, 0xB28C, 0x317C, 0xF173, 0xF173,
    0xF16B, 0xF173, 0xF173, 0x317C, 0xF294, 0x939D, 0x73A5, 0x93A5, 0x929D, 0xD4AD, 0x949D, 0xEF63,
    0xCF5B, 0xCF5B, 0xAE5B, 0xCE63, 0x749D, 0x4F6B, 0x6D4A, 0x8921, 0x8B2A, 0x4D3B, 0xCB2A, 0xAF43,
    0x0D3B, 0x4719, 0x6208, 0x0000, 0x0000, 0x0000, 0x0000, 0x0000, 0x0000, 0x0000, 0x0000, 0x0000,
    0x0000, 0x0000, 0x0000, 0x0000, 0x0000, 0x0000, 0x0000, 0x0000, 0x0000, 0x0000, 0x0000, 0x0000,
    0x0000, 0x0000, 0x0000, 0x0000, 0x0000, 0x0000, 0x0000, 0x0000, 0x0000, 0x0000, 0x0000, 0x0000,
    0x0000, 0x0000, 0x0000, 0x0000, 0x0000, 0x0000, 0x0000, 0x0000, 0x0000, 0x4200, 0x2611, 0x2D3B,
    0x0D33, 0xEC2A, 0xAE43, 0xAB32, 0xCA31, 0xCF62, 0x306B, 0x6E5B, 0x091A, 0x8B22, 0xAC2A, 0xAD2A,
    0xCD22, 0xCD2A, 0xB274, 0x16A6, 0xB49D, 0x939D, 0x939D, 0xB39D, 0x3395, 0xB28C, 0xB38C, 0xB38C,
    0x938C, 0x938C, 0x7284, 0x7184, 0x739D, 0x929D, 0x729D, 0x939D, 0xF5AD, 0x338D, 0x8F4B, 0x0E33,
    0xEE32, 0xEE32, 0xEE32, 0x4B22, 0xCC42, 0x706B, 0xEF62, 0xEB31, 0x2A22, 0x0F4C, 0x2C33, 0xCB2A,
    0xEC32, 0x6719, 0x8308, 0x0000, 0x0000, 0x0000, 0x0000, 0x0000, 0x0000, 0x0000, 0x0000, 0x0000,
    0x0000, 0x0000, 0x0000, 0x0000, 0x0000, 0x0000, 0x0000, 0x0000, 0x0000, 0x0000, 0x0000, 0x0000,
    0x0000, 0x0000, 0x0000, 0x0000, 0x0000, 0x0000, 0x0000, 0x0000, 0x0000, 0x0000, 0x0000, 0x0000,
    0x0000, 0x0000, 0x0000, 0x0000, 0x0000, 0x0000, 0x0000, 0x0000, 0x0000, 0x4200, 0x2711, 0xEC32,
    0x0C33, 0xAE43, 0x8E43, 0x2A22, 0xEA31, 0xEF62, 0xAE4A, 0xA919, 0x0E33, 0x114C, 0x124C, 0x334C,
    0x744C, 0x133C, 0xB13B, 0xF14B, 0x748D, 0xD59D, 0xB39D, 0x939D, 0xB4A5, 0x339D, 0x1395, 0x1395,
    0x1395, 0x1395, 0x1295, 0x739D, 0x93A5, 0x739D, 0xB49D, 0xB59D, 0x926C, 0xF143, 0xB133, 0x3244,
    0x3244, 0xF143, 0xD143, 0x4F3B, 0xC919, 0x4C3A, 0x1063, 0xEB31, 0xE919, 0x4D3B, 0x3054, 0x0C33,
    0x8B2A, 0x6819, 0x8308, 0x0000, 0x0000, 0x0000, 0x0000, 0x0000, 0x0000, 0x0000, 0x0000, 0x0000,
    0x0000, 0x0000, 0x0000, 0x0000, 0x0000, 0x0000, 0x0000, 0x0000, 0x0000, 0x0000, 0x0000, 0x0000,
    0x0000, 0x0000, 0x0000, 0x0000, 0x0000, 0x0000, 0x0000, 0x0000, 0x0000, 0x0000, 0x0000, 0x0000,
    0x0000, 0x0000, 0x0000, 0x0000, 0x0000, 0x0000, 0x0000, 0x0000, 0x0000, 0x4200, 0x4711, 0xCB2A,
    0xCF43, 0xCE43, 0xCB2A, 0x4A2A, 0xEA31, 0x1063, 0xEB31, 0x8919, 0xEA21, 0x2B22, 0x0F33, 0x923B,
    0xF43B, 0x9644, 0xB644, 0x343C, 0xB03B, 0xF474, 0xF59D, 0xD49D, 0x939D, 0xB4A5, 0xD4A5, 0xD3A5,
    0xD3A5, 0xD4A5, 0xB3A5, 0x93A5, 0x93A5, 0xF5A5, 0x758D, 0x1254, 0x3344, 0x9544, 0xF654, 0x9544,
    0xF33B, 0x302B, 0x4C1A, 0x2B1A, 0xCA19, 0xA921, 0x3063, 0xEB31, 0x2A22, 0xEC2A, 0x8D3B, 0x0F44,
    0xCC2A, 0x6819, 0x6308, 0x0000, 0x0000, 0x0000, 0x0000, 0x0000, 0x0000, 0x0000, 0x0000, 0x0000,
    0x0000, 0x0000, 0x0000, 0x0000, 0x0000, 0x0000, 0x0000, 0x0000, 0x0000, 0x0000, 0x0000, 0x0000,
    0x0000, 0x0000, 0x0000, 0x0000, 0x0000, 0x0000, 0x0000, 0x0000, 0x0000, 0x0000, 0x0000, 0x0000,
    0x0000, 0x0000, 0x0000, 0x0000, 0x0000, 0x0000, 0x0000, 0x0000, 0x0000, 0x4100, 0x4611, 0x2D33,
    0xAE3B, 0x0B33, 0x0C3B, 0x2A22, 0xEA31, 0x1063, 0xCF52, 0xEF52, 0xF052, 0x3153, 0x7353, 0x944B,
    0xD643, 0x584C, 0xF854, 0x1855, 0xB64C, 0xF23B, 0x525C, 0x9595, 0xB5A5, 0xD5A5, 0xD28C, 0x3395,
    0xF4A5, 0x9184, 0x749D, 0xB4A5, 0xB59D, 0xF47C, 0xF24B, 0x744C, 0x3755, 0x385D, 0xD84C, 0x5744,
    0xB533, 0x743B, 0x534B, 0x3153, 0xEF4A, 0xAE4A, 0x1063, 0xEB31, 0x0A22, 0xEC32, 0xCB2A, 0xCE3B,
    0xAE43, 0x8819, 0x6308, 0x0000, 0x0000, 0x0000, 0x0000, 0x0000, 0x0000, 0x0000, 0x0000, 0x0000,
    0x0000, 0x0000, 0x0000, 0x0000, 0x0000, 0x0000, 0x0000, 0x0000, 0x0000, 0x0000, 0x0000, 0x0000,
    0x0000, 0x0000, 0x0000, 0x0000, 0x0000, 0x0000, 0x0000, 0x0000, 0x0000, 0x0000, 0x0000, 0x0000,
    0x0000, 0x0000, 0x0000, 0x0000, 0x0000, 0x0000, 0x0000, 0x0000, 0x2000, 0x6308, 0x6711, 0x6E43,
    0x0B2B, 0x6D3B, 0x4D3B, 0x2922, 0x0B3A, 0x1063, 0x3163, 0x7263, 0x9363, 0xD563, 0x165C, 0x7854,
    0xF95C, 0x1B5D, 0xFA54, 0xF954, 0x1855, 0xF754, 0x3444, 0x903B, 0xB053, 0xD484, 0x5284, 0x107C,
    0xB5AD, 0x8F6B, 0x349D, 0x526C, 0x9043, 0xD23B, 0x964C, 0x185D, 0x195D, 0x1A5D, 0x1A55, 0x3B55,
    0xFB54, 0x7954, 0xF65B, 0x9463, 0x726B, 0x5163, 0x3063, 0x2C3A, 0xA819, 0x2D33, 0x0C33, 0xEC2A,
    0xAE43, 0x8819, 0x8308, 0x2000, 0x0000, 0x0000, 0x0000, 0x0000, 0x0000, 0x0000, 0x0000, 0x0000,
    0x0000, 0x0000, 0x0000, 0x0000, 0x0000, 0x0000, 0x0000, 0x0000, 0x0000, 0x0000, 0x0000, 0x0000,
    0x0000, 0x0000, 0x0000, 0x0000, 0x0000, 0x0000, 0x0000, 0x0000, 0x0000, 0x0000, 0x0000, 0x0000,
    0x0000, 0x0000, 0x0000, 0x0000, 0x0000, 0x0000, 0x0000, 0x0000, 0x8208, 0x2719, 0xC608, 0x8811,
    0x2D3B, 0x0F44, 0x0C2B, 0x2922, 0x0A32, 0x306B, 0x5163, 0x9363, 0xD563, 0x7864, 0x3A5D, 0x1B66,
    0xFD86, 0x3E87, 0xFC65, 0x1B55, 0xF954, 0xD84C, 0xF754, 0x754C, 0x7243, 0x9163, 0x5384, 0x906B,
    0x327C, 0xD273, 0x537C, 0x2F3B, 0x544C, 0xD654, 0xF75C, 0xD954, 0x1B55, 0xFC65, 0x3E87, 0x5E87,
    0x9D6E, 0xBC5D, 0xB95C, 0xF663, 0x7463, 0x3163, 0x3163, 0x2C3A, 0x8819, 0x0C33, 0x8E3B, 0xEC32,
    0xC919, 0xC608, 0x2719, 0xA310, 0x0000, 0x0000, 0x0000, 0x0000, 0x0000, 0x0000, 0x0000, 0x0000,
    0x0000, 0x0000, 0x0000, 0x0000, 0x0000, 0x0000, 0x0000, 0x0000, 0x0000, 0x0000, 0x0000, 0x0000,
    0x0000, 0x0000, 0x0000, 0x0000, 0x0000, 0x0000, 0x0000, 0x0000, 0x0000, 0x0000, 0x0000, 0x0000,
    0x0000, 0x0000, 0x0000, 0x0000, 0x0000, 0x0000, 0x0000, 0x0000, 0x6208, 0x4719, 0xAB4A, 0x8B42,
    0xC921, 0x0D33, 0x2D33, 0x091A, 0x0B32, 0x316B, 0x7263, 0xD463, 0x365C, 0xF95C, 0x1B66, 0x1D87,
    0x7DA7, 0x9DA7, 0x1D8F, 0x3C6E, 0x5B55, 0xB94C, 0x364C, 0x1544, 0x7243, 0x515B, 0xF37B, 0x705B,
    0xB16B, 0xB273, 0xF26B, 0x513B, 0xF443, 0x354C, 0xB854, 0x3B5D, 0x3D66, 0xFD86, 0x9EA7, 0xBEAF,
    0x7E97, 0xBD6E, 0x9B5D, 0x785C, 0xB55B, 0x525B, 0x3163, 0x0B3A, 0xC819, 0xEC2A, 0x6E3B, 0x2922,
    0x0932, 0xAC4A, 0x8829, 0x8308, 0x0000, 0x0000, 0x0000, 0x0000, 0x0000, 0x0000, 0x0000, 0x0000,
    0x0000, 0x0000, 0x0000, 0x0000, 0x0000, 0x0000, 0x0000, 0x0000, 0x0000, 0x0000, 0x0000, 0x0000,
    0x0000, 0x0000, 0x0000, 0x0000, 0x0000, 0x0000, 0x0000, 0x0000, 0x0000, 0x0000, 0x0000, 0x0000,
    0x0000, 0x0000, 0x0000, 0x0000, 0x0000, 0x0000, 0x0000, 0x0000, 0x6200, 0xA729, 0x339D, 0x94AD,
    0x8E63, 0xE821, 0xCC32, 0x6B2A, 0x0B32, 0x1163, 0x935B, 0x565C, 0xBA65, 0xBC76, 0x5D8F, 0xBEBF,
    0xFFDF, 0xFFDF, 0xDEC7, 0x9E97, 0xDE6E, 0xBC5D, 0xF643, 0x533B, 0xF142, 0x725B, 0xF373, 0xD16B,
    0xD484, 0x716B, 0x147C, 0x314B, 0x323B, 0xB543, 0x1A55, 0xDE76, 0x9E8F, 0xDEBF, 0xFFDF, 0xFFE7,
    0xDFCF, 0x9E9F, 0xFD7E, 0xDC65, 0xD964, 0xB553, 0x5363, 0x0C32, 0x8B2A, 0x4D33, 0x0922, 0x4D5B,
    0x53A5, 0x54AD, 0x093A, 0x8308, 0x0000, 0x0000, 0x0000, 0x0000, 0x0000, 0x0000, 0x0000, 0x0000,
    0x0000, 0x0000, 0x0000, 0x0000, 0x0000, 0x0000, 0x0000, 0x0000, 0x0000, 0x0000, 0x0000, 0x0000,
    0x0000, 0x0000, 0x0000, 0x0000, 0x0000, 0x0000, 0x0000, 0x0000, 0x0000, 0x0000, 0x0000, 0x0000,
    0x0000, 0x0000, 0x0000, 0x0000, 0x0000, 0x0000, 0x0000, 0x0000, 0x6200, 0xC829, 0xB18C, 0x2D6B,
    0xD294, 0x4D5B, 0x2A22, 0x0D3B, 0xEA31, 0x7163, 0x756C, 0x375D, 0x7B66, 0x7D7F, 0xFEAF, 0xFECF,
    0xFFEF, 0xFFF7, 0xFFDF, 0xFEAF, 0xDF87, 0xFE6E, 0xF95C, 0x365C, 0xF563, 0x7363, 0x305B, 0xD384,
    0xB59D, 0x9063, 0x5163, 0xB363, 0xF55B, 0x995C, 0x1C66, 0x9E7F, 0xDEA7, 0xFED7, 0xFFEF, 0xFFEF,
    0xFFDF, 0xFEBF, 0x9E97, 0xFE76, 0x9B65, 0x3654, 0xD563, 0x4D32, 0xAB2A, 0xEC32, 0xAB42, 0x54A5,
    0xCE7B, 0xF29C, 0x2942, 0x6308, 0x0000, 0x0000, 0x0000, 0x0000, 0x0000, 0x0000, 0x0000, 0x0000,
    0x0000, 0x0000, 0x0000, 0x0000, 0x0000, 0x0000, 0x0000, 0x0000, 0x0000, 0x0000, 0x0000, 0x0000,
    0x0000, 0x0000, 0x0000, 0x0000, 0x0000, 0x0000, 0x0000, 0x0000, 0x0000, 0x0000, 0x0000, 0x0000,
    0x0000, 0x0000, 0x0000, 0x0000, 0x0000, 0x0000, 0x0000, 0x0000, 0x6200, 0xC829, 0xD294, 0xEE62,
    0x4F6B, 0x4E5B, 0x8B2A, 0x2D33, 0x0B32, 0xB16B, 0xD795, 0xD87D, 0x396E, 0xDB7E, 0x7D9F, 0xDEC7,
    0xFFDF, 0xFFE7, 0xFEC7, 0xDE9F, 0x7E7F, 0x9D66, 0xB95C, 0xD55B, 0xD563, 0x5263, 0xF494, 0xF5A5,
    0xF4A5, 0xF5A5, 0xF273, 0x525B, 0xD55B, 0x575C, 0xDB65, 0x7E77, 0xBE97, 0xDEBF, 0xFEDF, 0xFEDF,
    0xFECF, 0xBEA7, 0x5D87, 0x7C6E, 0x986D, 0x9785, 0x7574, 0x4D32, 0xCC2A, 0xEC2A, 0x4E5B, 0x4F6B,
    0xEE6A, 0x13A5, 0x293A, 0x6308, 0x0000, 0x0000, 0x0000, 0x0000, 0x0000, 0x0000, 0x0000, 0x0000,
    0x0000, 0x0000, 0x0000, 0x0000, 0x0000, 0x0000, 0x0000, 0x0000, 0x0000, 0x0000, 0x0000, 0x0000,
    0x0000, 0x0000, 0x0000, 0x0000, 0x0000, 0x0000, 0x0000, 0x0000, 0x0000, 0x0000, 0x0000, 0x0000,
    0x0000, 0x0000, 0x0000, 0x0000, 0x0000, 0x0000, 0x0000, 0x0000, 0x4200, 0xA729, 0xB18C, 0x2E6B,
    0xCE62, 0x6821, 0x8B22, 0x4D3B, 0x2B3A, 0xD273, 0xF7A5, 0x58A6, 0xD785, 0x197E, 0x9B86, 0x3C9F,
    0xBEB7, 0xBEB7, 0x9D9F, 0x1D77, 0x5C66, 0x3A5D, 0x365C, 0x967C, 0x1474, 0x5263, 0x549D, 0x14AE,
    0xD3AD, 0x15B6, 0x5284, 0x525B, 0x146C, 0x155C, 0x1A65, 0x5C66, 0x1D6F, 0x7D8F, 0xDEB7, 0xBEBF,
    0xBEAF, 0x3D7F, 0xBC76, 0x1976, 0x1896, 0x57A6, 0x737C, 0x6D3A, 0xCC2A, 0xEC32, 0x8921, 0x8E5A,
    0x8F7B, 0x32A5, 0x293A, 0x6308, 0x0000, 0x0000, 0x0000, 0x0000, 0x0000, 0x0000, 0x0000, 0x0000,
    0x0000, 0x0000, 0x0000, 0x0000, 0x0000, 0x0000, 0x0000, 0x0000, 0x0000, 0x0000, 0x0000, 0x0000,
    0x0000, 0x0000, 0x0000, 0x0000, 0x0000, 0x0000, 0x0000, 0x0000, 0x0000, 0x0000, 0x0000, 0x0000,
    0x0000, 0x0000, 0x0000, 0x0000, 0x0000, 0x0000, 0x0000, 0x0000, 0x4200, 0xA729, 0xF294, 0x6E73,
    0xCE62, 0x8929, 0x4A22, 0x2D33, 0x0B32, 0xD273, 0xD6A5, 0x57AE, 0xF79D, 0x9785, 0x1986, 0x7A8E,
    0x1C97, 0x1C97, 0x9C7E, 0xDA5D, 0x195D, 0x365C, 0x546C, 0x18AE, 0xB484, 0x105B, 0x549D, 0x14B6,
    0xD3AD, 0x14B6, 0x117C, 0x305B, 0x979D, 0x546C, 0x165C, 0x195D, 0xDB5D, 0x9B6E, 0x3C8F, 0x3C8F,
    0xFC7E, 0x7A76, 0xD975, 0xD88D, 0x36A6, 0x15A6, 0x737C, 0x4C3A, 0xCC32, 0xCC32, 0x8929, 0xAE5A,
    0xAF7B, 0x52A5, 0x493A, 0x6308, 0x0000, 0x0000, 0x0000, 0x0000, 0x0000, 0x0000, 0x0000, 0x0000,
    0x0000, 0x0000, 0x0000, 0x0000, 0x0000, 0x0000, 0x0000, 0x0000, 0x0000, 0x0000, 0x0000, 0x0000,
    0x0000, 0x0000, 0x0000, 0x0000, 0x0000, 0x0000, 0x0000, 0x0000, 0x0000, 0x0000, 0x0000, 0x0000,
    0x0000, 0x0000, 0x0000, 0x0000, 0x0000, 0x0000, 0x0000, 0x0000, 0x6208, 0x6721, 0xCE6B, 0x518C,
    0x8D5A, 0x8929, 0x091A, 0x0C33, 0x0A32, 0xB173, 0xB6A5, 0x15A6, 0x16A6, 0x7695, 0x768D, 0xD885,
    0xF985, 0xF985, 0x9975, 0xD864, 0xF55B, 0x7474, 0xD6A5, 0xF5A5, 0xF38C, 0x7284, 0x73A5, 0x13AE,
    0xD3AD, 0xF4B5, 0xF294, 0x317C, 0x959D, 0xF6A5, 0x7474, 0x155C, 0xB85C, 0x9975, 0x3A86, 0x3986,
    0x1886, 0xB785, 0x768D, 0xD59D, 0xD4A5, 0xD4A5, 0x327C, 0x2B32, 0xAB2A, 0xAB2A, 0x6929, 0x6D52,
    0x308C, 0xB08C, 0xE831, 0x8308, 0x0000, 0x0000, 0x0000, 0x0000, 0x0000, 0x0000, 0x0000, 0x0000,
    0x0000, 0x0000, 0x0000, 0x0000, 0x0000, 0x0000, 0x0000, 0x0000, 0x0000, 0x0000, 0x0000, 0x0000,
    0x0000, 0x0000, 0x0000, 0x0000, 0x0000, 0x0000, 0x0000, 0x0000, 0x0000, 0x0000, 0x0000, 0x0000,
    0x0000, 0x0000, 0x0000, 0x0000, 0x0000, 0x0000, 0x0000, 0x0000, 0x8308, 0x4719, 0xA721, 0x5184,
    0x8D5A, 0x8929, 0x091A, 0xEC32, 0xEA31, 0x9173, 0x95A5, 0xF4A5, 0xF4A5, 0xD5A5, 0xF48C, 0xF484,
    0x1585, 0x167D, 0xB574, 0xF363, 0xD584, 0xF6A5, 0xF5A5, 0xD4A5, 0xD28C, 0x928C, 0x72A5, 0xD3AD,
    0xD2AD, 0xF3AD, 0xF294, 0x5184, 0x3395, 0xF4A5, 0xD5A5, 0xD484, 0xF363, 0x7574, 0x568D, 0x568D,
    0x3595, 0x3495, 0xB5A5, 0xF4A5, 0xB3A5, 0xD4A5, 0x127C, 0x2B32, 0xAB2A, 0x8B2A, 0x6821, 0x6C52,
    0xB294, 0x4942, 0x0619, 0xA410, 0x0000, 0x0000, 0x0000, 0x0000, 0x0000, 0x0000, 0x0000, 0x0000,
    0x0000, 0x0000, 0x0000, 0x0000, 0x0000, 0x0000, 0x0000, 0x0000, 0x0000, 0x0000, 0x0000, 0x0000,
    0x0000, 0x0000, 0x0000, 0x0000, 0x0000, 0x0000, 0x0000, 0x0000, 0x0000, 0x0000, 0x0000, 0x0000,
    0x0000, 0x0000, 0x0000, 0x0000, 0x0000, 0x0000, 0x0000, 0x0000, 0x2100, 0x8308, 0xC829, 0x5184,
    0xAD5A, 0x8829, 0xE819, 0x0C33, 0x6819, 0x6C4A, 0xB294, 0xB3A5, 0xD3A5, 0xF4A5, 0xD5A5, 0xD6A5,
    0xD6A5, 0xF6A5, 0xD69D, 0xB69D, 0x16AE, 0xF5A5, 0xD4A5, 0xB49D, 0xB284, 0x7184, 0x529D, 0xD2AD,
    0xD2AD, 0xD3AD, 0xF18C, 0x507C, 0x1295, 0xB3A5, 0xF4AD, 0xF6AD, 0x959D, 0xB6A5, 0xF6AD, 0x16AE,
    0xF6AD, 0xF5AD, 0xF4AD, 0xB3A5, 0xB3A5, 0xF294, 0x2F63, 0xA929, 0xCB2A, 0xAB2A, 0x4821, 0x8D52,
    0xB294, 0x293A, 0xA408, 0x4100, 0x0000, 0x0000, 0x0000, 0x0000, 0x0000, 0x0000, 0x0000, 0x0000,
    0x0000, 0x0000, 0x0000, 0x0000, 0x0000, 0x0000, 0x0000, 0x0000, 0x0000, 0x0000, 0x0000, 0x0000,
    0x0000, 0x0000, 0x0000, 0x0000, 0x0000, 0x0000, 0x0000, 0x0000, 0x0000, 0x0000, 0x0000, 0x0000,
    0x0000, 0x0000, 0x0000, 0x0000, 0x0000, 0x0000, 0x0000, 0x0000, 0x0000, 0x4100, 0x2611, 0xA931,
    0xCE62, 0x8929, 0xC819, 0x6E3B, 0x6811, 0x8929, 0x4F6B, 0x74A5, 0xF3A5, 0xD3A5, 0xF4A5, 0xF5AD,
    0xF5AD, 0xF5AD, 0x15AE, 0x15AE, 0xF4A5, 0xD3A5, 0xD3A5, 0x5395, 0x9184, 0x9184, 0x729D, 0xD2AD,
    0xD2AD, 0xD3AD, 0xD18C, 0x5084, 0xB18C, 0xB4A5, 0xD3A5, 0xD4AD, 0x15AE, 0x15AE, 0xF5AD, 0xF5AD,
    0xF5AD, 0xF4AD, 0xD3A5, 0xB3A5, 0xF4AD, 0xAF73, 0x0B42, 0x6711, 0x2D3B, 0xAA2A, 0x4821, 0x0E63,
    0x2A3A, 0x4619, 0xA308, 0x0000, 0x0000, 0x0000, 0x0000, 0x0000, 0x0000, 0x0000, 0x0000, 0x0000,
    0x0000, 0x0000, 0x0000, 0x0000, 0x0000, 0x0000, 0x0000, 0x0000, 0x0000, 0x0000, 0x0000, 0x0000,
    0x0000, 0x0000, 0x0000, 0x0000, 0x0000, 0x0000, 0x0000, 0x0000, 0x0000, 0x0000, 0x0000, 0x0000,
    0x0000, 0x0000, 0x0000, 0x0000, 0x0000, 0x0000, 0x0000, 0x0000, 0x0000, 0x4208, 0xE508, 0x2721,
    0xEE62, 0xA929, 0xC811, 0xAE3B, 0x0A22, 0x8921, 0xCE5A, 0x5184, 0xF4AD, 0xD3A5, 0xD3A5, 0xD3A5,
    0xD3AD, 0xD4AD, 0xD3A5, 0xD3A5, 0xD3A5, 0xD4AD, 0x939D, 0x1295, 0x1395, 0x918C, 0x529D, 0xF2AD,
    0xD2A5, 0xD2AD, 0xD18C, 0x9184, 0xF194, 0xF194, 0xD4AD, 0xD3AD, 0xD3A5, 0xD3A5, 0xD4AD, 0xD4AD,
    0xD4AD, 0xD3AD, 0xD3AD, 0xF3AD, 0x139D, 0xEE62, 0x0B3A, 0xE919, 0xAE3B, 0x8B2A, 0x6821, 0x2E63,
    0x0932, 0x0611, 0xA308, 0x0000, 0x0000, 0x0000, 0x0000, 0x0000, 0x0000, 0x0000, 0x0000, 0x0000,
    0x0000, 0x0000, 0x0000, 0x0000, 0x0000, 0x0000, 0x0000, 0x0000, 0x0000, 0x0000, 0x0000, 0x0000,
    0x0000, 0x0000, 0x0000, 0x0000, 0x0000, 0x0000, 0x0000, 0x0000, 0x0000, 0x0000, 0x0000, 0x0000,
    0x0000, 0x0000, 0x0000, 0x0000, 0x0000, 0x0000, 0x0000, 0x0000, 0x0000, 0x0000, 0x6200, 0x6721,
    0x0F6B, 0xEA31, 0xE819, 0xCF43, 0xEC32, 0xEA21, 0x4C42, 0x2F6B, 0x73A5, 0xF3AD, 0xB2A5, 0xB3AD,
    0xB3AD, 0xB3A5, 0xB3A5, 0xB2A5, 0xD3A5, 0x539D, 0xCF73, 0x529D, 0x529D, 0xB18C, 0x72A5, 0xD2AD,
    0xD2AD, 0xD2AD, 0x1195, 0xB08C, 0xD3AD, 0xEF7B, 0x708C, 0xF4AD, 0xB2A5, 0xD2A5, 0xD3A5, 0xB3A5,
    0xB3A5, 0xD3AD, 0xD2A5, 0xD3AD, 0xF083, 0x4D4A, 0xEA29, 0xCB2A, 0xAE3B, 0xCB2A, 0x8929, 0x4F6B,
    0x0A3A, 0xC408, 0x0000, 0x0000, 0x0000, 0x0000, 0x0000, 0x0000, 0x0000, 0x0000, 0x0000, 0x0000,
    0x0000, 0x0000, 0x0000, 0x0000, 0x0000, 0x0000, 0x0000, 0x0000, 0x0000, 0x0000, 0x0000, 0x0000,
    0x0000, 0x0000, 0x0000, 0x0000, 0x0000, 0x0000, 0x0000, 0x0000, 0x0000, 0x0000, 0x0000, 0x0000,
    0x0000, 0x0000, 0x0000, 0x0000, 0x0000, 0x0000, 0x0000, 0x0000, 0x0000, 0x0000, 0x2100, 0xA408,
    0x8829, 0x4A3A, 0x091A, 0xEF43, 0x6D33, 0xED32, 0xEB31, 0x8E5A, 0xF07B, 0x93A5, 0xB2A5, 0xB2A5,
    0xB2A5, 0xB2A5, 0xB2A5, 0xB2A5, 0xD3A5, 0xAF73, 0x0D63, 0xD4AD, 0x729D, 0x129D, 0xB3AD, 0xD2AD,
    0xD2AD, 0xD2AD, 0x93A5, 0xF194, 0xF3AD, 0x1084, 0x8D5A, 0x329D, 0xD2A5, 0xB2A5, 0xB2A5, 0xB2A5,
    0xB2A5, 0x92A5, 0xF3AD, 0x918C, 0xAE5A, 0x2C42, 0x8B2A, 0x4C33, 0xAD3B, 0xAB32, 0x0B3A, 0x4B3A,
    0x0511, 0x8208, 0x0000, 0x0000, 0x0000, 0x0000, 0x0000, 0x0000, 0x0000, 0x0000, 0x0000, 0x0000,
    0x0000, 0x0000, 0x0000, 0x0000, 0x0000, 0x0000, 0x0000, 0x0000, 0x0000, 0x0000, 0x0000, 0x0000,
    0x0000, 0x0000, 0x0000, 0x0000, 0x0000, 0x0000, 0x0000, 0x0000, 0x0000, 0x0000, 0x0000, 0x0000,
    0x0000, 0x0000, 0x0000, 0x0000, 0x0000, 0x0000, 0x0000, 0x0000, 0x0000, 0x0000, 0x0000, 0xA308,
    0x4619, 0xE929, 0xC919, 0x6E3B, 0xAE3B, 0xCF43, 0x4B2A, 0x2C42, 0xEE62, 0xF294, 0xD3AD, 0x92A5,
    0xB2A5, 0xB2A5, 0xB2A5, 0xB1A5, 0x529D, 0x8C52, 0x2F63, 0xB4AD, 0x139D, 0x718C, 0xD4AD, 0xF3AD,
    0xD2AD, 0xF3AD, 0x52A5, 0x9194, 0x15BE, 0x518C, 0x2C4A, 0xF083, 0xF3AD, 0xB1A5, 0xB2A5, 0xB2A5,
    0xB2A5, 0xD2A5, 0x72A5, 0x2E6B, 0x8E5A, 0xA921, 0x0C33, 0x8D3B, 0x0C33, 0xC921, 0xEA31, 0xE931,
    0xA408, 0x2100, 0x0000, 0x0000, 0x0000, 0x0000, 0x0000, 0x0000, 0x0000, 0x0000, 0x0000, 0x0000,
    0x0000, 0x0000, 0x0000, 0x0000, 0x0000, 0x0000, 0x0000, 0x0000, 0x0000, 0x0000, 0x0000, 0x0000,
    0x0000, 0x0000, 0x0000, 0x0000, 0x0000, 0x0000, 0x0000, 0x0000, 0x0000, 0x0000, 0x0000, 0x0000,
    0x0000, 0x0000, 0x0000, 0x0000, 0x0000, 0x0000, 0x0000, 0x0000, 0x0000, 0x0000, 0x0000, 0x2100,
    0xE510, 0x0611, 0x2711, 0x4B2A, 0xEF43, 0xEF3B, 0xAC32, 0x0B3A, 0xAE62, 0xCF7B, 0x52A5, 0xB2A5,
    0xB2A5, 0xB2A5, 0xB1A5, 0xD3AD, 0x7084, 0xEA39, 0xEA31, 0x2B3A, 0x4B42, 0xCD5A, 0x918C, 0xB4AD,
    0x93AD, 0x94AD, 0xD073, 0x2B42, 0x6B42, 0x0A3A, 0xCB39, 0x0E63, 0x93AD, 0xB2A5, 0xB1A5, 0xB1A5,
    0xB1A5, 0xB2AD, 0x718C, 0xCE62, 0x0B42, 0x2922, 0xEE43, 0x8D33, 0xCC2A, 0xC921, 0xE608, 0x0611,
    0x6208, 0x0000, 0x0000, 0x0000, 0x0000, 0x0000, 0x0000, 0x0000, 0x0000, 0x0000, 0x0000, 0x0000,
    0x0000, 0x0000, 0x0000, 0x0000, 0x0000, 0x0000, 0x0000, 0x0000, 0x0000, 0x0000, 0x0000, 0x0000,
    0x0000, 0x0000, 0x0000, 0x0000, 0x0000, 0x0000, 0x0000, 0x0000, 0x0000, 0x0000, 0x0000, 0x0000,
    0x0000, 0x0000, 0x0000, 0x0000, 0x0000, 0x0000, 0x0000, 0x0000, 0x0000, 0x0000, 0x0000, 0x4100,
    0x0619, 0x0711, 0x2711, 0x8B2A, 0xEF3B, 0xEE3B, 0x2D33, 0x2B32, 0xCE5A, 0x8D5A, 0xB194, 0xB2AD,
    0x91A5, 0x91A5, 0xD3AD, 0xD294, 0xAB42, 0x6B2A, 0x6B22, 0xEA19, 0x4811, 0x0B32, 0xCD5A, 0x0E63,
    0x6F6B, 0x2E63, 0x4C4A, 0x6919, 0x6811, 0x091A, 0xAC32, 0x6B3A, 0x6D6B, 0x93AD, 0xB1A5, 0x91A5,
    0xB1A5, 0xB3AD, 0x6F73, 0x8E5A, 0xC929, 0x4D3B, 0x904C, 0x8D33, 0xAB2A, 0x8819, 0xE610, 0x0619,
    0x6208, 0x0000, 0x0000, 0x0000, 0x0000, 0x0000, 0x0000, 0x0000, 0x0000, 0x0000, 0x0000, 0x0000,
    0x0000, 0x0000, 0x0000, 0x0000, 0x0000, 0x0000, 0x0000, 0x0000, 0x0000, 0x0000, 0x0000, 0x0000,
    0x0000, 0x0000, 0x0000, 0x0000, 0x0000, 0x0000, 0x0000, 0x0000, 0x0000, 0x0000, 0x0000, 0x0000,
    0x0000, 0x0000, 0x0000, 0x0000, 0x0000, 0x0000, 0x0000, 0x0000, 0x0000, 0x0000, 0x0000, 0x0000,
    0x6308, 0x0611, 0xE921, 0x6D3B, 0x2F44, 0xCE3B, 0x8E3B, 0x6B2A, 0xCA31, 0x8D52, 0xB08C, 0xB1A5,
    0x91A5, 0x93AD, 0xF07B, 0xAC42, 0xEC32, 0xAE33, 0xEE3B, 0x6D3B, 0x4A2A, 0x8819, 0x8821, 0x6821,
    0x6821, 0x8921, 0x6819, 0x0A22, 0x8B2A, 0x6D3B, 0xCE3B, 0x4D3B, 0x4B3A, 0xED5A, 0x329D, 0xF2AD,
    0xB1A5, 0xD3AD, 0xB07B, 0xEB39, 0x2A22, 0xCE3B, 0xF154, 0xAD33, 0x0C33, 0x2A2A, 0x2611, 0x6308,
    0x0000, 0x0000, 0x0000, 0x0000, 0x0000, 0x0000, 0x0000, 0x0000, 0x0000, 0x0000, 0x0000, 0x0000,
    0x0000, 0x0000, 0x0000, 0x0000, 0x0000, 0x0000, 0x0000, 0x0000, 0x0000, 0x0000, 0x0000, 0x0000,
    0x0000, 0x0000, 0x0000, 0x0000, 0x0000, 0x0000, 0x0000, 0x0000, 0x0000, 0x0000, 0x0000, 0x0000,
    0x0000, 0x0000, 0x0000, 0x0000, 0x0000, 0x0000, 0x0000, 0x0000, 0x0000, 0x0000, 0x0000, 0x0000,
    0x4100, 0x0611, 0xCC32, 0x2F44, 0x2F44, 0x8D33, 0x8E33, 0xAB2A, 0x0A2A, 0xEA39, 0xB194, 0xD3AD,
    0x93AD, 0x107C, 0x4B3A, 0x8F43, 0x704C, 0xD14C, 0x2F44, 0x8D33, 0x6D3B, 0x0C33, 0xC919, 0x6819,
    0x8819, 0x4811, 0xE919, 0xEC32, 0x4D33, 0x4C33, 0x2F44, 0x704C, 0xCE43, 0xAC3A, 0xED52, 0xF29C,
    0xD3AD, 0xB4AD, 0xB07B, 0xA929, 0x0C33, 0xAD33, 0xD14C, 0x0E3C, 0x4D33, 0x4E3B, 0x8819, 0x4200,
    0x0000, 0x0000, 0x0000, 0x0000, 0x0000, 0x0000, 0x0000, 0x0000, 0x0000, 0x0000, 0x0000, 0x0000,
    0x0000, 0x0000, 0x0000, 0x0000, 0x0000, 0x0000, 0x0000, 0x0000, 0x0000, 0x0000, 0x0000, 0x0000,
    0x0000, 0x0000, 0x0000, 0x0000, 0x0000, 0x0000, 0x0000, 0x0000, 0x0000, 0x0000, 0x0000, 0x0000,
    0x0000, 0x0000, 0x0000, 0x0000, 0x0000, 0x0000, 0x0000, 0x0000, 0x0000, 0x0000, 0x0000, 0x0000,
    0x4200, 0x0611, 0xCC32, 0x0F44, 0xAE3B, 0x8D33, 0x8D33, 0xAD3B, 0x0C33, 0xCA31, 0xEE62, 0xD07B,
    0x8F6B, 0x6B3A, 0x8E3B, 0xD14C, 0xF14C, 0x4F44, 0xAE3B, 0x8D3B, 0x8E3B, 0xAE3B, 0xCB32, 0x6A2A,
    0x6B2A, 0x6B2A, 0xEC3A, 0x4D3B, 0x2C33, 0x2C33, 0x8D33, 0x4F44, 0x904C, 0x0F44, 0xCC3A, 0x6B42,
    0xD07B, 0xF07B, 0x6C4A, 0x8B32, 0xAE33, 0x6D2B, 0x4F44, 0xD14C, 0xCE33, 0x4D33, 0x8819, 0x4200,
    0x0000, 0x0000, 0x0000, 0x0000, 0x0000, 0x0000, 0x0000, 0x0000, 0x0000, 0x0000, 0x0000, 0x0000,
    0x0000, 0x0000, 0x0000, 0x0000, 0x0000, 0x0000, 0x0000, 0x0000, 0x0000, 0x0000, 0x0000, 0x0000,
    0x0000, 0x0000, 0x0000, 0x0000, 0x0000, 0x0000, 0x0000, 0x0000, 0x0000, 0x0000, 0x0000, 0x0000,
    0x0000, 0x0000, 0x0000, 0x0000, 0x0000, 0x0000, 0x0000, 0x0000, 0x0000, 0x0000, 0x0000, 0x0000,
    0x4200, 0x0611, 0xCC32, 0xAE3B, 0x8D33, 0x8D33, 0xEE3B, 0xEE3B, 0x2C33, 0x4B2A, 0xCB31, 0x0C42,
    0x4B32, 0x8E3B, 0x904C, 0xD14C, 0x0E3C, 0x6D3B, 0x6E43, 0x4D3B, 0x4D3B, 0x2C3B, 0xEC3A, 0xCC32,
    0x0D3B, 0xAB32, 0x2A22, 0xE921, 0xE919, 0x0922, 0xEC32, 0x4D33, 0x4F44, 0xB14C, 0x0F44, 0xEC3A,
    0x2B3A, 0x2B3A, 0xC919, 0x4C33, 0x2F3C, 0xEE33, 0x8D2B, 0x904C, 0x2F3C, 0x4D33, 0x8819, 0x6200,
    0x0000, 0x0000, 0x0000, 0x0000, 0x0000, 0x0000, 0x0000, 0x0000, 0x0000, 0x0000, 0x0000, 0x0000,
    0x0000, 0x0000, 0x0000, 0x0000, 0x0000, 0x0000, 0x0000, 0x0000, 0x0000, 0x0000, 0x0000, 0x0000,
    0x0000, 0x0000, 0x0000, 0x0000, 0x0000, 0x0000, 0x0000, 0x0000, 0x0000, 0x0000, 0x0000, 0x0000,
    0x0000, 0x0000, 0x0000, 0x0000, 0x0000, 0x0000, 0x0000, 0x0000, 0x0000, 0x0000, 0x0000, 0x0000,
    0x4200, 0x0611, 0x4A2A, 0x4D3B, 0x6D33, 0xAD33, 0x7044, 0xCD33, 0xAD33, 0x6E3B, 0xC919, 0x4B2A,
    0x6D3B, 0xB14C, 0xB154, 0xAD3B, 0x4D3B, 0xCC32, 0x0922, 0xC819, 0xA819, 0x8719, 0x8719, 0xA819,
    0xA819, 0x4611, 0xE829, 0xCB3A, 0xAB32, 0x8B3A, 0x8819, 0xAC32, 0x6D33, 0x4F44, 0xD154, 0x504C,
    0xED32, 0x8819, 0x2D3B, 0x6D33, 0x0E3C, 0x4F44, 0x8D2B, 0xAD33, 0x5044, 0x2D33, 0x6711, 0x4200,
    0x0000, 0x0000, 0x0000, 0x0000, 0x0000, 0x0000, 0x0000, 0x0000, 0x0000, 0x0000, 0x0000, 0x0000,
    0x0000, 0x0000, 0x0000, 0x0000, 0x0000, 0x0000, 0x0000, 0x0000, 0x0000, 0x0000, 0x0000, 0x0000,
    0x0000, 0x0000, 0x0000, 0x0000, 0x0000, 0x0000, 0x0000, 0x0000, 0x0000, 0x0000, 0x0000, 0x0000,
    0x0000, 0x0000, 0x0000, 0x0000, 0x0000, 0x0000, 0x0000, 0x0000, 0x0000, 0x0000, 0x0000, 0x0000,
    0x4100, 0xE610, 0xC921, 0xEC32, 0x8D33, 0x2F44, 0xCD33, 0x8D33, 0xAD33, 0xAE3B, 0x0D33, 0x6D3B,
    0xF154, 0xF154, 0x8D33, 0x0C3B, 0x0A22, 0xA819, 0x716C, 0x137D, 0x916C, 0x716C, 0x706C, 0x7064,
    0x7164, 0x7064, 0xB58D, 0xB8A6, 0xD9A6, 0xD9AE, 0x3064, 0x8819, 0x8B2A, 0x6D33, 0x4F44, 0x1255,
    0x2F44, 0xEC32, 0x4D33, 0xAE33, 0x8D33, 0x4F44, 0xCE33, 0x4C33, 0x6D33, 0x6B2A, 0x4719, 0x6200,
    0x0000, 0x0000, 0x0000, 0x0000, 0x0000, 0x0000, 0x0000, 0x0000, 0x0000, 0x0000, 0x0000, 0x0000,
    0x0000, 0x0000, 0x0000, 0x0000, 0x0000, 0x0000, 0x0000, 0x0000, 0x0000, 0x0000, 0x0000, 0x0000,
    0x0000, 0x0000, 0x0000, 0x0000, 0x0000, 0x0000, 0x0000, 0x0000, 0x0000, 0x0000, 0x0000, 0x0000,
    0x0000, 0x0000, 0x0000, 0x0000, 0x0000, 0x0000, 0x0000, 0x0000, 0x0000, 0x0000, 0x0000, 0x0000,
    0x2100, 0xE510, 0xC921, 0xCC32, 0xEE43, 0x0F44, 0x6C33, 0xAD33, 0xAD33, 0xCE3B, 0x8D33, 0x904C,
    0xB04C, 0xCE3B, 0x4D3B, 0xC921, 0xC921, 0xCF5B, 0xB58D, 0x3696, 0x5ABF, 0x5AB7, 0x39B7, 0x39B7,
    0x39AF, 0x39AF, 0xF8A6, 0x19AF, 0x7385, 0x916C, 0xF695, 0x8E53, 0x4711, 0xCC32, 0xAD3B, 0x4F3C,
    0x1255, 0xEF43, 0x8D33, 0xCE3B, 0x8D33, 0x2F3C, 0x2F3C, 0x2C2B, 0xCC2A, 0x6B2A, 0x2711, 0x4200,
    0x0000, 0x0000, 0x0000, 0x0000, 0x0000, 0x0000, 0x0000, 0x0000, 0x0000, 0x0000, 0x0000, 0x0000,
    0x0000, 0x0000, 0x0000, 0x0000, 0x0000, 0x0000, 0x0000, 0x0000, 0x0000, 0x0000, 0x0000, 0x0000,
    0x0000, 0x0000, 0x0000, 0x0000, 0x0000, 0x0000, 0x0000, 0x0000, 0x0000, 0x0000, 0x0000, 0x0000,
    0x0000, 0x0000, 0x0000, 0x0000, 0x0000, 0x0000, 0x0000, 0x0000, 0x0000, 0x0000, 0x0000, 0x0000,
    0x6208, 0xE610, 0xE929, 0xAB32, 0x4D3B, 0x6D3B, 0x8D33, 0xAD33, 0xAE3B, 0xAD3B, 0xAD33, 0x1155,
    0x2F3C, 0x6D33, 0x0922, 0x0709, 0x0D4B, 0x958D, 0x3064, 0xD27C, 0xF9B6, 0x19B7, 0xF9B6, 0xF9B6,
    0xF8AE, 0xD8AE, 0xF8AE, 0x19AF, 0x9485, 0x7064, 0xB16C, 0xEF5B, 0x8821, 0x6819, 0xAB2A, 0xEE3B,
    0xF254, 0x4F44, 0xAD33, 0xCE3B, 0xAD33, 0x2F3C, 0x9044, 0x2C33, 0xCC32, 0x6B32, 0x2611, 0x6208,
    0x0000, 0x0000, 0x0000, 0x0000, 0x0000, 0x0000, 0x0000, 0x0000, 0x0000, 0x0000, 0x0000, 0x0000,
    0x0000, 0x0000, 0x0000, 0x0000, 0x0000, 0x0000, 0x0000, 0x0000, 0x0000, 0x0000, 0x0000, 0x0000,
    0x0000, 0x0000, 0x0000, 0x0000, 0x0000, 0x0000, 0x0000, 0x0000, 0x0000, 0x0000, 0x0000, 0x0000,
    0x0000, 0x0000, 0x0000, 0x0000, 0x0000, 0x0000, 0x0000, 0x0000, 0x0000, 0x0000, 0x0000, 0x6308,
    0xE610, 0xC508, 0x2719, 0xE929, 0x2A2A, 0xAB2A, 0x8D3B, 0x6D33, 0x4D33, 0x8D3B, 0xCD33, 0xF14C,
    0x4F44, 0x4D33, 0xA919, 0x2711, 0xAC3A, 0x379E, 0xB9AE, 0x9595, 0x1285, 0xF27C, 0xD27C, 0xD174,
    0xB174, 0xB174, 0xB174, 0xD174, 0x137D, 0xD58D, 0xD58D, 0xF37C, 0xA821, 0x2711, 0x8B2A, 0xCE3B,
    0xF14C, 0x4F3C, 0x8D33, 0xCD33, 0xAD33, 0xCD33, 0x4F44, 0x2C33, 0x8B32, 0x6719, 0xE610, 0xE618,
    0xA410, 0x2000, 0x0000, 0x0000, 0x0000, 0x0000, 0x0000, 0x0000, 0x0000, 0x0000, 0x0000, 0x0000,
    0x0000, 0x0000, 0x0000, 0x0000, 0x0000, 0x0000, 0x0000, 0x0000, 0x0000, 0x0000, 0x0000, 0x0000,
    0x0000, 0x0000, 0x0000, 0x0000, 0x0000, 0x0000, 0x0000, 0x0000, 0x0000, 0x0000, 0x0000, 0x0000,
    0x0000, 0x0000, 0x0000, 0x0000, 0x0000, 0x0000, 0x0000, 0x0000, 0x0000, 0x0000, 0xA410, 0x2719,
    0x0611, 0xE610, 0xC508, 0x2719, 0x2A32, 0xCC32, 0x6D3B, 0x0C33, 0xEB2A, 0xAD33, 0xEE3B, 0xF154,
    0x0F3C, 0x2C33, 0x8819, 0x2711, 0x8821, 0x6E5B, 0x0C4B, 0x8621, 0x0832, 0xE831, 0xE831, 0xE829,
    0xE829, 0xC829, 0xC729, 0xC729, 0x6519, 0xE821, 0x2A32, 0x0932, 0x4719, 0x0711, 0x4A2A, 0x8D33,
    0x904C, 0x0E3C, 0x0E3C, 0xEE3B, 0xAD33, 0xCD33, 0xCE3B, 0xCC32, 0x6819, 0xE610, 0x0611, 0x0611,
    0x2719, 0xC410, 0x0000, 0x0000, 0x0000, 0x0000, 0x0000, 0x0000, 0x0000, 0x0000, 0x0000, 0x0000,
    0x0000, 0x0000, 0x0000, 0x0000, 0x0000, 0x0000, 0x0000, 0x0000, 0x0000, 0x0000, 0x0000, 0x0000,
    0x0000, 0x0000, 0x0000, 0x0000, 0x0000, 0x0000, 0x0000, 0x0000, 0x0000, 0x0000, 0x0000, 0x0000,
    0x0000, 0x0000, 0x0000, 0x0000, 0x0000, 0x0000, 0x0000, 0x0000, 0x4200, 0xC410, 0x2719, 0x4719,
    0x2A32, 0x8819, 0xE610, 0x0611, 0x8819, 0x6B32, 0x8B32, 0x6A2A, 0xCB2A, 0xCE3B, 0xAD33, 0xEE3B,
    0xAD3B, 0x2C33, 0x8819, 0x8821, 0x293A, 0xE831, 0x6D5B, 0x749D, 0x339D, 0x1395, 0xF394, 0xF394,
    0xF294, 0xF394, 0x1295, 0x329D, 0x1295, 0x917C, 0x8A42, 0x6A42, 0x4B42, 0x2711, 0x8B2A, 0x6D33,
    0x8C33, 0x6C33, 0x7044, 0x2F44, 0x0C2B, 0x0C33, 0xEC32, 0x4711, 0x0711, 0x0611, 0x6719, 0x4B32,
    0x6819, 0x0611, 0xE510, 0x6208, 0x0000, 0x0000, 0x0000, 0x0000, 0x0000, 0x0000, 0x0000, 0x0000,
    0x0000, 0x0000, 0x0000, 0x0000, 0x0000, 0x0000, 0x0000, 0x0000, 0x0000, 0x0000, 0x0000, 0x0000,
    0x0000, 0x0000, 0x0000, 0x0000, 0x0000, 0x0000, 0x0000, 0x0000, 0x0000, 0x0000, 0x0000, 0x0000,
    0x0000, 0x0000, 0x0000, 0x0000, 0x0000, 0x0000, 0x0000, 0x8308, 0x4721, 0x6821, 0x8821, 0x4A32,
    0x6A2A, 0x2A2A, 0x4719, 0xC508, 0xE610, 0x8819, 0x2A2A, 0x0A2A, 0x2D33, 0x2F44, 0xAD33, 0x8D33,
    0x8D33, 0x6D33, 0x8B2A, 0xA821, 0x5084, 0xB4AD, 0x15B6, 0xD4AD, 0xCF73, 0x6B4A, 0x8C4A, 0x8C4A,
    0x8C4A, 0x8C4A, 0x6B42, 0x6E6B, 0x53A5, 0xF4B5, 0xB4B5, 0x74AD, 0xAB4A, 0x0922, 0x6D3B, 0x6C33,
    0x8C33, 0x6C33, 0x2F44, 0x2F44, 0x8A2A, 0x6A2A, 0x0922, 0xE610, 0xE610, 0x6719, 0x4A2A, 0x8B32,
    0x4B32, 0x6719, 0x4719, 0x2719, 0xA410, 0x0000, 0x0000, 0x0000, 0x0000, 0x0000, 0x0000, 0x0000,
    0x0000, 0x0000, 0x0000, 0x0000, 0x0000, 0x0000, 0x0000, 0x0000, 0x0000, 0x0000, 0x0000, 0x0000,
    0x0000, 0x0000, 0x0000, 0x0000, 0x0000, 0x0000, 0x0000, 0x0000, 0x0000, 0x0000, 0x0000, 0x0000,
    0x0000, 0x0000, 0x0000, 0x0000, 0x0000, 0x4200, 0xC510, 0x4719, 0x8921, 0x8919, 0x2A2A, 0xCB32,
    0x4D43, 0x4D43, 0x4A32, 0x0611, 0xE608, 0x2719, 0x2A32, 0x2A2A, 0x4D33, 0x2F44, 0xAD33, 0xAD3B,
    0x8D33, 0xAD3B, 0x4C33, 0x091A, 0x2A32, 0xAE73, 0xB294, 0xD073, 0x2B3A, 0xA919, 0x6B2A, 0x6C2A,
    0x8C2A, 0x6C2A, 0x6C2A, 0x0B32, 0xAC52, 0x7194, 0xB294, 0xCC4A, 0xC819, 0x0C33, 0x8D33, 0x8C33,
    0x8C33, 0x6C33, 0xAD33, 0x2F44, 0xAB2A, 0x292A, 0x8821, 0xC508, 0x2711, 0x6B32, 0x6E4B, 0x8E4B,
    0x0D43, 0x4A2A, 0xA819, 0x6819, 0x4719, 0xC410, 0x6208, 0x0000, 0x0000, 0x0000, 0x0000, 0x0000,
    0x0000, 0x0000, 0x0000, 0x0000, 0x0000, 0x0000, 0x0000, 0x0000, 0x0000, 0x0000, 0x0000, 0x0000,
    0x0000, 0x0000, 0x0000, 0x0000, 0x0000, 0x0000, 0x0000, 0x0000, 0x0000, 0x0000, 0x0000, 0x0000,
    0x0000, 0x0000, 0x0000, 0x0000, 0x6308, 0xE610, 0x6821, 0xE921, 0x2A2A, 0x0A2A, 0x2A2A, 0xCF53,
    0x5BBF, 0x1BBF, 0x2D43, 0xE921, 0x0711, 0x2711, 0x6819, 0x092A, 0x0C33, 0xEE3B, 0xAD33, 0xAD3B,
    0x4C33, 0x2C33, 0xAD33, 0x6D33, 0x6A2A, 0x8821, 0xC931, 0xA929, 0x0A22, 0x4D33, 0xAE3B, 0x8E3B,
    0x8D33, 0xCE3B, 0x8E3B, 0xAC32, 0x0B2A, 0xEA39, 0xEA31, 0xE921, 0x4D3B, 0x8D33, 0x6C33, 0x2C33,
    0x6C33, 0x8C33, 0xEE3B, 0x304C, 0xAB32, 0x8719, 0xC508, 0xE508, 0xC921, 0x8B32, 0x78A6, 0x9CCF,
    0x716C, 0xE921, 0x4A2A, 0x4A2A, 0xE921, 0x4711, 0x0611, 0xA410, 0x2100, 0x0000, 0x0000, 0x0000,
    0x0000, 0x0000, 0x0000, 0x0000, 0x0000, 0x0000, 0x0000, 0x0000, 0x0000, 0x0000, 0x0000, 0x0000,
    0x0000, 0x0000, 0x0000, 0x0000, 0x0000, 0x0000, 0x0000, 0x0000, 0x0000, 0x0000, 0x0000, 0x0000,
    0x0000, 0x0000, 0x0000, 0x8410, 0x4719, 0x6819, 0xE921, 0x0C33, 0x4D3B, 0x6B2A, 0xC921, 0x2D4B,
    0xFABE, 0xB9BE, 0xCB3A, 0x2A2A, 0x8819, 0x0611, 0x0711, 0x6819, 0x4A2A, 0x0C33, 0xAD3B, 0x8D3B,
    0x6A2A, 0xCB32, 0xAD33, 0xAD33, 0x6D33, 0xAB2A, 0x6A22, 0x8B2A, 0x6D3B, 0xCE3B, 0x904C, 0xCD3B,
    0x8D33, 0x904C, 0x2F44, 0x4D33, 0xAB2A, 0x2A22, 0x2A22, 0x0C33, 0xAD3B, 0xEE3B, 0x8D3B, 0xCC2A,
    0xEC32, 0xAD3B, 0xCE3B, 0x0F44, 0x6A2A, 0x2711, 0xE610, 0x8821, 0x6B32, 0x4A2A, 0xD595, 0xD9B6,
    0xAE5B, 0xA819, 0x4A2A, 0x0C33, 0xCC32, 0x0922, 0x2611, 0x2719, 0xC410, 0x2000, 0x0000, 0x0000,
    0x0000, 0x0000, 0x0000, 0x0000, 0x0000, 0x0000, 0x0000, 0x0000, 0x0000, 0x0000, 0x0000, 0x0000,
    0x0000, 0x0000, 0x0000, 0x0000, 0x0000, 0x0000, 0x0000, 0x0000, 0x0000, 0x0000, 0x0000, 0x0000,
    0x0000, 0x0000, 0x6208, 0x2719, 0x2719, 0xE921, 0x4D3B, 0xAE3B, 0x8D33, 0x6D3B, 0x4A2A, 0xC921,
    0xCC42, 0x6A3A, 0x2A2A, 0x8B32, 0x6B32, 0x2711, 0xC608, 0xE608, 0xE929, 0xCB32, 0xAD3B, 0x8D3B,
    0x6A2A, 0xCB32, 0xCD3B, 0xAD33, 0xCD33, 0xCE3B, 0xAE3B, 0xAE3B, 0xAD33, 0xEE3B, 0x704C, 0x8D33,
    0x6C33, 0x0E3C, 0x0E3C, 0x6C33, 0x8D33, 0x8D3B, 0x8D3B, 0x8D33, 0xCE33, 0x904C, 0xAD33, 0xEC32,
    0x8B2A, 0x8D3B, 0x8C33, 0x8D3B, 0xC919, 0xE608, 0x2711, 0x8B3A, 0x8B32, 0x6B32, 0xAB3A, 0x8A3A,
    0xA819, 0xE821, 0x0C33, 0x6D33, 0x8D3B, 0x2C33, 0x0922, 0x2711, 0x4719, 0xA308, 0x0000, 0x0000,
    0x0000, 0x0000, 0x0000, 0x0000, 0x0000, 0x0000, 0x0000, 0x0000, 0x0000, 0x0000, 0x0000, 0x0000,
    0x0000, 0x0000, 0x0000, 0x0000, 0x0000, 0x0000, 0x0000, 0x0000, 0x0000, 0x0000, 0x0000, 0x0000,
    0x0000, 0x0000, 0x6308, 0x4719, 0x092A, 0x4D3B, 0xAD3B, 0x8D33, 0xAD33, 0xAE33, 0x6D3B, 0x6A2A,
    0x8819, 0xA921, 0x092A, 0xC821, 0xE821, 0xC821, 0xE610, 0xC508, 0xC929, 0xCB32, 0xAE43, 0x2D3B,
    0xE921, 0xCC32, 0xCE3B, 0xCD33, 0x4F44, 0x704C, 0x8D33, 0x8D3B, 0xAD33, 0xB14C, 0x2F44, 0x6C33,
    0x8D33, 0x6C33, 0x9044, 0x704C, 0x6C33, 0x6C33, 0x8C33, 0x904C, 0x0E3C, 0x2F44, 0xAE3B, 0xEC32,
    0x2A22, 0x8D43, 0xAD3B, 0x0C33, 0x6819, 0x0711, 0x0A2A, 0x2A2A, 0xE921, 0x2A2A, 0x0A2A, 0x6719,
    0xE921, 0x2C33, 0x8D3B, 0x6D33, 0x6D33, 0x8D3B, 0x2C3B, 0x0A22, 0x6819, 0x8308, 0x0000, 0x0000,
    0x0000, 0x0000, 0x0000, 0x0000, 0x0000, 0x0000, 0x0000, 0x0000, 0x0000, 0x0000, 0x0000, 0x0000,
    0x0000, 0x0000, 0x0000, 0x0000, 0x0000, 0x0000, 0x0000, 0x0000, 0x0000, 0x0000, 0x0000, 0x0000,
    0x0000, 0x0000, 0x6308, 0xA821, 0xCC32, 0x6D33, 0xAD33, 0xAD33, 0xAD33, 0x8D33, 0xAD33, 0x4D33,
    0x4A2A, 0xE921, 0x8B3A, 0x9274, 0x516C, 0x4A32, 0x6721, 0xA508, 0x4719, 0x2A2A, 0xCB32, 0x4A2A,
    0x4711, 0x4A2A, 0x8D33, 0xCD33, 0x4F44, 0x7044, 0x0C2B, 0x2C33, 0xAD33, 0xB14C, 0x2F44, 0x4C33,
    0x6D33, 0x8D33, 0x904C, 0x9044, 0x6C33, 0x0C33, 0x8D33, 0xD14C, 0x2E3C, 0xCD33, 0x6D33, 0x2A22,
    0x8819, 0xAB2A, 0xEC32, 0x4A2A, 0x0609, 0x0A2A, 0x8B32, 0xF05B, 0x147D, 0x8E53, 0x0922, 0x4A2A,
    0x2C33, 0x8D3B, 0x6D33, 0x6D33, 0x8D33, 0x6D33, 0x8D3B, 0xAB32, 0x8819, 0x8308, 0x0000, 0x0000,
    0x0000, 0x0000, 0x0000, 0x0000, 0x0000, 0x0000, 0x0000, 0x0000, 0x0000, 0x0000, 0x0000, 0x0000,
    0x0000, 0x0000, 0x0000, 0x0000, 0x0000, 0x0000, 0x0000, 0x0000, 0x0000, 0x0000, 0x0000, 0x0000,
    0x0000, 0x0000, 0x2100, 0x2611, 0xC821, 0x0C33, 0xAD3B, 0xAD33, 0x8D33, 0x8D33, 0x6D33, 0x6D33,
    0x0C33, 0xA819, 0x6E53, 0x3BBF, 0xD9B6, 0x8B3A, 0xA821, 0xE610, 0xA508, 0x6819, 0x6B32, 0x4A32,
    0x4719, 0x2A22, 0xAE3B, 0xCD33, 0x4F44, 0x7044, 0xEC2A, 0x0C33, 0xCE3B, 0xB14C, 0x2F3C, 0x4C33,
    0x8D33, 0x6C33, 0xEE3B, 0x904C, 0x6C33, 0xEC32, 0x8D33, 0xD14C, 0x0E3C, 0xAD3B, 0x2D3B, 0xC919,
    0x8819, 0x8B32, 0xC921, 0x0609, 0x6719, 0x4A2A, 0x6A2A, 0x379E, 0xDDCF, 0x1485, 0x0922, 0x2C3B,
    0x8D3B, 0x6D33, 0x8D33, 0x6D33, 0x8D33, 0x8D3B, 0xEC32, 0xEA21, 0x4719, 0x4100, 0x0000, 0x0000,
    0x0000, 0x0000, 0x0000, 0x0000, 0x0000, 0x0000, 0x0000, 0x0000, 0x0000, 0x0000, 0x0000, 0x0000,
    0x0000, 0x0000, 0x0000, 0x0000, 0x0000, 0x0000, 0x0000, 0x0000, 0x0000, 0x0000, 0x0000, 0x0000,
    0x0000, 0x0000, 0x0000, 0x4100, 0xC410, 0xC821, 0xCB32, 0x6D33, 0x8D33, 0x8D33, 0x6C33, 0x4C33,
    0x6D3B, 0x2922, 0x8B3A, 0xF384, 0x758D, 0x4A32, 0x092A, 0x0A32, 0x4719, 0xC608, 0xC921, 0x4B32,
    0x4711, 0x0A2A, 0xEC32, 0x8D33, 0x4F44, 0x704C, 0xCC2A, 0xCC32, 0x8D33, 0xB14C, 0x0F3C, 0x6C33,
    0x8D3B, 0x6C33, 0xCE33, 0x9044, 0x6D33, 0xCB32, 0x4D33, 0x9044, 0x0E3C, 0x2C33, 0x8B2A, 0xA919,
    0x8819, 0x6B32, 0x2611, 0x6819, 0x4B32, 0x8B32, 0x6A2A, 0xD274, 0xF69D, 0xAF5B, 0x6A2A, 0xCE43,
    0x8D33, 0x8D33, 0x8D33, 0x8D33, 0x6D3B, 0xAB32, 0x8819, 0x0611, 0x6208, 0x0000, 0x0000, 0x0000,
    0x0000, 0x0000, 0x0000, 0x0000, 0x0000, 0x0000, 0x0000, 0x0000, 0x0000, 0x0000, 0x0000, 0x0000,
    0x0000, 0x0000, 0x0000, 0x0000, 0x0000, 0x0000, 0x0000, 0x0000, 0x0000, 0x0000, 0x0000, 0x0000,
    0x0000, 0x0000, 0x0000, 0x0000, 0x0000, 0x8308, 0x4711, 0x2A22, 0x0C33, 0x6D33, 0x6C33, 0x6C33,
    0x4C33, 0x2C3B, 0x0922, 0x4611, 0x8821, 0xC921, 0x2A2A, 0x4B32, 0x2B2A, 0x8919, 0xE608, 0x2711,
    0x0711, 0xEA29, 0x6B2A, 0x4C33, 0x4F44, 0x0F44, 0x2A22, 0x0A22, 0x4D33, 0xEE3B, 0x704C, 0x8D33,
    0x8D3B, 0x6C33, 0xEE3B, 0x4F44, 0xEB2A, 0xE919, 0xEB2A, 0x4F44, 0x8D33, 0xCB32, 0x6B2A, 0x4719,
    0x0611, 0x0611, 0x2611, 0x4A32, 0x6B32, 0x2A2A, 0x0A2A, 0xE929, 0xC821, 0x2922, 0x6D3B, 0xAD33,
    0x8D33, 0xAD33, 0xAD3B, 0x2C3B, 0x2A22, 0x8819, 0xA408, 0x2100, 0x0000, 0x0000, 0x0000, 0x0000,
    0x0000, 0x0000, 0x0000, 0x0000, 0x0000, 0x0000, 0x0000, 0x0000, 0x0000, 0x0000, 0x0000, 0x0000,
    0x0000, 0x0000, 0x0000, 0x0000, 0x0000, 0x0000, 0x0000, 0x0000, 0x0000, 0x0000, 0x0000, 0x0000,
    0x0000, 0x0000, 0x0000, 0x0000, 0x0000, 0x0000, 0x6208, 0xC410, 0x8719, 0xAB32, 0xCB32, 0xEB32,
    0x6D33, 0x6D33, 0x2D33, 0x6B2A, 0xE921, 0x2A2A, 0x2A2A, 0x4A2A, 0x6B32, 0xAC3A, 0xA821, 0xC608,
    0x0611, 0x4819, 0x0A2A, 0xEC32, 0xCE43, 0x6D3B, 0x0A22, 0x0A22, 0x6D33, 0xAD33, 0x7044, 0x0E3C,
    0x8D33, 0x6C33, 0xEE3B, 0x0E3C, 0x8B2A, 0xE921, 0xCB32, 0x6C33, 0x0B33, 0x8B32, 0xE929, 0xE610,
    0xC508, 0x2611, 0x4A32, 0x292A, 0x292A, 0xE921, 0x0A2A, 0xE921, 0x2A2A, 0x6D3B, 0xAD33, 0x8D33,
    0x8D3B, 0xEC2A, 0xCC32, 0xC821, 0xE510, 0xC410, 0x0000, 0x0000, 0x0000, 0x0000, 0x0000, 0x0000,
    0x0000, 0x0000, 0x0000, 0x0000, 0x0000, 0x0000, 0x0000, 0x0000, 0x0000, 0x0000, 0x0000, 0x0000,
    0x0000, 0x0000, 0x0000, 0x0000, 0x0000, 0x0000, 0x0000, 0x0000, 0x0000, 0x0000, 0x0000, 0x0000,
    0x0000, 0x0000, 0x0000, 0x0000, 0x0000, 0x0000, 0x0000, 0x0000, 0x4200, 0x2619, 0xE508, 0x0922,
    0x2D3B, 0x4D33, 0xAE3B, 0x4D3B, 0xAB32, 0x4A2A, 0xCF5B, 0xFABE, 0x958D, 0x6A2A, 0xAC32, 0xA921,
    0x0711, 0x0711, 0x4819, 0x6B32, 0xAC32, 0x8B32, 0xEA21, 0xC921, 0x0C33, 0x8D33, 0x7044, 0x9044,
    0x8D33, 0x8D33, 0x8C33, 0x6C33, 0x2922, 0x6719, 0xAB32, 0x6A2A, 0x6A32, 0xC821, 0xC508, 0xC508,
    0x8719, 0x6B32, 0xE821, 0x7274, 0x38AE, 0x716C, 0x292A, 0xCC32, 0x2D3B, 0x8D33, 0x6D33, 0x2D33,
    0xCC32, 0x6711, 0x2619, 0x8308, 0x0000, 0x0000, 0x0000, 0x0000, 0x0000, 0x0000, 0x0000, 0x0000,
    0x0000, 0x0000, 0x0000, 0x0000, 0x0000, 0x0000, 0x0000, 0x0000, 0x0000, 0x0000, 0x0000, 0x0000,
    0x0000, 0x0000, 0x0000, 0x0000, 0x0000, 0x0000, 0x0000, 0x0000, 0x0000, 0x0000, 0x0000, 0x0000,
    0x0000, 0x0000, 0x0000, 0x0000, 0x0000, 0x0000, 0x0000, 0x0000, 0x0000, 0x0000, 0x4200, 0x0611,
    0x4611, 0x8B32, 0x0D3B, 0xAB32, 0xAB32, 0x2922, 0x3385, 0x5ABF, 0x179E, 0x6A2A, 0xAC32, 0xAC3A,
    0x2A2A, 0x2711, 0x0711, 0x4711, 0x6819, 0xEA29, 0x2A32, 0xC921, 0xC921, 0x0C33, 0xEE43, 0x7044,
    0xCE3B, 0xAD3B, 0x4D3B, 0x4A2A, 0xC921, 0x0A2A, 0x4A32, 0x6719, 0xE610, 0xC510, 0xC508, 0xA821,
    0x8B32, 0x8B32, 0xA819, 0xB274, 0x3ABF, 0xB58D, 0x492A, 0xCC32, 0xCC32, 0xEC32, 0xAB32, 0x6711,
    0x0611, 0x4200, 0x0000, 0x0000, 0x0000, 0x0000, 0x0000, 0x0000, 0x0000, 0x0000, 0x0000, 0x0000,
    0x0000, 0x0000, 0x0000, 0x0000, 0x0000, 0x0000, 0x0000, 0x0000, 0x0000, 0x0000, 0x0000, 0x0000,
    0x0000, 0x0000, 0x0000, 0x0000, 0x0000, 0x0000, 0x0000, 0x0000, 0x0000, 0x0000, 0x0000, 0x0000,
    0x0000, 0x0000, 0x0000, 0x0000, 0x0000, 0x0000, 0x0000, 0x0000, 0x0000, 0x0000, 0x0000, 0x2100,
    0x2100, 0x2619, 0x6719, 0x4719, 0x0A2A, 0x2A2A, 0xAF5B, 0x916C, 0x8E53, 0x4A2A, 0x8B32, 0x8B32,
    0xAB32, 0x4A32, 0x4711, 0xE610, 0xE608, 0x2611, 0x6719, 0x4719, 0x0611, 0x2A2A, 0xEC32, 0x0C33,
    0x0C33, 0xEC32, 0x6B2A, 0x6819, 0x4819, 0xA821, 0x6719, 0xE610, 0xC508, 0xE508, 0xC921, 0x8B32,
    0x6A2A, 0x6A2A, 0x292A, 0x492A, 0xB16C, 0x3064, 0x2A2A, 0xE929, 0x2611, 0x4619, 0x2619, 0x4100,
    0x0000, 0x0000, 0x0000, 0x0000, 0x0000, 0x0000, 0x0000, 0x0000, 0x0000, 0x0000, 0x0000, 0x0000,
    0x0000, 0x0000, 0x0000, 0x0000, 0x0000, 0x0000, 0x0000, 0x0000, 0x0000, 0x0000, 0x0000, 0x0000,
    0x0000, 0x0000, 0x0000, 0x0000, 0x0000, 0x0000, 0x0000, 0x0000, 0x0000, 0x0000, 0x0000, 0x0000,
    0x0000, 0x0000, 0x0000, 0x0000, 0x0000, 0x0000, 0x0000, 0x0000, 0x0000, 0x0000, 0x0000, 0x0000,
    0x0000, 0x2100, 0x2100, 0x4100, 0xE410, 0xA821, 0xA821, 0x6711, 0x6819, 0x6A32, 0x8B32, 0x6B32,
    0x4A2A, 0xAB32, 0x4D3B, 0xC819, 0xC508, 0xE510, 0xE510, 0xE510, 0xE610, 0x2611, 0x6719, 0x6719,
    0x6719, 0x8819, 0x6819, 0x0711, 0x0711, 0xE610, 0x0611, 0x0611, 0x0611, 0x4A22, 0x6E43, 0x6922,
    0x492A, 0x6A2A, 0x6A2A, 0xA819, 0x2609, 0x2711, 0x4619, 0xA308, 0x4100, 0x6208, 0x4100, 0x0000,
    0x0000, 0x0000, 0x0000, 0x0000, 0x0000, 0x0000, 0x0000, 0x0000, 0x0000, 0x0000, 0x0000, 0x0000,
    0x0000, 0x0000, 0x0000, 0x0000, 0x0000, 0x0000, 0x0000, 0x0000, 0x0000, 0x0000, 0x0000, 0x0000,
    0x0000, 0x0000, 0x0000, 0x0000, 0x0000, 0x0000, 0x0000, 0x0000, 0x0000, 0x0000, 0x0000, 0x0000,
    0x0000, 0x0000, 0x0000, 0x0000, 0x0000, 0x0000, 0x0000, 0x0000, 0x0000, 0x0000, 0x0000, 0x0000,
    0x0000, 0x0000, 0x0000, 0x0000, 0x0000, 0x4100, 0xC510, 0x0611, 0x6819, 0x0A2A, 0x2A2A, 0x4A2A,
    0xCF53, 0x0F4C, 0x0B2B, 0xCB2A, 0xE508, 0xE510, 0xC508, 0xE510, 0xE610, 0xE610, 0xE610, 0x0611,
    0x0611, 0x0611, 0x0611, 0x0611, 0xE610, 0xE608, 0x0711, 0x0611, 0x0922, 0x8E3B, 0xCE43, 0xB164,
    0xCB32, 0x292A, 0x092A, 0xA821, 0x2619, 0xE410, 0x0000, 0x0000, 0x0000, 0x0000, 0x0000, 0x0000,
    0x0000, 0x0000, 0x0000, 0x0000, 0x0000, 0x0000, 0x0000, 0x0000, 0x0000, 0x0000, 0x0000, 0x0000,
    0x0000, 0x0000, 0x0000, 0x0000, 0x0000, 0x0000, 0x0000, 0x0000, 0x0000, 0x0000, 0x0000, 0x0000,
    0x0000, 0x0000, 0x0000, 0x0000, 0x0000, 0x0000, 0x0000, 0x0000, 0x0000, 0x0000, 0x0000, 0x0000,
    0x0000, 0x0000, 0x0000, 0x0000, 0x0000, 0x0000, 0x0000, 0x0000, 0x0000, 0x0000, 0x0000, 0x0000,
    0x0000, 0x0000, 0x0000, 0x0000, 0x0000, 0x0000, 0x0000, 0x0000, 0x8308, 0x2611, 0xC508, 0x6B32,
    0xB26C, 0xEB32, 0x6922, 0x4C3B, 0xA719, 0x0611, 0x6829, 0x6829, 0x6829, 0xC610, 0xC510, 0xC510,
    0xC510, 0xC510, 0xC510, 0x4821, 0x6829, 0x6829, 0x2711, 0x4711, 0x6D3B, 0x6D33, 0x4A22, 0x515C,
    0xCF53, 0x4611, 0x4719, 0x0511, 0x0000, 0x0000, 0x0000, 0x0000, 0x0000, 0x0000, 0x0000, 0x0000,
    0x0000, 0x0000, 0x0000, 0x0000, 0x0000, 0x0000, 0x0000, 0x0000, 0x0000, 0x0000, 0x0000, 0x0000,
    0x0000, 0x0000, 0x0000, 0x0000, 0x0000, 0x0000, 0x0000, 0x0000, 0x0000, 0x0000, 0x0000, 0x0000,
    0x0000, 0x0000, 0x0000, 0x0000, 0x0000, 0x0000, 0x0000, 0x0000, 0x0000, 0x0000, 0x0000, 0x0000,
    0x0000, 0x0000, 0x0000, 0x0000, 0x0000, 0x0000, 0x0000, 0x0000, 0x0000, 0x0000, 0x0000, 0x0000,
    0x0000, 0x0000, 0x0000, 0x0000, 0x0000, 0x0000, 0x0000, 0x0000, 0x0000, 0x0000, 0x2000, 0x2519,
    0x0511, 0x8819, 0x2A2A, 0xCB2A, 0x8D43, 0x8719, 0xAE5A, 0xAE62, 0xAE5A, 0xEB41, 0xCB39, 0xCA39,
    0xCA39, 0xCA39, 0xCA39, 0x6D52, 0x8D5A, 0xCE5A, 0x8821, 0xAB22, 0x8D3B, 0xCB2A, 0xEA21, 0x6711,
    0x4719, 0x6208, 0x0000, 0x0000, 0x0000, 0x0000, 0x0000, 0x0000, 0x0000, 0x0000, 0x0000, 0x0000,
    0x0000, 0x0000, 0x0000, 0x0000, 0x0000, 0x0000, 0x0000, 0x0000, 0x0000, 0x0000, 0x0000, 0x0000,
    0x0000, 0x0000, 0x0000, 0x0000, 0x0000, 0x0000, 0x0000, 0x0000, 0x0000, 0x0000, 0x0000, 0x0000,
    0x0000, 0x0000, 0x0000, 0x0000, 0x0000, 0x0000, 0x0000, 0x0000, 0x0000, 0x0000, 0x0000, 0x0000,
    0x0000, 0x0000, 0x0000, 0x0000, 0x0000, 0x0000, 0x0000, 0x0000, 0x0000, 0x0000, 0x0000, 0x0000,
    0x0000, 0x0000, 0x0000, 0x0000, 0x0000, 0x0000, 0x0000, 0x0000, 0x0000, 0x0000, 0x0000, 0x2100,
    0x4200, 0xC410, 0x2719, 0x6719, 0xCB32, 0xC821, 0xA931, 0xAE62, 0x8D62, 0xCE62, 0xCE62, 0xCE62,
    0xCE62, 0xAE62, 0xAE62, 0x8D5A, 0x8D5A, 0x8829, 0x6711, 0x4D3B, 0xE819, 0x6819, 0xE510, 0x6308,
    0x4200, 0x0000, 0x0000, 0x0000, 0x0000, 0x0000, 0x0000, 0x0000, 0x0000, 0x0000, 0x0000, 0x0000,
    0x0000, 0x0000, 0x0000, 0x0000, 0x0000, 0x0000, 0x0000, 0x0000, 0x0000, 0x0000, 0x0000, 0x0000,
    0x0000, 0x0000, 0x0000, 0x0000, 0x0000, 0x0000, 0x0000, 0x0000, 0x0000, 0x0000, 0x0000, 0x0000,
    0x0000, 0x0000, 0x0000, 0x0000, 0x0000, 0x0000, 0x0000, 0x0000, 0x0000, 0x0000, 0x0000, 0x0000,
    0x0000, 0x0000, 0x0000, 0x0000, 0x0000, 0x0000, 0x0000, 0x0000, 0x0000, 0x0000, 0x0000, 0x0000,
    0x0000, 0x0000, 0x0000, 0x0000, 0x0000, 0x0000, 0x0000, 0x0000, 0x0000, 0x0000, 0x0000, 0x0000,
    0x0000, 0x0000, 0x8308, 0x6208, 0xA308, 0xA821, 0x4619, 0xEE62, 0xEF6A, 0xEF62, 0xEF62, 0xEF62,
    0xEE62, 0xEE62, 0xCE62, 0xCE62, 0xEF62, 0x6721, 0xA819, 0x4611, 0x6208, 0x8308, 0x2100, 0x0000,
    0x0000, 0x0000, 0x0000, 0x0000, 0x0000, 0x0000, 0x0000, 0x0000, 0x0000, 0x0000, 0x0000, 0x0000,
    0x0000, 0x0000, 0x0000, 0x0000, 0x0000, 0x0000, 0x0000, 0x0000, 0x0000, 0x0000, 0x0000, 0x0000,
    0x0000, 0x0000, 0x0000, 0x0000, 0x0000, 0x0000, 0x0000, 0x0000, 0x0000, 0x0000, 0x0000, 0x0000,
    0x0000, 0x0000, 0x0000, 0x0000, 0x0000, 0x0000, 0x0000, 0x0000, 0x0000, 0x0000, 0x0000, 0x0000,
    0x0000, 0x0000, 0x0000, 0x0000, 0x0000, 0x0000, 0x0000, 0x0000, 0x0000, 0x0000, 0x0000, 0x0000,
    0x0000, 0x0000, 0x0000, 0x0000, 0x0000, 0x0000, 0x0000, 0x0000, 0x0000, 0x0000, 0x0000, 0x0000,
    0x0000, 0x0000, 0x0000, 0x0000, 0x0000, 0x6208, 0xC410, 0xE941, 0xE941, 0xE941, 0xE941, 0xE941,
    0xE941, 0xEA41, 0xEA41, 0x0A42, 0x0A42, 0xE518, 0xA308, 0x2100, 0x0000, 0x0000, 0x0000, 0x0000,
    0x0000, 0x0000, 0x0000, 0x0000, 0x0000, 0x0000, 0x0000, 0x0000, 0x0000, 0x0000, 0x0000, 0x0000,
    0x0000, 0x0000, 0x0000, 0x0000, 0x0000, 0x0000, 0x0000, 0x0000, 0x0000, 0x0000, 0x0000, 0x0000,
    0x0000, 0x0000, 0x0000, 0x0000, 0x0000, 0x0000, 0x0000, 0x0000, 0x0000, 0x0000, 0x0000, 0x0000,
    0x0000, 0x0000, 0x0000, 0x0000, 0x0000, 0x0000, 0x0000, 0x0000, 0x0000, 0x0000, 0x0000, 0x0000,
    0x0000, 0x0000, 0x0000, 0x0000, 0x0000, 0x0000, 0x0000, 0x0000, 0x0000, 0x0000, 0x0000, 0x0000,
    0x0000, 0x0000, 0x0000, 0x0000, 0x0000, 0x0000, 0x0000, 0x0000, 0x0000, 0x0000, 0x0000, 0x0000,
    0x0000, 0x0000, 0x0000, 0x0000, 0x0000, 0x0000, 0x0000, 0x0000, 0x0000, 0x0000, 0x0000, 0x0000,
    0x0000, 0x0000, 0x0000, 0x0000, 0x0000, 0x0000, 0x0000, 0x0000, 0x0000, 0x0000, 0x0000, 0x0000,
    0x0000, 0x0000, 0x0000, 0x0000, 0x0000, 0x0000, 0x0000, 0x0000, 0x0000, 0x0000, 0x0000, 0x0000,
    0x0000, 0x0000, 0x0000, 0x0000, 0x0000, 0x0000, 0x0000, 0x0000, 0x0000, 0x0000, 0x0000, 0x0000,
    0x0000, 0x0000, 0x0000, 0x0000, 0x0000, 0x0000, 0x0000, 0x0000, 0x0000, 0x0000, 0x0000, 0x0000,
    0x0000, 0x0000, 0x0000, 0x0000, 0x0000, 0x0000, 0x0000, 0x0000, 0x0000, 0x0000, 0x0000, 0x0000,
    0x0000, 0x0000, 0x0000, 0x0000, 0x0000, 0x0000, 0x0000, 0x0000, 0x0000, 0x0000, 0x0000, 0x0000,
    0x0000, 0x0000, 0x0000, 0x0000, 0x0000, 0x0000, 0x0000, 0x0000, 0x0000, 0x0000, 0x0000, 0x0000,
    0x0000, 0x0000, 0x0000, 0x0000, 0x0000, 0x0000, 0x0000, 0x0000, 0x0000, 0x0000, 0x0000, 0x0000,
    0x0000, 0x0000, 0x0000, 0x0000, 0x0000, 0x0000, 0x0000, 0x0000, 0x0000, 0x0000, 0x0000, 0x0000,
    0x0000, 0x0000, 0x0000, 0x0000, 0x0000, 0x0000, 0x0000, 0x0000, 0x0000, 0x0000, 0x0000, 0x0000,
    0x0000, 0x0000, 0x0000, 0x0000, 0x0000, 0x0000, 0x0000, 0x0000, 0x0000, 0x0000, 0x0000, 0x0000,
    0x0000, 0x0000, 0x0000, 0x0000, 0x0000, 0x0000, 0x0000, 0x0000, 0x0000, 0x0000, 0x0000, 0x0000,
    0x0000, 0x0000, 0x0000, 0x0000, 0x0000, 0x0000, 0x0000, 0x0000, 0x0000, 0x0000, 0x0000, 0x0000,
    0x0000, 0x0000, 0x0000, 0x0000, 0x0000, 0x0000, 0x0000, 0x0000, 0x0000, 0x0000, 0x0000, 0x0000,
    0x0000, 0x0000, 0x0000, 0x0000, 0x0000, 0x0000, 0x0000, 0x0000, 0x0000, 0x0000, 0x0000, 0x0000,
    0x0000, 0x0000, 0x0000, 0x0000, 0x0000, 0x0000, 0x0000, 0x0000, 0x0000, 0x0000, 0x0000, 0x0000,
    0x0000, 0x0000, 0x0000, 0x0000, 0x0000, 0x0000, 0x0000, 0x0000, 0x0000, 0x0000, 0x0000, 0x0000,
    0x0000, 0x0000, 0x0000, 0x0000, 0x0000, 0x0000, 0x0000, 0x0000, 0x0000, 0x0000, 0x0000, 0x0000,
    0x0000, 0x0000, 0x0000, 0x0000, 0x0000, 0x0000, 0x0000, 0x0000, 0x0000, 0x0000, 0x0000, 0x0000,
    0x0000, 0x0000, 0x0000, 0x0000, 0x0000, 0x0000, 0x0000, 0x0000, 0x0000, 0x0000, 0x0000, 0x0000,
    0x0000, 0x0000, 0x0000, 0x0000, 0x0000, 0x0000, 0x0000, 0x0000, 0x0000, 0x0000, 0x0000, 0x0000,
    0x0000, 0x0000, 0x0000, 0x0000, 0x0000, 0x0000, 0x0000, 0x0000, 0x0000, 0x0000, 0x0000, 0x0000,
    0x0000, 0x0000, 0x0000, 0x0000, 0x0000, 0x0000, 0x0000, 0x0000, 0x0000, 0x0000, 0x0000, 0x0000,
    0x0000, 0x0000, 0x0000, 0x0000, 0x0000, 0x0000, 0x0000, 0x0000, 0x0000, 0x0000, 0x0000, 0x0000,
    0x0000, 0x0000, 0x0000, 0x0000, 0x0000, 0x0000, 0x0000, 0x0000, 0x0000, 0x0000, 0x0000, 0x0000,
    0x0000, 0x0000, 0x0000, 0x0000, 0x0000, 0x0000, 0x0000, 0x0000, 0x0000, 0x0000, 0x0000, 0x0000,
    0x0000, 0x0000, 0x0000, 0x0000, 0x0000, 0x0000, 0x0000, 0x0000, 0x0000, 0x0000, 0x0000, 0x0000,
    0x0000, 0x0000, 0x0000, 0x0000, 0x0000, 0x0000, 0x0000, 0x0000, 0x0000, 0x0000, 0x0000, 0x0000,
    0x0000, 0x0000, 0x0000, 0x0000, 0x0000, 0x0000, 0x0000, 0x0000, 0x0000, 0x0000, 0x0000, 0x0000,
    0x0000, 0x0000, 0x0000, 0x0000, 0x0000, 0x0000, 0x0000, 0x0000, 0x0000, 0x0000, 0x0000, 0x0000,
    0x0000, 0x0000, 0x0000, 0x0000, 0x0000, 0x0000, 0x0000, 0x0000, 0x0000, 0x0000, 0x0000, 0x0000,
    0x0000, 0x0000, 0x0000, 0x0000, 0x0000, 0x0000, 0x0000, 0x0000, 0x0000, 0x0000, 0x0000, 0x0000,
    0x0000, 0x0000, 0x0000, 0x0000, 0x0000, 0x0000, 0x0000, 0x0000, 0x0000, 0x0000, 0x0000, 0x0000,
    0x0000, 0x0000, 0x0000, 0x0000, 0x0000, 0x0000, 0x0000, 0x0000, 0x0000, 0x0000, 0x0000, 0x0000,
    0x0000, 0x0000, 0x0000, 0x0000, 0x0000, 0x0000, 0x0000, 0x0000, 0x0000, 0x0000, 0x0000, 0x0000,
    0x0000, 0x0000, 0x0000, 0x0000, 0x0000, 0x0000, 0x0000, 0x0000, 0x0000, 0x0000, 0x0000, 0x0000,
    0x0000, 0x0000, 0x0000, 0x0000, 0x0000, 0x0000, 0x0000, 0x0000, 0x0000, 0x0000, 0x0000, 0x0000,
    0x0000, 0x0000, 0x0000, 0x0000, 0x0000, 0x0000, 0x0000, 0x0000, 0x0000, 0x0000, 0x0000, 0x0000,
    0x0000, 0x0000, 0x0000, 0x0000, 0x0000, 0x0000, 0x0000, 0x0000, 0x0000, 0x0000, 0x0000, 0x0000,
    0x0000, 0x0000, 0x0000, 0x0000, 0x0000, 0x0000, 0x0000, 0x0000, 0x0000, 0x0000, 0x0000, 0x0000,
    0x0000, 0x0000, 0x0000, 0x0000, 0x0000, 0x0000, 0x0000, 0x0000, 0x0000, 0x0000, 0x0000, 0x0000,
    0x0000, 0x0000, 0x0000, 0x0000, 0x0000, 0x0000, 0x0000, 0x0000, 0x0000, 0x0000, 0x0000, 0x0000,
    0x0000, 0x0000, 0x0000, 0x0000, 0x0000, 0x0000, 0x0000, 0x0000, 0x0000, 0x0000, 0x0000, 0x0000,
    0x0000, 0x0000, 0x0000, 0x0000, 0x0000, 0x0000, 0x0000, 0x0000, 0x0000, 0x0000, 0x0000, 0x0000,
    0x0000, 0x0000, 0x0000, 0x0000, 0x0000, 0x0000, 0x0000, 0x0000, 0x0000, 0x0000, 0x0000, 0x0000,
    0x0000, 0x0000, 0x0000, 0x0000, 0x0000, 0x0000, 0x0000, 0x0000, 0x0000, 0x0000, 0x0000, 0x0000,
    0x0000, 0x0000, 0x0000, 0x0000, 0x0000, 0x0000, 0x0000, 0x0000, 0x0000, 0x0000, 0x0000, 0x0000,
    0x0000, 0x0000, 0x0000, 0x0000, 0x0000, 0x0000, 0x0000, 0x0000, 0x0000, 0x0000, 0x0000, 0x0000,
    0x0000, 0x0000, 0x0000, 0x0000, 0x0000, 0x0000, 0x0000, 0x0000, 0x0000, 0x0000, 0x0000, 0x0000,
    0x0000, 0x0000, 0x0000, 0x0000, 0x0000, 0x0000, 0x0000, 0x0000, 0x0000, 0x0000, 0x0000, 0x0000,
    0x0000, 0x0000, 0x0000, 0x0000, 0x0000, 0x0000, 0x0000, 0x0000, 0x0000, 0x0000, 0x0000, 0x0000,
    0x0000, 0x0000, 0x0000, 0x0000, 0x0000, 0x0000, 0x0000, 0x0000, 0x0000, 0x0000, 0x0000, 0x0000,
};

static const uint16_t ARGUS_SPR_CYNICAL[ARGUS_PIXELS] = {
    0x0000, 0x0000, 0x0000, 0x0000, 0x0000, 0x0000, 0x0000, 0x0000, 0x0000, 0x0000, 0x0000, 0x0000,
    0x0000, 0x0000, 0x0000, 0x0000, 0x0000, 0x0000, 0x0000, 0x0000, 0x0000, 0x0000, 0x0000, 0x0000,
    0x0000, 0x0000, 0x0000, 0x0000, 0x0000, 0x0000, 0x0000, 0x0000, 0x0000, 0x0000, 0x0000, 0x0000,
    0x0000, 0x0000, 0x0000, 0x0000, 0x0000, 0x0000, 0x0000, 0x0000, 0x0000, 0x0000, 0x0000, 0x0000,
    0x0000, 0x0000, 0x0000, 0x0000, 0x0000, 0x0000, 0x0000, 0x0000, 0x0000, 0x0000, 0x0000, 0x0000,
    0x0000, 0x0000, 0x0000, 0x0000, 0x0000, 0x0000, 0x0000, 0x0000, 0x0000, 0x0000, 0x0000, 0x0000,
    0x0000, 0x0000, 0x0000, 0x0000, 0x0000, 0x0000, 0x0000, 0x0000, 0x0000, 0x0000, 0x0000, 0x0000,
    0x0000, 0x0000, 0x0000, 0x0000, 0x0000, 0x0000, 0x0000, 0x0000, 0x0000, 0x0000, 0x0000, 0x0000,
    0x0000, 0x0000, 0x0000, 0x0000, 0x0000, 0x0000, 0x0000, 0x0000, 0x0000, 0x0000, 0x0000, 0x0000,
    0x0000, 0x0000, 0x0000, 0x0000, 0x0000, 0x0000, 0x0000, 0x0000, 0x0000, 0x0000, 0x0000, 0x0000,
    0x0000, 0x0000, 0x0000, 0x0000, 0x0000, 0x0000, 0x0000, 0x0000, 0x0000, 0x0000, 0x0000, 0x0000,
    0x0000, 0x0000, 0x0000, 0x0000, 0x0000, 0x0000, 0x0000, 0x0000, 0x0000, 0x0000, 0x0000, 0x0000,
    0x0000, 0x0000, 0x0000, 0x0000, 0x0000, 0x0000, 0x0000, 0x0000, 0x0000, 0x0000, 0x0000, 0x0000,
    0x0000, 0x0000, 0x0000, 0x0000, 0x0000, 0x0000, 0x0000, 0x0000, 0x0000, 0x0000, 0x0000, 0x0000,
    0x0000, 0x0000, 0x0000, 0x0000, 0x0000, 0x0000, 0x0000, 0x0000, 0x0000, 0x0000, 0x0000, 0x0000,
    0x0000, 0x0000, 0x0000, 0x0000, 0x0000, 0x0000, 0x0000, 0x0000, 0x0000, 0x0000, 0x0000, 0x0000,
    0x0000, 0x0000, 0x0000, 0x0000, 0x0000, 0x0000, 0x0000, 0x0000, 0x0000, 0x0000, 0x0000, 0x0000,
    0x0000, 0x0000, 0x0000, 0x0000, 0x0000, 0x0000, 0x0000, 0x0000, 0x0000, 0x0000, 0x0000, 0x0000,
    0x0000, 0x0000, 0x0000, 0x0000, 0x0000, 0x0000, 0x0000, 0x0000, 0x0000, 0x0000, 0x0000, 0x0000,
    0x0000, 0x0000, 0x0000, 0x0000, 0x0000, 0x0000, 0x0000, 0x0000, 0x0000, 0x0000, 0x0000, 0x0000,
    0x0000, 0x0000, 0x0000, 0x0000, 0x0000, 0x0000, 0x0000, 0x0000, 0x0000, 0x0000, 0x0000, 0x0000,
    0x0000, 0x0000, 0x0000, 0x0000, 0x0000, 0x0000, 0x0000, 0x0000, 0x0000, 0x0000, 0x0000, 0x0000,
    0x0000, 0x0000, 0x0000, 0x0000, 0x0000, 0x0000, 0x0000, 0x0000, 0x0000, 0x0000, 0x0000, 0x0000,
    0x0000, 0x0000, 0x0000, 0x0000, 0x0000, 0x0000, 0x0000, 0x0000, 0x0000, 0x0000, 0x0000, 0x0000,
    0x0000, 0x0000, 0x0000, 0x0000, 0x0000, 0x0000, 0x0000, 0x0000, 0x0000, 0x0000, 0x0000, 0x0000,
    0x0000, 0x0000, 0x0000, 0x0000, 0x0000, 0x0000, 0x0000, 0x0000, 0x0000, 0x0000, 0x0000, 0x0000,
    0x0000, 0x0000, 0x0000, 0x0000, 0x0000, 0x0000, 0x0000, 0x0000, 0x0000, 0x0000, 0x0000, 0x0000,
    0x0000, 0x0000, 0x0000, 0x0000, 0x0000, 0x0000, 0x0000, 0x0000, 0x0000, 0x0000, 0x0000, 0x0000,
    0x0000, 0x0000, 0x0000, 0x0000, 0x0000, 0x0000, 0x0000, 0x0000, 0x0000, 0x0000, 0x0000, 0x0000,
    0x0000, 0x0000, 0x0000, 0x0000, 0x0000, 0x0000, 0x0000, 0x0000, 0x0000, 0x0000, 0x0000, 0x0000,
    0x0000, 0x0000, 0x0000, 0x0000, 0x0000, 0x0000, 0x0000, 0x0000, 0x0000, 0x0000, 0x0000, 0x0000,
    0x0000, 0x0000, 0x0000, 0x0000, 0x0000, 0x0000, 0x0000, 0x0000, 0x0000, 0x0000, 0x0000, 0x0000,
    0x0000, 0x0000, 0x0000, 0x0000, 0x0000, 0x0000, 0x0000, 0x0000, 0x0000, 0x0000, 0x0000, 0x0000,
    0x0000, 0x0000, 0x0000, 0x0000, 0x0000, 0x0000, 0x0000, 0x0000, 0x0000, 0x0000, 0x0000, 0x0000,
    0x0000, 0x0000, 0x0000, 0x0000, 0x0000, 0x0000, 0x0000, 0x0000, 0x0000, 0x0000, 0x0000, 0x0000,
    0x0000, 0x0000, 0x0000, 0x0000, 0x0000, 0x0000, 0x0000, 0x0000, 0x0000, 0x0000, 0x0000, 0x0000,
    0x0000, 0x0000, 0x0000, 0x0000, 0x0000, 0x0000, 0x0000, 0x0000, 0x0000, 0x0000, 0x0000, 0x0000,
    0x0000, 0x0000, 0x0000, 0x0000, 0x0000, 0x0000, 0x0000, 0x0000, 0x0000, 0x0000, 0x0000, 0x0000,
    0x0000, 0x0000, 0x0000, 0x0000, 0x0000, 0x0000, 0x0000, 0x0000, 0x0000, 0x0000, 0x0000, 0x0000,
    0x0000, 0x0000, 0x0000, 0x0000, 0x0000, 0x0000, 0x0000, 0x0000, 0x0000, 0x0000, 0x0000, 0x0000,
    0x0000, 0x0000, 0x0000, 0x0000, 0x0000, 0x0000, 0x0000, 0x0000, 0x0000, 0x0000, 0x0000, 0x0000,
    0x0000, 0x0000, 0x0000, 0x0000, 0x0000, 0x0000, 0x0000, 0x0000, 0x0000, 0x0000, 0x0000, 0x0000,
    0x0000, 0x0000, 0x0000, 0x0000, 0x0000, 0x0000, 0x0000, 0x0000, 0x0000, 0x0000, 0x0000, 0x0000,
    0x0000, 0x0000, 0x0000, 0x0000, 0x0000, 0x0000, 0x0000, 0x0000, 0x0000, 0x0000, 0x0000, 0x0000,
    0x0000, 0x0000, 0x0000, 0x0000, 0x0000, 0x0000, 0x0000, 0x0000, 0x0000, 0x0000, 0x0000, 0x0000,
    0x0000, 0x0000, 0x0000, 0x0000, 0x0000, 0x0000, 0x0000, 0x0000, 0x0000, 0x0000, 0x0000, 0x0000,
    0x0000, 0x0000, 0x0000, 0x0000, 0x0000, 0x0000, 0x0000, 0x0000, 0x0000, 0x0000, 0x0000, 0x0000,
    0x0000, 0x0000, 0x0000, 0x0000, 0x0000, 0x0000, 0x0000, 0x0000, 0x0000, 0x0000, 0x0000, 0x0000,
    0x0000, 0x0000, 0x0000, 0x0000, 0x0000, 0x0000, 0x0000, 0x0000, 0x0000, 0x0000, 0x0000, 0x0000,
    0x0000, 0x0000, 0x0000, 0x0000, 0x0000, 0x0000, 0x0000, 0x0000, 0x0000, 0x0000, 0x0000, 0x0000,
    0x0000, 0x0000, 0x0000, 0x0000, 0x0000, 0x0000, 0x0000, 0x0000, 0x0000, 0x0000, 0x0000, 0x0000,
    0x0000, 0x0000, 0x0000, 0x0000, 0x0000, 0x0000, 0x0000, 0x0000, 0x0000, 0x0000, 0x0000, 0x0000,
    0x0000, 0x0000, 0x0000, 0x0000, 0x0000, 0x0000, 0x0000, 0x0000, 0x0000, 0x0000, 0x0000, 0x0000,
    0x0000, 0x0000, 0x0000, 0x0000, 0x0000, 0x0000, 0x0000, 0x0000, 0x0000, 0x0000, 0x0000, 0x0000,
    0x0000, 0x0000, 0x0000, 0x0000, 0x0000, 0x0000, 0x0000, 0x0000, 0x0000, 0x0000, 0x0000, 0x0000,
    0x0000, 0x0000, 0x0000, 0x0000, 0x0000, 0x0000, 0x0000, 0x0000, 0x0000, 0x0000, 0x0000, 0x0000,
    0x0000, 0x0000, 0x0000, 0x0000, 0x0000, 0x0000, 0x0000, 0x0000, 0x0000, 0x0000, 0x0000, 0x0000,
    0x0000, 0x0000, 0x0000, 0x0000, 0x0000, 0x0000, 0x0000, 0x0000, 0x0000, 0x0000, 0x0000, 0x0000,
    0x0000, 0x0000, 0x0000, 0x0000, 0x0000, 0x0000, 0x0000, 0x0000, 0x0000, 0x0000, 0x0000, 0x0000,
    0x0000, 0x0000, 0x0000, 0x0000, 0x0000, 0x0000, 0x0000, 0x0000, 0x0000, 0x0000, 0x0000, 0x0000,
    0x0000, 0x0000, 0x0000, 0x0000, 0x0000, 0x0000, 0x0000, 0x0000, 0x0000, 0x0000, 0x0000, 0x0000,
    0x0000, 0x0000, 0x0000, 0x0000, 0x0000, 0x0000, 0x0000, 0x0000, 0x0000, 0x0000, 0x0000, 0x0000,
    0x0000, 0x0000, 0x0000, 0x0000, 0x0000, 0x0000, 0x0000, 0x0000, 0x0000, 0x0000, 0x0000, 0x0000,
    0x0000, 0x0000, 0x0000, 0x0000, 0x0000, 0x0000, 0x0000, 0x0000, 0x0000, 0x0000, 0x0000, 0x0000,
    0x0000, 0x0000, 0x0000, 0x0000, 0x0000, 0x0000, 0x0000, 0x0000, 0x0000, 0x0000, 0x0000, 0x0000,
    0x0000, 0x0000, 0x0000, 0x0000, 0x0000, 0x0000, 0x0000, 0x0000, 0x0000, 0x0000, 0x0000, 0x0000,
    0x0000, 0x0000, 0x0000, 0x0000, 0x0000, 0x0000, 0x0000, 0x0000, 0x0000, 0x0000, 0x0000, 0x0000,
    0x0000, 0x0000, 0x0000, 0x0000, 0x0000, 0x0000, 0x0000, 0x0000, 0x0000, 0x0000, 0x0000, 0x0000,
    0x0000, 0x0000, 0x0000, 0x0000, 0x0000, 0x0000, 0x0000, 0x0000, 0x0000, 0x0000, 0x0000, 0x0000,
    0x0000, 0x0000, 0x0000, 0x0000, 0x0000, 0x0000, 0x0000, 0x0000, 0x0000, 0x0000, 0x0000, 0x0000,
    0x0000, 0x0000, 0x0000, 0x0000, 0x0000, 0x0000, 0x0000, 0x0000, 0x0000, 0x0000, 0x0000, 0x0000,
    0x0000, 0x0000, 0x0000, 0x0000, 0x0000, 0x0000, 0x0000, 0x0000, 0x0000, 0x0000, 0x0000, 0x0000,
    0x0000, 0x0000, 0x0000, 0x0000, 0x0000, 0x0000, 0x0000, 0x0000, 0x0000, 0x0000, 0x0000, 0x0000,
    0x0000, 0x0000, 0x0000, 0x0000, 0x0000, 0x0000, 0x0000, 0x0000, 0x0000, 0x0000, 0x0000, 0x0000,
    0x0000, 0x0000, 0x0000, 0x0000, 0x0000, 0x0000, 0x0000, 0x0000, 0x0000, 0x0000, 0x0000, 0x0000,
    0x0000, 0x0000, 0x0000, 0x0000, 0x0000, 0x0000, 0x0000, 0x0000, 0x0000, 0x0000, 0x0000, 0x0000,
    0x0000, 0x0000, 0x0000, 0x0000, 0x0000, 0x0000, 0x0000, 0x0000, 0x0000, 0x0000, 0x0000, 0x0000,
    0x0000, 0x0000, 0x0000, 0x0000, 0x0000, 0x0000, 0x0000, 0x0000, 0x0000, 0x0000, 0x0000, 0x0000,
    0x0000, 0x0000, 0x0000, 0x0000, 0x0000, 0x0000, 0x0000, 0x0000, 0x0000, 0x0000, 0x0000, 0x0000,
    0x0000, 0x0000, 0x0000, 0x0000, 0x0000, 0x0000, 0x0000, 0x0000, 0x0000, 0x0000, 0x0000, 0x0000,
    0x0000, 0x0000, 0x0000, 0x0000, 0x0000, 0x0000, 0x0000, 0x0000, 0x0000, 0x0000, 0x0000, 0x0000,
    0x0000, 0x0000, 0x0000, 0x0000, 0x0000, 0x0000, 0x0000, 0x0000, 0x0000, 0x0000, 0x0000, 0x0000,
    0x0000, 0x0000, 0x0000, 0x0000, 0x0000, 0x0000, 0x0000, 0x0000, 0x0000, 0x0000, 0x0000, 0x0000,
    0x0000, 0x0000, 0x0000, 0x0000, 0x0000, 0x0000, 0x0000, 0x0000, 0x0000, 0x0000, 0x0000, 0x0000,
    0x0000, 0x0000, 0x0000, 0x0000, 0x0000, 0x0000, 0x0000, 0x0000, 0x0000, 0x0000, 0x0000, 0x0000,
    0x0000, 0x0000, 0x0000, 0x0000, 0x0000, 0x0000, 0x0000, 0x0000, 0x0000, 0x0000, 0x0000, 0x0000,
    0x0000, 0x0000, 0x0000, 0x0000, 0x0000, 0x0000, 0x0000, 0x0000, 0x0000, 0x0000, 0x0000, 0x0000,
    0x0000, 0x0000, 0x0000, 0x0000, 0x0000, 0x0000, 0x0000, 0x0000, 0x0000, 0x0000, 0x0000, 0x0000,
    0x0000, 0x0000, 0x0000, 0x0000, 0x0000, 0x0000, 0x0000, 0x0000, 0x0000, 0x0000, 0x0000, 0x0000,
    0x0000, 0x0000, 0x0000, 0x0000, 0x0000, 0x0000, 0x0000, 0x0000, 0x0000, 0x0000, 0x0000, 0x0000,
    0x0000, 0x0000, 0x0000, 0x0000, 0x0000, 0x0000, 0x0000, 0x0000, 0x0000, 0x0000, 0x0000, 0x0000,
    0x0000, 0x0000, 0x0000, 0x0000, 0x0000, 0x0000, 0x0000, 0x0000, 0x0000, 0x0000, 0x0000, 0x0000,
    0x0000, 0x0000, 0x0000, 0x0000, 0x0000, 0x0000, 0x0000, 0x0000, 0x0000, 0x0000, 0x0000, 0x0000,
    0x0000, 0x0000, 0x0000, 0x0000, 0x0000, 0x0000, 0x0000, 0x0000, 0x0000, 0x0000, 0x0000, 0x0000,
    0x0000, 0x0000, 0x0000, 0x0000, 0x0000, 0x0000, 0x0000, 0x0000, 0x0000, 0x0000, 0x0000, 0x0000,
    0x0000, 0x0000, 0x0000, 0x0000, 0x0000, 0x0000, 0x0000, 0x0000, 0x0000, 0x0000, 0x0000, 0x0000,
    0x0000, 0x0000, 0x0000, 0x0000, 0x0000, 0x0000, 0x0000, 0x0000, 0x0000, 0x0000, 0x0000, 0x0000,
    0x0000, 0x0000, 0x0000, 0x0000, 0x0000, 0x0000, 0x0000, 0x0000, 0x0000, 0x0000, 0x0000, 0x0000,
    0x0000, 0x0000, 0x0000, 0x0000, 0x0000, 0x0000, 0x0000, 0x0000, 0x0000, 0x0000, 0x0000, 0x0000,
    0x0000, 0x0000, 0x0000, 0x0000, 0x0000, 0x0000, 0x0000, 0x0000, 0x0000, 0x0000, 0x0000, 0x0000,
    0x0000, 0x0000, 0x0000, 0x0000, 0x0000, 0x0000, 0x0000, 0x0000, 0x0000, 0x0000, 0x0000, 0x0000,
    0x0000, 0x0000, 0x0000, 0x0000, 0x0000, 0x0000, 0x0000, 0x0000, 0x0000, 0x0000, 0x0000, 0x0000,
    0x0000, 0x0000, 0x0000, 0x0000, 0x0000, 0x0000, 0x0000, 0x0000, 0x0000, 0x0000, 0x0000, 0x0000,
    0x0000, 0x0000, 0x0000, 0x0000, 0x0000, 0x0000, 0x0000, 0x0000, 0x0000, 0x0000, 0x0000, 0x0000,
    0x0000, 0x0000, 0x0000, 0x0000, 0x0000, 0x0000, 0x0000, 0x0000, 0x0000, 0x0000, 0x0000, 0x0000,
    0x0000, 0x0000, 0x0000, 0x0000, 0x0000, 0x0000, 0x0000, 0x0000, 0x0000, 0x0000, 0x0000, 0x0000,
    0x0000, 0x0000, 0x0000, 0x0000, 0x0000, 0x0000, 0x0000, 0x0000, 0x0000, 0x0000, 0x0000, 0x0000,
    0x0000, 0x0000, 0x0000, 0x0000, 0x0000, 0x0000, 0x0000, 0x0000, 0x0000, 0x0000, 0x0000, 0x0000,
    0x0000, 0x0000, 0x0000, 0x0000, 0x0000, 0x0000, 0x0000, 0x0000, 0x0000, 0x0000, 0x0000, 0x0000,
    0x0000, 0x0000, 0x0000, 0x0000, 0x0000, 0x0000, 0x0000, 0x0000, 0x0000, 0x0000, 0x0000, 0x0000,
    0x0000, 0x0000, 0x0000, 0x0000, 0x0000, 0x0000, 0x0000, 0x0000, 0x0000, 0x0000, 0x0000, 0x0000,
    0x0000, 0x0000, 0x0000, 0x0000, 0x0000, 0x0000, 0x0000, 0x0000, 0x0000, 0x0000, 0x0000, 0x0000,
    0x0000, 0x0000, 0x0000, 0x0000, 0x0000, 0x0000, 0x0000, 0x0000, 0x0000, 0x0000, 0x0000, 0x0000,
    0x0000, 0x0000, 0x0000, 0x0000, 0x0000, 0x0000, 0x0000, 0x0000, 0x0000, 0x0000, 0x0000, 0x0000,
    0x0000, 0x0000, 0x0000, 0x0000, 0x0000, 0x0000, 0x0000, 0x0000, 0x0000, 0x0000, 0x0000, 0x0000,
    0x0000, 0x0000, 0x0000, 0x0000, 0x0000, 0x0000, 0x0000, 0x0000, 0x0000, 0x0000, 0x2100, 0x6208,
    0x6208, 0x6200, 0x6200, 0x2100, 0x0000, 0x0000, 0x0000, 0x0000, 0x0000, 0x0000, 0x0000, 0x0000,
    0x0000, 0x0000, 0x0000, 0x0000, 0x0000, 0x0000, 0x0000, 0x0000, 0x0000, 0x0000, 0x0000, 0x0000,
    0x0000, 0x0000, 0x0000, 0x0000, 0x0000, 0x0000, 0x0000, 0x0000, 0x0000, 0x0000, 0x0000, 0x0000,
    0x0000, 0x0000, 0x0000, 0x0000, 0x0000, 0x0000, 0x0000, 0x0000, 0x0000, 0x0000, 0x0000, 0x0000,
    0x0000, 0x0000, 0x0000, 0x0000, 0x0000, 0x0000, 0x0000, 0x0000, 0x0000, 0x0000, 0x0000, 0x0000,
    0x0000, 0x0000, 0x0000, 0x0000, 0x0000, 0x0000, 0x0000, 0x0000, 0x0000, 0x0000, 0x0000, 0x0000,
    0x0000, 0x0000, 0x0000, 0x0000, 0x0000, 0x0000, 0x0000, 0x0000, 0x0000, 0x0000, 0x0000, 0x0000,
    0x0000, 0x0000, 0x0000, 0x0000, 0x0000, 0x0000, 0x0000, 0x0000, 0x0000, 0x2100, 0x8208, 0x0A5B,
    0xAC73, 0xCD73, 0xCA5A, 0xA310, 0x4200, 0x0100, 0x0000, 0x0000, 0x0000, 0x0000, 0x0000, 0x0000,
    0x0000, 0x0000, 0x0000, 0x0000, 0x0000, 0x0000, 0x0000, 0x0000, 0x0000, 0x0000, 0x0000, 0x0000,
    0x0000, 0x0000, 0x0000, 0x0000, 0x0000, 0x0000, 0x0000, 0x0000, 0x0000, 0x0000, 0x0000, 0x0000,
    0x0000, 0x0000, 0x0000, 0x0000, 0x0000, 0x0000, 0x0000, 0x0000, 0x0000, 0x0000, 0x0000, 0x0000,
    0x0000, 0x0000, 0x0000, 0x0000, 0x0000, 0x0000, 0x0000, 0x0000, 0x0000, 0x0000, 0x0000, 0x0000,
    0x0000, 0x0000, 0x0000, 0x0000, 0x0000, 0x0000, 0x0000, 0x0000, 0x0000, 0x0000, 0x0000, 0x0000,
    0x0000, 0x0000, 0x0000, 0x0000, 0x0000, 0x0000, 0x0000, 0x0000, 0x0000, 0x0000, 0x0000, 0x0000,
    0x0000, 0x0000, 0x0000, 0x0000, 0x0000, 0x0000, 0x8308, 0xA208, 0xA210, 0xA631, 0x4B6B, 0x91B5,
    0x13C6, 0x13C6, 0xB2BD, 0xED7B, 0xC631, 0x2421, 0x2521, 0x0000, 0x0000, 0x0000, 0x0000, 0x0000,
    0x0000, 0x0000, 0x0000, 0x0000, 0x0000, 0x0000, 0x0000, 0x0000, 0x0000, 0x0000, 0x0000, 0x0000,
    0x0000, 0x0000, 0x0000, 0x0000, 0x0000, 0x0000, 0x0000, 0x0000, 0x0000, 0x0000, 0x0000, 0x0000,
    0x0000, 0x0000, 0x0000, 0x0000, 0x0000, 0x0000, 0x0000, 0x0000, 0x0000, 0x0000, 0x0000, 0x0000,
    0x0000, 0x0000, 0x0000, 0x0000, 0x0000, 0x0000, 0x0000, 0x0000, 0x0000, 0x0000, 0x0000, 0x0000,
    0x0000, 0x0000, 0x0000, 0x0000, 0x0000, 0x0000, 0x0000, 0x0000, 0x0000, 0x0000, 0x0000, 0x0000,
    0x0000, 0x0000, 0x0000, 0x0000, 0x0000, 0x0000, 0x0000, 0x0000, 0x0000, 0x0000, 0x0000, 0x0000,
    0x0000, 0x0000, 0x0000, 0x2100, 0xA308, 0x6200, 0xC631, 0xEB83, 0x8C9C, 0x2B8C, 0x92B5, 0x96CE,
    0xD8CE, 0xF8D6, 0xB7CE, 0xD4B5, 0xAE9C, 0x4C94, 0xCB83, 0x2321, 0xA308, 0xC408, 0x4100, 0x0000,
    0x0000, 0x0000, 0x0000, 0x0000, 0x0000, 0x0000, 0x0000, 0x0000, 0x0000, 0x0000, 0x0000, 0x0000,
    0x0000, 0x0000, 0x0000, 0x0000, 0x0000, 0x0000, 0x0000, 0x0000, 0x0000, 0x0000, 0x0000, 0x0000,
    0x0000, 0x0000, 0x0000, 0x0000, 0x0000, 0x0000, 0x0000, 0x0000, 0x0000, 0x0000, 0x0000, 0x0000,
    0x0000, 0x0000, 0x0000, 0x0000, 0x0000, 0x0000, 0x0000, 0x0000, 0x0000, 0x0000, 0x0000, 0x0000,
    0x0000, 0x0000, 0x0000, 0x0000, 0x0000, 0x0000, 0x0000, 0x0000, 0x0000, 0x0000, 0x0000, 0x0000,
    0x0000, 0x0000, 0x0000, 0x0000, 0x0000, 0x0000, 0x0000, 0x0000, 0x0000, 0x0000, 0x0000, 0x0000,
    0x0000, 0x6208, 0x8308, 0xE508, 0x4611, 0x6521, 0xCB83, 0xD1C5, 0xB1B5, 0x30A5, 0xD3AD, 0xB8C6,
    0x7BDF, 0x7BDF, 0xD9CE, 0x93A5, 0x51A5, 0x54C6, 0x90B5, 0x2C8C, 0xE729, 0xC821, 0xC408, 0x8208,
    0x0000, 0x0000, 0x0000, 0x0000, 0x0000, 0x0000, 0x0000, 0x0000, 0x0000, 0x0000, 0x0000, 0x0000,
    0x0000, 0x0000, 0x0000, 0x0000, 0x0000, 0x0000, 0x0000, 0x0000, 0x0000, 0x0000, 0x0000, 0x0000,
    0x0000, 0x0000, 0x0000, 0x0000, 0x0000, 0x0000, 0x0000, 0x0000, 0x0000, 0x0000, 0x0000, 0x0000,
    0x0000, 0x0000, 0x0000, 0x0000, 0x0000, 0x0000, 0x0000, 0x0000, 0x0000, 0x0000, 0x0000, 0x0000,
    0x0000, 0x0000, 0x0000, 0x0000, 0x0000, 0x0000, 0x0000, 0x0000, 0x0000, 0x0000, 0x0000, 0x0000,
    0x0000, 0x0000, 0x0000, 0x0000, 0x0000, 0x0000, 0x0000, 0x0000, 0x0000, 0x0000, 0x0000, 0x8308,
    0x8408, 0x6719, 0xAB2A, 0x0C33, 0xEA3A, 0x4C8C, 0x70B5, 0x55BE, 0xF8CE, 0x729D, 0xB3A5, 0xB7C6,
    0x3AD7, 0x5AD7, 0x97BE, 0x939D, 0x93A5, 0x19CF, 0x97C6, 0xCD9C, 0x2B8C, 0x2A53, 0x2922, 0x6A2A,
    0x0511, 0x8308, 0x6200, 0x0000, 0x0000, 0x0000, 0x0000, 0x0000, 0x0000, 0x0000, 0x0000, 0x0000,
    0x0000, 0x0000, 0x0000, 0x0000, 0x0000, 0x0000, 0x0000, 0x0000, 0x0000, 0x0000, 0x0000, 0x0000,
    0x0000, 0x0000, 0x0000, 0x0000, 0x0000, 0x0000, 0x0000, 0x0000, 0x0000, 0x0000, 0x0000, 0x0000,
    0x0000, 0x0000, 0x0000, 0x0000, 0x0000, 0x0000, 0x0000, 0x0000, 0x0000, 0x0000, 0x0000, 0x0000,
    0x0000, 0x0000, 0x0000, 0x0000, 0x0000, 0x0000, 0x0000, 0x0000, 0x0000, 0x0000, 0x0000, 0x0000,
    0x0000, 0x0000, 0x0000, 0x0000, 0x0000, 0x0000, 0x0000, 0x0000, 0x0000, 0x2100, 0x6200, 0x2611,
    0xAC32, 0x2C33, 0x2F44, 0x6C33, 0x4D7C, 0x91BD, 0x71AD, 0x97C6, 0xF9CE, 0x7295, 0x9395, 0x56B6,
    0x39CF, 0x39CF, 0x76B6, 0x118D, 0xB39D, 0xF9CE, 0x56BE, 0x71A5, 0x8FBD, 0xAA73, 0x0B33, 0xAE43,
    0x6A2A, 0xC819, 0x8819, 0xA308, 0x0000, 0x0000, 0x0000, 0x0000, 0x0000, 0x0000, 0x0000, 0x0000,
    0x0000, 0x0000, 0x0000, 0x0000, 0x0000, 0x0000, 0x0000, 0x0000, 0x0000, 0x0000, 0x0000, 0x0000,
    0x0000, 0x0000, 0x0000, 0x0000, 0x0000, 0x0000, 0x0000, 0x0000, 0x0000, 0x0000, 0x0000, 0x0000,
    0x0000, 0x0000, 0x0000, 0x0000, 0x0000, 0x0000, 0x0000, 0x0000, 0x0000, 0x0000, 0x0000, 0x0000,
    0x0000, 0x0000, 0x0000, 0x0000, 0x0000, 0x0000, 0x0000, 0x0000, 0x0000, 0x0000, 0x0000, 0x0000,
    0x0000, 0x0000, 0x0000, 0x0000, 0x0000, 0x0000, 0x0000, 0x2100, 0x2100, 0x8308, 0x492A, 0x2C33,
    0xEE3B, 0x0F3C, 0x8D3B, 0xAB63, 0x0FAD, 0x92B5, 0xB4AD, 0x77BE, 0x1AD7, 0xD4A5, 0x5295, 0x36B6,
    0x39CF, 0x19CF, 0x76B6, 0x118D, 0x15AE, 0xF8C6, 0x56BE, 0x729D, 0xB2B5, 0x71AD, 0x6B5B, 0x2B33,
    0xEE3B, 0xCE3B, 0xCC2A, 0x6719, 0x6208, 0x4100, 0x4100, 0x0000, 0x0000, 0x0000, 0x0000, 0x0000,
    0x0000, 0x0000, 0x0000, 0x0000, 0x0000, 0x0000, 0x0000, 0x0000, 0x0000, 0x0000, 0x0000, 0x0000,
    0x0000, 0x0000, 0x0000, 0x0000, 0x0000, 0x0000, 0x0000, 0x0000, 0x0000, 0x0000, 0x0000, 0x0000,
    0x0000, 0x0000, 0x0000, 0x0000, 0x0000, 0x0000, 0x0000, 0x0000, 0x0000, 0x0000, 0x0000, 0x0000,
    0x0000, 0x0000, 0x0000, 0x0000, 0x0000, 0x0000, 0x0000, 0x0000, 0x0000, 0x0000, 0x0000, 0x0000,
    0x0000, 0x0000, 0x0000, 0x0000, 0x0000, 0x0000, 0xA308, 0x8300, 0xA408, 0x8300, 0x0822, 0xCE43,
    0xEE3B, 0xEE3B, 0x0B33, 0xEC73, 0x54C6, 0x77C6, 0x739D, 0x77BE, 0x1AD7, 0xB7BE, 0x739D, 0x36B6,
    0x3AD7, 0x39CF, 0x56B6, 0x118D, 0x76B6, 0xF8C6, 0x57BE, 0x739D, 0x97C6, 0x75C6, 0xEC73, 0xA92A,
    0x2F3C, 0x2F3C, 0x0C33, 0xC819, 0x0509, 0xE508, 0xC408, 0x6200, 0x0000, 0x0000, 0x0000, 0x0000,
    0x0000, 0x0000, 0x0000, 0x0000, 0x0000, 0x0000, 0x0000, 0x0000, 0x0000, 0x0000, 0x0000, 0x0000,
    0x0000, 0x0000, 0x0000, 0x0000, 0x0000, 0x0000, 0x0000, 0x0000, 0x0000, 0x0000, 0x0000, 0x0000,
    0x0000, 0x0000, 0x0000, 0x0000, 0x0000, 0x0000, 0x0000, 0x0000, 0x0000, 0x0000, 0x0000, 0x0000,
    0x0000, 0x0000, 0x0000, 0x0000, 0x0000, 0x0000, 0x0000, 0x0000, 0x0000, 0x0000, 0x0000, 0x0000,
    0x0000, 0x0000, 0x0000, 0x0000, 0x2100, 0x6200, 0x2832, 0x138D, 0xF28C, 0x3395, 0x0F6C, 0xEB3A,
    0x8A22, 0xAF3B, 0xCB2A, 0xCB6B, 0x55C6, 0x3AD7, 0xB4A5, 0x16AE, 0x3AD7, 0xD8C6, 0x939D, 0xB4A5,
    0x56BE, 0x56BE, 0xF5AD, 0x328D, 0x97BE, 0xD8C6, 0xD4A5, 0x16B6, 0x5BDF, 0x56BE, 0xCC6B, 0x692A,
    0xAE43, 0x0B33, 0xEB3A, 0x716C, 0x348D, 0x138D, 0xB27C, 0x8721, 0x2100, 0x0000, 0x0000, 0x0000,
    0x0000, 0x0000, 0x0000, 0x0000, 0x0000, 0x0000, 0x0000, 0x0000, 0x0000, 0x0000, 0x0000, 0x0000,
    0x0000, 0x0000, 0x0000, 0x0000, 0x0000, 0x0000, 0x0000, 0x0000, 0x0000, 0x0000, 0x0000, 0x0000,
    0x0000, 0x0000, 0x0000, 0x0000, 0x0000, 0x0000, 0x0000, 0x0000, 0x0000, 0x0000, 0x0000, 0x0000,
    0x0000, 0x0000, 0x0000, 0x0000, 0x0000, 0x0000, 0x0000, 0x0000, 0x0000, 0x0000, 0x0000, 0x0000,
    0x0000, 0x0000, 0x0000, 0x0000, 0xA410, 0x8A42, 0x16AE, 0x5ACF, 0xBCDF, 0x9BD7, 0x9BD7, 0x78B6,
    0x2D4B, 0x6A2A, 0x492A, 0x6A6B, 0x34BE, 0x19CF, 0xF5AD, 0x5295, 0x98C6, 0xD8CE, 0x3295, 0x94A5,
    0xF5B5, 0xF5B5, 0xD4AD, 0x1295, 0x77BE, 0x56BE, 0x5395, 0x77BE, 0x3AD7, 0x56BE, 0xEC73, 0x4832,
    0x8A32, 0x8D53, 0xF6A5, 0x7BCF, 0x7BCF, 0x7BCF, 0x1AC7, 0x7595, 0xE829, 0x2100, 0x0000, 0x0000,
    0x0000, 0x0000, 0x0000, 0x0000, 0x0000, 0x0000, 0x0000, 0x0000, 0x0000, 0x0000, 0x0000, 0x0000,
    0x0000, 0x0000, 0x0000, 0x0000, 0x0000, 0x0000, 0x0000, 0x0000, 0x0000, 0x0000, 0x0000, 0x0000,
    0x0000, 0x0000, 0x0000, 0x0000, 0x0000, 0x0000, 0x0000, 0x0000, 0x0000, 0x0000, 0x0000, 0x0000,
    0x0000, 0x0000, 0x0000, 0x0000, 0x0000, 0x0000, 0x0000, 0x0000, 0x0000, 0x0000, 0x0000, 0x0000,
    0x0000, 0x0000, 0x2100, 0x8308, 0xC829, 0xD5A5, 0x39CF, 0xF9BE, 0xD595, 0x948D, 0xB58D, 0x3ABF,
    0x37A6, 0x2B4B, 0x0A53, 0x2C84, 0x93A5, 0x97BE, 0x36B6, 0x5395, 0x16B6, 0x36BE, 0xB4A5, 0x539D,
    0xF6B5, 0xF6B5, 0x74A5, 0xB4A5, 0x36BE, 0xD5AD, 0x739D, 0xB8C6, 0xD9CE, 0x739D, 0xAE8C, 0x4A63,
    0xA93A, 0x169E, 0x369E, 0x7485, 0x179E, 0xF695, 0x98AE, 0x5BC7, 0x138D, 0x6621, 0x2100, 0x0000,
    0x0000, 0x0000, 0x0000, 0x0000, 0x0000, 0x0000, 0x0000, 0x0000, 0x0000, 0x0000, 0x0000, 0x0000,
    0x0000, 0x0000, 0x0000, 0x0000, 0x0000, 0x0000, 0x0000, 0x0000, 0x0000, 0x0000, 0x0000, 0x0000,
    0x0000, 0x0000, 0x0000, 0x0000, 0x0000, 0x0000, 0x0000, 0x0000, 0x0000, 0x0000, 0x0000, 0x0000,
    0x0000, 0x0000, 0x0000, 0x0000, 0x0000, 0x0000, 0x0000, 0x0000, 0x0000, 0x0000, 0x0000, 0x0000,
    0x0000, 0x0000, 0x8308, 0x2611, 0xAA3A, 0xF9C6, 0xB8BE, 0xB595, 0x5064, 0x515C, 0xB264, 0xD58D,
    0xF9B6, 0xEE63, 0x4A63, 0x71A5, 0x539D, 0x5395, 0x37B6, 0xD5AD, 0x5395, 0xF6B5, 0xF6B5, 0x129D,
    0xD5B5, 0xD5B5, 0x329D, 0xD5AD, 0x16BE, 0x539D, 0xD5AD, 0x57BE, 0x539D, 0x3295, 0x71A5, 0xEC7B,
    0x8C53, 0xD58D, 0xD68D, 0xB264, 0xF04B, 0x1054, 0x7585, 0x98AE, 0xD9B6, 0x0C43, 0xC408, 0x0000,
    0x0000, 0x0000, 0x0000, 0x0000, 0x0000, 0x0000, 0x0000, 0x0000, 0x0000, 0x0000, 0x0000, 0x0000,
    0x0000, 0x0000, 0x0000, 0x0000, 0x0000, 0x0000, 0x0000, 0x0000, 0x0000, 0x0000, 0x0000, 0x0000,
    0x0000, 0x0000, 0x0000, 0x0000, 0x0000, 0x0000, 0x0000, 0x0000, 0x0000, 0x0000, 0x0000, 0x0000,
    0x0000, 0x0000, 0x0000, 0x0000, 0x0000, 0x0000, 0x0000, 0x0000, 0x0000, 0x0000, 0x2000, 0x4100,
    0x2100, 0xA308, 0xC719, 0x2609, 0xCA3A, 0xD8BE, 0x169E, 0x916C, 0x17A6, 0x7585, 0x9264, 0x9164,
    0xD58D, 0xCE5B, 0xC952, 0x119D, 0xD4A5, 0xF28C, 0x749D, 0x37B6, 0x539D, 0x94A5, 0x16B6, 0x3295,
    0xD5B5, 0xD5B5, 0x339D, 0xF6B5, 0xB5AD, 0x74A5, 0x57BE, 0x94A5, 0x1295, 0xB4A5, 0x319D, 0x095B,
    0x0F5C, 0x3475, 0xD36C, 0x9264, 0xD68D, 0x1796, 0xCE4B, 0x1696, 0xB8B6, 0x2D43, 0xA819, 0x2619,
    0x6208, 0x2100, 0x2000, 0x0000, 0x0000, 0x0000, 0x0000, 0x0000, 0x0000, 0x0000, 0x0000, 0x0000,
    0x0000, 0x0000, 0x0000, 0x0000, 0x0000, 0x0000, 0x0000, 0x0000, 0x0000, 0x0000, 0x0000, 0x0000,
    0x0000, 0x0000, 0x0000, 0x0000, 0x0000, 0x0000, 0x0000, 0x0000, 0x0000, 0x0000, 0x0000, 0x0000,
    0x0000, 0x0000, 0x0000, 0x0000, 0x0000, 0x0000, 0x0000, 0x0000, 0x0000, 0x2100, 0x8308, 0x6308,
    0x8308, 0xA719, 0xCA2A, 0x4922, 0x0C3B, 0xF9B6, 0xD48D, 0x5385, 0x7CCF, 0xD274, 0xB26C, 0x715C,
    0x3054, 0x5064, 0x693A, 0x6B63, 0x73A5, 0xD5A5, 0xF28C, 0x94A5, 0x16B6, 0x1295, 0x749D, 0x339D,
    0xD5AD, 0xD5AD, 0x539D, 0x94A5, 0x339D, 0x37BE, 0xB4A5, 0x3395, 0xF5AD, 0x93A5, 0x2D7C, 0x8942,
    0x5264, 0x1154, 0xCF4B, 0x105C, 0x5485, 0xD8AE, 0x9485, 0x57A6, 0x57A6, 0x2D43, 0xE921, 0x0611,
    0x0511, 0xE510, 0xA308, 0x0000, 0x0000, 0x0000, 0x0000, 0x0000, 0x0000, 0x0000, 0x0000, 0x0000,
    0x0000, 0x0000, 0x0000, 0x0000, 0x0000, 0x0000, 0x0000, 0x0000, 0x0000, 0x0000, 0x0000, 0x0000,
    0x0000, 0x0000, 0x0000, 0x0000, 0x0000, 0x0000, 0x0000, 0x0000, 0x0000, 0x0000, 0x0000, 0x0000,
    0x0000, 0x0000, 0x0000, 0x0000, 0x0000, 0x0000, 0x0000, 0x0000, 0x2100, 0x8308, 0x4621, 0xF28C,
    0x949D, 0x948D, 0xCD53, 0x6922, 0xCB32, 0x5385, 0x97A6, 0xF9B6, 0x169E, 0x4D43, 0x305C, 0x757D,
    0x9264, 0x5164, 0x6E4B, 0x483A, 0xCD73, 0xD4AD, 0xD5A5, 0x128D, 0xD5AD, 0x949D, 0xD184, 0x1395,
    0xD5AD, 0xB5AD, 0x1295, 0xD184, 0xD5AD, 0xD5A5, 0xF28C, 0x94A5, 0xB4AD, 0x8F8C, 0xA94A, 0x4932,
    0xF053, 0x7264, 0x958D, 0x726C, 0x115C, 0x57A6, 0x3ABF, 0x78A6, 0x1064, 0xE929, 0x082A, 0x917C,
    0x7495, 0x9595, 0xCB42, 0x6200, 0x0000, 0x0000, 0x0000, 0x0000, 0x0000, 0x0000, 0x0000, 0x0000,
    0x0000, 0x0000, 0x0000, 0x0000, 0x0000, 0x0000, 0x0000, 0x0000, 0x0000, 0x0000, 0x0000, 0x0000,
    0x0000, 0x0000, 0x0000, 0x0000, 0x0000, 0x0000, 0x0000, 0x0000, 0x0000, 0x0000, 0x0000, 0x0000,
    0x0000, 0x0000, 0x0000, 0x0000, 0x0000, 0x0000, 0x0000, 0x0000, 0xC410, 0x6A3A, 0x0F6C, 0x3ACF,
    0xF9BE, 0x5AC7, 0x77AE, 0xAE53, 0x6611, 0xE821, 0x3064, 0xF374, 0x7164, 0xCF4B, 0xF04B, 0xB685,
    0x9264, 0xB26C, 0x958D, 0xCE63, 0x4842, 0xED7B, 0x529D, 0xD5AD, 0xF28C, 0x5395, 0x5495, 0x306C,
    0xB17C, 0x9174, 0x7074, 0x7495, 0xF5AD, 0xF18C, 0x949D, 0x539D, 0xAC73, 0xA84A, 0xAD5B, 0x7595,
    0x726C, 0xD374, 0x179E, 0xCF5B, 0x4E43, 0xF05B, 0x916C, 0xCF5B, 0xA719, 0x8A3A, 0xB59D, 0x98B6,
    0xF9BE, 0x19BF, 0x78B6, 0x8A42, 0x4100, 0x0000, 0x0000, 0x0000, 0x0000, 0x0000, 0x0000, 0x0000,
    0x0000, 0x0000, 0x0000, 0x0000, 0x0000, 0x0000, 0x0000, 0x0000, 0x0000, 0x0000, 0x0000, 0x0000,
    0x0000, 0x0000, 0x0000, 0x0000, 0x0000, 0x0000, 0x0000, 0x0000, 0x0000, 0x0000, 0x0000, 0x0000,
    0x0000, 0x0000, 0x0000, 0x0000, 0x0000, 0x0000, 0x0000, 0x0000, 0xC408, 0x538D, 0xD8B6, 0x127D,
    0x9164, 0x537D, 0x98AE, 0x98B6, 0x506C, 0x2C4B, 0xAC3A, 0x2D3B, 0x4E3B, 0x557D, 0xD364, 0x3375,
    0x515C, 0xD68D, 0x78A6, 0x548D, 0xAE63, 0x6842, 0x894A, 0x0F74, 0x959D, 0x138D, 0x716C, 0xB274,
    0xB695, 0xD695, 0xF27C, 0xF284, 0xB17C, 0x949D, 0x908C, 0xA94A, 0x683A, 0x8E5B, 0x548D, 0x37A6,
    0x3485, 0x526C, 0x3485, 0x5164, 0x115C, 0x8F53, 0xAF53, 0x8B32, 0x8E53, 0xD59D, 0x98AE, 0x7485,
    0xF274, 0x7485, 0x1AC7, 0x4C53, 0x4200, 0x0000, 0x0000, 0x0000, 0x0000, 0x0000, 0x0000, 0x0000,
    0x0000, 0x0000, 0x0000, 0x0000, 0x0000, 0x0000, 0x0000, 0x0000, 0x0000, 0x0000, 0x0000, 0x0000,
    0x0000, 0x0000, 0x0000, 0x0000, 0x0000, 0x0000, 0x0000, 0x0000, 0x0000, 0x0000, 0x0000, 0x0000,
    0x0000, 0x0000, 0x0000, 0x0000, 0x0000, 0x0000, 0x0000, 0x6208, 0xE410, 0x538D, 0x76A6, 0x9064,
    0x7164, 0x3054, 0x547D, 0xB8B6, 0x98AE, 0x305C, 0xAF53, 0x1054, 0xAF4B, 0x1054, 0x547D, 0x3475,
    0xEF4B, 0x547D, 0x9585, 0x5485, 0x0F64, 0xAA4A, 0xC731, 0x0832, 0xEF6B, 0x5174, 0x7174, 0x17A6,
    0xB8B6, 0xB8B6, 0x36A6, 0x3385, 0x707C, 0x8C5B, 0xA94A, 0x0732, 0x4932, 0x6E4B, 0xD274, 0xF79D,
    0xD374, 0x6E43, 0xD36C, 0x347D, 0x105C, 0xCF53, 0xAF53, 0x4E43, 0xB26C, 0x169E, 0xF595, 0x7164,
    0x0F54, 0xF274, 0x1AC7, 0x2C4B, 0x6200, 0x0000, 0x0000, 0x0000, 0x0000, 0x0000, 0x0000, 0x0000,
    0x0000, 0x0000, 0x0000, 0x0000, 0x0000, 0x0000, 0x0000, 0x0000, 0x0000, 0x0000, 0x0000, 0x0000,
    0x0000, 0x0000, 0x0000, 0x0000, 0x0000, 0x0000, 0x0000, 0x0000, 0x0000, 0x0000, 0x0000, 0x0000,
    0x0000, 0x0000, 0x0000, 0x0000, 0x0000, 0x0000, 0x0000, 0xE518, 0xE508, 0xB174, 0x77A6, 0xF9BE,
    0x5485, 0x8E4B, 0x105C, 0xF374, 0x347D, 0xEF53, 0x7585, 0xB585, 0xB685, 0x6E43, 0x315C, 0x557D,
    0xB36C, 0xCF53, 0x3164, 0xCE63, 0xAD6B, 0xC952, 0x2742, 0x6F84, 0x2832, 0x293A, 0x927C, 0x16A6,
    0x77B6, 0x77B6, 0xF69D, 0x3485, 0x693A, 0x063A, 0x2D84, 0x2642, 0x0A5B, 0x0E74, 0xCF5B, 0xF05B,
    0xF05B, 0xF374, 0x557D, 0xF053, 0xAF4B, 0xD68D, 0xF695, 0x147D, 0x515C, 0xF374, 0xD374, 0xAF4B,
    0xD695, 0x1ABF, 0x17A6, 0x8B3A, 0x8308, 0x0000, 0x0000, 0x0000, 0x0000, 0x0000, 0x0000, 0x0000,
    0x0000, 0x0000, 0x0000, 0x0000, 0x0000, 0x0000, 0x0000, 0x0000, 0x0000, 0x0000, 0x0000, 0x0000,
    0x0000, 0x0000, 0x0000, 0x0000, 0x0000, 0x0000, 0x0000, 0x0000, 0x0000, 0x0000, 0x0000, 0x0000,
    0x0000, 0x0000, 0x0000, 0x0000, 0x0000, 0x0000, 0x0000, 0x0511, 0x6A2A, 0x4D3B, 0xAF53, 0xAF53,
    0x4E4B, 0xAF53, 0xF053, 0x105C, 0x4E43, 0xAF4B, 0x547D, 0xF58D, 0xD68D, 0x315C, 0x8F4B, 0x105C,
    0xF37C, 0xEF6B, 0xAC6B, 0xAD9C, 0x0DB5, 0xEEAC, 0x8852, 0xAF94, 0xAD6B, 0x0832, 0x2D53, 0x17A6,
    0xF595, 0x169E, 0xB695, 0x2C43, 0x2C53, 0xAC73, 0xEEA4, 0x6652, 0xACA4, 0x2EB5, 0x2D84, 0xCD6B,
    0x907C, 0x306C, 0xCF5B, 0x4D43, 0x3064, 0x1696, 0x1696, 0x5485, 0x6F43, 0xAF4B, 0xB36C, 0x5264,
    0x105C, 0x726C, 0xD05B, 0xA821, 0xA308, 0x0000, 0x0000, 0x0000, 0x0000, 0x0000, 0x0000, 0x0000,
    0x0000, 0x0000, 0x0000, 0x0000, 0x0000, 0x0000, 0x0000, 0x0000, 0x0000, 0x0000, 0x0000, 0x0000,
    0x0000, 0x0000, 0x0000, 0x0000, 0x0000, 0x0000, 0x0000, 0x0000, 0x0000, 0x0000, 0x0000, 0x0000,
    0x0000, 0x0000, 0x0000, 0x0000, 0x0000, 0x0000, 0x2000, 0x0511, 0x6D3B, 0x8E3B, 0xF053, 0x6E4B,
    0xEC3A, 0x115C, 0x757D, 0x7585, 0xF05B, 0x6F4B, 0x1375, 0x958D, 0x958D, 0x8E53, 0xAE63, 0xEE73,
    0x4D8C, 0x70BD, 0xAFCD, 0x8DCD, 0x0CBD, 0xC98B, 0x2321, 0x8A4A, 0xCB52, 0xAB4A, 0x0932, 0x8E53,
    0x957D, 0x3475, 0xF053, 0xCC42, 0x2D5B, 0x6D63, 0xEA62, 0x2229, 0xA88B, 0xADCD, 0xEED5, 0xAEC5,
    0xCFC5, 0xCD9C, 0x8C6B, 0x2D4B, 0x1064, 0xB58D, 0xB58D, 0xD374, 0x4E43, 0x347D, 0xD68D, 0x936C,
    0x6E4B, 0x4D4B, 0xD05B, 0x0A2A, 0x8308, 0x0000, 0x0000, 0x0000, 0x0000, 0x0000, 0x0000, 0x0000,
    0x0000, 0x0000, 0x0000, 0x0000, 0x0000, 0x0000, 0x0000, 0x0000, 0x0000, 0x0000, 0x0000, 0x0000,
    0x0000, 0x0000, 0x0000, 0x0000, 0x0000, 0x0000, 0x0000, 0x0000, 0x0000, 0x0000, 0x0000, 0x0000,
    0x0000, 0x0000, 0x0000, 0x0000, 0x0000, 0x0000, 0x0000, 0x0511, 0x6A2A, 0x1375, 0x98AE, 0x379E,
    0xB26C, 0xF053, 0x547D, 0x958D, 0x726C, 0x4E4B, 0x8F4B, 0xAF53, 0x6D53, 0xAD6B, 0x2D8C, 0x6C9C,
    0x4EBD, 0xEFD5, 0x51DE, 0xCA8B, 0xE541, 0x6529, 0x2621, 0xCA31, 0xAA31, 0xA931, 0x8929, 0xC921,
    0x8B32, 0x6B2A, 0xE921, 0xC931, 0xC931, 0xC931, 0x6829, 0x4621, 0xE641, 0x875A, 0x2773, 0xAECD,
    0xEFD5, 0xEFD5, 0xAFC5, 0x4D8C, 0x8D63, 0x6D53, 0xAF5B, 0x4E4B, 0x3164, 0x9585, 0x958D, 0xF053,
    0x147D, 0x98AE, 0xB9B6, 0xED4A, 0x6200, 0x0000, 0x0000, 0x0000, 0x0000, 0x0000, 0x0000, 0x0000,
    0x0000, 0x0000, 0x0000, 0x0000, 0x0000, 0x0000, 0x0000, 0x0000, 0x0000, 0x0000, 0x0000, 0x0000,
    0x0000, 0x0000, 0x0000, 0x0000, 0x0000, 0x0000, 0x0000, 0x0000, 0x0000, 0x0000, 0x0000, 0x0000,
    0x0000, 0x0000, 0x0000, 0x0000, 0x0000, 0x0000, 0x0000, 0xA408, 0x2A22, 0xD68D, 0x77A6, 0x369E,
    0x968D, 0xAF4B, 0x7264, 0x147D, 0x1064, 0x2D4B, 0xEB4A, 0x6C63, 0xAB73, 0x8D9C, 0xADA4, 0x6C9C,
    0xAB83, 0x474A, 0x284A, 0xA839, 0xCC52, 0x0D5B, 0x4E6B, 0x3284, 0xB394, 0xB294, 0x728C, 0x6C4A,
    0x0B3A, 0xEA39, 0x8C4A, 0x3184, 0xD194, 0xB194, 0x139D, 0x6E63, 0x6A42, 0x6A42, 0x8631, 0xC641,
    0x064A, 0xC762, 0x0CB5, 0x0CBD, 0x4C94, 0xAB6B, 0x4B5B, 0x4D53, 0xCF5B, 0x5485, 0xF374, 0x4E43,
    0x7585, 0xF9B6, 0xFAC6, 0x0D4B, 0x4200, 0x0000, 0x0000, 0x0000, 0x0000, 0x0000, 0x0000, 0x0000,
    0x0000, 0x0000, 0x0000, 0x0000, 0x0000, 0x0000, 0x0000, 0x0000, 0x0000, 0x0000, 0x0000, 0x0000,
    0x0000, 0x0000, 0x0000, 0x0000, 0x0000, 0x0000, 0x0000, 0x0000, 0x0000, 0x0000, 0x0000, 0x0000,
    0x0000, 0x0000, 0x0000, 0x0000, 0x0000, 0x0000, 0x0000, 0x8408, 0x0A22, 0x3475, 0xD58D, 0xB585,
    0x147D, 0x8F4B, 0x3164, 0x8E53, 0x6D5B, 0xAC73, 0xCB7B, 0x6A73, 0xEB83, 0x6A6B, 0xC631, 0xE739,
    0xC941, 0x8C5A, 0x8F73, 0xEF7B, 0x73A5, 0xB3AD, 0x93A5, 0x529D, 0x72A5, 0x73A5, 0xB28C, 0x728C,
    0x7284, 0x928C, 0x928C, 0x918C, 0x72A5, 0x72A5, 0x529D, 0x73A5, 0x93A5, 0xB4AD, 0x5084, 0x6E63,
    0x8C52, 0xC839, 0xA862, 0x655A, 0x897B, 0x0B8C, 0xCB7B, 0x8B6B, 0xAD6B, 0xEE6B, 0x1064, 0x6E4B,
    0x926C, 0x7585, 0x347D, 0x8B3A, 0x4200, 0x0000, 0x0000, 0x0000, 0x0000, 0x0000, 0x0000, 0x0000,
    0x0000, 0x0000, 0x0000, 0x0000, 0x0000, 0x0000, 0x0000, 0x0000, 0x0000, 0x0000, 0x0000, 0x0000,
    0x0000, 0x0000, 0x0000, 0x0000, 0x0000, 0x0000, 0x0000, 0x0000, 0x0000, 0x0000, 0x0000, 0x0000,
    0x0000, 0x0000, 0x0000, 0x0000, 0x0000, 0x0000, 0x0000, 0x8308, 0xC921, 0x4E4B, 0x115C, 0xF053,
    0x8F53, 0xAF5B, 0x8D5B, 0x8C6B, 0xCB7B, 0xAA7B, 0x0963, 0xC731, 0xC729, 0xA729, 0x0A3A, 0x2C4A,
    0xAF73, 0x908C, 0xB3AD, 0xB2AD, 0x92A5, 0x71A5, 0x71A5, 0x92A5, 0x93A5, 0x4E63, 0x8829, 0x8821,
    0xA929, 0x8821, 0x4719, 0xC929, 0x6E63, 0x329D, 0x93A5, 0x72A5, 0x72A5, 0x72A5, 0xB2AD, 0xD4AD,
    0x129D, 0xAF73, 0xAC5A, 0xA831, 0x8629, 0xC531, 0x0963, 0xCB7B, 0x0C84, 0xCC73, 0x8D63, 0x6E53,
    0xED42, 0x726C, 0xD05B, 0x0511, 0x2100, 0x0000, 0x0000, 0x0000, 0x0000, 0x0000, 0x0000, 0x0000,
    0x0000, 0x0000, 0x0000, 0x0000, 0x0000, 0x0000, 0x0000, 0x0000, 0x0000, 0x0000, 0x0000, 0x0000,
    0x0000, 0x0000, 0x0000, 0x0000, 0x0000, 0x0000, 0x0000, 0x0000, 0x0000, 0x0000, 0x0000, 0x0000,
    0x0000, 0x0000, 0x0000, 0x0000, 0x0000, 0x0000, 0x0000, 0x2100, 0xE510, 0xC921, 0xED42, 0xED42,
    0xEC4A, 0x4C63, 0x8B73, 0xAB7B, 0x2A6B, 0xC631, 0x6619, 0x0A32, 0x2B32, 0x8D4A, 0xAE5A, 0x1084,
    0xB3AD, 0xB2AD, 0x71A5, 0x71A5, 0x91A5, 0x91A5, 0xB2AD, 0x539D, 0x8C4A, 0x4811, 0x0D3B, 0x8B2A,
    0xC608, 0xA819, 0x8E43, 0xCE43, 0xAB32, 0x0932, 0xB18C, 0xD3AD, 0x91A5, 0x91A5, 0x91A5, 0x71A5,
    0x71A5, 0xB3AD, 0xD29C, 0xEE62, 0x4D42, 0x8821, 0x6619, 0xC629, 0xA94A, 0xED7B, 0xAB73, 0x4C63,
    0xEC4A, 0x0E43, 0x4A32, 0x4200, 0x0000, 0x0000, 0x0000, 0x0000, 0x0000, 0x0000, 0x0000, 0x0000,
    0x0000, 0x0000, 0x0000, 0x0000, 0x0000, 0x0000, 0x0000, 0x0000, 0x0000, 0x0000, 0x0000, 0x0000,
    0x0000, 0x0000, 0x0000, 0x0000, 0x0000, 0x0000, 0x0000, 0x0000, 0x0000, 0x0000, 0x0000, 0x0000,
    0x0000, 0x0000, 0x0000, 0x0000, 0x0000, 0x0000, 0x0000, 0x0000, 0x8408, 0xCA29, 0x8C42, 0x6942,
    0xEA5A, 0x4A6B, 0x0A63, 0xE739, 0x4621, 0xE929, 0x2A32, 0xE931, 0x0F6B, 0x0F6B, 0xF083, 0xD3B5,
    0x91A5, 0x91A5, 0x91A5, 0x91A5, 0x91A5, 0x91A5, 0xF194, 0x4B4A, 0x8C3A, 0x5475, 0x567E, 0x304C,
    0xC608, 0x6A2A, 0x157E, 0x767E, 0x157E, 0x6D43, 0xE931, 0x508C, 0x71A5, 0x719D, 0x71A5, 0x71A5,
    0x71A5, 0x71A5, 0x72A5, 0x13A5, 0x0F63, 0x2C42, 0xA921, 0xE921, 0xA821, 0xE731, 0x0A63, 0x8B73,
    0x2B5B, 0x8A42, 0x2519, 0x0000, 0x0000, 0x0000, 0x0000, 0x0000, 0x0000, 0x0000, 0x0000, 0x0000,
    0x0000, 0x0000, 0x0000, 0x0000, 0x0000, 0x0000, 0x0000, 0x0000, 0x0000, 0x0000, 0x0000, 0x0000,
    0x0000, 0x0000, 0x0000, 0x0000, 0x0000, 0x0000, 0x0000, 0x0000, 0x0000, 0x0000, 0x0000, 0x0000,
    0x0000, 0x0000, 0x0000, 0x0000, 0x0000, 0x0000, 0x0000, 0x0000, 0x4208, 0x2721, 0xE839, 0xC85A,
    0x4A6B, 0x684A, 0x8621, 0x8721, 0x092A, 0x8B3A, 0xE921, 0x2B42, 0x5073, 0xD07B, 0xB3AD, 0xB2A5,
    0xB2A5, 0x91A5, 0xB1AD, 0x91A5, 0x91A5, 0x51A5, 0xCC5A, 0x2829, 0x516C, 0x1897, 0x7576, 0x504C,
    0x4711, 0x6711, 0xEA2A, 0x3576, 0x557E, 0xF68D, 0xEA39, 0x2A4A, 0x319D, 0x91A5, 0x71A5, 0x91A5,
    0x91A5, 0x91A5, 0x91A5, 0x93AD, 0xD07B, 0x8E5A, 0x0B32, 0xE921, 0x6B2A, 0xC819, 0x4619, 0xA952,
    0x8B73, 0x894A, 0x6200, 0x0000, 0x0000, 0x0000, 0x0000, 0x0000, 0x0000, 0x0000, 0x0000, 0x0000,
    0x0000, 0x0000, 0x0000, 0x0000, 0x0000, 0x0000, 0x0000, 0x0000, 0x0000, 0x0000, 0x0000, 0x0000,
    0x0000, 0x0000, 0x0000, 0x0000, 0x0000, 0x0000, 0x0000, 0x0000, 0x0000, 0x0000, 0x0000, 0x0000,
    0x0000, 0x0000, 0x0000, 0x0000, 0x0000, 0x0000, 0x0000, 0x0000, 0x0000, 0x8308, 0xE739, 0x4A6B,
    0x063A, 0x6621, 0xE929, 0xAB32, 0xEC3A, 0xC821, 0xC929, 0x8D52, 0x907B, 0x52A5, 0xD2AD, 0xB2AD,
    0xB2AD, 0xB2AD, 0xB2A5, 0xB2A5, 0x91A5, 0x71A5, 0x119D, 0x6E73, 0x2A42, 0x9164, 0x767E, 0x1576,
    0xB475, 0xB475, 0xF475, 0x9686, 0xB585, 0x0A32, 0x8C5A, 0x908C, 0x71A5, 0x91A5, 0xB1A5, 0xB2A5,
    0xB2A5, 0xB2AD, 0xB2AD, 0xB2AD, 0xD194, 0x2F6B, 0xAE52, 0x8819, 0x091A, 0x0C3B, 0xC819, 0x2511,
    0x083A, 0xC731, 0x6208, 0x0000, 0x0000, 0x0000, 0x0000, 0x0000, 0x0000, 0x0000, 0x0000, 0x0000,
    0x0000, 0x0000, 0x0000, 0x0000, 0x0000, 0x0000, 0x0000, 0x0000, 0x0000, 0x0000, 0x0000, 0x0000,
    0x0000, 0x0000, 0x0000, 0x0000, 0x0000, 0x0000, 0x0000, 0x0000, 0x0000, 0x0000, 0x0000, 0x0000,
    0x0000, 0x0000, 0x0000, 0x0000, 0x0000, 0x0000, 0x0000, 0x0000, 0x0000, 0xC410, 0x4621, 0x8629,
    0x8721, 0xE921, 0xEC3A, 0x4D3B, 0xAB2A, 0xE921, 0xC929, 0xEF6A, 0xAF7B, 0xD3AD, 0xB2A5, 0x72A5,
    0x72A5, 0x72A5, 0x72A5, 0x72A5, 0xB2A5, 0xB2A5, 0x719D, 0x52A5, 0xAF73, 0x8B4A, 0x4D43, 0x705C,
    0x7054, 0x905C, 0xB164, 0x7064, 0x2A32, 0xEE62, 0xD294, 0x519D, 0x92A5, 0x72A5, 0x52A5, 0x72A5,
    0x73A5, 0x72A5, 0x72A5, 0xB3AD, 0xB3AD, 0x308C, 0x506B, 0x6819, 0xC819, 0x4C33, 0x8D43, 0x8B32,
    0x4711, 0x0611, 0x8308, 0x0000, 0x0000, 0x0000, 0x0000, 0x0000, 0x0000, 0x0000, 0x0000, 0x0000,
    0x0000, 0x0000, 0x0000, 0x0000, 0x0000, 0x0000, 0x0000, 0x0000, 0x0000, 0x0000, 0x0000, 0x0000,
    0x0000, 0x0000, 0x0000, 0x0000, 0x0000, 0x0000, 0x0000, 0x0000, 0x0000, 0x0000, 0x0000, 0x0000,
    0x0000, 0x0000, 0x0000, 0x0000, 0x0000, 0x0000, 0x0000, 0x0000, 0x0000, 0xC410, 0x2719, 0x8819,
    0x2A2A, 0x0C33, 0x6D3B, 0xCB2A, 0x8B2A, 0xC921, 0xCA31, 0xEF6A, 0xCF7B, 0x93A5, 0x8D63, 0xE829,
    0x0932, 0x0932, 0x0932, 0xE829, 0x0B4B, 0x8F84, 0x92A5, 0x92A5, 0x319D, 0x1084, 0xEC5A, 0x4942,
    0x6A42, 0x4A42, 0x6A42, 0x4A42, 0x8F73, 0xD194, 0x519D, 0xB3AD, 0x1195, 0x8A42, 0xE829, 0x0932,
    0x2932, 0x2932, 0xE829, 0x0B53, 0x53A5, 0x308C, 0x2F6B, 0xCA31, 0xE921, 0xCB2A, 0xCE43, 0xAE43,
    0x6A2A, 0x8819, 0x8208, 0x0000, 0x0000, 0x0000, 0x0000, 0x0000, 0x0000, 0x0000, 0x0000, 0x0000,
    0x0000, 0x0000, 0x0000, 0x0000, 0x0000, 0x0000, 0x0000, 0x0000, 0x0000, 0x0000, 0x0000, 0x0000,
    0x0000, 0x0000, 0x0000, 0x0000, 0x0000, 0x0000, 0x0000, 0x0000, 0x0000, 0x0000, 0x0000, 0x0000,
    0x0000, 0x0000, 0x0000, 0x0000, 0x0000, 0x0000, 0x0000, 0x0000, 0x0000, 0xA410, 0x6719, 0x4A2A,
    0x4D3B, 0xAE43, 0xAA22, 0x2C33, 0x8B2A, 0xA929, 0xCE62, 0x2F73, 0x139D, 0xEB4A, 0x0822, 0x0C3B,
    0xEB32, 0x0C33, 0x0C33, 0x0C33, 0xCB32, 0x282A, 0x8A42, 0x9084, 0x92A5, 0xF194, 0x918C, 0x9194,
    0x9194, 0x9194, 0x9194, 0x9194, 0x9094, 0x52A5, 0x72A5, 0xAD6B, 0x282A, 0xCB32, 0x0C33, 0x0C33,
    0x0C3B, 0xEC32, 0x0C3B, 0x2922, 0xE831, 0xB073, 0x0F6B, 0x0F6B, 0x8821, 0xCC32, 0xCB22, 0x4C33,
    0x8E43, 0x8719, 0x6208, 0x0000, 0x0000, 0x0000, 0x0000, 0x0000, 0x0000, 0x0000, 0x0000, 0x0000,
    0x0000, 0x0000, 0x0000, 0x0000, 0x0000, 0x0000, 0x0000, 0x0000, 0x0000, 0x0000, 0x0000, 0x0000,
    0x0000, 0x0000, 0x0000, 0x0000, 0x0000, 0x0000, 0x0000, 0x0000, 0x0000, 0x0000, 0x0000, 0x0000,
    0x0000, 0x0000, 0x0000, 0x0000, 0x0000, 0x0000, 0x0000, 0x0000, 0x0000, 0xA410, 0x8719, 0x6D43,
    0x8D3B, 0x6A22, 0x4D3B, 0x1054, 0x0922, 0x8931, 0x0F73, 0xD17B, 0xCB4A, 0x0822, 0xEC32, 0xAA2A,
    0xAA2A, 0xAB2A, 0xAB2A, 0xAB2A, 0xCB32, 0x0C3B, 0x492A, 0xC721, 0xEE73, 0xD3AD, 0xF194, 0x4F84,
    0x6F8C, 0x708C, 0x6F8C, 0x4F8C, 0x32A5, 0x129D, 0xCB4A, 0x0822, 0xEB32, 0xEB32, 0xAB32, 0xCB32,
    0xCB32, 0xAB2A, 0xCB2A, 0xCB32, 0x0922, 0x8821, 0x0E63, 0x5073, 0x8929, 0x2D3B, 0xAD3B, 0x0C2B,
    0x4D3B, 0x8819, 0x8308, 0x0000, 0x0000, 0x0000, 0x0000, 0x0000, 0x0000, 0x0000, 0x0000, 0x0000,
    0x0000, 0x0000, 0x0000, 0x0000, 0x0000, 0x0000, 0x0000, 0x0000, 0x0000, 0x0000, 0x0000, 0x0000,
    0x0000, 0x0000, 0x0000, 0x0000, 0x0000, 0x0000, 0x0000, 0x0000, 0x0000, 0x0000, 0x0000, 0x0000,
    0x0000, 0x0000, 0x0000, 0x0000, 0x0000, 0x0000, 0x0000, 0x0000, 0x0000, 0xA410, 0xA821, 0x4D3B,
    0x6922, 0x2D3B, 0xEF4B, 0x0C33, 0xE921, 0x8931, 0x5073, 0x6C4A, 0x6719, 0x6B2A, 0x0922, 0x2711,
    0x2719, 0x2719, 0x2719, 0x4819, 0x2711, 0xE921, 0xEC32, 0xCC3A, 0x0A32, 0x8E6B, 0xF4B5, 0xF3AD,
    0xD2B5, 0xD2B5, 0xD2AD, 0xF3B5, 0x73AD, 0xAB4A, 0x6A2A, 0x4D3B, 0x2922, 0x4719, 0x4819, 0x4719,
    0x4719, 0x4719, 0x4719, 0xA819, 0x8B32, 0x2922, 0xC929, 0x7073, 0xC929, 0xCB2A, 0x1265, 0xCE3B,
    0xEC2A, 0x8719, 0x6208, 0x0000, 0x0000, 0x0000, 0x0000, 0x0000, 0x0000, 0x0000, 0x0000, 0x0000,
    0x0000, 0x0000, 0x0000, 0x0000, 0x0000, 0x0000, 0x0000, 0x0000, 0x0000, 0x0000, 0x0000, 0x0000,
    0x0000, 0x0000, 0x0000, 0x0000, 0x0000, 0x0000, 0x0000, 0x0000, 0x0000, 0x0000, 0x0000, 0x0000,
    0x0000, 0x0000, 0x0000, 0x0000, 0x0000, 0x0000, 0x0000, 0x0000, 0x0000, 0xA408, 0xA821, 0xAB2A,
    0xAA22, 0xEE43, 0x2C33, 0xAB2A, 0xE921, 0xA931, 0xEF62, 0x4821, 0x4711, 0x2819, 0x2819, 0x2C4A,
    0x6D52, 0x6D52, 0x6D52, 0x6D52, 0x8E52, 0xEB31, 0x4819, 0x6819, 0xAA31, 0xCD5A, 0x32A5, 0xB2AD,
    0x92A5, 0x92AD, 0x92A5, 0xB3AD, 0x718C, 0x2B42, 0xC921, 0x6719, 0x8929, 0x8D52, 0x6D52, 0x8D52,
    0x8E52, 0x8D52, 0xAE5A, 0x2C3A, 0x4819, 0x8719, 0x2711, 0xEB39, 0xA921, 0xCB32, 0xAE3B, 0xCE3B,
    0x8E3B, 0xA819, 0x6208, 0x0000, 0x0000, 0x0000, 0x0000, 0x0000, 0x0000, 0x0000, 0x0000, 0x0000,
    0x0000, 0x0000, 0x0000, 0x0000, 0x0000, 0x0000, 0x0000, 0x0000, 0x0000, 0x0000, 0x0000, 0x0000,
    0x0000, 0x0000, 0x0000, 0x0000, 0x0000, 0x0000, 0x0000, 0x0000, 0x0000, 0x0000, 0x0000, 0x0000,
    0x0000, 0x0000, 0x0000, 0x0000, 0x0000, 0x0000, 0x0000, 0x0000, 0x0000, 0x8408, 0xA821, 0x2C33,
    0x0F4C, 0x0B33, 0x8A2A, 0x0C3B, 0xA819, 0xAA31, 0x6D52, 0x6829, 0x8929, 0xEB39, 0xAE5A, 0xAE5A,
    0xAE62, 0xAE62, 0xCE62, 0xCF62, 0xCF62, 0xAF62, 0x8D5A, 0x8D5A, 0x8D5A, 0xAE62, 0xAF7B, 0xF194,
    0xD194, 0xD194, 0xD194, 0xB194, 0x0E6B, 0x8E5A, 0x2C4A, 0x2C4A, 0x4D52, 0xAE62, 0xAE62, 0xCE62,
    0xCF62, 0xCF62, 0xCF62, 0xAF5A, 0x6D4A, 0x6829, 0x8929, 0xEB39, 0x8921, 0xAB2A, 0xCB22, 0xCE43,
    0xAE3B, 0xA819, 0x6208, 0x0000, 0x0000, 0x0000, 0x0000, 0x0000, 0x0000, 0x0000, 0x0000, 0x0000,
    0x0000, 0x0000, 0x0000, 0x0000, 0x0000, 0x0000, 0x0000, 0x0000, 0x0000, 0x0000, 0x0000, 0x0000,
    0x0000, 0x0000, 0x0000, 0x0000, 0x0000, 0x0000, 0x0000, 0x0000, 0x0000, 0x0000, 0x0000, 0x0000,
    0x0000, 0x0000, 0x0000, 0x0000, 0x0000, 0x0000, 0x0000, 0x0000, 0x4100, 0xC410, 0xA821, 0xAE43,
    0x4D3B, 0xAA2A, 0x4D3B, 0xAB2A, 0xA819, 0x8931, 0xCF6A, 0xAE62, 0xAE62, 0xAE62, 0xCE62, 0xEB41,
    0x8931, 0xA931, 0xA931, 0xCA31, 0x0B42, 0x8E5A, 0xCE62, 0xAE62, 0xAE62, 0x8E62, 0xEE6A, 0x718C,
    0xD194, 0xB194, 0xD194, 0x1084, 0x8D62, 0x8E62, 0xAE62, 0xAE62, 0xAE62, 0xAA39, 0x8931, 0x8931,
    0x8931, 0xAA31, 0xCB39, 0xAE5A, 0xAE62, 0xAE5A, 0xAE5A, 0xAE5A, 0x4821, 0x8B2A, 0xEB2A, 0xEB2A,
    0x4D3B, 0xA819, 0x8408, 0x2100, 0x0000, 0x0000, 0x0000, 0x0000, 0x0000, 0x0000, 0x0000, 0x0000,
    0x0000, 0x0000, 0x0000, 0x0000, 0x0000, 0x0000, 0x0000, 0x0000, 0x0000, 0x0000, 0x0000, 0x0000,
    0x0000, 0x0000, 0x0000, 0x0000, 0x0000, 0x0000, 0x0000, 0x0000, 0x0000, 0x0000, 0x0000, 0x0000,
    0x0000, 0x0000, 0x0000, 0x0000, 0x0000, 0x0000, 0x0000, 0x0000, 0xC510, 0x2719, 0xE508, 0x8811,
    0xAB2A, 0xAE43, 0x4C33, 0x2922, 0xA819, 0x8929, 0xAE62, 0x6D5A, 0x8E62, 0x8E5A, 0xAA31, 0xEC4A,
    0xB274, 0xD374, 0xD274, 0x137D, 0x6E53, 0xCA31, 0xAE5A, 0xAE62, 0xAE62, 0xAE62, 0x8D5A, 0xCF7B,
    0xD194, 0xD08C, 0xB194, 0x0D6B, 0x8D62, 0xAE62, 0xAE62, 0xCF62, 0xA931, 0xCC42, 0x3164, 0x1064,
    0xF063, 0x316C, 0x6F5B, 0xA931, 0x6D52, 0x8E5A, 0x8E5A, 0x6D52, 0x4821, 0x8A2A, 0x0C33, 0x2D3B,
    0x8811, 0x6400, 0x2719, 0xC410, 0x0000, 0x0000, 0x0000, 0x0000, 0x0000, 0x0000, 0x0000, 0x0000,
    0x0000, 0x0000, 0x0000, 0x0000, 0x0000, 0x0000, 0x0000, 0x0000, 0x0000, 0x0000, 0x0000, 0x0000,
    0x0000, 0x0000, 0x0000, 0x0000, 0x0000, 0x0000, 0x0000, 0x0000, 0x0000, 0x0000, 0x0000, 0x0000,
    0x0000, 0x0000, 0x0000, 0x0000, 0x0000, 0x0000, 0x0000, 0x0000, 0xC410, 0xA829, 0xAE63, 0xEC4A,
    0x2A22, 0x8E43, 0xCB2A, 0x8B2A, 0xC819, 0x8929, 0xAE62, 0x6D5A, 0xAE62, 0x8931, 0x6E5B, 0x78AE,
    0x19B7, 0x19B7, 0x39B7, 0x19B7, 0xD9B6, 0x3174, 0xEA39, 0xCE62, 0xAE62, 0xAE62, 0x6D5A, 0xEF83,
    0xD3AD, 0xB2AD, 0x329D, 0x4E73, 0x8E62, 0xAE62, 0xCF62, 0x0B42, 0x0D53, 0x57A6, 0x19AF, 0x19B7,
    0xF9AE, 0xF9AE, 0xB8AE, 0xAF5B, 0x6829, 0x8D5A, 0x8E5A, 0x8D5A, 0x4821, 0xAB32, 0xCC32, 0xC819,
    0x4D53, 0xF073, 0xC931, 0x8408, 0x0000, 0x0000, 0x0000, 0x0000, 0x0000, 0x0000, 0x0000, 0x0000,
    0x0000, 0x0000, 0x0000, 0x0000, 0x0000, 0x0000, 0x0000, 0x0000, 0x0000, 0x0000, 0x0000, 0x0000,
    0x0000, 0x0000, 0x0000, 0x0000, 0x0000, 0x0000, 0x0000, 0x0000, 0x0000, 0x0000, 0x0000, 0x0000,
    0x0000, 0x0000, 0x0000, 0x0000, 0x0000, 0x0000, 0x0000, 0x0000, 0xA408, 0x6A3A, 0x56BE, 0x16B6,
    0x6E5B, 0xC921, 0x4A2A, 0xEC32, 0x0922, 0x8929, 0xAE62, 0xAE62, 0x0B4A, 0x2A3A, 0x57A6, 0x19B7,
    0xF8B6, 0xF9B6, 0xF9B6, 0xF9B6, 0xF9B6, 0xF9BE, 0xF06B, 0x2B4A, 0xCF6A, 0x8F62, 0xAE62, 0x129D,
    0xF2AD, 0xB1AD, 0x13B6, 0x3084, 0x8E62, 0xEF6A, 0x6D52, 0x8C4A, 0x36A6, 0x19AF, 0xF9B6, 0xD8AE,
    0xF9B6, 0x3AB7, 0xF8B6, 0xD8B6, 0x6D5B, 0xCA39, 0xAF62, 0x8E5A, 0x8921, 0xAB32, 0x8719, 0xCB42,
    0x349D, 0xB5A5, 0x4A3A, 0x6308, 0x0000, 0x0000, 0x0000, 0x0000, 0x0000, 0x0000, 0x0000, 0x0000,
    0x0000, 0x0000, 0x0000, 0x0000, 0x0000, 0x0000, 0x0000, 0x0000, 0x0000, 0x0000, 0x0000, 0x0000,
    0x0000, 0x0000, 0x0000, 0x0000, 0x0000, 0x0000, 0x0000, 0x0000, 0x0000, 0x0000, 0x0000, 0x0000,
    0x0000, 0x0000, 0x0000, 0x0000, 0x0000, 0x0000, 0x0000, 0x0000, 0x8408, 0x6A42, 0x3084, 0x0F84,
    0xB5B5, 0xEC52, 0xC819, 0xCE4B, 0xAA32, 0xA931, 0xCE62, 0xAE62, 0x0B42, 0x106C, 0x3ABF, 0xD8AE,
    0xF9BE, 0x8E5B, 0xC821, 0xAE5B, 0x19B7, 0x5ABF, 0x7495, 0xEA39, 0xEF6A, 0xCF62, 0xEE6A, 0x72A5,
    0xF2AD, 0xD2AD, 0x13B6, 0x3084, 0xAE62, 0xCF6A, 0x0C4A, 0xCF63, 0x3ABF, 0x3AB7, 0x137D, 0x6619,
    0x8A3A, 0x98A6, 0xD8B6, 0x18BF, 0x749D, 0xCA39, 0xEF6A, 0xCF62, 0xC929, 0x6A2A, 0x8A3A, 0x3395,
    0x4D6B, 0xF294, 0x493A, 0x6308, 0x0000, 0x0000, 0x0000, 0x0000, 0x0000, 0x0000, 0x0000, 0x0000,
    0x0000, 0x0000, 0x0000, 0x0000, 0x0000, 0x0000, 0x0000, 0x0000, 0x0000, 0x0000, 0x0000, 0x0000,
    0x0000, 0x0000, 0x0000, 0x0000, 0x0000, 0x0000, 0x0000, 0x0000, 0x0000, 0x0000, 0x0000, 0x0000,
    0x0000, 0x0000, 0x0000, 0x0000, 0x0000, 0x0000, 0x0000, 0x0000, 0x8408, 0x6A42, 0x518C, 0xAD62,
    0x528C, 0xCC52, 0xC819, 0xAE43, 0xCB32, 0xA931, 0x7073, 0x118C, 0xCD62, 0x717C, 0x7AC7, 0xF8B6,
    0xF9BE, 0x8B3A, 0x2300, 0x2D4B, 0x19B7, 0x39BF, 0x548D, 0xEA39, 0x707B, 0x0F6B, 0xEE6A, 0x73A5,
    0x13AE, 0xD2AD, 0x13B6, 0x308C, 0xCE6A, 0xD183, 0x2B4A, 0xCF63, 0x39BF, 0x39B7, 0x7174, 0x2200,
    0x6719, 0x78A6, 0xF8BE, 0x19C7, 0x5495, 0x6C4A, 0x7073, 0xEF62, 0xE929, 0x4A22, 0x2C4B, 0x3184,
    0x4B52, 0x139D, 0x293A, 0x6308, 0x0000, 0x0000, 0x0000, 0x0000, 0x0000, 0x0000, 0x0000, 0x0000,
    0x0000, 0x0000, 0x0000, 0x0000, 0x0000, 0x0000, 0x0000, 0x0000, 0x0000, 0x0000, 0x0000, 0x0000,
    0x0000, 0x0000, 0x0000, 0x0000, 0x0000, 0x0000, 0x0000, 0x0000, 0x0000, 0x0000, 0x0000, 0x0000,
    0x0000, 0x0000, 0x0000, 0x0000, 0x0000, 0x0000, 0x0000, 0x0000, 0x8408, 0x4A42, 0x918C, 0x0E6B,
    0x2C52, 0x6929, 0xE819, 0xAE43, 0xCB32, 0xA931, 0xD07B, 0x33A5, 0xEF7B, 0x7184, 0x3AC7, 0xF9B6,
    0xF9B6, 0x7174, 0x6D53, 0x3385, 0xF8B6, 0x7AC7, 0x348D, 0x6B4A, 0xF29C, 0x2E6B, 0xEE62, 0x73A5,
    0xF2AD, 0xD2AD, 0x13B6, 0x508C, 0xCD62, 0xF29C, 0xEC62, 0xAF6B, 0x5AC7, 0x18AF, 0x948D, 0x6D53,
    0x506C, 0xB8AE, 0xF8B6, 0x39CF, 0x349D, 0x6D63, 0x74AD, 0x0F6B, 0xC929, 0x6A2A, 0xA829, 0x8D5A,
    0x0D6B, 0x329D, 0x0832, 0x6308, 0x0000, 0x0000, 0x0000, 0x0000, 0x0000, 0x0000, 0x0000, 0x0000,
    0x0000, 0x0000, 0x0000, 0x0000, 0x0000, 0x0000, 0x0000, 0x0000, 0x0000, 0x0000, 0x0000, 0x0000,
    0x0000, 0x0000, 0x0000, 0x0000, 0x0000, 0x0000, 0x0000, 0x0000, 0x0000, 0x0000, 0x0000, 0x0000,
    0x0000, 0x0000, 0x0000, 0x0000, 0x0000, 0x0000, 0x0000, 0x0000, 0x8408, 0x2A3A, 0xF294, 0xEF7B,
    0x4D52, 0x8929, 0xC819, 0x8D43, 0xAA2A, 0xA929, 0xD07B, 0xD4B5, 0xD4B5, 0x2F84, 0x5495, 0x5AC7,
    0xF9B6, 0x19BF, 0x3ABF, 0xF8AE, 0x19BF, 0x16AE, 0x2D5B, 0x5084, 0x93AD, 0x3084, 0xF07B, 0x92A5,
    0xF2AD, 0xF2AD, 0xF3B5, 0xD194, 0xCF7B, 0x72A5, 0xF19C, 0x8B4A, 0x959D, 0x39BF, 0xF8AE, 0x39B7,
    0x19B7, 0xD8B6, 0x19C7, 0x16AE, 0xEF7B, 0x73A5, 0xD4AD, 0x7073, 0xCA31, 0x4A2A, 0x8829, 0x4D5A,
    0xF083, 0xB4AD, 0xE831, 0x6308, 0x0000, 0x0000, 0x0000, 0x0000, 0x0000, 0x0000, 0x0000, 0x0000,
    0x0000, 0x0000, 0x0000, 0x0000, 0x0000, 0x0000, 0x0000, 0x0000, 0x0000, 0x0000, 0x0000, 0x0000,
    0x0000, 0x0000, 0x0000, 0x0000, 0x0000, 0x0000, 0x0000, 0x0000, 0x0000, 0x0000, 0x0000, 0x0000,
    0x0000, 0x0000, 0x0000, 0x0000, 0x0000, 0x0000, 0x0000, 0x0000, 0xC510, 0x4721, 0x2C63, 0x718C,
    0x4C52, 0x8931, 0xE819, 0xAD3B, 0xCA2A, 0xA929, 0xD07B, 0xD4B5, 0xD2AD, 0x93A5, 0xAE73, 0x5395,
    0x19BF, 0xF9B6, 0xF8B6, 0x19BF, 0xB5A5, 0x0C5B, 0xEF7B, 0xB2AD, 0x92A5, 0x908C, 0x718C, 0x92A5,
    0xF2AD, 0xF2AD, 0xF3AD, 0x119D, 0x5084, 0x519D, 0xD2AD, 0x0F84, 0x8B52, 0xB59D, 0x39C7, 0xF8BE,
    0xF8BE, 0x39C7, 0x56B6, 0x2F7C, 0x319D, 0xD3AD, 0xB3AD, 0x9073, 0xC929, 0x492A, 0xA929, 0x6D5A,
    0x3184, 0x5084, 0x8829, 0x8308, 0x0000, 0x0000, 0x0000, 0x0000, 0x0000, 0x0000, 0x0000, 0x0000,
    0x0000, 0x0000, 0x0000, 0x0000, 0x0000, 0x0000, 0x0000, 0x0000, 0x0000, 0x0000, 0x0000, 0x0000,
    0x0000, 0x0000, 0x0000, 0x0000, 0x0000, 0x0000, 0x0000, 0x0000, 0x0000, 0x0000, 0x0000, 0x0000,
    0x0000, 0x0000, 0x0000, 0x0000, 0x0000, 0x0000, 0x0000, 0x0000, 0x8308, 0xC510, 0xAB52, 0xB294,
    0x4C52, 0xAA31, 0x091A, 0xAE43, 0xAA2A, 0x8829, 0xB07B, 0xD4B5, 0xB2AD, 0xD2AD, 0x52A5, 0x4F84,
    0x9184, 0xB18C, 0xB18C, 0x9184, 0x4D63, 0x2F84, 0xD3AD, 0xB2A5, 0x92A5, 0x918C, 0x708C, 0x93AD,
    0xF2AD, 0xF2AD, 0xF3AD, 0x119D, 0x4F84, 0x519D, 0xB2AD, 0x92AD, 0x2F84, 0x2D63, 0x5084, 0xB18C,
    0xB18C, 0xF294, 0x5084, 0xF094, 0xB2AD, 0x91A5, 0xB3AD, 0xB07B, 0xC929, 0x4A2A, 0xA929, 0x6D5A,
    0x9394, 0x8A4A, 0xC510, 0x6208, 0x0000, 0x0000, 0x0000, 0x0000, 0x0000, 0x0000, 0x0000, 0x0000,
    0x0000, 0x0000, 0x0000, 0x0000, 0x0000, 0x0000, 0x0000, 0x0000, 0x0000, 0x0000, 0x0000, 0x0000,
    0x0000, 0x0000, 0x0000, 0x0000, 0x0000, 0x0000, 0x0000, 0x0000, 0x0000, 0x0000, 0x0000, 0x0000,
    0x0000, 0x0000, 0x0000, 0x0000, 0x0000, 0x0000, 0x0000, 0x0000, 0x0000, 0x8308, 0x4B42, 0xB073,
    0xAD5A, 0xAA31, 0x0922, 0xCE43, 0xEB32, 0xA929, 0xEE62, 0x718C, 0xB2AD, 0x91A5, 0xB2AD, 0x519D,
    0xB08C, 0xB094, 0xD094, 0xB094, 0x908C, 0x92AD, 0xB2A5, 0xB2A5, 0x72A5, 0x908C, 0x918C, 0xB3AD,
    0xF2AD, 0xD2AD, 0xF3AD, 0x1195, 0x5084, 0xF194, 0x91A5, 0xB1A5, 0x92A5, 0x908C, 0x6F8C, 0xD094,
    0xF194, 0xB08C, 0xF09C, 0xB2AD, 0x91A5, 0x91A5, 0x129D, 0x0F63, 0xEA31, 0x4A2A, 0xA929, 0x8E5A,
    0x3184, 0x293A, 0x4208, 0x0000, 0x0000, 0x0000, 0x0000, 0x0000, 0x0000, 0x0000, 0x0000, 0x0000,
    0x0000, 0x0000, 0x0000, 0x0000, 0x0000, 0x0000, 0x0000, 0x0000, 0x0000, 0x0000, 0x0000, 0x0000,
    0x0000, 0x0000, 0x0000, 0x0000, 0x0000, 0x0000, 0x0000, 0x0000, 0x0000, 0x0000, 0x0000, 0x0000,
    0x0000, 0x0000, 0x0000, 0x0000, 0x0000, 0x0000, 0x0000, 0x0000, 0x0000, 0xA410, 0xE610, 0x0A32,
    0xEF62, 0xA931, 0x2922, 0xAE3B, 0x4C3B, 0xC921, 0xEB41, 0x2E6B, 0x92A5, 0xB2A5, 0x92A5, 0xB2AD,
    0xD2AD, 0xD2AD, 0xD2AD, 0xD2AD, 0xD2AD, 0xB2A5, 0xB2A5, 0xB3AD, 0xF194, 0x7084, 0x708C, 0x92AD,
    0xF2AD, 0xF2AD, 0xF2AD, 0xF194, 0x5084, 0x7084, 0x319D, 0xB2AD, 0x91A5, 0xD2AD, 0xD2AD, 0xB2AD,
    0xB2A5, 0xB2AD, 0xB2AD, 0x91A5, 0x91A5, 0xD3AD, 0xCF7B, 0xCB41, 0xEA29, 0x492A, 0x8829, 0xCF62,
    0xEA39, 0x2611, 0x8308, 0x0000, 0x0000, 0x0000, 0x0000, 0x0000, 0x0000, 0x0000, 0x0000, 0x0000,
    0x0000, 0x0000, 0x0000, 0x0000, 0x0000, 0x0000, 0x0000, 0x0000, 0x0000, 0x0000, 0x0000, 0x0000,
    0x0000, 0x0000, 0x0000, 0x0000, 0x0000, 0x0000, 0x0000, 0x0000, 0x0000, 0x0000, 0x0000, 0x0000,
    0x0000, 0x0000, 0x0000, 0x0000, 0x0000, 0x0000, 0x0000, 0x0000, 0x0000, 0x2100, 0x8308, 0x4B42,
    0xEF62, 0xA931, 0x2922, 0x8D3B, 0x6D3B, 0x2922, 0xCA39, 0xAE62, 0x508C, 0xD3AD, 0x92A5, 0xB2AD,
    0xB2A5, 0xB2A5, 0xB2AD, 0xB2A5, 0xB2A5, 0xD2AD, 0x73A5, 0x6D6B, 0x73A5, 0x329D, 0xB094, 0xD2AD,
    0xD2AD, 0xD2AD, 0xD2AD, 0x519D, 0xB08C, 0xB3AD, 0x4F84, 0xD194, 0xD3AD, 0x91A5, 0x92A5, 0x92A5,
    0x91A5, 0x91A5, 0x91A5, 0x91A5, 0xD2AD, 0xD194, 0x0E63, 0xAA31, 0xE819, 0x492A, 0x6829, 0xCF62,
    0x0A3A, 0xA308, 0x0000, 0x0000, 0x0000, 0x0000, 0x0000, 0x0000, 0x0000, 0x0000, 0x0000, 0x0000,
    0x0000, 0x0000, 0x0000, 0x0000, 0x0000, 0x0000, 0x0000, 0x0000, 0x0000, 0x0000, 0x0000, 0x0000,
    0x0000, 0x0000, 0x0000, 0x0000, 0x0000, 0x0000, 0x0000, 0x0000, 0x0000, 0x0000, 0x0000, 0x0000,
    0x0000, 0x0000, 0x0000, 0x0000, 0x0000, 0x0000, 0x0000, 0x0000, 0x0000, 0x0000, 0x4200, 0xEA31,
    0xCE5A, 0xCA31, 0x6711, 0xAB2A, 0xAE3B, 0x4D3B, 0x0A32, 0x4D52, 0xCD62, 0xD194, 0xF2AD, 0xB2A5,
    0xB2A5, 0xB2AD, 0xB2AD, 0xB2AD, 0xB2AD, 0x92A5, 0xD07B, 0x8C52, 0xB3AD, 0x72A5, 0xF194, 0xD2AD,
    0xB1A5, 0xB2AD, 0xD1AD, 0x71A5, 0xF094, 0x33B6, 0x0F84, 0xED62, 0x329D, 0xD2AD, 0xB2A5, 0xB2AD,
    0xB2A5, 0xB2A5, 0xB2A5, 0xB2AD, 0x72A5, 0x4F6B, 0x4D4A, 0x0A32, 0xEC32, 0xE819, 0x6821, 0xCF62,
    0xEA39, 0x6200, 0x0000, 0x0000, 0x0000, 0x0000, 0x0000, 0x0000, 0x0000, 0x0000, 0x0000, 0x0000,
    0x0000, 0x0000, 0x0000, 0x0000, 0x0000, 0x0000, 0x0000, 0x0000, 0x0000, 0x0000, 0x0000, 0x0000,
    0x0000, 0x0000, 0x0000, 0x0000, 0x0000, 0x0000, 0x0000, 0x0000, 0x0000, 0x0000, 0x0000, 0x0000,
    0x0000, 0x0000, 0x0000, 0x0000, 0x0000, 0x0000, 0x0000, 0x0000, 0x0000, 0x0000, 0x4100, 0xE508,
    0x0A3A, 0x0A32, 0xC608, 0x8B2A, 0xAE3B, 0xCE43, 0x0922, 0x2C4A, 0xCE6A, 0x518C, 0xB3AD, 0xD2AD,
    0xB2AD, 0xB2AD, 0xB2AD, 0xB2A5, 0xD2AD, 0x329D, 0xCE62, 0x8D52, 0x94AD, 0x129D, 0x908C, 0xD2AD,
    0xB1A5, 0xB1A5, 0xD1A5, 0x519D, 0xB094, 0x14B6, 0x3084, 0x4C52, 0xD29C, 0xD3AD, 0xB2AD, 0xB2AD,
    0xB2A5, 0xB2AD, 0xB2AD, 0xF3AD, 0x918C, 0x8E5A, 0x2C42, 0x8B2A, 0xAE43, 0xA819, 0xA929, 0xEA39,
    0x0619, 0x6208, 0x0000, 0x0000, 0x0000, 0x0000, 0x0000, 0x0000, 0x0000, 0x0000, 0x0000, 0x0000,
    0x0000, 0x0000, 0x0000, 0x0000, 0x0000, 0x0000, 0x0000, 0x0000, 0x0000, 0x0000, 0x0000, 0x0000,
    0x0000, 0x0000, 0x0000, 0x0000, 0x0000, 0x0000, 0x0000, 0x0000, 0x0000, 0x0000, 0x0000, 0x0000,
    0x0000, 0x0000, 0x0000, 0x0000, 0x0000, 0x0000, 0x0000, 0x0000, 0x0000, 0x0000, 0x0000, 0x6200,
    0x2619, 0x6821, 0x0709, 0xAC32, 0xCE3B, 0x4F44, 0x0C33, 0xEA31, 0xCF62, 0xEE6A, 0xB194, 0xF3B5,
    0xB2AD, 0xB2AD, 0xB2AD, 0xB1A5, 0xD2AD, 0xD194, 0xAE5A, 0xEB39, 0x4B42, 0x8C52, 0x0D63, 0x73AD,
    0xB2A5, 0x92A5, 0xD2AD, 0xD194, 0x0E63, 0x0E63, 0x0B42, 0x4D4A, 0xB294, 0xD3AD, 0xB2AD, 0xB2AD,
    0xB2A5, 0xB2AD, 0xD2AD, 0x93AD, 0x6F73, 0xAE5A, 0x2A2A, 0x8D3B, 0x8D3B, 0xC821, 0x2719, 0x2719,
    0x8308, 0x0000, 0x0000, 0x0000, 0x0000, 0x0000, 0x0000, 0x0000, 0x0000, 0x0000, 0x0000, 0x0000,
    0x0000, 0x0000, 0x0000, 0x0000, 0x0000, 0x0000, 0x0000, 0x0000, 0x0000, 0x0000, 0x0000, 0x0000,
    0x0000, 0x0000, 0x0000, 0x0000, 0x0000, 0x0000, 0x0000, 0x0000, 0x0000, 0x0000, 0x0000, 0x0000,
    0x0000, 0x0000, 0x0000, 0x0000, 0x0000, 0x0000, 0x0000, 0x0000, 0x0000, 0x0000, 0x0000, 0x4200,
    0xE610, 0xE610, 0xE608, 0xAC32, 0xEE3B, 0x904C, 0xEF43, 0x4B2A, 0x4C4A, 0x0F6B, 0x9294, 0xD3AD,
    0xB2A5, 0x92A5, 0xB1A5, 0xD2AD, 0x329D, 0x2E63, 0xCA31, 0x2711, 0xE608, 0x2819, 0xA931, 0x4E6B,
    0x518C, 0x1084, 0x3184, 0xED5A, 0x8929, 0xE710, 0x0711, 0x8921, 0x8F6B, 0x93AD, 0xD2AD, 0xB2A5,
    0xB2A5, 0xB2A5, 0xD2AD, 0x129D, 0x2F6B, 0x8D4A, 0x6D3B, 0x8D33, 0xAE3B, 0xE921, 0xA408, 0x0611,
    0xC410, 0x0000, 0x0000, 0x0000, 0x0000, 0x0000, 0x0000, 0x0000, 0x0000, 0x0000, 0x0000, 0x0000,
    0x0000, 0x0000, 0x0000, 0x0000, 0x0000, 0x0000, 0x0000, 0x0000, 0x0000, 0x0000, 0x0000, 0x0000,
    0x0000, 0x0000, 0x0000, 0x0000, 0x0000, 0x0000, 0x0000, 0x0000, 0x0000, 0x0000, 0x0000, 0x0000,
    0x0000, 0x0000, 0x0000, 0x0000, 0x0000, 0x0000, 0x0000, 0x0000, 0x0000, 0x0000, 0x0000, 0x4100,
    0xE510, 0x0611, 0xC921, 0xEC32, 0x0F3C, 0x7044, 0xCE3B, 0x6E3B, 0x2B32, 0x8D52, 0x2E6B, 0x52A5,
    0xB1A5, 0xB1A5, 0xB2AD, 0x918C, 0xCC4A, 0x6B32, 0xCC2A, 0x2C33, 0x0D3B, 0x8819, 0xE610, 0x4821,
    0x8931, 0x8931, 0xAA31, 0x4821, 0x0711, 0x4A22, 0xEC2A, 0xCC32, 0x6B3A, 0xAF6B, 0xB3AD, 0xD2AD,
    0x91A5, 0xB1A5, 0xB2AD, 0xAF7B, 0x4D52, 0x6B32, 0xEE43, 0x8D33, 0x8E3B, 0x2922, 0xE608, 0xE510,
    0x6308, 0x0000, 0x0000, 0x0000, 0x0000, 0x0000, 0x0000, 0x0000, 0x0000, 0x0000, 0x0000, 0x0000,
    0x0000, 0x0000, 0x0000, 0x0000, 0x0000, 0x0000, 0x0000, 0x0000, 0x0000, 0x0000, 0x0000, 0x0000,
    0x0000, 0x0000, 0x0000, 0x0000, 0x0000, 0x0000, 0x0000, 0x0000, 0x0000, 0x0000, 0x0000, 0x0000,
    0x0000, 0x0000, 0x0000, 0x0000, 0x0000, 0x0000, 0x0000, 0x0000, 0x0000, 0x0000, 0x0000, 0x0000,
    0x8308, 0x4711, 0x6B2A, 0x6D33, 0x904C, 0xCE3B, 0xCE3B, 0xCE3B, 0xEC32, 0xEB31, 0xAD5A, 0x129D,
    0xD2AD, 0x93AD, 0xAE6B, 0x6C3A, 0xAB32, 0xAE3B, 0xD14C, 0x2F44, 0x4C33, 0x2D3B, 0xC921, 0x4819,
    0x4819, 0x4819, 0x4819, 0x8919, 0xCC32, 0x8D33, 0x9044, 0xB04C, 0xAE3B, 0xCC3A, 0x6D63, 0x129D,
    0xB2AD, 0xD2AD, 0x72A5, 0x4F73, 0xAA39, 0x091A, 0x704C, 0x2F3C, 0x6D33, 0x4D3B, 0xC921, 0x8308,
    0x0000, 0x0000, 0x0000, 0x0000, 0x0000, 0x0000, 0x0000, 0x0000, 0x0000, 0x0000, 0x0000, 0x0000,
    0x0000, 0x0000, 0x0000, 0x0000, 0x0000, 0x0000, 0x0000, 0x0000, 0x0000, 0x0000, 0x0000, 0x0000,
    0x0000, 0x0000, 0x0000, 0x0000, 0x0000, 0x0000, 0x0000, 0x0000, 0x0000, 0x0000, 0x0000, 0x0000,
    0x0000, 0x0000, 0x0000, 0x0000, 0x0000, 0x0000, 0x0000, 0x0000, 0x0000, 0x0000, 0x0000, 0x0000,
    0x6208, 0x2711, 0x8B2A, 0xAE3B, 0x4F44, 0xAD3B, 0xCE3B, 0x0E3C, 0xAE3B, 0x2B2A, 0x0B3A, 0xCF7B,
    0xF29C, 0x2D5B, 0xAC3A, 0x2D3B, 0x0F3C, 0xD14C, 0x7044, 0x8D33, 0x4C33, 0x6D3B, 0x2D3B, 0x2A22,
    0xE921, 0xEA21, 0xEA21, 0xED32, 0x6D3B, 0x4D33, 0xEE3B, 0xD14C, 0xF14C, 0xCE3B, 0x0C3B, 0xCC4A,
    0xEF7B, 0x73A5, 0x9194, 0x6D5A, 0xE929, 0x6D3B, 0xCD33, 0xB04C, 0x2F44, 0x4D33, 0xE921, 0x8308,
    0x0000, 0x0000, 0x0000, 0x0000, 0x0000, 0x0000, 0x0000, 0x0000, 0x0000, 0x0000, 0x0000, 0x0000,
    0x0000, 0x0000, 0x0000, 0x0000, 0x0000, 0x0000, 0x0000, 0x0000, 0x0000, 0x0000, 0x0000, 0x0000,
    0x0000, 0x0000, 0x0000, 0x0000, 0x0000, 0x0000, 0x0000, 0x0000, 0x0000, 0x0000, 0x0000, 0x0000,
    0x0000, 0x0000, 0x0000, 0x0000, 0x0000, 0x0000, 0x0000, 0x0000, 0x0000, 0x0000, 0x0000, 0x0000,
    0x6208, 0x2711, 0xEC32, 0xAD3B, 0xAD3B, 0xAD3B, 0x8D33, 0x7044, 0xAE33, 0x2D3B, 0x6819, 0x8D4A,
    0x8C4A, 0x6B32, 0x8E3B, 0x9044, 0xD14C, 0x0E3C, 0x6C33, 0x6D33, 0x8D3B, 0x8D33, 0xAE3B, 0xEF43,
    0xCE43, 0xEF43, 0x0F44, 0xAE3B, 0x2D33, 0x4D33, 0x2C33, 0x8D33, 0x4F44, 0xF14C, 0x6F44, 0x4C33,
    0x8B3A, 0x4E63, 0x5073, 0xEB39, 0xCB2A, 0xCD3B, 0x6C2B, 0x904C, 0xB14C, 0x6D33, 0xE921, 0x8408,
    0x0000, 0x0000, 0x0000, 0x0000, 0x0000, 0x0000, 0x0000, 0x0000, 0x0000, 0x0000, 0x0000, 0x0000,
    0x0000, 0x0000, 0x0000, 0x0000, 0x0000, 0x0000, 0x0000, 0x0000, 0x0000, 0x0000, 0x0000, 0x0000,
    0x0000, 0x0000, 0x0000, 0x0000, 0x0000, 0x0000, 0x0000, 0x0000, 0x0000, 0x0000, 0x0000, 0x0000,
    0x0000, 0x0000, 0x0000, 0x0000, 0x0000, 0x0000, 0x0000, 0x0000, 0x0000, 0x0000, 0x0000, 0x0000,
    0x6208, 0x2711, 0x8B2A, 0x6D3B, 0xCE3B, 0x8D33, 0x4F3C, 0x9044, 0x8D33, 0x6D3B, 0xAB32, 0xEB29,
    0x6C32, 0x6D33, 0xB14C, 0xD14C, 0xAD33, 0x6C33, 0x8D3B, 0x6D3B, 0x6E3B, 0x6E43, 0x304C, 0xD154,
    0xD14C, 0xB14C, 0xD154, 0x304C, 0x2D3B, 0x2D3B, 0x2C33, 0x2C33, 0x2B2B, 0x2F3C, 0x1255, 0x9044,
    0x2C33, 0x8C3A, 0x2C42, 0x4A2A, 0x8D3B, 0xAD33, 0xAD33, 0xEE3B, 0x5044, 0x6E3B, 0xC921, 0x8308,
    0x0000, 0x0000, 0x0000, 0x0000, 0x0000, 0x0000, 0x0000, 0x0000, 0x0000, 0x0000, 0x0000, 0x0000,
    0x0000, 0x0000, 0x0000, 0x0000, 0x0000, 0x0000, 0x0000, 0x0000, 0x0000, 0x0000, 0x0000, 0x0000,
    0x0000, 0x0000, 0x0000, 0x0000, 0x0000, 0x0000, 0x0000, 0x0000, 0x0000, 0x0000, 0x0000, 0x0000,
    0x0000, 0x0000, 0x0000, 0x0000, 0x0000, 0x0000, 0x0000, 0x0000, 0x0000, 0x0000, 0x0000, 0x0000,
    0x6308, 0xE608, 0xEA21, 0xCC32, 0x8D3B, 0x0E3C, 0xB044, 0xCD33, 0x6D33, 0x8D3B, 0x0C33, 0xA919,
    0xCC2A, 0x9044, 0xB14C, 0x6C33, 0x4C33, 0x6D3B, 0x2D43, 0xEE4A, 0x0E53, 0x8C42, 0xE921, 0xE919,
    0xE919, 0xE919, 0xE919, 0xC919, 0x0A32, 0xCD4A, 0xED42, 0xEC32, 0x2C33, 0x2C33, 0xCE3B, 0x3255,
    0x2F3C, 0xEC32, 0xC921, 0x0D3B, 0x6C2B, 0x904C, 0x7044, 0x6D2B, 0xEE3B, 0x6E3B, 0x8819, 0x8308,
    0x0000, 0x0000, 0x0000, 0x0000, 0x0000, 0x0000, 0x0000, 0x0000, 0x0000, 0x0000, 0x0000, 0x0000,
    0x0000, 0x0000, 0x0000, 0x0000, 0x0000, 0x0000, 0x0000, 0x0000, 0x0000, 0x0000, 0x0000, 0x0000,
    0x0000, 0x0000, 0x0000, 0x0000, 0x0000, 0x0000, 0x0000, 0x0000, 0x0000, 0x0000, 0x0000, 0x0000,
    0x0000, 0x0000, 0x0000, 0x0000, 0x0000, 0x0000, 0x0000, 0x0000, 0x0000, 0x0000, 0x0000, 0x0000,
    0x6308, 0xE610, 0xEA29, 0x2B2A, 0x2C33, 0xD14C, 0x0E34, 0x8D33, 0x8D33, 0x8D3B, 0xEC32, 0xAB2A,
    0x904C, 0x1155, 0xAE3B, 0xCC32, 0xCC3A, 0xEE52, 0xEF5A, 0xCF5A, 0xEA39, 0x2719, 0x2711, 0x0611,
    0xE610, 0x0711, 0x0711, 0x0711, 0x0711, 0x4821, 0x6D4A, 0xCE4A, 0xAC42, 0xAC32, 0xCB2A, 0xEE3B,
    0x725D, 0xEE3B, 0x6A2A, 0xEC32, 0x6C33, 0x0E3C, 0x2F3C, 0x8D33, 0xCE3B, 0x0D33, 0x6719, 0x8308,
    0x0000, 0x0000, 0x0000, 0x0000, 0x0000, 0x0000, 0x0000, 0x0000, 0x0000, 0x0000, 0x0000, 0x0000,
    0x0000, 0x0000, 0x0000, 0x0000, 0x0000, 0x0000, 0x0000, 0x0000, 0x0000, 0x0000, 0x0000, 0x0000,
    0x0000, 0x0000, 0x0000, 0x0000, 0x0000, 0x0000, 0x0000, 0x0000, 0x0000, 0x0000, 0x0000, 0x0000,
    0x0000, 0x0000, 0x0000, 0x0000, 0x0000, 0x0000, 0x0000, 0x0000, 0x0000, 0x0000, 0x0000, 0x0000,
    0x6308, 0xE610, 0xEA29, 0x0A2A, 0x4D3B, 0x704C, 0x8D33, 0x8D33, 0x8D33, 0x8D3B, 0x4C33, 0x8D33,
    0xF14C, 0x0E3C, 0x0C33, 0x6819, 0x0A42, 0x0E6B, 0x0F73, 0xCA39, 0x0611, 0x2719, 0x0619, 0xE618,
    0xE618, 0xE610, 0xE610, 0xE610, 0x2719, 0xE610, 0x6821, 0xAE5A, 0xCE5A, 0x2B3A, 0xEA29, 0xCB2A,
    0x904C, 0xD154, 0x491A, 0xEB32, 0x6D33, 0x4C2B, 0x9044, 0xCE3B, 0x8D33, 0xCC32, 0x2711, 0xA408,
    0x0000, 0x0000, 0x0000, 0x0000, 0x0000, 0x0000, 0x0000, 0x0000, 0x0000, 0x0000, 0x0000, 0x0000,
    0x0000, 0x0000, 0x0000, 0x0000, 0x0000, 0x0000, 0x0000, 0x0000, 0x0000, 0x0000, 0x0000, 0x0000,
    0x0000, 0x0000, 0x0000, 0x0000, 0x0000, 0x0000, 0x0000, 0x0000, 0x0000, 0x0000, 0x0000, 0x0000,
    0x0000, 0x0000, 0x0000, 0x0000, 0x0000, 0x0000, 0x0000, 0x0000, 0x0000, 0x0000, 0x2100, 0x8308,
    0xE510, 0xC508, 0x6719, 0x2A2A, 0x4B2A, 0xAB2A, 0x6D33, 0x8D33, 0xAD33, 0xAD33, 0x8D33, 0x4F44,
    0x8F44, 0xAD33, 0x6E43, 0x4719, 0x3184, 0xB29C, 0x0E6B, 0x6821, 0x2619, 0x0621, 0x2631, 0x2639,
    0x2631, 0x2631, 0x2631, 0x2629, 0xE618, 0x2619, 0x0611, 0x2B42, 0xD17B, 0x1184, 0x6821, 0xAB32,
    0x8D33, 0xD14C, 0x0E3C, 0x4C33, 0x6C33, 0x6C33, 0x904C, 0xCE3B, 0x0D3B, 0x0A2A, 0xC510, 0xC510,
    0xA410, 0x2100, 0x0000, 0x0000, 0x0000, 0x0000, 0x0000, 0x0000, 0x0000, 0x0000, 0x0000, 0x0000,
    0x0000, 0x0000, 0x0000, 0x0000, 0x0000, 0x0000, 0x0000, 0x0000, 0x0000, 0x0000, 0x0000, 0x0000,
    0x0000, 0x0000, 0x0000, 0x0000, 0x0000, 0x0000, 0x0000, 0x0000, 0x0000, 0x0000, 0x0000, 0x0000,
    0x0000, 0x0000, 0x0000, 0x0000, 0x0000, 0x0000, 0x0000, 0x0000, 0x0000, 0x2100, 0xA408, 0x0611,
    0xC510, 0xC508, 0xC508, 0x8821, 0xEA21, 0x2A22, 0x4D33, 0xAD3B, 0x8D33, 0xCD3B, 0xAD33, 0x7044,
    0x9044, 0xCE3B, 0x6E3B, 0x6819, 0x5084, 0x55BE, 0xB294, 0xE618, 0x2721, 0x6741, 0x096A, 0x2972,
    0x2972, 0x0972, 0x2972, 0x096A, 0x6739, 0x2719, 0xE508, 0x8B4A, 0x36BE, 0x339D, 0x6821, 0xAB32,
    0x8D33, 0xB04C, 0xD14C, 0x8C33, 0x6C33, 0x6C33, 0xEE3B, 0x6D3B, 0x0A22, 0x2611, 0xC508, 0xC510,
    0xE510, 0xC410, 0x4100, 0x0000, 0x0000, 0x0000, 0x0000, 0x0000, 0x0000, 0x0000, 0x0000, 0x0000,
    0x0000, 0x0000, 0x0000, 0x0000, 0x0000, 0x0000, 0x0000, 0x0000, 0x0000, 0x0000, 0x0000, 0x0000,
    0x0000, 0x0000, 0x0000, 0x0000, 0x0000, 0x0000, 0x0000, 0x0000, 0x0000, 0x0000, 0x0000, 0x0000,
    0x0000, 0x0000, 0x0000, 0x0000, 0x0000, 0x0000, 0x0000, 0x0000, 0xA408, 0xE510, 0x4719, 0x8821,
    0xA821, 0xC929, 0xE610, 0xA408, 0xE929, 0x0A22, 0x2C3B, 0x4D33, 0x4C2B, 0xEE3B, 0xCE33, 0x0E3C,
    0xEE33, 0xEE3B, 0x6E3B, 0x6819, 0x307C, 0x54BE, 0xD4B5, 0x8B4A, 0xE520, 0x6741, 0x4649, 0x4649,
    0x4649, 0x4649, 0x4649, 0x6649, 0x4739, 0xC518, 0x4619, 0x7084, 0xB6C6, 0xD294, 0xA929, 0x0C33,
    0xCE3B, 0x4F3C, 0xB044, 0x2F3C, 0x0E3C, 0x6D33, 0x0C33, 0x8B32, 0x8819, 0xA508, 0x4719, 0x8821,
    0x4719, 0x0611, 0xE510, 0xE510, 0x4100, 0x0000, 0x0000, 0x0000, 0x0000, 0x0000, 0x0000, 0x0000,
    0x0000, 0x0000, 0x0000, 0x0000, 0x0000, 0x0000, 0x0000, 0x0000, 0x0000, 0x0000, 0x0000, 0x0000,
    0x0000, 0x0000, 0x0000, 0x0000, 0x0000, 0x0000, 0x0000, 0x0000, 0x0000, 0x0000, 0x0000, 0x0000,
    0x0000, 0x0000, 0x0000, 0x0000, 0x0000, 0x4100, 0x8308, 0xA408, 0x2611, 0x6819, 0xC921, 0xE921,
    0x2A22, 0x4A2A, 0x2719, 0xC510, 0x0611, 0xEA29, 0x8B2A, 0xCC2A, 0x4D33, 0xEE3B, 0xCE33, 0xCE33,
    0xCE33, 0xCE3B, 0xCE3B, 0x6B2A, 0xED52, 0xB4AD, 0x34B6, 0xB4AD, 0x8A4A, 0x8A52, 0xCA5A, 0xCA5A,
    0xCA5A, 0xCA52, 0xAA52, 0xAA52, 0xAA4A, 0x293A, 0x8D6B, 0x55BE, 0xB4B5, 0x8F73, 0x2A32, 0x6D33,
    0xEE3B, 0xCE33, 0xAD33, 0xB044, 0xB14C, 0x4D33, 0xEC32, 0x2B2A, 0x0711, 0xC610, 0x6719, 0x6B2A,
    0xE921, 0x4819, 0x2711, 0x2611, 0xC410, 0x6208, 0x4100, 0x0000, 0x0000, 0x0000, 0x0000, 0x0000,
    0x0000, 0x0000, 0x0000, 0x0000, 0x0000, 0x0000, 0x0000, 0x0000, 0x0000, 0x0000, 0x0000, 0x0000,
    0x0000, 0x0000, 0x0000, 0x0000, 0x0000, 0x0000, 0x0000, 0x0000, 0x0000, 0x0000, 0x0000, 0x0000,
    0x0000, 0x0000, 0x0000, 0x0000, 0x2100, 0x0619, 0x6821, 0x4711, 0x8819, 0x0A2A, 0xCA21, 0x8B32,
    0x1475, 0x9585, 0x6B32, 0x2711, 0xE610, 0x2711, 0x4B2A, 0xAC32, 0x4D33, 0x0E3C, 0xCE33, 0xCE33,
    0xCE33, 0xCE33, 0xCE3B, 0x4D33, 0x4C3A, 0x107C, 0xB3A5, 0xF3AD, 0x3295, 0xF294, 0xD5AD, 0x74A5,
    0x549D, 0x549D, 0x549D, 0x549D, 0x3395, 0xF18C, 0x729D, 0xF3B5, 0x918C, 0xAD52, 0x0D3B, 0xCE3B,
    0xCE33, 0xCE33, 0xAD33, 0x9044, 0x914C, 0x0D33, 0x6C32, 0x0711, 0xE610, 0x2719, 0x1064, 0x758D,
    0x4D4B, 0x8819, 0xC921, 0x8819, 0x6821, 0x6821, 0x0611, 0x6208, 0x0000, 0x0000, 0x0000, 0x0000,
    0x0000, 0x0000, 0x0000, 0x0000, 0x0000, 0x0000, 0x0000, 0x0000, 0x0000, 0x0000, 0x0000, 0x0000,
    0x0000, 0x0000, 0x0000, 0x0000, 0x0000, 0x0000, 0x0000, 0x0000, 0x0000, 0x0000, 0x0000, 0x0000,
    0x0000, 0x0000, 0x0000, 0x8308, 0x2719, 0x0711, 0x4711, 0x4A2A, 0x4B2A, 0xEA21, 0xC921, 0x6E53,
    0x5BBF, 0x9BCF, 0x1064, 0xEA21, 0x2711, 0xE608, 0x6819, 0x4B2A, 0x0D33, 0xAE3B, 0xCE33, 0xCE33,
    0x8D33, 0x4D33, 0x8D33, 0x8D3B, 0x2A2A, 0x0B3A, 0xF07B, 0x14B6, 0x329D, 0x0D5B, 0x4821, 0x6819,
    0x4719, 0x6819, 0x6819, 0x4819, 0x4B42, 0xB28C, 0xD4AD, 0x7184, 0x2B42, 0x092A, 0xCE3B, 0xAD33,
    0xAD33, 0xCE33, 0xAD33, 0x9044, 0x5044, 0xED3A, 0xA921, 0xE710, 0x0711, 0xC921, 0xFABE, 0xFDE7,
    0x1385, 0x8819, 0x4A2A, 0x8A2A, 0x8B2A, 0x8819, 0x2711, 0x0619, 0x8308, 0x0000, 0x0000, 0x0000,
    0x0000, 0x0000, 0x0000, 0x0000, 0x0000, 0x0000, 0x0000, 0x0000, 0x0000, 0x0000, 0x0000, 0x0000,
    0x0000, 0x0000, 0x0000, 0x0000, 0x0000, 0x0000, 0x0000, 0x0000, 0x0000, 0x0000, 0x0000, 0x0000,
    0x0000, 0x0000, 0x6208, 0x4719, 0x6819, 0xA819, 0xCB32, 0x8D3B, 0x6D33, 0x8B2A, 0xC921, 0xAC3A,
    0x1385, 0x9595, 0xED42, 0x2B2A, 0xCA21, 0x0611, 0xE608, 0xA921, 0x6B2A, 0xCC2A, 0xAE3B, 0xCE3B,
    0x0C33, 0x6B22, 0x8D33, 0x8D33, 0x0C33, 0xEA21, 0xA931, 0x0E63, 0x2E63, 0xEA39, 0x8919, 0x0D3B,
    0x0D33, 0x2D33, 0x2D33, 0x0A22, 0xEB31, 0x8D52, 0xAD5A, 0x0B3A, 0x8819, 0x0C33, 0x8D3B, 0x0C2B,
    0xCB2A, 0xAD3B, 0xAD33, 0xAD3B, 0x4D3B, 0x4B2A, 0x4819, 0xE710, 0x2811, 0x0A2A, 0xD37C, 0xF79D,
    0xAF53, 0xE921, 0xAB2A, 0x8D3B, 0xAD3B, 0xCB2A, 0xC921, 0x8821, 0x2619, 0x6208, 0x0000, 0x0000,
    0x0000, 0x0000, 0x0000, 0x0000, 0x0000, 0x0000, 0x0000, 0x0000, 0x0000, 0x0000, 0x0000, 0x0000,
    0x0000, 0x0000, 0x0000, 0x0000, 0x0000, 0x0000, 0x0000, 0x0000, 0x0000, 0x0000, 0x0000, 0x0000,
    0x0000, 0x0000, 0x6208, 0x8821, 0x8B32, 0x2C33, 0x8D3B, 0x8D33, 0x8D33, 0x8D3B, 0xEC32, 0xE921,
    0x8819, 0xCA29, 0x4C32, 0x6C32, 0x6C32, 0x8921, 0xE608, 0xC508, 0xA921, 0xAB2A, 0x8D33, 0xCD3B,
    0xCC2A, 0x4A22, 0x8D3B, 0x8D33, 0x8D33, 0x4D3B, 0x2A22, 0x6819, 0x8921, 0xEA21, 0x4E3B, 0xEE3B,
    0x0E3C, 0xCE33, 0x2F3C, 0x0F44, 0x6B2A, 0xA921, 0xA921, 0xE921, 0x2D3B, 0xAD3B, 0x8D33, 0x2C33,
    0x8B2A, 0x2C33, 0x8D33, 0x4C33, 0xAC32, 0x8919, 0xC608, 0x6919, 0x4B32, 0x0A22, 0xE921, 0xE921,
    0xE921, 0x8B2A, 0x8D3B, 0xCE3B, 0xAD33, 0xCE3B, 0xCB32, 0x0A2A, 0x4719, 0x6208, 0x0000, 0x0000,
    0x0000, 0x0000, 0x0000, 0x0000, 0x0000, 0x0000, 0x0000, 0x0000, 0x0000, 0x0000, 0x0000, 0x0000,
    0x0000, 0x0000, 0x0000, 0x0000, 0x0000, 0x0000, 0x0000, 0x0000, 0x0000, 0x0000, 0x0000, 0x0000,
    0x0000, 0x0000, 0x6208, 0xA821, 0x8B2A, 0x8D3B, 0x8D33, 0x8D33, 0xAD33, 0xAD33, 0xAD3B, 0xEC32,
    0x0A22, 0x2B2A, 0x6C32, 0xED3A, 0x8B32, 0x4B32, 0x2719, 0x8400, 0x6719, 0x6A2A, 0x6D3B, 0xCE3B,
    0xAB2A, 0x091A, 0xAD3B, 0x8D33, 0xAD33, 0xEE3B, 0xCE3B, 0x4D3B, 0x6E3B, 0x8E3B, 0xCE33, 0xB14C,
    0x2F3C, 0xAD33, 0x9044, 0xD14C, 0x0F44, 0x6E3B, 0x4D3B, 0xCE43, 0x4F44, 0x8D33, 0x8D33, 0x4C33,
    0x6B2A, 0xCB2A, 0x6D33, 0x2C33, 0x6B2A, 0x8921, 0xC608, 0x8821, 0x0D43, 0xED3A, 0x2B2A, 0xE921,
    0xAB2A, 0x8D3B, 0xAD33, 0xAD33, 0xAD33, 0xAD33, 0x4D3B, 0x2A22, 0x6819, 0x6208, 0x0000, 0x0000,
    0x0000, 0x0000, 0x0000, 0x0000, 0x0000, 0x0000, 0x0000, 0x0000, 0x0000, 0x0000, 0x0000, 0x0000,
    0x0000, 0x0000, 0x0000, 0x0000, 0x0000, 0x0000, 0x0000, 0x0000, 0x0000, 0x0000, 0x0000, 0x0000,
    0x0000, 0x0000, 0x4200, 0x0619, 0xA921, 0xEC32, 0xAD3B, 0xAD33, 0xAD33, 0x8D33, 0xAD33, 0x8D33,
    0xEC32, 0xEA21, 0x8F53, 0xD9AE, 0xF695, 0x8B3A, 0x8821, 0xA408, 0xC508, 0xC921, 0xAB32, 0x2C33,
    0x4A2A, 0xC919, 0x6D33, 0xCE3B, 0xAD33, 0x9044, 0xB144, 0x8D33, 0xAD3B, 0xCE33, 0x114D, 0x9044,
    0xAD33, 0xCE3B, 0xAD33, 0xD14C, 0xF14C, 0x8D33, 0x8D3B, 0xEE3B, 0xB04C, 0x8D33, 0x8D33, 0x2D33,
    0x2A22, 0x8B2A, 0x0C33, 0xAB2A, 0xA921, 0xE610, 0xE610, 0x306C, 0x98AE, 0x1485, 0xA819, 0x6A2A,
    0x6D33, 0x8D33, 0xAD33, 0xAD33, 0xCE33, 0xCE3B, 0xCC2A, 0xC921, 0x0611, 0x2100, 0x0000, 0x0000,
    0x0000, 0x0000, 0x0000, 0x0000, 0x0000, 0x0000, 0x0000, 0x0000, 0x0000, 0x0000, 0x0000, 0x0000,
    0x0000, 0x0000, 0x0000, 0x0000, 0x0000, 0x0000, 0x0000, 0x0000, 0x0000, 0x0000, 0x0000, 0x0000,
    0x0000, 0x0000, 0x0000, 0x4100, 0xE510, 0xA821, 0xEC32, 0xAD3B, 0xAD33, 0x8D33, 0x8D33, 0x8D33,
    0x6D3B, 0x2A22, 0xAF53, 0x19B7, 0xB8AE, 0x8B3A, 0xC921, 0x0611, 0x8408, 0xC510, 0xE929, 0x2A2A,
    0xE921, 0xA919, 0xCC32, 0x4D33, 0xAD33, 0x9044, 0xD044, 0xAD33, 0x8D33, 0xEE33, 0x724D, 0x8F3C,
    0xCE33, 0xEE3B, 0xAD33, 0xD144, 0xF14C, 0x8D33, 0x0C33, 0xCE3B, 0xB04C, 0x8D33, 0x4C33, 0x8B2A,
    0xA919, 0x0A22, 0x2A22, 0xC921, 0xE610, 0xC508, 0x6719, 0x37A6, 0x9BCF, 0xD27C, 0xA819, 0x0C33,
    0x6C33, 0x6D33, 0x8D33, 0xAD33, 0xAD3B, 0xEC32, 0xEA21, 0xC510, 0x0000, 0x0000, 0x0000, 0x0000,
    0x0000, 0x0000, 0x0000, 0x0000, 0x0000, 0x0000, 0x0000, 0x0000, 0x0000, 0x0000, 0x0000, 0x0000,
    0x0000, 0x0000, 0x0000, 0x0000, 0x0000, 0x0000, 0x0000, 0x0000, 0x0000, 0x0000, 0x0000, 0x0000,
    0x0000, 0x0000, 0x0000, 0x0000, 0x2000, 0xC410, 0xA819, 0xCC32, 0xAE3B, 0x8D3B, 0x8D33, 0x6C33,
    0x6C33, 0xEC32, 0x4A2A, 0xF063, 0x6E5B, 0xA921, 0xC921, 0xE929, 0x0611, 0x8408, 0x0611, 0x0A2A,
    0x0A2A, 0xC921, 0xAC32, 0x8B2A, 0x8D33, 0x9044, 0x9044, 0x0C2B, 0x2C33, 0xEE3B, 0x724D, 0x8F3C,
    0xCD33, 0xCE3B, 0xCD33, 0xD144, 0x114D, 0x8D33, 0x4A22, 0x2D33, 0x6F44, 0xAD33, 0x2C33, 0x0A22,
    0x4811, 0x0A2A, 0xA921, 0xE610, 0xC608, 0xA921, 0xA819, 0x2C4B, 0x306C, 0x0C43, 0xAB2A, 0x4C33,
    0x4C2B, 0x4C33, 0x6C33, 0x8D3B, 0xAB2A, 0x8819, 0xE510, 0x0100, 0x0000, 0x0000, 0x0000, 0x0000,
    0x0000, 0x0000, 0x0000, 0x0000, 0x0000, 0x0000, 0x0000, 0x0000, 0x0000, 0x0000, 0x0000, 0x0000,
    0x0000, 0x0000, 0x0000, 0x0000, 0x0000, 0x0000, 0x0000, 0x0000, 0x0000, 0x0000, 0x0000, 0x0000,
    0x0000, 0x0000, 0x0000, 0x0000, 0x0000, 0x2000, 0xC410, 0x8819, 0xE819, 0xAB2A, 0x4D3B, 0x6C33,
    0x6C33, 0x8D33, 0xEC32, 0xC919, 0x8819, 0x0A2A, 0x0A2A, 0xC921, 0xE929, 0x8821, 0xA508, 0x6819,
    0xC929, 0x4719, 0x2B2A, 0x8C2A, 0x6D33, 0xB044, 0x7044, 0x4A22, 0xCC32, 0xCE3B, 0xF14C, 0x9044,
    0xAD33, 0xCD3B, 0xAD33, 0x9044, 0x9044, 0x6D3B, 0x8C2A, 0xCC32, 0x0E3C, 0xEE33, 0x4D3B, 0xEA21,
    0x2711, 0xA921, 0x0711, 0xC608, 0x8819, 0x0A2A, 0x4A2A, 0xA819, 0x6611, 0xAA2A, 0x4C33, 0x2C2B,
    0x4C33, 0x6D33, 0xEC32, 0xC921, 0x8819, 0x8308, 0x2100, 0x0000, 0x0000, 0x0000, 0x0000, 0x0000,
    0x0000, 0x0000, 0x0000, 0x0000, 0x0000, 0x0000, 0x0000, 0x0000, 0x0000, 0x0000, 0x0000, 0x0000,
    0x0000, 0x0000, 0x0000, 0x0000, 0x0000, 0x0000, 0x0000, 0x0000, 0x0000, 0x0000, 0x0000, 0x0000,
    0x0000, 0x0000, 0x0000, 0x0000, 0x0000, 0x0000, 0x0000, 0x6208, 0x8308, 0x8819, 0xC821, 0x0922,
    0x0C33, 0x6D33, 0x8D3B, 0xEC32, 0xAB32, 0x2A22, 0xAB32, 0xAF53, 0x0C43, 0x8B32, 0x8819, 0xC508,
    0x0611, 0xE610, 0x6819, 0x6B32, 0x4D33, 0x6F44, 0x2F44, 0x2A22, 0xAC32, 0x2C33, 0xEE3B, 0x6F44,
    0x6C2B, 0xAD3B, 0x8D33, 0x8F44, 0xCE33, 0x4D3B, 0x8C2A, 0xED32, 0x2F44, 0xEE3B, 0xAB2A, 0xCA21,
    0x0711, 0xC608, 0x0711, 0xE929, 0x8E4B, 0xAE4B, 0x8B2A, 0x6B2A, 0xCB32, 0x2C33, 0x2C2B, 0x4C33,
    0x8A2A, 0xE919, 0xA819, 0xA408, 0x4200, 0x0000, 0x0000, 0x0000, 0x0000, 0x0000, 0x0000, 0x0000,
    0x0000, 0x0000, 0x0000, 0x0000, 0x0000, 0x0000, 0x0000, 0x0000, 0x0000, 0x0000, 0x0000, 0x0000,
    0x0000, 0x0000, 0x0000, 0x0000, 0x0000, 0x0000, 0x0000, 0x0000, 0x0000, 0x0000, 0x0000, 0x0000,
    0x0000, 0x0000, 0x0000, 0x0000, 0x0000, 0x0000, 0x0000, 0x0000, 0x0000, 0x8308, 0x8308, 0x2611,
    0xC819, 0x0922, 0x8B2A, 0xCC32, 0xAB32, 0x0922, 0x926C, 0x1AAF, 0xD58D, 0xAB32, 0x8C32, 0x8821,
    0xE610, 0x0611, 0x0611, 0xE921, 0xEC32, 0x8D33, 0x8D3B, 0x0A22, 0x8C32, 0xEC32, 0xAD33, 0xB04C,
    0xEE3B, 0x6D33, 0x6C33, 0x7044, 0xCE3B, 0x2D3B, 0xEA21, 0x8C2A, 0x8E3B, 0xED32, 0xCA21, 0x0711,
    0xE610, 0x2711, 0x4711, 0x716C, 0xB8AE, 0x579E, 0x8A2A, 0xAB2A, 0xCB32, 0xCB32, 0x4A22, 0xE921,
    0x6719, 0x8308, 0x4200, 0x0000, 0x0000, 0x0000, 0x0000, 0x0000, 0x0000, 0x0000, 0x0000, 0x0000,
    0x0000, 0x0000, 0x0000, 0x0000, 0x0000, 0x0000, 0x0000, 0x0000, 0x0000, 0x0000, 0x0000, 0x0000,
    0x0000, 0x0000, 0x0000, 0x0000, 0x0000, 0x0000, 0x0000, 0x0000, 0x0000, 0x0000, 0x0000, 0x0000,
    0x0000, 0x0000, 0x0000, 0x0000, 0x0000, 0x0000, 0x0000, 0x0000, 0x0000, 0x0000, 0x0000, 0x6208,
    0x8308, 0xE510, 0x6719, 0x8819, 0x6B32, 0x0A22, 0x105C, 0x5ABF, 0x579E, 0xAB2A, 0xCC32, 0x8B32,
    0xC921, 0xE608, 0xE610, 0xE610, 0xC921, 0xEC32, 0xCC32, 0xA919, 0xA921, 0x6B2A, 0x0C33, 0x4F3C,
    0xB04C, 0x8C33, 0x0E44, 0xAD33, 0x2C33, 0x8B32, 0x6819, 0x4B2A, 0x4B2A, 0x0B2A, 0x6919, 0xC608,
    0x8921, 0x4B32, 0xE921, 0xB274, 0x5ABF, 0xB58D, 0x6A2A, 0x8C32, 0xC921, 0xA819, 0x0511, 0x6200,
    0x6200, 0x0000, 0x0000, 0x0000, 0x0000, 0x0000, 0x0000, 0x0000, 0x0000, 0x0000, 0x0000, 0x0000,
    0x0000, 0x0000, 0x0000, 0x0000, 0x0000, 0x0000, 0x0000, 0x0000, 0x0000, 0x0000, 0x0000, 0x0000,
    0x0000, 0x0000, 0x0000, 0x0000, 0x0000, 0x0000, 0x0000, 0x0000, 0x0000, 0x0000, 0x0000, 0x0000,
    0x0000, 0x0000, 0x0000, 0x0000, 0x0000, 0x0000, 0x0000, 0x0000, 0x0000, 0x0000, 0x0000, 0x0000,
    0x0000, 0x2100, 0x4200, 0x6208, 0x6719, 0x6819, 0xC921, 0xF063, 0x2D4B, 0x8B2A, 0xCC32, 0xAC32,
    0xCC32, 0x0C3B, 0x2611, 0xC508, 0xE610, 0x4711, 0xC921, 0x2A2A, 0x6719, 0xC819, 0xCC32, 0x4D33,
    0xCE3B, 0xCE3B, 0x0F44, 0x0C33, 0x8B32, 0x6719, 0xA921, 0xA921, 0x0711, 0xE610, 0xC608, 0xA921,
    0x8B32, 0x8B2A, 0x4B2A, 0xAB32, 0x3164, 0xED42, 0x6819, 0x4719, 0xA408, 0x8208, 0x2100, 0x0000,
    0x0000, 0x0000, 0x0000, 0x0000, 0x0000, 0x0000, 0x0000, 0x0000, 0x0000, 0x0000, 0x0000, 0x0000,
    0x0000, 0x0000, 0x0000, 0x0000, 0x0000, 0x0000, 0x0000, 0x0000, 0x0000, 0x0000, 0x0000, 0x0000,
    0x0000, 0x0000, 0x0000, 0x0000, 0x0000, 0x0000, 0x0000, 0x0000, 0x0000, 0x0000, 0x0000, 0x0000,
    0x0000, 0x0000, 0x0000, 0x0000, 0x0000, 0x0000, 0x0000, 0x0000, 0x0000, 0x0000, 0x0000, 0x0000,
    0x0000, 0x0000, 0x0000, 0x0000, 0x6208, 0x6308, 0x2619, 0x0611, 0x6819, 0xAC32, 0xAC32, 0xAB2A,
    0xCB2A, 0x504C, 0xEC32, 0xA819, 0xE508, 0xA408, 0xE510, 0x0611, 0x0611, 0x0611, 0xC921, 0x6B2A,
    0x4A2A, 0x4A2A, 0x2A22, 0x2A2A, 0x4719, 0xE610, 0xE610, 0xE610, 0xC610, 0x2611, 0x0D3B, 0x4D3B,
    0xAB2A, 0xCC32, 0x4B2A, 0xCA21, 0x2711, 0x0511, 0xA308, 0x6208, 0x0000, 0x0000, 0x0000, 0x0000,
    0x0000, 0x0000, 0x0000, 0x0000, 0x0000, 0x0000, 0x0000, 0x0000, 0x0000, 0x0000, 0x0000, 0x0000,
    0x0000, 0x0000, 0x0000, 0x0000, 0x0000, 0x0000, 0x0000, 0x0000, 0x0000, 0x0000, 0x0000, 0x0000,
    0x0000, 0x0000, 0x0000, 0x0000, 0x0000, 0x0000, 0x0000, 0x0000, 0x0000, 0x0000, 0x0000, 0x0000,
    0x0000, 0x0000, 0x0000, 0x0000, 0x0000, 0x0000, 0x0000, 0x0000, 0x0000, 0x0000, 0x0000, 0x0000,
    0x0000, 0x0000, 0x0000, 0x0000, 0x0000, 0x0000, 0x4100, 0x4200, 0xC408, 0xA921, 0xA819, 0x2A22,
    0xEC32, 0xEB2A, 0xEC2A, 0x2D3B, 0x0509, 0xE510, 0xA508, 0xA508, 0xC508, 0xE610, 0x0711, 0x4719,
    0x4819, 0x2711, 0x2711, 0x0711, 0xC508, 0xC508, 0xC610, 0xE510, 0x6619, 0xCF53, 0x4D43, 0x6A2A,
    0x6B2A, 0x2A2A, 0x6819, 0x0611, 0x4208, 0x2100, 0x0000, 0x0000, 0x0000, 0x0000, 0x0000, 0x0000,
    0x0000, 0x0000, 0x0000, 0x0000, 0x0000, 0x0000, 0x0000, 0x0000, 0x0000, 0x0000, 0x0000, 0x0000,
    0x0000, 0x0000, 0x0000, 0x0000, 0x0000, 0x0000, 0x0000, 0x0000, 0x0000, 0x0000, 0x0000, 0x0000,
    0x0000, 0x0000, 0x0000, 0x0000, 0x0000, 0x0000, 0x0000, 0x0000, 0x0000, 0x0000, 0x0000, 0x0000,
    0x0000, 0x0000, 0x0000, 0x0000, 0x0000, 0x0000, 0x0000, 0x0000, 0x0000, 0x0000, 0x0000, 0x0000,
    0x0000, 0x0000, 0x0000, 0x0000, 0x0000, 0x0000, 0x0000, 0x0000, 0x2000, 0x4200, 0xA408, 0xA821,
    0xA819, 0xC921, 0xC819, 0x2C33, 0xAE4B, 0xE508, 0xC929, 0x2B42, 0x0B3A, 0x0719, 0xE610, 0xE610,
    0xE610, 0xE610, 0xE610, 0xE610, 0x6829, 0xA931, 0x2719, 0xC821, 0x8D4B, 0x492A, 0xA821, 0x8821,
    0x8819, 0xC408, 0x4200, 0x2100, 0x0000, 0x0000, 0x0000, 0x0000, 0x0000, 0x0000, 0x0000, 0x0000,
    0x0000, 0x0000, 0x0000, 0x0000, 0x0000, 0x0000, 0x0000, 0x0000, 0x0000, 0x0000, 0x0000, 0x0000,
    0x0000, 0x0000, 0x0000, 0x0000, 0x0000, 0x0000, 0x0000, 0x0000, 0x0000, 0x0000, 0x0000, 0x0000,
};

static const uint16_t ARGUS_SPR_OLD_FURY[ARGUS_PIXELS] = {
    0x0000, 0x0000, 0x0000, 0x0000, 0x0000, 0x0000, 0x0000, 0x0000, 0x0000, 0x0000, 0x0000, 0x0000,
    0x0000, 0x0000, 0x0000, 0x0000, 0x0000, 0x0000, 0x0000, 0x0000, 0x0000, 0x0000, 0x0000, 0x0000,
    0x0000, 0x0000, 0x0000, 0x0000, 0x0000, 0x0000, 0x0000, 0x0000, 0x0000, 0x0000, 0x0000, 0x0000,
    0x0000, 0x0000, 0x0000, 0x0000, 0x0000, 0x0000, 0x0000, 0x0000, 0x0000, 0x0000, 0x0000, 0x0000,
    0x0000, 0x0000, 0x0000, 0x0000, 0x0000, 0x0000, 0x0000, 0x0000, 0x0000, 0x0000, 0x0000, 0x0000,
    0x0000, 0x0000, 0x0000, 0x0000, 0x0000, 0x0000, 0x0000, 0x0000, 0x0000, 0x0000, 0x0000, 0x0000,
    0x0000, 0x0000, 0x0000, 0x0000, 0x0000, 0x0000, 0x0000, 0x0000, 0x0000, 0x0000, 0x0000, 0x0000,
    0x0000, 0x0000, 0x0000, 0x0000, 0x0000, 0x0000, 0x0000, 0x0000, 0x0000, 0x0000, 0x0000, 0x0000,
    0x0000, 0x0000, 0x0000, 0x0000, 0x0000, 0x0000, 0x0000, 0x0000, 0x0000, 0x0000, 0x0000, 0x0000,
    0x0000, 0x0000, 0x0000, 0x0000, 0x0000, 0x0000, 0x0000, 0x0000, 0x0000, 0x0000, 0x0000, 0x0000,
    0x0000, 0x0000, 0x0000, 0x0000, 0x0000, 0x0000, 0x0000, 0x0000, 0x0000, 0x0000, 0x0000, 0x0000,
    0x0000, 0x0000, 0x0000, 0x0000, 0x0000, 0x0000, 0x0000, 0x0000, 0x0000, 0x0000, 0x0000, 0x0000,
    0x0000, 0x0000, 0x0000, 0x0000, 0x0000, 0x0000, 0x0000, 0x0000, 0x0000, 0x0000, 0x0000, 0x0000,
    0x0000, 0x0000, 0x0000, 0x0000, 0x0000, 0x0000, 0x0000, 0x0000, 0x0000, 0x0000, 0x0000, 0x0000,
    0x0000, 0x0000, 0x0000, 0x0000, 0x0000, 0x0000, 0x0000, 0x0000, 0x0000, 0x0000, 0x0000, 0x0000,
    0x0000, 0x0000, 0x0000, 0x0000, 0x0000, 0x0000, 0x0000, 0x0000, 0x0000, 0x0000, 0x0000, 0x0000,
    0x0000, 0x0000, 0x0000, 0x0000, 0x0000, 0x0000, 0x0000, 0x0000, 0x0000, 0x0000, 0x0000, 0x0000,
    0x0000, 0x0000, 0x0000, 0x0000, 0x0000, 0x0000, 0x0000, 0x0000, 0x0000, 0x0000, 0x0000, 0x0000,
    0x0000, 0x0000, 0x0000, 0x0000, 0x0000, 0x0000, 0x0000, 0x0000, 0x0000, 0x0000, 0x0000, 0x0000,
    0x0000, 0x0000, 0x0000, 0x0000, 0x0000, 0x0000, 0x0000, 0x0000, 0x0000, 0x0000, 0x0000, 0x0000,
    0x0000, 0x0000, 0x0000, 0x0000, 0x0000, 0x0000, 0x0000, 0x0000, 0x0000, 0x0000, 0x0000, 0x0000,
    0x0000, 0x0000, 0x0000, 0x0000, 0x0000, 0x0000, 0x0000, 0x0000, 0x0000, 0x0000, 0x0000, 0x0000,
    0x0000, 0x0000, 0x0000, 0x0000, 0x0000, 0x0000, 0x0000, 0x0000, 0x0000, 0x0000, 0x0000, 0x0000,
    0x0000, 0x0000, 0x0000, 0x0000, 0x0000, 0x0000, 0x0000, 0x0000, 0x0000, 0x0000, 0x0000, 0x0000,
    0x0000, 0x0000, 0x0000, 0x0000, 0x0000, 0x0000, 0x0000, 0x0000, 0x0000, 0x0000, 0x0000, 0x0000,
    0x0000, 0x0000, 0x0000, 0x0000, 0x0000, 0x0000, 0x0000, 0x0000, 0x0000, 0x0000, 0x0000, 0x0000,
    0x0000, 0x0000, 0x0000, 0x0000, 0x0000, 0x0000, 0x0000, 0x0000, 0x0000, 0x0000, 0x0000, 0x0000,
    0x0000, 0x0000, 0x0000, 0x0000, 0x0000, 0x0000, 0x0000, 0x0000, 0x0000, 0x0000, 0x0000, 0x0000,
    0x0000, 0x0000, 0x0000, 0x0000, 0x0000, 0x0000, 0x0000, 0x0000, 0x0000, 0x0000, 0x0000, 0x0000,
    0x0000, 0x0000, 0x0000, 0x0000, 0x0000, 0x0000, 0x0000, 0x0000, 0x0000, 0x0000, 0x0000, 0x0000,
    0x0000, 0x0000, 0x0000, 0x0000, 0x0000, 0x0000, 0x0000, 0x0000, 0x0000, 0x0000, 0x0000, 0x0000,
    0x0000, 0x0000, 0x0000, 0x0000, 0x0000, 0x0000, 0x0000, 0x0000, 0x0000, 0x0000, 0x0000, 0x0000,
    0x0000, 0x0000, 0x0000, 0x0000, 0x0000, 0x0000, 0x0000, 0x0000, 0x0000, 0x0000, 0x0000, 0x0000,
    0x0000, 0x0000, 0x0000, 0x0000, 0x0000, 0x0000, 0x0000, 0x0000, 0x0000, 0x0000, 0x0000, 0x0000,
    0x0000, 0x0000, 0x0000, 0x0000, 0x0000, 0x0000, 0x0000, 0x0000, 0x0000, 0x0000, 0x0000, 0x0000,
    0x0000, 0x0000, 0x0000, 0x0000, 0x0000, 0x0000, 0x0000, 0x0000, 0x0000, 0x0000, 0x0000, 0x0000,
    0x0000, 0x0000, 0x0000, 0x0000, 0x0000, 0x0000, 0x0000, 0x0000, 0x0000, 0x0000, 0x0000, 0x0000,
    0x0000, 0x0000, 0x0000, 0x0000, 0x0000, 0x0000, 0x0000, 0x0000, 0x0000, 0x0000, 0x0000, 0x0000,
    0x0000, 0x0000, 0x0000, 0x0000, 0x0000, 0x0000, 0x0000, 0x0000, 0x0000, 0x0000, 0x0000, 0x0000,
    0x0000, 0x0000, 0x0000, 0x0000, 0x0000, 0x0000, 0x0000, 0x0000, 0x0000, 0x0000, 0x0000, 0x0000,
    0x0000, 0x0000, 0x0000, 0x0000, 0x0000, 0x0000, 0x0000, 0x0000, 0x0000, 0x0000, 0x0000, 0x0000,
    0x0000, 0x0000, 0x0000, 0x0000, 0x0000, 0x0000, 0x0000, 0x0000, 0x0000, 0x0000, 0x0000, 0x0000,
    0x0000, 0x0000, 0x0000, 0x0000, 0x0000, 0x0000, 0x0000, 0x0000, 0x0000, 0x0000, 0x0000, 0x0000,
    0x0000, 0x0000, 0x0000, 0x0000, 0x0000, 0x0000, 0x0000, 0x0000, 0x0000, 0x0000, 0x0000, 0x0000,
    0x0000, 0x0000, 0x0000, 0x0000, 0x0000, 0x0000, 0x0000, 0x0000, 0x0000, 0x0000, 0x0000, 0x0000,
    0x0000, 0x0000, 0x0000, 0x0000, 0x0000, 0x0000, 0x0000, 0x0000, 0x0000, 0x0000, 0x0000, 0x0000,
    0x0000, 0x0000, 0x0000, 0x0000, 0x0000, 0x0000, 0x0000, 0x0000, 0x0000, 0x0000, 0x0000, 0x0000,
    0x0000, 0x0000, 0x0000, 0x0000, 0x0000, 0x0000, 0x0000, 0x0000, 0x0000, 0x0000, 0x0000, 0x0000,
    0x0000, 0x0000, 0x0000, 0x0000, 0x0000, 0x0000, 0x0000, 0x0000, 0x0000, 0x0000, 0x0000, 0x0000,
    0x0000, 0x0000, 0x0000, 0x0000, 0x0000, 0x0000, 0x0000, 0x0000, 0x0000, 0x0000, 0x0000, 0x0000,
    0x0000, 0x0000, 0x0000, 0x0000, 0x0000, 0x0000, 0x0000, 0x0000, 0x0000, 0x0000, 0x0000, 0x0000,
    0x0000, 0x0000, 0x0000, 0x0000, 0x0000, 0x0000, 0x0000, 0x0000, 0x0000, 0x0000, 0x0000, 0x0000,
    0x0000, 0x0000, 0x0000, 0x0000, 0x0000, 0x0000, 0x0000, 0x0000, 0x0000, 0x0000, 0x0000, 0x0000,
    0x0000, 0x0000, 0x0000, 0x0000, 0x0000, 0x0000, 0x0000, 0x0000, 0x0000, 0x0000, 0x0000, 0x0000,
    0x0000, 0x0000, 0x0000, 0x0000, 0x0000, 0x0000, 0x0000, 0x0000, 0x0000, 0x0000, 0x0000, 0x0000,
    0x0000, 0x0000, 0x0000, 0x0000, 0x0000, 0x0000, 0x0000, 0x0000, 0x0000, 0x0000, 0x0000, 0x0000,
    0x0000, 0x0000, 0x0000, 0x0000, 0x0000, 0x0000, 0x0000, 0x0000, 0x0000, 0x0000, 0x0000, 0x0000,
    0x0000, 0x0000, 0x0000, 0x0000, 0x0000, 0x0000, 0x0000, 0x0000, 0x0000, 0x0000, 0x0000, 0x0000,
    0x0000, 0x0000, 0x0000, 0x0000, 0x0000, 0x0000, 0x0000, 0x0000, 0x0000, 0x0000, 0x0000, 0x0000,
    0x0000, 0x0000, 0x0000, 0x0000, 0x0000, 0x0000, 0x0000, 0x0000, 0x0000, 0x0000, 0x0000, 0x0000,
    0x0000, 0x0000, 0x0000, 0x0000, 0x0000, 0x0000, 0x0000, 0x0000, 0x0000, 0x0000, 0x0000, 0x0000,
    0x0000, 0x0000, 0x0000, 0x0000, 0x0000, 0x0000, 0x0000, 0x0000, 0x0000, 0x0000, 0x0000, 0x0000,
    0x0000, 0x0000, 0x0000, 0x0000, 0x0000, 0x0000, 0x0000, 0x0000, 0x0000, 0x0000, 0x0000, 0x0000,
    0x0000, 0x0000, 0x0000, 0x0000, 0x0000, 0x0000, 0x0000, 0x0000, 0x0000, 0x0000, 0x0000, 0x0000,
    0x0000, 0x0000, 0x0000, 0x0000, 0x0000, 0x0000, 0x0000, 0x0000, 0x0000, 0x0000, 0x0000, 0x0000,
    0x0000, 0x0000, 0x0000, 0x0000, 0x0000, 0x0000, 0x0000, 0x0000, 0x0000, 0x0000, 0x0000, 0x0000,
    0x0000, 0x0000, 0x0000, 0x0000, 0x0000, 0x0000, 0x0000, 0x0000, 0x0000, 0x0000, 0x0000, 0x0000,
    0x0000, 0x0000, 0x0000, 0x0000, 0x0000, 0x0000, 0x0000, 0x0000, 0x0000, 0x0000, 0x0000, 0x0000,
    0x0000, 0x0000, 0x0000, 0x0000, 0x0000, 0x0000, 0x0000, 0x0000, 0x0000, 0x0000, 0x0000, 0x0000,
    0x0000, 0x0000, 0x0000, 0x0000, 0x0000, 0x0000, 0x0000, 0x0000, 0x0000, 0x0000, 0x0000, 0x0000,
    0x0000, 0x0000, 0x0000, 0x0000, 0x0000, 0x0000, 0x0000, 0x0000, 0x0000, 0x0000, 0x0000, 0x0000,
    0x0000, 0x0000, 0x0000, 0x0000, 0x0000, 0x0000, 0x0000, 0x0000, 0x0000, 0x0000, 0x0000, 0x0000,
    0x0000, 0x0000, 0x0000, 0x0000, 0x0000, 0x0000, 0x0000, 0x0000, 0x0000, 0x0000, 0x0000, 0x0000,
    0x0000, 0x0000, 0x0000, 0x0000, 0x0000, 0x0000, 0x0000, 0x0000, 0x0000, 0x0000, 0x0000, 0x0000,
    0x0000, 0x0000, 0x0000, 0x0000, 0x0000, 0x0000, 0x0000, 0x0000, 0x0000, 0x0000, 0x0000, 0x0000,
    0x0000, 0x0000, 0x0000, 0x0000, 0x0000, 0x0000, 0x0000, 0x0000, 0x0000, 0x0000, 0x0000, 0x0000,
    0x0000, 0x0000, 0x0000, 0x0000, 0x0000, 0x0000, 0x0000, 0x0000, 0x0000, 0x0000, 0x0000, 0x0000,
    0x0000, 0x0000, 0x0000, 0x0000, 0x0000, 0x0000, 0x0000, 0x0000, 0x0000, 0x0000, 0x0000, 0x0000,
    0x0000, 0x0000, 0x0000, 0x0000, 0x0000, 0x0000, 0x0000, 0x0000, 0x0000, 0x0000, 0x0000, 0x0000,
    0x0000, 0x0000, 0x0000, 0x0000, 0x0000, 0x0000, 0x0000, 0x0000, 0x0000, 0x0000, 0x0000, 0x0000,
    0x0000, 0x0000, 0x0000, 0x0000, 0x0000, 0x0000, 0x0000, 0x0000, 0x0000, 0x0000, 0x0000, 0x0000,
    0x0000, 0x0000, 0x0000, 0x0000, 0x0000, 0x0000, 0x0000, 0x0000, 0x0000, 0x0000, 0x0000, 0x0000,
    0x0000, 0x0000, 0x0000, 0x0000, 0x0000, 0x0000, 0x0000, 0x0000, 0x0000, 0x0000, 0x0000, 0x0000,
    0x0000, 0x0000, 0x0000, 0x0000, 0x0000, 0x0000, 0x0000, 0x0000, 0x0000, 0x0000, 0x0000, 0x0000,
    0x0000, 0x0000, 0x0000, 0x0000, 0x0000, 0x0000, 0x0000, 0x0000, 0x0000, 0x0000, 0x0000, 0x0000,
    0x0000, 0x0000, 0x0000, 0x0000, 0x0000, 0x0000, 0x0000, 0x0000, 0x0000, 0x0000, 0x0000, 0x0000,
    0x0000, 0x0000, 0x0000, 0x0000, 0x0000, 0x0000, 0x0000, 0x0000, 0x0000, 0x0000, 0x0000, 0x0000,
    0x0000, 0x0000, 0x0000, 0x0000, 0x0000, 0x0000, 0x0000, 0x0000, 0x0000, 0x0000, 0x0000, 0x0000,
    0x0000, 0x0000, 0x0000, 0x0000, 0x0000, 0x0000, 0x0000, 0x0000, 0x0000, 0x0000, 0x0000, 0x0000,
    0x0000, 0x0000, 0x0000, 0x0000, 0x0000, 0x0000, 0x0000, 0x0000, 0x0000, 0x0000, 0x0000, 0x0000,
    0x0000, 0x0000, 0x0000, 0x0000, 0x0000, 0x0000, 0x0000, 0x0000, 0x0000, 0x0000, 0x0000, 0x0000,
    0x0000, 0x0000, 0x0000, 0x0000, 0x0000, 0x0000, 0x0000, 0x0000, 0x0000, 0x0000, 0x0000, 0x0000,
    0x0000, 0x0000, 0x0000, 0x0000, 0x0000, 0x0000, 0x0000, 0x0000, 0x0000, 0x0000, 0x0000, 0x0000,
    0x0000, 0x0000, 0x0000, 0x0000, 0x0000, 0x0000, 0x0000, 0x0000, 0x0000, 0x0000, 0x0000, 0x0000,
    0x0000, 0x0000, 0x0000, 0x0000, 0x0000, 0x0000, 0x0000, 0x0000, 0x0000, 0x0000, 0x0000, 0x0000,
    0x0000, 0x0000, 0x0000, 0x0000, 0x0000, 0x0000, 0x0000, 0x0000, 0x0000, 0x0000, 0x0000, 0x0000,
    0x0000, 0x0000, 0x0000, 0x0000, 0x0000, 0x0000, 0x0000, 0x0000, 0x0000, 0x0000, 0x0000, 0x0000,
    0x0000, 0x0000, 0x0000, 0x0000, 0x0000, 0x0000, 0x0000, 0x0000, 0x0000, 0x0000, 0x0000, 0x0000,
    0x0000, 0x0000, 0x0000, 0x0000, 0x0000, 0x0000, 0x0000, 0x0000, 0x0000, 0x0000, 0x0000, 0x0000,
    0x0000, 0x0000, 0x0000, 0x0000, 0x0000, 0x0000, 0x0000, 0x0000, 0x0000, 0x0000, 0x0000, 0x0000,
    0x0000, 0x0000, 0x0000, 0x0000, 0x0000, 0x0000, 0x0000, 0x0000, 0x0000, 0x0000, 0x0000, 0x0000,
    0x0000, 0x0000, 0x0000, 0x0000, 0x0000, 0x0000, 0x0000, 0x0000, 0x0000, 0x0000, 0x0000, 0x0000,
    0x0000, 0x0000, 0x0000, 0x0000, 0x0000, 0x0000, 0x0000, 0x0000, 0x0000, 0x0000, 0x0000, 0x0000,
    0x0000, 0x0000, 0x0000, 0x0000, 0x0000, 0x0000, 0x0000, 0x0000, 0x0000, 0x0000, 0x0000, 0x0000,
    0x0000, 0x0000, 0x0000, 0x0000, 0x0000, 0x0000, 0x0000, 0x0000, 0x0000, 0x0000, 0x0000, 0x0000,
    0x0000, 0x0000, 0x0000, 0x0000, 0x0000, 0x0000, 0x0000, 0x0000, 0x0000, 0x0000, 0x0000, 0x0000,
    0x0000, 0x0000, 0x0000, 0x0000, 0x0000, 0x0000, 0x0000, 0x0000, 0x0000, 0x0000, 0x0000, 0x0000,
    0x0000, 0x0000, 0x0000, 0x0000, 0x0000, 0x0000, 0x0000, 0x0000, 0x0000, 0x0000, 0x0000, 0x0000,
    0x0000, 0x0000, 0x0000, 0x0000, 0x0000, 0x0000, 0x0000, 0x0000, 0x0000, 0x0000, 0x0000, 0x0000,
    0x0000, 0x0000, 0x0000, 0x0000, 0x0000, 0x0000, 0x0000, 0x0000, 0x0000, 0x0000, 0x0000, 0x0000,
    0x0000, 0x0000, 0x0000, 0x0000, 0x0000, 0x0000, 0x0000, 0x0000, 0x0000, 0x0000, 0x0000, 0x0000,
    0x0000, 0x0000, 0x0000, 0x0000, 0x0000, 0x0000, 0x0000, 0x0000, 0x0000, 0x0000, 0x0000, 0x0000,
    0x0000, 0x0000, 0x0000, 0x0000, 0x0000, 0x0000, 0x0000, 0x0000, 0x0000, 0x0000, 0x0000, 0x0000,
    0x0000, 0x0000, 0x0000, 0x0000, 0x0000, 0x0000, 0x0000, 0x0000, 0x0000, 0x0000, 0x0000, 0x0000,
    0x0000, 0x0000, 0x0000, 0x0000, 0x0000, 0x0000, 0x0000, 0x0000, 0x0000, 0x0000, 0x0000, 0x0000,
    0x0000, 0x0000, 0x0000, 0x0000, 0x0000, 0x0000, 0x0000, 0x0000, 0x0000, 0x0000, 0x2100, 0x8208,
    0x6200, 0x4200, 0x6200, 0x2000, 0x0000, 0x0000, 0x0000, 0x0000, 0x0000, 0x0000, 0x0000, 0x0000,
    0x0000, 0x0000, 0x0000, 0x0000, 0x0000, 0x0000, 0x0000, 0x0000, 0x0000, 0x0000, 0x0000, 0x0000,
    0x0000, 0x0000, 0x0000, 0x0000, 0x0000, 0x0000, 0x0000, 0x0000, 0x0000, 0x0000, 0x0000, 0x0000,
    0x0000, 0x0000, 0x0000, 0x0000, 0x0000, 0x0000, 0x0000, 0x0000, 0x0000, 0x0000, 0x0000, 0x0000,
    0x0000, 0x0000, 0x0000, 0x0000, 0x0000, 0x0000, 0x0000, 0x0000, 0x0000, 0x0000, 0x0000, 0x0000,
    0x0000, 0x0000, 0x0000, 0x0000, 0x0000, 0x0000, 0x0000, 0x0000, 0x0000, 0x0000, 0x0000, 0x0000,
    0x0000, 0x0000, 0x0000, 0x0000, 0x0000, 0x0000, 0x0000, 0x0000, 0x0000, 0x0000, 0x0000, 0x0000,
    0x0000, 0x0000, 0x0000, 0x0000, 0x0000, 0x0000, 0x0000, 0x0000, 0x0000, 0x4200, 0xE310, 0x4B63,
    0x8C73, 0xCD73, 0x2742, 0x6208, 0x4200, 0x0000, 0x0000, 0x0000, 0x0000, 0x0000, 0x0000, 0x0000,
    0x0000, 0x0000, 0x0000, 0x0000, 0x0000, 0x0000, 0x0000, 0x0000, 0x0000, 0x0000, 0x0000, 0x0000,
    0x0000, 0x0000, 0x0000, 0x0000, 0x0000, 0x0000, 0x0000, 0x0000, 0x0000, 0x0000, 0x0000, 0x0000,
    0x0000, 0x0000, 0x0000, 0x0000, 0x0000, 0x0000, 0x0000, 0x0000, 0x0000, 0x0000, 0x0000, 0x0000,
    0x0000, 0x0000, 0x0000, 0x0000, 0x0000, 0x0000, 0x0000, 0x0000, 0x0000, 0x0000, 0x0000, 0x0000,
    0x0000, 0x0000, 0x0000, 0x0000, 0x0000, 0x0000, 0x0000, 0x0000, 0x0000, 0x0000, 0x0000, 0x0000,
    0x0000, 0x0000, 0x0000, 0x0000, 0x0000, 0x0000, 0x0000, 0x0000, 0x0000, 0x0000, 0x0000, 0x0000,
    0x0000, 0x0000, 0x0000, 0x0000, 0x2000, 0x0000, 0xA308, 0xA208, 0xE218, 0x6529, 0x6B6B, 0x91B5,
    0xF2BD, 0xF2BD, 0x71AD, 0x6C6B, 0x4521, 0x2421, 0x0419, 0x0000, 0x0000, 0x0000, 0x0000, 0x0000,
    0x0000, 0x0000, 0x0000, 0x0000, 0x0000, 0x0000, 0x0000, 0x0000, 0x0000, 0x0000, 0x0000, 0x0000,
    0x0000, 0x0000, 0x0000, 0x0000, 0x0000, 0x0000, 0x0000, 0x0000, 0x0000, 0x0000, 0x0000, 0x0000,
    0x0000, 0x0000, 0x0000, 0x0000, 0x0000, 0x0000, 0x0000, 0x0000, 0x0000, 0x0000, 0x0000, 0x0000,
    0x0000, 0x0000, 0x0000, 0x0000, 0x0000, 0x0000, 0x0000, 0x0000, 0x0000, 0x0000, 0x0000, 0x0000,
    0x0000, 0x0000, 0x0000, 0x0000, 0x0000, 0x0000, 0x0000, 0x0000, 0x0000, 0x0000, 0x0000, 0x0000,
    0x0000, 0x0000, 0x0000, 0x0000, 0x0000, 0x0000, 0x0000, 0x0000, 0x0000, 0x0000, 0x0000, 0x0000,
    0x0000, 0x0000, 0x0000, 0x4100, 0xE410, 0xA308, 0x684A, 0xCB7B, 0xCEA4, 0x4C94, 0xB2B5, 0x76C6,
    0xB7CE, 0xB7C6, 0xB7CE, 0x92AD, 0x8D94, 0x6C94, 0x6A73, 0x0319, 0xA308, 0xA308, 0x0000, 0x0000,
    0x0000, 0x0000, 0x0000, 0x0000, 0x0000, 0x0000, 0x0000, 0x0000, 0x0000, 0x0000, 0x0000, 0x0000,
    0x0000, 0x0000, 0x0000, 0x0000, 0x0000, 0x0000, 0x0000, 0x0000, 0x0000, 0x0000, 0x0000, 0x0000,
    0x0000, 0x0000, 0x0000, 0x0000, 0x0000, 0x0000, 0x0000, 0x0000, 0x0000, 0x0000, 0x0000, 0x0000,
    0x0000, 0x0000, 0x0000, 0x0000, 0x0000, 0x0000, 0x0000, 0x0000, 0x0000, 0x0000, 0x0000, 0x0000,
    0x0000, 0x0000, 0x0000, 0x0000, 0x0000, 0x0000, 0x0000, 0x0000, 0x0000, 0x0000, 0x0000, 0x0000,
    0x0000, 0x0000, 0x0000, 0x0000, 0x0000, 0x0000, 0x0000, 0x0000, 0x0000, 0x0000, 0x0000, 0x0000,
    0x0000, 0x4208, 0x8408, 0xE508, 0xA719, 0xC631, 0xAE9C, 0xF2C5, 0xB1B5, 0x30A5, 0x36B6, 0xD9C6,
    0x5BD7, 0x5BD7, 0xB8C6, 0x939D, 0x71A5, 0x55C6, 0x71AD, 0xCB7B, 0xA621, 0xA819, 0xA308, 0x6208,
    0x0000, 0x0000, 0x0000, 0x0000, 0x0000, 0x0000, 0x0000, 0x0000, 0x0000, 0x0000, 0x0000, 0x0000,
    0x0000, 0x0000, 0x0000, 0x0000, 0x0000, 0x0000, 0x0000, 0x0000, 0x0000, 0x0000, 0x0000, 0x0000,
    0x0000, 0x0000, 0x0000, 0x0000, 0x0000, 0x0000, 0x0000, 0x0000, 0x0000, 0x0000, 0x0000, 0x0000,
    0x0000, 0x0000, 0x0000, 0x0000, 0x0000, 0x0000, 0x0000, 0x0000, 0x0000, 0x0000, 0x0000, 0x0000,
    0x0000, 0x0000, 0x0000, 0x0000, 0x0000, 0x0000, 0x0000, 0x0000, 0x0000, 0x0000, 0x0000, 0x0000,
    0x0000, 0x0000, 0x0000, 0x0000, 0x0000, 0x0000, 0x0000, 0x0000, 0x0000, 0x0000, 0x0000, 0x8308,
    0x8308, 0xE508, 0x8A2A, 0xEB2A, 0xEA3A, 0x2FA5, 0x90B5, 0xB8CE, 0xF9CE, 0x529D, 0x36B6, 0xD9CE,
    0x5BD7, 0x3AD7, 0x98C6, 0x939D, 0xD4AD, 0x3AD7, 0x76C6, 0x8D9C, 0x0B84, 0xEA42, 0x8A22, 0x2922,
    0xA308, 0x8308, 0x4100, 0x0000, 0x0000, 0x0000, 0x0000, 0x0000, 0x0000, 0x0000, 0x0000, 0x0000,
    0x0000, 0x0000, 0x0000, 0x0000, 0x0000, 0x0000, 0x0000, 0x0000, 0x0000, 0x0000, 0x0000, 0x0000,
    0x0000, 0x0000, 0x0000, 0x0000, 0x0000, 0x0000, 0x0000, 0x0000, 0x0000, 0x0000, 0x0000, 0x0000,
    0x0000, 0x0000, 0x0000, 0x0000, 0x0000, 0x0000, 0x0000, 0x0000, 0x0000, 0x0000, 0x0000, 0x0000,
    0x0000, 0x0000, 0x0000, 0x0000, 0x0000, 0x0000, 0x0000, 0x0000, 0x0000, 0x0000, 0x0000, 0x0000,
    0x0000, 0x0000, 0x0000, 0x0000, 0x0000, 0x0000, 0x0000, 0x0000, 0x0000, 0x2100, 0x6200, 0xC408,
    0x6A2A, 0xEB32, 0xEE43, 0x2B33, 0x0C74, 0x70AD, 0x72A5, 0xF9C6, 0x3ACF, 0x739D, 0x15AE, 0xD8C6,
    0x5BD7, 0x3AD7, 0x77BE, 0x3295, 0xF5AD, 0x1ACF, 0x56B6, 0x2FA5, 0x8FBD, 0x495B, 0x4B3B, 0x6D3B,
    0x091A, 0x8711, 0x4719, 0x4100, 0x0000, 0x0000, 0x0000, 0x0000, 0x0000, 0x0000, 0x0000, 0x0000,
    0x0000, 0x0000, 0x0000, 0x0000, 0x0000, 0x0000, 0x0000, 0x0000, 0x0000, 0x0000, 0x0000, 0x0000,
    0x0000, 0x0000, 0x0000, 0x0000, 0x0000, 0x0000, 0x0000, 0x0000, 0x0000, 0x0000, 0x0000, 0x0000,
    0x0000, 0x0000, 0x0000, 0x0000, 0x0000, 0x0000, 0x0000, 0x0000, 0x0000, 0x0000, 0x0000, 0x0000,
    0x0000, 0x0000, 0x0000, 0x0000, 0x0000, 0x0000, 0x0000, 0x0000, 0x0000, 0x0000, 0x0000, 0x0000,
    0x0000, 0x0000, 0x0000, 0x0000, 0x0000, 0x0000, 0x2100, 0x4200, 0x4100, 0xA408, 0x0922, 0xCA2A,
    0xAD3B, 0x0E3C, 0x2B33, 0x8A5B, 0x2FA5, 0x50A5, 0x93A5, 0xB7BE, 0x1ACF, 0x949D, 0xB49D, 0xB8C6,
    0x5AD7, 0x3AD7, 0x56B6, 0x328D, 0x36B6, 0xF9CE, 0x36B6, 0x519D, 0x91B5, 0x109D, 0xE942, 0x0B33,
    0x6D33, 0x6D33, 0x6B22, 0xE508, 0x6200, 0x6200, 0x2100, 0x0000, 0x0000, 0x0000, 0x0000, 0x0000,
    0x0000, 0x0000, 0x0000, 0x0000, 0x0000, 0x0000, 0x0000, 0x0000, 0x0000, 0x0000, 0x0000, 0x0000,
    0x0000, 0x0000, 0x0000, 0x0000, 0x0000, 0x0000, 0x0000, 0x0000, 0x0000, 0x0000, 0x0000, 0x0000,
    0x0000, 0x0000, 0x0000, 0x0000, 0x0000, 0x0000, 0x0000, 0x0000, 0x0000, 0x0000, 0x0000, 0x0000,
    0x0000, 0x0000, 0x0000, 0x0000, 0x0000, 0x0000, 0x0000, 0x0000, 0x0000, 0x0000, 0x0000, 0x0000,
    0x0000, 0x0000, 0x0000, 0x0000, 0x0000, 0x2100, 0xC408, 0x8408, 0xA408, 0xA400, 0x4922, 0x2F4C,
    0x0E3C, 0xEE33, 0xC922, 0x2C7C, 0xF3BD, 0x15AE, 0x7295, 0x97BE, 0x19CF, 0x56B6, 0x939D, 0x98BE,
    0x5AD7, 0x3AD7, 0x36AE, 0x528D, 0x77BE, 0xF9C6, 0x36B6, 0x529D, 0x35B6, 0x14BE, 0x4A5B, 0xEA2A,
    0x2E34, 0x0F3C, 0x2D2B, 0x6711, 0xC408, 0xE408, 0xA300, 0x2100, 0x0000, 0x0000, 0x0000, 0x0000,
    0x0000, 0x0000, 0x0000, 0x0000, 0x0000, 0x0000, 0x0000, 0x0000, 0x0000, 0x0000, 0x0000, 0x0000,
    0x0000, 0x0000, 0x0000, 0x0000, 0x0000, 0x0000, 0x0000, 0x0000, 0x0000, 0x0000, 0x0000, 0x0000,
    0x0000, 0x0000, 0x0000, 0x0000, 0x0000, 0x0000, 0x0000, 0x0000, 0x0000, 0x0000, 0x0000, 0x0000,
    0x0000, 0x0000, 0x0000, 0x0000, 0x0000, 0x0000, 0x0000, 0x0000, 0x0000, 0x0000, 0x0000, 0x0000,
    0x0000, 0x0000, 0x0000, 0x0000, 0x6208, 0xA308, 0x6A3A, 0xF38C, 0xB284, 0x138D, 0xEE63, 0xCA32,
    0x0C2B, 0xEF3B, 0xCA2A, 0x0C7C, 0x96C6, 0xF9C6, 0x7395, 0x36AE, 0x39CF, 0x97BE, 0x528D, 0x15AE,
    0x97C6, 0x97BE, 0xB4A5, 0x528D, 0xD8C6, 0xD8C6, 0xB49D, 0x36B6, 0x3AD7, 0x14B6, 0x4A5B, 0xA92A,
    0xEE43, 0x0B2B, 0xCB32, 0xB27C, 0x138D, 0x1385, 0x5174, 0x6619, 0x2100, 0x2000, 0x0000, 0x0000,
    0x0000, 0x0000, 0x0000, 0x0000, 0x0000, 0x0000, 0x0000, 0x0000, 0x0000, 0x0000, 0x0000, 0x0000,
    0x0000, 0x0000, 0x0000, 0x0000, 0x0000, 0x0000, 0x0000, 0x0000, 0x0000, 0x0000, 0x0000, 0x0000,
    0x0000, 0x0000, 0x0000, 0x0000, 0x0000, 0x0000, 0x0000, 0x0000, 0x0000, 0x0000, 0x0000, 0x0000,
    0x0000, 0x0000, 0x0000, 0x0000, 0x0000, 0x0000, 0x0000, 0x0000, 0x0000, 0x0000, 0x0000, 0x0000,
    0x0000, 0x0000, 0x0000, 0x2100, 0x8308, 0xEB4A, 0x36B6, 0x5ACF, 0xBCDF, 0xBCDF, 0x9BDF, 0x16A6,
    0x0C3B, 0xCB2A, 0x6932, 0x4D84, 0x96C6, 0x3ACF, 0xB49D, 0x7395, 0xD8C6, 0x97BE, 0xF18C, 0xB4A5,
    0xD4AD, 0xF5B5, 0x739D, 0x328D, 0x97BE, 0x57BE, 0x739D, 0x98C6, 0x1AD7, 0x36BE, 0x4B63, 0x6832,
    0xAA32, 0xAD53, 0x57AE, 0x7BCF, 0x7BCF, 0x5BCF, 0x1AC7, 0x138D, 0xA729, 0x2000, 0x0000, 0x0000,
    0x0000, 0x0000, 0x0000, 0x0000, 0x0000, 0x0000, 0x0000, 0x0000, 0x0000, 0x0000, 0x0000, 0x0000,
    0x0000, 0x0000, 0x0000, 0x0000, 0x0000, 0x0000, 0x0000, 0x0000, 0x0000, 0x0000, 0x0000, 0x0000,
    0x0000, 0x0000, 0x0000, 0x0000, 0x0000, 0x0000, 0x0000, 0x0000, 0x0000, 0x0000, 0x0000, 0x0000,
    0x0000, 0x0000, 0x0000, 0x0000, 0x0000, 0x0000, 0x0000, 0x0000, 0x0000, 0x0000, 0x0000, 0x0000,
    0x0000, 0x0000, 0x2000, 0x8308, 0x0832, 0xD5A5, 0x19C7, 0xD9BE, 0xF69D, 0xF69D, 0x57AE, 0x7BD7,
    0x16A6, 0xCA3A, 0x6B63, 0x6E8C, 0x36B6, 0xFACE, 0x16AE, 0x5395, 0x36B6, 0x15B6, 0x539D, 0x529D,
    0xD4AD, 0xB4AD, 0x529D, 0x93A5, 0x15B6, 0xB4A5, 0x739D, 0xD9CE, 0xF9CE, 0xB3A5, 0x6E8C, 0xC94A,
    0xCA3A, 0x77AE, 0x97AE, 0x958D, 0x57A6, 0x169E, 0x97AE, 0x1AC7, 0x917C, 0x0411, 0x2000, 0x0000,
    0x0000, 0x0000, 0x0000, 0x0000, 0x0000, 0x0000, 0x0000, 0x0000, 0x0000, 0x0000, 0x0000, 0x0000,
    0x0000, 0x0000, 0x0000, 0x0000, 0x0000, 0x0000, 0x0000, 0x0000, 0x0000, 0x0000, 0x0000, 0x0000,
    0x0000, 0x0000, 0x0000, 0x0000, 0x0000, 0x0000, 0x0000, 0x0000, 0x0000, 0x0000, 0x0000, 0x0000,
    0x0000, 0x0000, 0x0000, 0x0000, 0x0000, 0x0000, 0x0000, 0x0000, 0x0000, 0x0000, 0x0000, 0x0000,
    0x0000, 0x0000, 0x8308, 0x0511, 0x4C53, 0x19C7, 0x77AE, 0x748D, 0x505C, 0x5164, 0xF374, 0x57A6,
    0x3AC7, 0x6C53, 0x8B6B, 0x92AD, 0xB4A5, 0xB5A5, 0x78C6, 0xD5AD, 0x739D, 0x15B6, 0xD4A5, 0x1295,
    0xD4AD, 0x73A5, 0x1295, 0xD4AD, 0xF5AD, 0x539D, 0xD5AD, 0x77BE, 0x94A5, 0x329D, 0x92AD, 0x8A6B,
    0xEE5B, 0x379E, 0xF695, 0xB26C, 0x515C, 0x3054, 0xB585, 0xB8B6, 0x57AE, 0x6A32, 0xA308, 0x0000,
    0x0000, 0x0000, 0x0000, 0x0000, 0x0000, 0x0000, 0x0000, 0x0000, 0x0000, 0x0000, 0x0000, 0x0000,
    0x0000, 0x0000, 0x0000, 0x0000, 0x0000, 0x0000, 0x0000, 0x0000, 0x0000, 0x0000, 0x0000, 0x0000,
    0x0000, 0x0000, 0x0000, 0x0000, 0x0000, 0x0000, 0x0000, 0x0000, 0x0000, 0x0000, 0x0000, 0x0000,
    0x0000, 0x0000, 0x0000, 0x0000, 0x0000, 0x0000, 0x0000, 0x0000, 0x0000, 0x0000, 0x2100, 0x4100,
    0x2100, 0xA308, 0xC719, 0x0501, 0x4C4B, 0xF9BE, 0xB595, 0x5064, 0xF69D, 0x758D, 0x9164, 0xD274,
    0x58A6, 0x6D53, 0x4B63, 0xD4B5, 0xF5AD, 0x3395, 0xD5AD, 0x57BE, 0x3395, 0xB4A5, 0xD5AD, 0x1295,
    0xD4AD, 0x93A5, 0x3295, 0xD5AD, 0x739D, 0x739D, 0x56BE, 0x94A5, 0x3295, 0xD4AD, 0x319D, 0xE952,
    0x916C, 0x9585, 0xB26C, 0xD36C, 0x179E, 0xF695, 0xEF4B, 0x169E, 0x57A6, 0x8B32, 0x8819, 0x0611,
    0x4100, 0x0000, 0x0000, 0x0000, 0x0000, 0x0000, 0x0000, 0x0000, 0x0000, 0x0000, 0x0000, 0x0000,
    0x0000, 0x0000, 0x0000, 0x0000, 0x0000, 0x0000, 0x0000, 0x0000, 0x0000, 0x0000, 0x0000, 0x0000,
    0x0000, 0x0000, 0x0000, 0x0000, 0x0000, 0x0000, 0x0000, 0x0000, 0x0000, 0x0000, 0x0000, 0x0000,
    0x0000, 0x0000, 0x0000, 0x0000, 0x0000, 0x0000, 0x0000, 0x0000, 0x0000, 0x4100, 0x8308, 0x6200,
    0x8300, 0xC719, 0x2B2B, 0xAA22, 0xCE53, 0x3ABF, 0x9485, 0xD58D, 0x5BC7, 0xD274, 0xD36C, 0xB264,
    0xB26C, 0xCF5B, 0xEA52, 0x0D7C, 0xF5B5, 0xB5AD, 0x1295, 0xD5A5, 0xD5AD, 0x1295, 0xB4A5, 0x539D,
    0xD5AD, 0x94A5, 0x739D, 0x94A5, 0x1295, 0x16B6, 0x739D, 0x128D, 0xD4AD, 0x93AD, 0x2D84, 0x693A,
    0x7264, 0x1054, 0xF053, 0x1054, 0x9585, 0xB8AE, 0xF26C, 0x57A6, 0x37A6, 0x8B32, 0xCA21, 0x2711,
    0xE410, 0xC408, 0x8208, 0x0000, 0x0000, 0x0000, 0x0000, 0x0000, 0x0000, 0x0000, 0x0000, 0x0000,
    0x0000, 0x0000, 0x0000, 0x0000, 0x0000, 0x0000, 0x0000, 0x0000, 0x0000, 0x0000, 0x0000, 0x0000,
    0x0000, 0x0000, 0x0000, 0x0000, 0x0000, 0x0000, 0x0000, 0x0000, 0x0000, 0x0000, 0x0000, 0x0000,
    0x0000, 0x0000, 0x0000, 0x0000, 0x0000, 0x0000, 0x0000, 0x0000, 0x0000, 0x8308, 0xA729, 0x138D,
    0xB59D, 0x538D, 0xAD43, 0xAA22, 0x6D43, 0xF695, 0x98A6, 0x19B7, 0x369E, 0x6E43, 0x515C, 0x757D,
    0xF04B, 0x5164, 0x2D4B, 0x6842, 0x6F84, 0xD4AD, 0x94A5, 0x128D, 0xD5AD, 0x94A5, 0x1295, 0x749D,
    0x16B6, 0xB5AD, 0x539D, 0x128D, 0xF5AD, 0xB4A5, 0xF18C, 0x739D, 0x93A5, 0x4E84, 0x884A, 0x4932,
    0xAF4B, 0x9264, 0xB68D, 0x315C, 0x9164, 0xB8AE, 0xF9B6, 0x77A6, 0xEF5B, 0xC821, 0x4A32, 0xF384,
    0x548D, 0x548D, 0x2932, 0x4100, 0x0000, 0x0000, 0x0000, 0x0000, 0x0000, 0x0000, 0x0000, 0x0000,
    0x0000, 0x0000, 0x0000, 0x0000, 0x0000, 0x0000, 0x0000, 0x0000, 0x0000, 0x0000, 0x0000, 0x0000,
    0x0000, 0x0000, 0x0000, 0x0000, 0x0000, 0x0000, 0x0000, 0x0000, 0x0000, 0x0000, 0x0000, 0x0000,
    0x0000, 0x0000, 0x0000, 0x0000, 0x0000, 0x0000, 0x0000, 0x2000, 0xA408, 0x493A, 0x5074, 0x3AC7,
    0xF8BE, 0x7ACF, 0xD59D, 0x0C43, 0x6611, 0x8A32, 0xD374, 0x347D, 0xB26C, 0x6E4B, 0x1054, 0x757D,
    0x1054, 0x5164, 0xB374, 0x0C4B, 0x884A, 0x4E84, 0x94A5, 0xD5AD, 0xF28C, 0x749D, 0x749D, 0x917C,
    0x1385, 0xD284, 0xB184, 0x94A5, 0xD5A5, 0xF28C, 0x74A5, 0x53A5, 0xAC6B, 0x6842, 0xAD5B, 0x3485,
    0x315C, 0x1475, 0xD68D, 0x8E4B, 0x2D43, 0x105C, 0x926C, 0x8E53, 0x8619, 0xCB42, 0x16A6, 0xD8B6,
    0xD8B6, 0xD9BE, 0xF6A5, 0x8A42, 0x2100, 0x0000, 0x0000, 0x0000, 0x0000, 0x0000, 0x0000, 0x0000,
    0x0000, 0x0000, 0x0000, 0x0000, 0x0000, 0x0000, 0x0000, 0x0000, 0x0000, 0x0000, 0x0000, 0x0000,
    0x0000, 0x0000, 0x0000, 0x0000, 0x0000, 0x0000, 0x0000, 0x0000, 0x0000, 0x0000, 0x0000, 0x0000,
    0x0000, 0x0000, 0x0000, 0x0000, 0x0000, 0x0000, 0x0000, 0x2100, 0xC408, 0x7495, 0x3AC7, 0xD174,
    0xB16C, 0xD58D, 0xF9BE, 0x36A6, 0xEF63, 0x0D4B, 0xCC3A, 0xED3A, 0x4E43, 0xF474, 0xD36C, 0xD36C,
    0x515C, 0xF795, 0x1796, 0x5164, 0x0B4B, 0x884A, 0x4C63, 0x7084, 0x749D, 0xF384, 0xB27C, 0x348D,
    0xD69D, 0xD69D, 0x338D, 0x5395, 0xB184, 0x539D, 0xB18C, 0xA94A, 0x693A, 0xAE5B, 0x748D, 0x37A6,
    0xF374, 0x115C, 0xF374, 0x315C, 0xB053, 0x8F4B, 0xD053, 0xCC3A, 0xCF5B, 0x16A6, 0x98AE, 0x7485,
    0x1375, 0xB595, 0xF9C6, 0x4D53, 0x4200, 0x0000, 0x0000, 0x0000, 0x0000, 0x0000, 0x0000, 0x0000,
    0x0000, 0x0000, 0x0000, 0x0000, 0x0000, 0x0000, 0x0000, 0x0000, 0x0000, 0x0000, 0x0000, 0x0000,
    0x0000, 0x0000, 0x0000, 0x0000, 0x0000, 0x0000, 0x0000, 0x0000, 0x0000, 0x0000, 0x0000, 0x0000,
    0x0000, 0x0000, 0x0000, 0x0000, 0x0000, 0x0000, 0x0000, 0x6208, 0xC408, 0x538D, 0xD8B6, 0x916C,
    0x1054, 0x305C, 0x9485, 0xF9BE, 0x77AE, 0xCF53, 0xAF53, 0xF053, 0x8F4B, 0x725C, 0x757D, 0x515C,
    0xF04B, 0x9585, 0x9585, 0x926C, 0x1064, 0x483A, 0xC629, 0x0B53, 0x138D, 0xB27C, 0xB274, 0x78AE,
    0xB9BE, 0xD9BE, 0x37A6, 0xD27C, 0xF28C, 0xEE6B, 0x2832, 0x0832, 0xCB42, 0x8E4B, 0x548D, 0x58A6,
    0xB274, 0x6E43, 0xB36C, 0xF46C, 0xF053, 0xAF53, 0xAF4B, 0x6E43, 0xB26C, 0x169E, 0xD595, 0x9264,
    0x1054, 0xD274, 0xFABE, 0x2C53, 0x4200, 0x0000, 0x0000, 0x0000, 0x0000, 0x0000, 0x0000, 0x0000,
    0x0000, 0x0000, 0x0000, 0x0000, 0x0000, 0x0000, 0x0000, 0x0000, 0x0000, 0x0000, 0x0000, 0x0000,
    0x0000, 0x0000, 0x0000, 0x0000, 0x0000, 0x0000, 0x0000, 0x0000, 0x0000, 0x0000, 0x0000, 0x0000,
    0x0000, 0x0000, 0x0000, 0x0000, 0x0000, 0x0000, 0x0000, 0xC510, 0xC508, 0xB174, 0xB8B6, 0x1AC7,
    0x758D, 0xAF4B, 0x716C, 0x3385, 0x347D, 0x105C, 0x7585, 0x9585, 0x757D, 0x6E43, 0x9264, 0x757D,
    0x9264, 0xF053, 0xF374, 0x2F74, 0xCC6B, 0x874A, 0x874A, 0xCC73, 0xE721, 0xEC42, 0xD37C, 0x16A6,
    0xB8BE, 0x77B6, 0xD595, 0x7164, 0x8A32, 0x683A, 0x8B6B, 0xC531, 0x8B6B, 0x6C5B, 0x9174, 0xF37C,
    0x5164, 0xF374, 0x757D, 0x3154, 0x315C, 0xD695, 0xD68D, 0xD36C, 0x515C, 0x557D, 0xB36C, 0xAF4B,
    0x37A6, 0xB8B6, 0xF79D, 0x8B3A, 0x6208, 0x0000, 0x0000, 0x0000, 0x0000, 0x0000, 0x0000, 0x0000,
    0x0000, 0x0000, 0x0000, 0x0000, 0x0000, 0x0000, 0x0000, 0x0000, 0x0000, 0x0000, 0x0000, 0x0000,
    0x0000, 0x0000, 0x0000, 0x0000, 0x0000, 0x0000, 0x0000, 0x0000, 0x0000, 0x0000, 0x0000, 0x0000,
    0x0000, 0x0000, 0x0000, 0x0000, 0x0000, 0x0000, 0x0000, 0xC408, 0x0922, 0x4D3B, 0x3064, 0x9274,
    0xCF53, 0xD053, 0x3164, 0x105C, 0x4E43, 0x315C, 0xB58D, 0xD58D, 0xB58D, 0x105C, 0x8E4B, 0x716C,
    0x348D, 0x0F6C, 0xCD6B, 0xEEA4, 0x4DBD, 0x6B94, 0xC75A, 0x4D84, 0xC952, 0x082A, 0x6D53, 0xF69D,
    0xD58D, 0xD595, 0x9585, 0xCB32, 0x0C4B, 0x2D84, 0x0EAD, 0x0442, 0xACA4, 0xEEA4, 0xED73, 0xCD6B,
    0xF28C, 0x716C, 0x105C, 0x8E4B, 0x5485, 0x579E, 0x179E, 0xF374, 0x2E43, 0x115C, 0xB36C, 0x315C,
    0xF05B, 0x726C, 0xB05B, 0xA821, 0x8308, 0x0000, 0x0000, 0x0000, 0x0000, 0x0000, 0x0000, 0x0000,
    0x0000, 0x0000, 0x0000, 0x0000, 0x0000, 0x0000, 0x0000, 0x0000, 0x0000, 0x0000, 0x0000, 0x0000,
    0x0000, 0x0000, 0x0000, 0x0000, 0x0000, 0x0000, 0x0000, 0x0000, 0x0000, 0x0000, 0x0000, 0x0000,
    0x0000, 0x0000, 0x0000, 0x0000, 0x0000, 0x0000, 0x0000, 0xA308, 0xEC32, 0x4D33, 0x4D3B, 0x6E43,
    0xEC32, 0x3164, 0x9585, 0x5485, 0x6E4B, 0xD053, 0x557D, 0xB68D, 0x958D, 0x8E53, 0xCF63, 0x0E7C,
    0xAE9C, 0x6FB5, 0x6EC5, 0xADCD, 0x6CC5, 0xC983, 0x6429, 0x0B5B, 0x2C5B, 0x6A42, 0x6A3A, 0x5164,
    0x5475, 0x136D, 0xCF53, 0xCC42, 0x2D5B, 0x4C6B, 0x2A6B, 0x6331, 0x299C, 0xEED5, 0x8ECD, 0x6EBD,
    0x8FBD, 0xCF9C, 0x6C5B, 0x0C4B, 0xB274, 0xF695, 0xD695, 0x5164, 0x0D3B, 0x7585, 0xB685, 0x7264,
    0x2D43, 0x4D4B, 0x6F53, 0xE929, 0x6200, 0x0000, 0x0000, 0x0000, 0x0000, 0x0000, 0x0000, 0x0000,
    0x0000, 0x0000, 0x0000, 0x0000, 0x0000, 0x0000, 0x0000, 0x0000, 0x0000, 0x0000, 0x0000, 0x0000,
    0x0000, 0x0000, 0x0000, 0x0000, 0x0000, 0x0000, 0x0000, 0x0000, 0x0000, 0x0000, 0x0000, 0x0000,
    0x0000, 0x0000, 0x0000, 0x0000, 0x0000, 0x0000, 0x0000, 0xA308, 0xC819, 0x505C, 0x779E, 0xD68D,
    0x7164, 0xCF53, 0x347D, 0x7585, 0x926C, 0x2E43, 0xD053, 0xF05B, 0xAE5B, 0xEE73, 0x6E94, 0xEEAC,
    0x2DBD, 0x0FDE, 0x2FDE, 0xA983, 0x4652, 0xA531, 0x2619, 0xAA31, 0x6829, 0x8931, 0x6829, 0xE921,
    0x2D43, 0xAB32, 0x6719, 0xA931, 0xA931, 0xA931, 0x4721, 0x2521, 0x274A, 0x697B, 0xC98B, 0xCED5,
    0xEEDD, 0xEFD5, 0x2EB5, 0x4E84, 0x6D5B, 0xF063, 0xEF5B, 0x6E53, 0x315C, 0x957D, 0x757D, 0xAF4B,
    0x137D, 0x37A6, 0x17A6, 0xCC42, 0x4200, 0x0000, 0x0000, 0x0000, 0x0000, 0x0000, 0x0000, 0x0000,
    0x0000, 0x0000, 0x0000, 0x0000, 0x0000, 0x0000, 0x0000, 0x0000, 0x0000, 0x0000, 0x0000, 0x0000,
    0x0000, 0x0000, 0x0000, 0x0000, 0x0000, 0x0000, 0x0000, 0x0000, 0x0000, 0x0000, 0x0000, 0x0000,
    0x0000, 0x0000, 0x0000, 0x0000, 0x0000, 0x0000, 0x0000, 0x8308, 0xE821, 0xB58D, 0x98AE, 0xF695,
    0x1475, 0x4E3B, 0x9264, 0xB26C, 0xCF5B, 0x2D53, 0x0B53, 0x8C6B, 0x0D84, 0xEFA4, 0xEEA4, 0xACA4,
    0x0B8C, 0x885A, 0x4852, 0xA739, 0xAC52, 0xCC52, 0x2E63, 0x528C, 0x9294, 0x528C, 0x907B, 0xCA39,
    0x6821, 0x4821, 0x4C4A, 0xF183, 0x728C, 0x918C, 0x928C, 0x0D5B, 0x6B4A, 0x2942, 0x2521, 0x064A,
    0xC862, 0x487B, 0x6DC5, 0x0DB5, 0x2C8C, 0x8B6B, 0x4C5B, 0x4D5B, 0x1064, 0x347D, 0xB26C, 0x2D3B,
    0x9585, 0xB8B6, 0xFABE, 0xEC4A, 0x4200, 0x0000, 0x0000, 0x0000, 0x0000, 0x0000, 0x0000, 0x0000,
    0x0000, 0x0000, 0x0000, 0x0000, 0x0000, 0x0000, 0x0000, 0x0000, 0x0000, 0x0000, 0x0000, 0x0000,
    0x0000, 0x0000, 0x0000, 0x0000, 0x0000, 0x0000, 0x0000, 0x0000, 0x0000, 0x0000, 0x0000, 0x0000,
    0x0000, 0x0000, 0x0000, 0x0000, 0x0000, 0x0000, 0x0000, 0x8308, 0xE921, 0x3475, 0xF695, 0xB58D,
    0xF374, 0xAF4B, 0xD05B, 0x0C4B, 0x4C63, 0x6A6B, 0xCB7B, 0xCA7B, 0x2C8C, 0x4A63, 0x273A, 0x083A,
    0xE941, 0x4C52, 0x6F73, 0xF07B, 0x73A5, 0xB3AD, 0x93AD, 0x72A5, 0xB3AD, 0xF194, 0x5184, 0x718C,
    0x7284, 0x7284, 0x5184, 0x918C, 0xF194, 0x729D, 0x92A5, 0x93A5, 0xB3AD, 0x94AD, 0xEF7B, 0x2D63,
    0xE939, 0x6631, 0xC862, 0xA662, 0x4C94, 0x2B94, 0xEB83, 0x8B6B, 0x2B53, 0xAE63, 0xF063, 0x2D43,
    0x9264, 0x747D, 0x5485, 0xAB3A, 0x4200, 0x0000, 0x0000, 0x0000, 0x0000, 0x0000, 0x0000, 0x0000,
    0x0000, 0x0000, 0x0000, 0x0000, 0x0000, 0x0000, 0x0000, 0x0000, 0x0000, 0x0000, 0x0000, 0x0000,
    0x0000, 0x0000, 0x0000, 0x0000, 0x0000, 0x0000, 0x0000, 0x0000, 0x0000, 0x0000, 0x0000, 0x0000,
    0x0000, 0x0000, 0x0000, 0x0000, 0x0000, 0x0000, 0x0000, 0x6308, 0x8821, 0x4E4B, 0x3164, 0x105C,
    0xCF53, 0xAF5B, 0x4C5B, 0x6B6B, 0xAB7B, 0xAA7B, 0x8752, 0xA629, 0x8521, 0xC821, 0x2B3A, 0x0B42,
    0x8F73, 0x708C, 0x93AD, 0xD3AD, 0x92A5, 0x91A5, 0x91A5, 0x91A5, 0xD3AD, 0x539D, 0x7184, 0x7084,
    0x507C, 0x507C, 0x7184, 0x9084, 0x539D, 0xB3AD, 0x92A5, 0x92A5, 0x91A5, 0x91A5, 0xD3AD, 0xD4B5,
    0x718C, 0x0E63, 0x2B4A, 0x6729, 0x8531, 0x0642, 0x496B, 0xAA7B, 0x0D7C, 0x8C6B, 0xAD63, 0x6E53,
    0xEC3A, 0x9264, 0xB05B, 0x4619, 0x4100, 0x0000, 0x0000, 0x0000, 0x0000, 0x0000, 0x0000, 0x0000,
    0x0000, 0x0000, 0x0000, 0x0000, 0x0000, 0x0000, 0x0000, 0x0000, 0x0000, 0x0000, 0x0000, 0x0000,
    0x0000, 0x0000, 0x0000, 0x0000, 0x0000, 0x0000, 0x0000, 0x0000, 0x0000, 0x0000, 0x0000, 0x0000,
    0x0000, 0x0000, 0x0000, 0x0000, 0x0000, 0x0000, 0x0000, 0x0000, 0xA408, 0xA921, 0xED42, 0x0D4B,
    0x2C53, 0x4B63, 0xCB7B, 0xCB7B, 0x0963, 0x8529, 0x8621, 0xE929, 0xC929, 0x4C42, 0x8D5A, 0x508C,
    0xB2AD, 0xD2AD, 0x91A5, 0x91A5, 0x91A5, 0x91A5, 0xB2A5, 0xD3AD, 0xB18C, 0x093A, 0xE508, 0x0511,
    0x0611, 0xE510, 0xE508, 0x8719, 0xE829, 0xEF73, 0xB3AD, 0x91A5, 0x91A5, 0x91A5, 0x719D, 0x719D,
    0xB2A5, 0x73AD, 0xD07B, 0x8E5A, 0xCA31, 0x2611, 0x6521, 0xE631, 0xA84A, 0xED7B, 0xCC73, 0x6C5B,
    0x0C4B, 0xED42, 0x4B32, 0x8300, 0x0000, 0x0000, 0x0000, 0x0000, 0x0000, 0x0000, 0x0000, 0x0000,
    0x0000, 0x0000, 0x0000, 0x0000, 0x0000, 0x0000, 0x0000, 0x0000, 0x0000, 0x0000, 0x0000, 0x0000,
    0x0000, 0x0000, 0x0000, 0x0000, 0x0000, 0x0000, 0x0000, 0x0000, 0x0000, 0x0000, 0x0000, 0x0000,
    0x0000, 0x0000, 0x0000, 0x0000, 0x0000, 0x0000, 0x0000, 0x0000, 0x6208, 0xC929, 0xCC4A, 0xEB52,
    0x0963, 0xAB7B, 0x4A6B, 0x073A, 0x6619, 0x092A, 0x092A, 0x0A32, 0xCE62, 0xCE62, 0x308C, 0xF2AD,
    0x91A5, 0x91A5, 0x91A5, 0x91A5, 0x91A5, 0x91A5, 0xD3AD, 0x3084, 0xC931, 0xCC3A, 0x5465, 0x6D3B,
    0x0611, 0xA821, 0xF043, 0x956D, 0xF053, 0x6721, 0x4D63, 0xB3AD, 0x91A5, 0x91A5, 0x91A5, 0x91A5,
    0x71A5, 0x92A5, 0x52A5, 0x528C, 0x8E5A, 0x0B3A, 0xA819, 0xE919, 0xA819, 0x2832, 0x4B63, 0xCC73,
    0x2B5B, 0xAB42, 0x4619, 0x2000, 0x0000, 0x0000, 0x0000, 0x0000, 0x0000, 0x0000, 0x0000, 0x0000,
    0x0000, 0x0000, 0x0000, 0x0000, 0x0000, 0x0000, 0x0000, 0x0000, 0x0000, 0x0000, 0x0000, 0x0000,
    0x0000, 0x0000, 0x0000, 0x0000, 0x0000, 0x0000, 0x0000, 0x0000, 0x0000, 0x0000, 0x0000, 0x0000,
    0x0000, 0x0000, 0x0000, 0x0000, 0x0000, 0x0000, 0x0000, 0x0000, 0x2100, 0x0519, 0x283A, 0xA85A,
    0x6A73, 0xA952, 0xC721, 0xE921, 0x8B32, 0xCC3A, 0xA821, 0x6C4A, 0x2F73, 0xD083, 0xB3AD, 0xB1A5,
    0xB1A5, 0xB2A5, 0xB2A5, 0x91A5, 0x91A5, 0x92A5, 0x6D6B, 0x6931, 0xD063, 0x9796, 0xB77E, 0xEF43,
    0x6308, 0x2611, 0x335D, 0x3566, 0x768E, 0xF37C, 0x8929, 0x0D63, 0x72A5, 0x92A5, 0x91A5, 0x92A5,
    0x92A5, 0x92A5, 0xB2AD, 0x53A5, 0x2F6B, 0x6D52, 0x0B2A, 0x0A22, 0x8B2A, 0x0922, 0xA721, 0xEA5A,
    0x8C73, 0xAA4A, 0x8208, 0x0000, 0x0000, 0x0000, 0x0000, 0x0000, 0x0000, 0x0000, 0x0000, 0x0000,
    0x0000, 0x0000, 0x0000, 0x0000, 0x0000, 0x0000, 0x0000, 0x0000, 0x0000, 0x0000, 0x0000, 0x0000,
    0x0000, 0x0000, 0x0000, 0x0000, 0x0000, 0x0000, 0x0000, 0x0000, 0x0000, 0x0000, 0x0000, 0x0000,
    0x0000, 0x0000, 0x0000, 0x0000, 0x0000, 0x0000, 0x0000, 0x0000, 0x0000, 0x6208, 0xC731, 0x4B6B,
    0x4842, 0x8719, 0x2922, 0x2D3B, 0x2D3B, 0x0922, 0xA929, 0x8D5A, 0x6F7B, 0x73AD, 0xB2AD, 0x92A5,
    0xB2A5, 0xB2A5, 0xB2A5, 0xB2A5, 0xB1A5, 0x92A5, 0x0D63, 0x0721, 0x8F5B, 0x769E, 0xB686, 0x0E44,
    0x8611, 0x8611, 0x6C23, 0x1466, 0x969E, 0xD284, 0xCA39, 0x2D6B, 0x52A5, 0x92AD, 0x92A5, 0x91A5,
    0x71A5, 0x719D, 0x71A5, 0x72A5, 0x1084, 0xEF62, 0x6D42, 0x6811, 0x0922, 0x4D3B, 0x4A2A, 0x2611,
    0x4942, 0xC731, 0x6208, 0x0000, 0x0000, 0x0000, 0x0000, 0x0000, 0x0000, 0x0000, 0x0000, 0x0000,
    0x0000, 0x0000, 0x0000, 0x0000, 0x0000, 0x0000, 0x0000, 0x0000, 0x0000, 0x0000, 0x0000, 0x0000,
    0x0000, 0x0000, 0x0000, 0x0000, 0x0000, 0x0000, 0x0000, 0x0000, 0x0000, 0x0000, 0x0000, 0x0000,
    0x0000, 0x0000, 0x0000, 0x0000, 0x0000, 0x0000, 0x0000, 0x0000, 0x0000, 0x6308, 0x4621, 0x8729,
    0xA721, 0x292A, 0x4D3B, 0x2C3B, 0x8A2A, 0x2A2A, 0xAA31, 0xCF6A, 0x308C, 0xF4B5, 0xF3AD, 0xF3B5,
    0x13B6, 0x13AE, 0xD2AD, 0x91A5, 0x91A5, 0xB2A5, 0x93A5, 0xAF73, 0x6829, 0x6D53, 0xF47D, 0x556E,
    0x567E, 0x567E, 0x5576, 0x5686, 0x306C, 0x8931, 0x8F73, 0xB3AD, 0xB2A5, 0x91A5, 0x91A5, 0xD3AD,
    0xF3AD, 0xD2AD, 0xD2AD, 0xF3B5, 0xB194, 0x0E6B, 0x6D4A, 0x0711, 0xC919, 0x8D3B, 0x8D3B, 0x8A2A,
    0x2611, 0x0611, 0xA308, 0x0000, 0x0000, 0x0000, 0x0000, 0x0000, 0x0000, 0x0000, 0x0000, 0x0000,
    0x0000, 0x0000, 0x0000, 0x0000, 0x0000, 0x0000, 0x0000, 0x0000, 0x0000, 0x0000, 0x0000, 0x0000,
    0x0000, 0x0000, 0x0000, 0x0000, 0x0000, 0x0000, 0x0000, 0x0000, 0x0000, 0x0000, 0x0000, 0x0000,
    0x0000, 0x0000, 0x0000, 0x0000, 0x0000, 0x0000, 0x0000, 0x0000, 0x0000, 0x8308, 0x0711, 0x4711,
    0x4A2A, 0x2C3B, 0x2C33, 0x6A22, 0x8B2A, 0xA821, 0x0B42, 0xCE6A, 0xD294, 0xB08C, 0xEE73, 0x0E74,
    0x0E74, 0xEE73, 0xB08C, 0xF3AD, 0x91A5, 0x91A5, 0xB2A5, 0x92A5, 0x7194, 0x8C52, 0x2932, 0xEB42,
    0xEB42, 0xEB42, 0xEB42, 0xCB4A, 0x2B4A, 0xD07B, 0x72A5, 0x91A5, 0x71A5, 0x91A5, 0xD3AD, 0x4F7C,
    0xCD6B, 0xCE6B, 0xCD6B, 0xAD6B, 0x8E73, 0x4F73, 0xAE5A, 0x8929, 0x8819, 0xCB2A, 0xCE43, 0xAD3B,
    0x8B2A, 0x8819, 0x6308, 0x0000, 0x0000, 0x0000, 0x0000, 0x0000, 0x0000, 0x0000, 0x0000, 0x0000,
    0x0000, 0x0000, 0x0000, 0x0000, 0x0000, 0x0000, 0x0000, 0x0000, 0x0000, 0x0000, 0x0000, 0x0000,
    0x0000, 0x0000, 0x0000, 0x0000, 0x0000, 0x0000, 0x0000, 0x0000, 0x0000, 0x0000, 0x0000, 0x0000,
    0x0000, 0x0000, 0x0000, 0x0000, 0x0000, 0x0000, 0x0000, 0x0000, 0x0000, 0x6308, 0x4719, 0x6A2A,
    0x4D3B, 0x4C3B, 0x8A22, 0x2D3B, 0xE919, 0xCA31, 0xAE62, 0x2E6B, 0x5184, 0x8721, 0x8719, 0xE821,
    0xC821, 0xC821, 0xC729, 0xCD6B, 0xB2A5, 0xB1A5, 0x91A5, 0xB2AD, 0x93AD, 0xD29C, 0x1084, 0xCF7B,
    0xEE83, 0xEE7B, 0xCF7B, 0xCF7B, 0x508C, 0x52A5, 0x91A5, 0x719D, 0x719D, 0xB2AD, 0x0E74, 0x8719,
    0x0922, 0x0922, 0x2922, 0xE821, 0x4619, 0x8C52, 0xEF62, 0x6D52, 0x2711, 0xCC32, 0x8A22, 0x4D33,
    0x8E43, 0x8819, 0x8308, 0x0000, 0x0000, 0x0000, 0x0000, 0x0000, 0x0000, 0x0000, 0x0000, 0x0000,
    0x0000, 0x0000, 0x0000, 0x0000, 0x0000, 0x0000, 0x0000, 0x0000, 0x0000, 0x0000, 0x0000, 0x0000,
    0x0000, 0x0000, 0x0000, 0x0000, 0x0000, 0x0000, 0x0000, 0x0000, 0x0000, 0x0000, 0x0000, 0x0000,
    0x0000, 0x0000, 0x0000, 0x0000, 0x0000, 0x0000, 0x0000, 0x0000, 0x0000, 0x6308, 0x4719, 0x6D43,
    0x2C33, 0x6A22, 0xAE43, 0x8E43, 0x4711, 0x0B42, 0xEF6A, 0x0E63, 0x0511, 0x4611, 0xCB32, 0x0C33,
    0x0C33, 0x2C3B, 0xAB2A, 0x8719, 0x2C5B, 0xB3AD, 0xF3AD, 0xB2A5, 0xD2AD, 0xB3AD, 0x9094, 0x7194,
    0x9194, 0x9194, 0x9194, 0x7094, 0x119D, 0xB2AD, 0x71A5, 0xB2AD, 0xD3AD, 0xEE73, 0x8719, 0x8A2A,
    0x4C3B, 0x4C3B, 0x6D3B, 0xEB32, 0xE819, 0x2619, 0x2B4A, 0xEF62, 0x2719, 0xEC32, 0x4D33, 0xEC22,
    0x4D33, 0xC819, 0x8308, 0x0000, 0x0000, 0x0000, 0x0000, 0x0000, 0x0000, 0x0000, 0x0000, 0x0000,
    0x0000, 0x0000, 0x0000, 0x0000, 0x0000, 0x0000, 0x0000, 0x0000, 0x0000, 0x0000, 0x0000, 0x0000,
    0x0000, 0x0000, 0x0000, 0x0000, 0x0000, 0x0000, 0x0000, 0x0000, 0x0000, 0x0000, 0x0000, 0x0000,
    0x0000, 0x0000, 0x0000, 0x0000, 0x0000, 0x0000, 0x0000, 0x0000, 0x0000, 0x6308, 0x8819, 0x0C3B,
    0x6A22, 0x6D3B, 0xCE43, 0x8B2A, 0x6719, 0x0C4A, 0xCE62, 0x8929, 0x6811, 0xC919, 0xA819, 0xA819,
    0xE919, 0xEC2A, 0x8D3B, 0x4D3B, 0x492A, 0x8A42, 0x9084, 0x14B6, 0xF3B5, 0xB2AD, 0xF194, 0x9094,
    0xB194, 0xB194, 0xD194, 0xF19C, 0xB2AD, 0xB2AD, 0xF3AD, 0x2F74, 0x8A42, 0x282A, 0xEB3A, 0x2C3B,
    0x8A2A, 0xA711, 0xC819, 0x8719, 0xC921, 0x8719, 0x4719, 0x6D52, 0x6921, 0x6A22, 0xB154, 0x4D33,
    0x0C2B, 0xA819, 0x8308, 0x0000, 0x0000, 0x0000, 0x0000, 0x0000, 0x0000, 0x0000, 0x0000, 0x0000,
    0x0000, 0x0000, 0x0000, 0x0000, 0x0000, 0x0000, 0x0000, 0x0000, 0x0000, 0x0000, 0x0000, 0x0000,
    0x0000, 0x0000, 0x0000, 0x0000, 0x0000, 0x0000, 0x0000, 0x0000, 0x0000, 0x0000, 0x0000, 0x0000,
    0x0000, 0x0000, 0x0000, 0x0000, 0x0000, 0x0000, 0x0000, 0x0000, 0x0000, 0x8308, 0x6819, 0x8B2A,
    0xEB2A, 0xCE43, 0x6A22, 0x6A2A, 0x4711, 0x2C4A, 0x6D52, 0x0711, 0x4811, 0x6919, 0xAA29, 0xAA29,
    0x4811, 0x8911, 0x6B22, 0x4C33, 0x8D3B, 0x6A2A, 0xA721, 0xEB52, 0xF194, 0xD3B5, 0xD2AD, 0xD2AD,
    0xB2AD, 0xB2AD, 0xD3AD, 0xB2AD, 0xD3AD, 0x73A5, 0x0B53, 0xC821, 0xCB32, 0x0C3B, 0x0C3B, 0x2922,
    0x8819, 0x6929, 0xEB39, 0x0C42, 0x4821, 0x0611, 0xE610, 0xCA31, 0x6921, 0x4A2A, 0x6D3B, 0xAE33,
    0x8E3B, 0xA819, 0x8308, 0x0000, 0x0000, 0x0000, 0x0000, 0x0000, 0x0000, 0x0000, 0x0000, 0x0000,
    0x0000, 0x0000, 0x0000, 0x0000, 0x0000, 0x0000, 0x0000, 0x0000, 0x0000, 0x0000, 0x0000, 0x0000,
    0x0000, 0x0000, 0x0000, 0x0000, 0x0000, 0x0000, 0x0000, 0x0000, 0x0000, 0x0000, 0x0000, 0x0000,
    0x0000, 0x0000, 0x0000, 0x0000, 0x0000, 0x0000, 0x0000, 0x0000, 0x0000, 0x6308, 0x6719, 0x2C33,
    0x0F4C, 0xCB2A, 0x4A22, 0x4A22, 0x4711, 0x0C4A, 0xAE62, 0x4C52, 0x4D52, 0x8D5A, 0xCF62, 0xCF62,
    0x6D4A, 0xAA29, 0x2809, 0x2A22, 0x0C2B, 0x8D43, 0xEB32, 0xA719, 0x8729, 0x8D6B, 0x52A5, 0x119D,
    0x71A5, 0x72A5, 0x32A5, 0x73A5, 0x7084, 0x2932, 0x492A, 0x4D43, 0x4C3B, 0x0C33, 0x0922, 0x8921,
    0x0B3A, 0x6E52, 0x8E62, 0x8E62, 0x4D52, 0x2C4A, 0x2C4A, 0x6D52, 0x4821, 0x2A2A, 0xAB2A, 0x504C,
    0x4D33, 0xA819, 0x6308, 0x0000, 0x0000, 0x0000, 0x0000, 0x0000, 0x0000, 0x0000, 0x0000, 0x0000,
    0x0000, 0x0000, 0x0000, 0x0000, 0x0000, 0x0000, 0x0000, 0x0000, 0x0000, 0x0000, 0x0000, 0x0000,
    0x0000, 0x0000, 0x0000, 0x0000, 0x0000, 0x0000, 0x0000, 0x0000, 0x0000, 0x0000, 0x0000, 0x0000,
    0x0000, 0x0000, 0x0000, 0x0000, 0x0000, 0x0000, 0x0000, 0x0000, 0x2100, 0xA410, 0x6719, 0x8E43,
    0x0B33, 0xAA2A, 0xEC32, 0x2A22, 0x6711, 0x0B4A, 0xCE6A, 0xAE6A, 0xCE6A, 0xCE6A, 0xCF6A, 0xEF6A,
    0x106B, 0xEF62, 0xEC31, 0x4919, 0xC921, 0x6A2A, 0xEB32, 0x0B3B, 0x492A, 0x6619, 0xED62, 0x8F7B,
    0x52A5, 0xD194, 0x2E6B, 0x8F73, 0xE829, 0xCB32, 0x6D43, 0xEC32, 0x4A2A, 0xC921, 0xEB29, 0x4C42,
    0xCF5A, 0xCF62, 0xAF62, 0x8E62, 0x8E62, 0x8E5A, 0x8E5A, 0x8E5A, 0x2819, 0x2A2A, 0x8B2A, 0x0C2B,
    0x4E3B, 0x8819, 0xA408, 0x4100, 0x0000, 0x0000, 0x0000, 0x0000, 0x0000, 0x0000, 0x0000, 0x0000,
    0x0000, 0x0000, 0x0000, 0x0000, 0x0000, 0x0000, 0x0000, 0x0000, 0x0000, 0x0000, 0x0000, 0x0000,
    0x0000, 0x0000, 0x0000, 0x0000, 0x0000, 0x0000, 0x0000, 0x0000, 0x0000, 0x0000, 0x0000, 0x0000,
    0x0000, 0x0000, 0x0000, 0x0000, 0x0000, 0x0000, 0x0000, 0x0000, 0xA410, 0x2719, 0x8500, 0x2609,
    0xAB2A, 0xCE43, 0xEB2A, 0x2A22, 0x6811, 0x2C4A, 0xCE6A, 0xAE62, 0xCE6A, 0xCF6A, 0xAA39, 0x4821,
    0x4821, 0x8929, 0xAA29, 0x6821, 0xE610, 0xE608, 0x8819, 0x2922, 0xAB32, 0x8821, 0x4C52, 0x907B,
    0x53A5, 0xB19C, 0xAE62, 0xEA41, 0x292A, 0xEC3A, 0x8B32, 0x8819, 0x0611, 0xE610, 0x4821, 0x8929,
    0x2721, 0x4721, 0x6829, 0x6D52, 0xCF6A, 0x8E62, 0x8E5A, 0x6E52, 0x4821, 0x2A2A, 0x8B2A, 0xAB2A,
    0xC819, 0x2200, 0x0619, 0xA410, 0x0000, 0x0000, 0x0000, 0x0000, 0x0000, 0x0000, 0x0000, 0x0000,
    0x0000, 0x0000, 0x0000, 0x0000, 0x0000, 0x0000, 0x0000, 0x0000, 0x0000, 0x0000, 0x0000, 0x0000,
    0x0000, 0x0000, 0x0000, 0x0000, 0x0000, 0x0000, 0x0000, 0x0000, 0x0000, 0x0000, 0x0000, 0x0000,
    0x0000, 0x0000, 0x0000, 0x0000, 0x0000, 0x0000, 0x0000, 0x0000, 0x8408, 0x4721, 0x0C53, 0xCB4A,
    0x2922, 0x2D33, 0xCB2A, 0xAB2A, 0xA819, 0x2C4A, 0xCE6A, 0xAE6A, 0xAE62, 0x8931, 0xE921, 0x4F4C,
    0x2F44, 0x2A22, 0x2711, 0x4A22, 0xEF43, 0x8B2A, 0x2711, 0x4819, 0x4819, 0x6D52, 0x0F6B, 0x4F73,
    0x52A5, 0xB194, 0xEE6A, 0xAE5A, 0x8829, 0xE608, 0x0611, 0xC508, 0x8A2A, 0xCE43, 0xE821, 0x0611,
    0xCB2A, 0x2F44, 0xCE53, 0x2619, 0x2C4A, 0xAF62, 0xCF62, 0xAF62, 0x6821, 0x4A2A, 0xAC32, 0xC819,
    0xAB42, 0x6D63, 0x8829, 0x8308, 0x0000, 0x0000, 0x0000, 0x0000, 0x0000, 0x0000, 0x0000, 0x0000,
    0x0000, 0x0000, 0x0000, 0x0000, 0x0000, 0x0000, 0x0000, 0x0000, 0x0000, 0x0000, 0x0000, 0x0000,
    0x0000, 0x0000, 0x0000, 0x0000, 0x0000, 0x0000, 0x0000, 0x0000, 0x0000, 0x0000, 0x0000, 0x0000,
    0x0000, 0x0000, 0x0000, 0x0000, 0x0000, 0x0000, 0x0000, 0x0000, 0x6308, 0xC831, 0xD5AD, 0xD5AD,
    0xEC52, 0x8819, 0x6B2A, 0x6D43, 0xC821, 0x2C4A, 0xCE6A, 0xEF6A, 0x4C5A, 0xE618, 0xF37C, 0xD78E,
    0xD786, 0x6D3B, 0xA408, 0x0C2B, 0x356E, 0x568E, 0x8B42, 0x4D52, 0xEF62, 0xAE62, 0x2F73, 0x518C,
    0x52A5, 0xB094, 0x118C, 0x707B, 0x6D52, 0xCA39, 0x8931, 0x4E5B, 0x3586, 0xF465, 0x8A22, 0xE500,
    0xD14C, 0xB67E, 0xB7AE, 0x517C, 0x6829, 0xEF6A, 0xEF6A, 0xEF6A, 0x8921, 0x6B2A, 0x8719, 0x8A42,
    0x3395, 0x74A5, 0xC831, 0x6308, 0x0000, 0x0000, 0x0000, 0x0000, 0x0000, 0x0000, 0x0000, 0x0000,
    0x0000, 0x0000, 0x0000, 0x0000, 0x0000, 0x0000, 0x0000, 0x0000, 0x0000, 0x0000, 0x0000, 0x0000,
    0x0000, 0x0000, 0x0000, 0x0000, 0x0000, 0x0000, 0x0000, 0x0000, 0x0000, 0x0000, 0x0000, 0x0000,
    0x0000, 0x0000, 0x0000, 0x0000, 0x0000, 0x0000, 0x0000, 0x0000, 0x6308, 0xE931, 0x5084, 0x1084,
    0xF6BD, 0xED52, 0x0922, 0xEF4B, 0x092A, 0x2B4A, 0xEE6A, 0x108C, 0xAF7B, 0xED62, 0xEF7B, 0x76A6,
    0x968E, 0x2F44, 0x8A2A, 0xEF43, 0x3586, 0xB7B6, 0xD17B, 0xCF6A, 0x707B, 0xCE62, 0x4F73, 0xB3AD,
    0xB2AD, 0x91A5, 0xB3B5, 0x8F7B, 0x6D5A, 0x4D5A, 0x0C52, 0x7284, 0xD6AE, 0x147E, 0x2C3B, 0x292A,
    0xD15C, 0xB696, 0x35AE, 0xF07B, 0x8F73, 0xD29C, 0x9294, 0x2F6B, 0xA929, 0x6A2A, 0x492A, 0x3395,
    0xAE73, 0x918C, 0xE831, 0x6308, 0x0000, 0x0000, 0x0000, 0x0000, 0x0000, 0x0000, 0x0000, 0x0000,
    0x0000, 0x0000, 0x0000, 0x0000, 0x0000, 0x0000, 0x0000, 0x0000, 0x0000, 0x0000, 0x0000, 0x0000,
    0x0000, 0x0000, 0x0000, 0x0000, 0x0000, 0x0000, 0x0000, 0x0000, 0x0000, 0x0000, 0x0000, 0x0000,
    0x0000, 0x0000, 0x0000, 0x0000, 0x0000, 0x0000, 0x0000, 0x0000, 0x6308, 0xE931, 0xD39C, 0xED6A,
    0xD083, 0xAC4A, 0x0922, 0xAE4B, 0xE821, 0x2B42, 0xD07B, 0x93AD, 0x52A5, 0xF19C, 0x2F84, 0xB18C,
    0xB495, 0xF16C, 0x126D, 0xF174, 0xB49D, 0x54A5, 0x4F73, 0x2E6B, 0x54A5, 0x0E6B, 0x2E73, 0xD3B5,
    0xD2AD, 0xD2AD, 0x13B6, 0x8F73, 0xEE62, 0x318C, 0x8C5A, 0x6F73, 0x339D, 0xD07C, 0x306C, 0x5074,
    0xB17C, 0xF5A5, 0xB18C, 0x0F7C, 0x93AD, 0xF3B5, 0xD4B5, 0x9073, 0xC929, 0x4A22, 0xEC42, 0x5184,
    0x8B5A, 0xF39C, 0x093A, 0x8308, 0x0000, 0x0000, 0x0000, 0x0000, 0x0000, 0x0000, 0x0000, 0x0000,
    0x0000, 0x0000, 0x0000, 0x0000, 0x0000, 0x0000, 0x0000, 0x0000, 0x0000, 0x0000, 0x0000, 0x0000,
    0x0000, 0x0000, 0x0000, 0x0000, 0x0000, 0x0000, 0x0000, 0x0000, 0x0000, 0x0000, 0x0000, 0x0000,
    0x0000, 0x0000, 0x0000, 0x0000, 0x0000, 0x0000, 0x0000, 0x0000, 0x8308, 0xE931, 0xF39C, 0x4E73,
    0x6D52, 0x4821, 0x2922, 0xAE43, 0xE821, 0x2B42, 0x1084, 0xD3B5, 0xD2AD, 0xD2AD, 0x92AD, 0xD194,
    0x5084, 0x708C, 0x708C, 0x918C, 0x3084, 0x4E6B, 0x2E6B, 0xF29C, 0x93AD, 0x0D6B, 0x6E73, 0xD3B5,
    0xD2AD, 0xD2AD, 0x13B6, 0xEF83, 0x4E6B, 0xB3AD, 0xF29C, 0xED62, 0x6F73, 0x718C, 0x708C, 0x7084,
    0x708C, 0x5084, 0xF194, 0xD3AD, 0xD2AD, 0xB2AD, 0xD3B5, 0xB07B, 0xA929, 0x4A22, 0xA821, 0xAD5A,
    0x4E73, 0x53A5, 0x093A, 0x8308, 0x0000, 0x0000, 0x0000, 0x0000, 0x0000, 0x0000, 0x0000, 0x0000,
    0x0000, 0x0000, 0x0000, 0x0000, 0x0000, 0x0000, 0x0000, 0x0000, 0x0000, 0x0000, 0x0000, 0x0000,
    0x0000, 0x0000, 0x0000, 0x0000, 0x0000, 0x0000, 0x0000, 0x0000, 0x0000, 0x0000, 0x0000, 0x0000,
    0x0000, 0x0000, 0x0000, 0x0000, 0x0000, 0x0000, 0x0000, 0x0000, 0x8308, 0xC831, 0xD294, 0x1084,
    0x6D52, 0x6829, 0x081A, 0x8D3B, 0xE821, 0x2B42, 0x3084, 0xF3B5, 0xD2AD, 0xD2AD, 0xD2AD, 0xB3AD,
    0x92AD, 0x92AD, 0x52A5, 0x9194, 0x8E73, 0xAE73, 0x52A5, 0xB2A5, 0x71A5, 0x5084, 0x718C, 0xD3AD,
    0xF2AD, 0xF2AD, 0x13B6, 0xF19C, 0x708C, 0x92AD, 0xD3B5, 0xF29C, 0x6E73, 0xCF7B, 0x119D, 0x92A5,
    0x91A5, 0xB2A5, 0xB2AD, 0xD1AD, 0xB1A5, 0xD2A5, 0xD3AD, 0x8F73, 0x8921, 0x4A22, 0x8821, 0x6D5A,
    0x518C, 0x15B6, 0xE831, 0x6308, 0x0000, 0x0000, 0x0000, 0x0000, 0x0000, 0x0000, 0x0000, 0x0000,
    0x0000, 0x0000, 0x0000, 0x0000, 0x0000, 0x0000, 0x0000, 0x0000, 0x0000, 0x0000, 0x0000, 0x0000,
    0x0000, 0x0000, 0x0000, 0x0000, 0x0000, 0x0000, 0x0000, 0x0000, 0x0000, 0x0000, 0x0000, 0x0000,
    0x0000, 0x0000, 0x0000, 0x0000, 0x0000, 0x0000, 0x0000, 0x0000, 0xA410, 0x2719, 0x8B4A, 0x9294,
    0x4C52, 0x6821, 0xE819, 0x8D3B, 0xE819, 0x2A42, 0x1084, 0xF3B5, 0xD2AD, 0xD2AD, 0xD2AD, 0xD2AD,
    0xD2AD, 0xF2AD, 0x72A5, 0x2F84, 0x908C, 0x92A5, 0xB2A5, 0x91A5, 0x72A5, 0x708C, 0x908C, 0xD2AD,
    0xF2AD, 0xF2AD, 0xF3B5, 0xF194, 0x708C, 0x92A5, 0xD2AD, 0xD3AD, 0x72A5, 0x0F84, 0xD094, 0xF2AD,
    0xB1AD, 0xD1AD, 0xB1AD, 0xB1AD, 0xD1AD, 0xB1A5, 0xD3AD, 0x9073, 0x6821, 0x2922, 0x8821, 0x6D52,
    0x518C, 0x4F7C, 0x8729, 0xA308, 0x0000, 0x0000, 0x0000, 0x0000, 0x0000, 0x0000, 0x0000, 0x0000,
    0x0000, 0x0000, 0x0000, 0x0000, 0x0000, 0x0000, 0x0000, 0x0000, 0x0000, 0x0000, 0x0000, 0x0000,
    0x0000, 0x0000, 0x0000, 0x0000, 0x0000, 0x0000, 0x0000, 0x0000, 0x0000, 0x0000, 0x0000, 0x0000,
    0x0000, 0x0000, 0x0000, 0x0000, 0x0000, 0x0000, 0x0000, 0x0000, 0x6208, 0xC510, 0x4A42, 0xB294,
    0x4C52, 0x6829, 0x081A, 0x6D3B, 0xC819, 0x0A42, 0xF083, 0xF3B5, 0xD2AD, 0xD2AD, 0xD2AD, 0xB2AD,
    0xB2A5, 0xB2AD, 0xB2AD, 0xD3AD, 0xD2AD, 0xB2A5, 0xB2A5, 0xB2A5, 0xB3AD, 0x908C, 0xB194, 0xD3B5,
    0xD2AD, 0xF2AD, 0xF3B5, 0xD194, 0x508C, 0x92A5, 0xD2AD, 0xB1A5, 0xD2AD, 0xF3B5, 0xD2AD, 0xB2AD,
    0xB2AD, 0xB2AD, 0xB2AD, 0xB1A5, 0xD1A5, 0xB1A5, 0xB3AD, 0x4F6B, 0x6821, 0x0922, 0x6821, 0x4D52,
    0xB39C, 0x8B4A, 0xC510, 0x8308, 0x0000, 0x0000, 0x0000, 0x0000, 0x0000, 0x0000, 0x0000, 0x0000,
    0x0000, 0x0000, 0x0000, 0x0000, 0x0000, 0x0000, 0x0000, 0x0000, 0x0000, 0x0000, 0x0000, 0x0000,
    0x0000, 0x0000, 0x0000, 0x0000, 0x0000, 0x0000, 0x0000, 0x0000, 0x0000, 0x0000, 0x0000, 0x0000,
    0x0000, 0x0000, 0x0000, 0x0000, 0x0000, 0x0000, 0x0000, 0x0000, 0x0000, 0x8308, 0x0A3A, 0xAF73,
    0x6D52, 0x6929, 0x091A, 0x8D3B, 0xEC32, 0xEA31, 0xAC5A, 0xF19C, 0xF2AD, 0xB1AD, 0xB2AD, 0xB2A5,
    0xB2A5, 0xB2AD, 0xB2A5, 0xB2AD, 0xB2AD, 0xB2AD, 0xB2AD, 0xD3AD, 0xF194, 0x508C, 0xB194, 0xD3AD,
    0xD2AD, 0xD2AD, 0xF2AD, 0xB094, 0x508C, 0xF194, 0x92A5, 0xD2AD, 0xB2AD, 0xB2A5, 0xB2AD, 0xB2AD,
    0xD2AD, 0xB2AD, 0xB2AD, 0xB2AD, 0xB1A5, 0xD2AD, 0x2F7C, 0x6D52, 0x2B3A, 0x0922, 0x8829, 0x4D52,
    0x3284, 0x6A42, 0x4200, 0x0000, 0x0000, 0x0000, 0x0000, 0x0000, 0x0000, 0x0000, 0x0000, 0x0000,
    0x0000, 0x0000, 0x0000, 0x0000, 0x0000, 0x0000, 0x0000, 0x0000, 0x0000, 0x0000, 0x0000, 0x0000,
    0x0000, 0x0000, 0x0000, 0x0000, 0x0000, 0x0000, 0x0000, 0x0000, 0x0000, 0x0000, 0x0000, 0x0000,
    0x0000, 0x0000, 0x0000, 0x0000, 0x0000, 0x0000, 0x0000, 0x0000, 0x0000, 0x8308, 0xE610, 0xA929,
    0xAE5A, 0x8929, 0x4922, 0xCE43, 0x6D3B, 0x6719, 0xEB41, 0xAF7B, 0xD3AD, 0xB1A5, 0xB1A5, 0xD2A5,
    0xD2AD, 0xB2AD, 0xD2AD, 0xD2AD, 0xB2AD, 0xD2AD, 0xD3AD, 0x93AD, 0x32A5, 0x918C, 0x908C, 0xD3B5,
    0xD2AD, 0xD2AD, 0xF3AD, 0xD094, 0x708C, 0xB08C, 0x329D, 0xF3B5, 0xD2AD, 0xD2AD, 0xD2AD, 0xD2AD,
    0xB2AD, 0xD2AD, 0xD2AD, 0xD1AD, 0xB1A5, 0xD3AD, 0x4E6B, 0x6929, 0xC921, 0x2922, 0x8821, 0xAE5A,
    0xEA39, 0x2611, 0x8308, 0x0000, 0x0000, 0x0000, 0x0000, 0x0000, 0x0000, 0x0000, 0x0000, 0x0000,
    0x0000, 0x0000, 0x0000, 0x0000, 0x0000, 0x0000, 0x0000, 0x0000, 0x0000, 0x0000, 0x0000, 0x0000,
    0x0000, 0x0000, 0x0000, 0x0000, 0x0000, 0x0000, 0x0000, 0x0000, 0x0000, 0x0000, 0x0000, 0x0000,
    0x0000, 0x0000, 0x0000, 0x0000, 0x0000, 0x0000, 0x0000, 0x0000, 0x0000, 0x2000, 0x8308, 0xEA31,
    0xCE5A, 0xA929, 0x6A22, 0xCE43, 0x8D3B, 0xC921, 0x0B42, 0xCD62, 0xD194, 0xF2AD, 0xB1A5, 0xB2AD,
    0xB2AD, 0xB2AD, 0xB2AD, 0xD2AD, 0xB2AD, 0xD2AD, 0xF29C, 0x2D6B, 0xF4B5, 0x32A5, 0x119D, 0xD3B5,
    0xD2AD, 0xD2AD, 0xF3B5, 0x52A5, 0xD194, 0xF3B5, 0xEE7B, 0x708C, 0xD3AD, 0xD2AD, 0xB2AD, 0xD2AD,
    0xB2A5, 0xD2AD, 0xB1A5, 0xB1A5, 0xF2AD, 0xB194, 0xAD5A, 0x6821, 0x091A, 0x4A22, 0xA929, 0xAE62,
    0xEA39, 0xA408, 0x0000, 0x0000, 0x0000, 0x0000, 0x0000, 0x0000, 0x0000, 0x0000, 0x0000, 0x0000,
    0x0000, 0x0000, 0x0000, 0x0000, 0x0000, 0x0000, 0x0000, 0x0000, 0x0000, 0x0000, 0x0000, 0x0000,
    0x0000, 0x0000, 0x0000, 0x0000, 0x0000, 0x0000, 0x0000, 0x0000, 0x0000, 0x0000, 0x0000, 0x0000,
    0x0000, 0x0000, 0x0000, 0x0000, 0x0000, 0x0000, 0x0000, 0x0000, 0x0000, 0x0000, 0x4100, 0xC929,
    0xCE5A, 0xCA31, 0xA819, 0xEC32, 0xAE43, 0x4D3B, 0x0B32, 0x8D5A, 0x4E6B, 0x529D, 0xD2AD, 0xB1A5,
    0xD2AD, 0xD2AD, 0xD2AD, 0xB2AD, 0xB2A5, 0x92A5, 0x6F73, 0xAC52, 0xF4B5, 0x52A5, 0xB3AD, 0xF2B5,
    0xD2AD, 0xD2AD, 0xF2AD, 0x92A5, 0x119D, 0x54BE, 0xAE73, 0x4B52, 0x32A5, 0xD2AD, 0xD1A5, 0xD1A5,
    0xB1A5, 0xB2A5, 0xB1A5, 0xD2AD, 0x52A5, 0x4E6B, 0x2C4A, 0x4A32, 0x8E43, 0x0922, 0xA929, 0xEF62,
    0x0B3A, 0x6308, 0x0000, 0x0000, 0x0000, 0x0000, 0x0000, 0x0000, 0x0000, 0x0000, 0x0000, 0x0000,
    0x0000, 0x0000, 0x0000, 0x0000, 0x0000, 0x0000, 0x0000, 0x0000, 0x0000, 0x0000, 0x0000, 0x0000,
    0x0000, 0x0000, 0x0000, 0x0000, 0x0000, 0x0000, 0x0000, 0x0000, 0x0000, 0x0000, 0x0000, 0x0000,
    0x0000, 0x0000, 0x0000, 0x0000, 0x0000, 0x0000, 0x0000, 0x0000, 0x0000, 0x0000, 0x4100, 0xC408,
    0x0A3A, 0xEA39, 0x0709, 0xAC32, 0xAE3B, 0xAE3B, 0x0A2A, 0x6D52, 0xAE62, 0x1084, 0xD3AD, 0xD2AD,
    0xB2AD, 0xD2AD, 0xD2AD, 0x91A5, 0xD2AD, 0xD194, 0xAE5A, 0xAD5A, 0x94AD, 0x918C, 0xF194, 0x13B6,
    0xF2AD, 0xF2B5, 0x13B6, 0x329D, 0xB18C, 0xD5B5, 0x6F6B, 0xAD5A, 0x918C, 0xD2AD, 0xB1A5, 0xD1A5,
    0xD1A5, 0xD2AD, 0xB1A5, 0xB2AD, 0x107C, 0x4C52, 0x0B32, 0x2C33, 0xEE43, 0xE919, 0xCA31, 0x2B42,
    0x2719, 0x8308, 0x0000, 0x0000, 0x0000, 0x0000, 0x0000, 0x0000, 0x0000, 0x0000, 0x0000, 0x0000,
    0x0000, 0x0000, 0x0000, 0x0000, 0x0000, 0x0000, 0x0000, 0x0000, 0x0000, 0x0000, 0x0000, 0x0000,
    0x0000, 0x0000, 0x0000, 0x0000, 0x0000, 0x0000, 0x0000, 0x0000, 0x0000, 0x0000, 0x0000, 0x0000,
    0x0000, 0x0000, 0x0000, 0x0000, 0x0000, 0x0000, 0x0000, 0x0000, 0x0000, 0x0000, 0x0000, 0x4200,
    0x4719, 0x6819, 0x2711, 0xAC32, 0xAE3B, 0x4F44, 0xEC32, 0x0B3A, 0xCF62, 0xEE62, 0x53A5, 0xF3AD,
    0xB2AD, 0xB2AD, 0xB1A5, 0xD2AD, 0xB3AD, 0xCF73, 0x6D52, 0xCA39, 0xE931, 0x6C52, 0x6F73, 0xB4B5,
    0x93AD, 0xB3AD, 0xD4B5, 0x1084, 0xAD5A, 0x0A3A, 0x8929, 0xEB39, 0x2E63, 0xF29C, 0xD2AD, 0xB1A5,
    0xB1A5, 0xB1A5, 0xD1A5, 0xD3AD, 0x6F73, 0x2C42, 0x8B2A, 0xCE3B, 0xAE3B, 0xE921, 0x2719, 0x2719,
    0xA408, 0x0000, 0x0000, 0x0000, 0x0000, 0x0000, 0x0000, 0x0000, 0x0000, 0x0000, 0x0000, 0x0000,
    0x0000, 0x0000, 0x0000, 0x0000, 0x0000, 0x0000, 0x0000, 0x0000, 0x0000, 0x0000, 0x0000, 0x0000,
    0x0000, 0x0000, 0x0000, 0x0000, 0x0000, 0x0000, 0x0000, 0x0000, 0x0000, 0x0000, 0x0000, 0x0000,
    0x0000, 0x0000, 0x0000, 0x0000, 0x0000, 0x0000, 0x0000, 0x0000, 0x0000, 0x0000, 0x0000, 0x6208,
    0x0611, 0xE608, 0x0609, 0xCC32, 0x8D33, 0x904C, 0xCE3B, 0x0A22, 0x6D52, 0xCE6A, 0xF29C, 0xF3AD,
    0xB2AD, 0xD2AD, 0xD3AD, 0xD194, 0x4D63, 0x4B3A, 0x8819, 0x8819, 0x4711, 0x8921, 0x0B3A, 0x2E63,
    0x4F6B, 0x4E6B, 0x4E6B, 0x4C4A, 0x2819, 0xE608, 0x2709, 0x2709, 0x0B32, 0x2E63, 0x129D, 0xD2AD,
    0xD2AD, 0xD2AD, 0xD2AD, 0x32A5, 0x4F73, 0x4C3A, 0x6D3B, 0x8D33, 0xCE3B, 0xE919, 0xC508, 0x0611,
    0xC410, 0x0000, 0x0000, 0x0000, 0x0000, 0x0000, 0x0000, 0x0000, 0x0000, 0x0000, 0x0000, 0x0000,
    0x0000, 0x0000, 0x0000, 0x0000, 0x0000, 0x0000, 0x0000, 0x0000, 0x0000, 0x0000, 0x0000, 0x0000,
    0x0000, 0x0000, 0x0000, 0x0000, 0x0000, 0x0000, 0x0000, 0x0000, 0x0000, 0x0000, 0x0000, 0x0000,
    0x0000, 0x0000, 0x0000, 0x0000, 0x0000, 0x0000, 0x0000, 0x0000, 0x0000, 0x0000, 0x0000, 0x4200,
    0xE510, 0x0611, 0xC921, 0xEC32, 0xCE3B, 0x2F44, 0x8D33, 0x2D3B, 0x0B32, 0x4D52, 0x518C, 0xF3B5,
    0xD2AD, 0xD3AD, 0x5084, 0xAC42, 0xAC32, 0x4D33, 0xCE3B, 0xAE3B, 0x4D3B, 0xE919, 0x2611, 0x4821,
    0x4821, 0x4821, 0x4721, 0x0611, 0x8819, 0xAB2A, 0x6D33, 0x8D3B, 0xCB2A, 0x4A32, 0x4B3A, 0x5084,
    0xB3AD, 0xF3AD, 0xB3AD, 0xB07B, 0x2C4A, 0x8B32, 0xCE3B, 0x8C2B, 0xCE3B, 0x2922, 0x0611, 0xE510,
    0x8308, 0x0000, 0x0000, 0x0000, 0x0000, 0x0000, 0x0000, 0x0000, 0x0000, 0x0000, 0x0000, 0x0000,
    0x0000, 0x0000, 0x0000, 0x0000, 0x0000, 0x0000, 0x0000, 0x0000, 0x0000, 0x0000, 0x0000, 0x0000,
    0x0000, 0x0000, 0x0000, 0x0000, 0x0000, 0x0000, 0x0000, 0x0000, 0x0000, 0x0000, 0x0000, 0x0000,
    0x0000, 0x0000, 0x0000, 0x0000, 0x0000, 0x0000, 0x0000, 0x0000, 0x0000, 0x0000, 0x0000, 0x0000,
    0x8308, 0x2711, 0x6B2A, 0x4D33, 0x704C, 0xAD33, 0xAD33, 0xAE3B, 0x8B2A, 0xEB39, 0xB07B, 0xB4B5,
    0x73A5, 0x8E6B, 0x8B3A, 0x6E43, 0x904C, 0x114D, 0x3255, 0x0E3C, 0x4D33, 0x4D3B, 0x8B2A, 0x4719,
    0x2711, 0x2719, 0x4711, 0x6B2A, 0xEC32, 0x2C33, 0x904C, 0xD14C, 0x7044, 0xAE3B, 0xCC32, 0x2B3A,
    0xAF73, 0x73AD, 0x73AD, 0x707B, 0x8A31, 0xAB2A, 0xEE3B, 0xB044, 0xAD33, 0x0C33, 0xE921, 0x8308,
    0x0000, 0x0000, 0x0000, 0x0000, 0x0000, 0x0000, 0x0000, 0x0000, 0x0000, 0x0000, 0x0000, 0x0000,
    0x0000, 0x0000, 0x0000, 0x0000, 0x0000, 0x0000, 0x0000, 0x0000, 0x0000, 0x0000, 0x0000, 0x0000,
    0x0000, 0x0000, 0x0000, 0x0000, 0x0000, 0x0000, 0x0000, 0x0000, 0x0000, 0x0000, 0x0000, 0x0000,
    0x0000, 0x0000, 0x0000, 0x0000, 0x0000, 0x0000, 0x0000, 0x0000, 0x0000, 0x0000, 0x0000, 0x0000,
    0x6308, 0x2711, 0x8B2A, 0xAE3B, 0x2F44, 0xAD33, 0xAD33, 0x0F3C, 0xAE3B, 0x0B32, 0x4C4A, 0x1184,
    0x4E63, 0x8B32, 0xCE43, 0xD14C, 0x3255, 0x7044, 0xAE33, 0x6D33, 0x6D33, 0x6D33, 0x6D3B, 0x8B2A,
    0x8A2A, 0x6A2A, 0x8B2A, 0x0C33, 0x0C33, 0x2C33, 0x4C2B, 0xEE3B, 0x124D, 0x114D, 0x2F3C, 0x0D3B,
    0x2B3A, 0xAF73, 0xF3A4, 0xEE62, 0x0A2A, 0x6D3B, 0xCD33, 0xF14C, 0x0E34, 0x4D33, 0x0922, 0x8308,
    0x0000, 0x0000, 0x0000, 0x0000, 0x0000, 0x0000, 0x0000, 0x0000, 0x0000, 0x0000, 0x0000, 0x0000,
    0x0000, 0x0000, 0x0000, 0x0000, 0x0000, 0x0000, 0x0000, 0x0000, 0x0000, 0x0000, 0x0000, 0x0000,
    0x0000, 0x0000, 0x0000, 0x0000, 0x0000, 0x0000, 0x0000, 0x0000, 0x0000, 0x0000, 0x0000, 0x0000,
    0x0000, 0x0000, 0x0000, 0x0000, 0x0000, 0x0000, 0x0000, 0x0000, 0x0000, 0x0000, 0x0000, 0x0000,
    0x6308, 0x2611, 0x0C33, 0xAE3B, 0xAD33, 0xCE3B, 0xCD33, 0xD14C, 0xCE3B, 0x2D3B, 0xEA29, 0x8D4A,
    0x2A2A, 0x4D33, 0xF14C, 0x324D, 0xEE3B, 0x2C33, 0x4D33, 0x4D3B, 0x4D3B, 0x6D3B, 0x6D3B, 0x8E3B,
    0x8E43, 0x8E3B, 0x8E3B, 0x4D3B, 0x2D3B, 0x2D3B, 0x2D33, 0x2C33, 0x6D33, 0x4F44, 0xF24C, 0x0F44,
    0x6B32, 0x4B42, 0x0F6B, 0x4C4A, 0x4D3B, 0xEE3B, 0xAD33, 0x9044, 0x9044, 0x6D33, 0xE921, 0x8308,
    0x0000, 0x0000, 0x0000, 0x0000, 0x0000, 0x0000, 0x0000, 0x0000, 0x0000, 0x0000, 0x0000, 0x0000,
    0x0000, 0x0000, 0x0000, 0x0000, 0x0000, 0x0000, 0x0000, 0x0000, 0x0000, 0x0000, 0x0000, 0x0000,
    0x0000, 0x0000, 0x0000, 0x0000, 0x0000, 0x0000, 0x0000, 0x0000, 0x0000, 0x0000, 0x0000, 0x0000,
    0x0000, 0x0000, 0x0000, 0x0000, 0x0000, 0x0000, 0x0000, 0x0000, 0x0000, 0x0000, 0x0000, 0x0000,
    0x6308, 0x0611, 0x6B2A, 0x6D3B, 0xCE3B, 0xCD33, 0xD044, 0x9044, 0xCE3B, 0xEE43, 0xEC32, 0xCA21,
    0xAB2A, 0xB04C, 0xD14C, 0x8D33, 0x0C33, 0xED32, 0x2B22, 0xC919, 0xC919, 0xC919, 0xC919, 0xC919,
    0xCA19, 0xCA19, 0xCA21, 0xCA19, 0xCA19, 0xCA19, 0xEA19, 0xCC32, 0xEC32, 0xEB2A, 0x2F3C, 0xD14C,
    0x0C33, 0x4B32, 0xEA31, 0xCC3A, 0xAE3B, 0x4F3C, 0x0E3C, 0xCD33, 0x7044, 0x4D33, 0xE921, 0x8308,
    0x0000, 0x0000, 0x0000, 0x0000, 0x0000, 0x0000, 0x0000, 0x0000, 0x0000, 0x0000, 0x0000, 0x0000,
    0x0000, 0x0000, 0x0000, 0x0000, 0x0000, 0x0000, 0x0000, 0x0000, 0x0000, 0x0000, 0x0000, 0x0000,
    0x0000, 0x0000, 0x0000, 0x0000, 0x0000, 0x0000, 0x0000, 0x0000, 0x0000, 0x0000, 0x0000, 0x0000,
    0x0000, 0x0000, 0x0000, 0x0000, 0x0000, 0x0000, 0x0000, 0x0000, 0x0000, 0x0000, 0x0000, 0x0000,
    0x8308, 0xE608, 0xC921, 0xEC32, 0xAE3B, 0x9044, 0xB044, 0xCD33, 0xCD3B, 0xCE3B, 0x0C2B, 0x2A1A,
    0xAE33, 0x114D, 0xAE33, 0x8B32, 0x8C3A, 0xAD42, 0xAA29, 0x2819, 0x4821, 0x4821, 0x6821, 0x6821,
    0x6829, 0x6929, 0x6829, 0x6821, 0x4821, 0x6921, 0x2819, 0xEB29, 0x2B32, 0x4B2A, 0xEC2A, 0x904C,
    0xCE3B, 0xAB2A, 0x0A22, 0x6D3B, 0x8D33, 0xD14C, 0x6F3C, 0xAD2B, 0x0E3C, 0x2D33, 0xA819, 0x8308,
    0x0000, 0x0000, 0x0000, 0x0000, 0x0000, 0x0000, 0x0000, 0x0000, 0x0000, 0x0000, 0x0000, 0x0000,
    0x0000, 0x0000, 0x0000, 0x0000, 0x0000, 0x0000, 0x0000, 0x0000, 0x0000, 0x0000, 0x0000, 0x0000,
    0x0000, 0x0000, 0x0000, 0x0000, 0x0000, 0x0000, 0x0000, 0x0000, 0x0000, 0x0000, 0x0000, 0x0000,
    0x0000, 0x0000, 0x0000, 0x0000, 0x0000, 0x0000, 0x0000, 0x0000, 0x0000, 0x0000, 0x0000, 0x0000,
    0x6308, 0xE508, 0xEA29, 0x2B2A, 0x4D2B, 0xF14C, 0xEE33, 0xAD33, 0xAD33, 0xCE3B, 0xEB2A, 0x8D33,
    0x3255, 0xD14C, 0x6D3B, 0x8821, 0xA931, 0x6931, 0x4C52, 0x2F6B, 0x1184, 0x518C, 0x518C, 0x518C,
    0x518C, 0x518C, 0x518C, 0x508C, 0x518C, 0xF083, 0x6C52, 0xC718, 0x4821, 0x2B3A, 0x8C32, 0xAD33,
    0xF154, 0x5044, 0xCC2A, 0x2C33, 0x8D33, 0xCE33, 0x6F3C, 0xEE33, 0xAE33, 0x0C33, 0x8819, 0x8308,
    0x0000, 0x0000, 0x0000, 0x0000, 0x0000, 0x0000, 0x0000, 0x0000, 0x0000, 0x0000, 0x0000, 0x0000,
    0x0000, 0x0000, 0x0000, 0x0000, 0x0000, 0x0000, 0x0000, 0x0000, 0x0000, 0x0000, 0x0000, 0x0000,
    0x0000, 0x0000, 0x0000, 0x0000, 0x0000, 0x0000, 0x0000, 0x0000, 0x0000, 0x0000, 0x0000, 0x0000,
    0x0000, 0x0000, 0x0000, 0x0000, 0x0000, 0x0000, 0x0000, 0x0000, 0x0000, 0x0000, 0x0000, 0x0000,
    0x8308, 0xE608, 0xEA29, 0x4B2A, 0x8E3B, 0x5044, 0x8D33, 0xAD33, 0xAD33, 0xCE3B, 0x0C2B, 0xEE3B,
    0xF14C, 0xEE33, 0x6D3B, 0xC929, 0xD294, 0x5084, 0xB194, 0x32A5, 0xD3B5, 0xF4B5, 0xD4B5, 0xD4B5,
    0xD4B5, 0xD4B5, 0xD4B5, 0xD3B5, 0xF3AD, 0x92A5, 0xD194, 0xCF7B, 0x508C, 0x928C, 0x0922, 0x8E3B,
    0x6F3C, 0x7355, 0xEB22, 0x2C33, 0x8D33, 0x4C2B, 0x9044, 0x0E3C, 0x8D33, 0x8B2A, 0x2711, 0xA408,
    0x0000, 0x0000, 0x0000, 0x0000, 0x0000, 0x0000, 0x0000, 0x0000, 0x0000, 0x0000, 0x0000, 0x0000,
    0x0000, 0x0000, 0x0000, 0x0000, 0x0000, 0x0000, 0x0000, 0x0000, 0x0000, 0x0000, 0x0000, 0x0000,
    0x0000, 0x0000, 0x0000, 0x0000, 0x0000, 0x0000, 0x0000, 0x0000, 0x0000, 0x0000, 0x0000, 0x0000,
    0x0000, 0x0000, 0x0000, 0x0000, 0x0000, 0x0000, 0x0000, 0x0000, 0x0000, 0x0000, 0x0000, 0x8308,
    0xE510, 0xC508, 0x8819, 0x4B32, 0x4B2A, 0xAB2A, 0x8D3B, 0xAD33, 0xAD33, 0xAD33, 0x8D33, 0x9044,
    0x2F34, 0xAD33, 0x6E3B, 0xE929, 0x93A5, 0x33B6, 0xF2AD, 0xF2AD, 0xB2AD, 0x319D, 0x329D, 0x129D,
    0x32A5, 0x32A5, 0x32A5, 0x52A5, 0x52A5, 0xD2AD, 0xD2AD, 0xF3AD, 0x34B6, 0xF294, 0x4A2A, 0xAE3B,
    0x4F3C, 0x7355, 0x0E3C, 0x8D33, 0x8D33, 0x6D33, 0xB04C, 0x0E3C, 0xEC32, 0xA819, 0xE508, 0xE510,
    0xA408, 0x2100, 0x0000, 0x0000, 0x0000, 0x0000, 0x0000, 0x0000, 0x0000, 0x0000, 0x0000, 0x0000,
    0x0000, 0x0000, 0x0000, 0x0000, 0x0000, 0x0000, 0x0000, 0x0000, 0x0000, 0x0000, 0x0000, 0x0000,
    0x0000, 0x0000, 0x0000, 0x0000, 0x0000, 0x0000, 0x0000, 0x0000, 0x0000, 0x0000, 0x0000, 0x0000,
    0x0000, 0x0000, 0x0000, 0x0000, 0x0000, 0x0000, 0x0000, 0x0000, 0x0000, 0x2100, 0xA408, 0x0611,
    0xE610, 0xE608, 0xE508, 0x8819, 0xEA29, 0x2A22, 0x6D3B, 0x8D33, 0x8D33, 0xAD33, 0x8D33, 0x4F3C,
    0x0E3C, 0xCE3B, 0x6E3B, 0xC929, 0xB18C, 0xF2AD, 0xF2AD, 0xD2AD, 0x4F84, 0xED62, 0x2E6B, 0x2E6B,
    0x4E6B, 0x4E73, 0x6F73, 0x4F73, 0x6E6B, 0x129D, 0xF3AD, 0xB2AD, 0xF4B5, 0x507C, 0x0A22, 0xAE3B,
    0x0E3C, 0xB14C, 0x6F44, 0xAD33, 0x4C33, 0x6D33, 0xAE33, 0x4D33, 0xE921, 0x0711, 0xE610, 0xE610,
    0xE610, 0xE510, 0x6208, 0x0000, 0x0000, 0x0000, 0x0000, 0x0000, 0x0000, 0x0000, 0x0000, 0x0000,
    0x0000, 0x0000, 0x0000, 0x0000, 0x0000, 0x0000, 0x0000, 0x0000, 0x0000, 0x0000, 0x0000, 0x0000,
    0x0000, 0x0000, 0x0000, 0x0000, 0x0000, 0x0000, 0x0000, 0x0000, 0x0000, 0x0000, 0x0000, 0x0000,
    0x0000, 0x0000, 0x0000, 0x0000, 0x0000, 0x0000, 0x0000, 0x0000, 0x8308, 0x0611, 0x6819, 0x8821,
    0xC921, 0xE929, 0x4719, 0xA508, 0xA921, 0x0A22, 0x2D3B, 0x0C33, 0x2C2B, 0xCE3B, 0x8D33, 0xAD33,
    0xAD33, 0xAD33, 0xAE3B, 0x8C32, 0x6B4A, 0x129D, 0x33B6, 0xD2AD, 0x1084, 0xAD5A, 0x4829, 0x8929,
    0xA929, 0xAA29, 0x8929, 0xEA39, 0x4F6B, 0xD294, 0xF3B5, 0x13B6, 0x74AD, 0x6B42, 0xCC32, 0xCE3B,
    0xCD33, 0xAD2B, 0xAD33, 0x0E3C, 0xCE3B, 0x2C33, 0xCB2A, 0x2A22, 0x0711, 0xE710, 0xA921, 0xCA21,
    0x8819, 0x0711, 0x0611, 0x0519, 0x4100, 0x0000, 0x0000, 0x0000, 0x0000, 0x0000, 0x0000, 0x0000,
    0x0000, 0x0000, 0x0000, 0x0000, 0x0000, 0x0000, 0x0000, 0x0000, 0x0000, 0x0000, 0x0000, 0x0000,
    0x0000, 0x0000, 0x0000, 0x0000, 0x0000, 0x0000, 0x0000, 0x0000, 0x0000, 0x0000, 0x0000, 0x0000,
    0x0000, 0x0000, 0x0000, 0x0000, 0x0000, 0x2100, 0x8308, 0xA408, 0x0611, 0xA921, 0xA921, 0xEA21,
    0x4A2A, 0x8B32, 0x4711, 0xE508, 0xC508, 0xE921, 0x8B2A, 0x6A22, 0x8D33, 0x0E3C, 0x8D33, 0xAD33,
    0xAD33, 0x8D33, 0xAD33, 0x8E3B, 0x4B32, 0x4B4A, 0x7084, 0x33A5, 0x1184, 0xEB39, 0xEA29, 0x8B2A,
    0x8B2A, 0x6B2A, 0x6C2A, 0x0A2A, 0x2B42, 0xAF73, 0xB4AD, 0x73AD, 0xCC52, 0xAC3A, 0xCE3B, 0xCD33,
    0xAD33, 0xAD33, 0x8C2B, 0x4F3C, 0x2F3C, 0xEB2A, 0x6B2A, 0x8819, 0xC608, 0x2711, 0xEA21, 0xED32,
    0x2A22, 0x8919, 0x4819, 0x2711, 0xC510, 0x6208, 0x2100, 0x0000, 0x0000, 0x0000, 0x0000, 0x0000,
    0x0000, 0x0000, 0x0000, 0x0000, 0x0000, 0x0000, 0x0000, 0x0000, 0x0000, 0x0000, 0x0000, 0x0000,
    0x0000, 0x0000, 0x0000, 0x0000, 0x0000, 0x0000, 0x0000, 0x0000, 0x0000, 0x0000, 0x0000, 0x0000,
    0x0000, 0x0000, 0x0000, 0x0000, 0x2100, 0x0619, 0x6819, 0x6819, 0xA921, 0xEA29, 0xEA21, 0x6B32,
    0x1375, 0x9585, 0x2A2A, 0x2711, 0xE508, 0x0611, 0x0A2A, 0x4B2A, 0xAE3B, 0x2E3C, 0x8D33, 0xAD33,
    0xAD33, 0xAD33, 0xAD33, 0xAD33, 0x2D33, 0x2B2A, 0x2C42, 0x6D4A, 0x0C42, 0x0B2A, 0x4D3B, 0xAE3B,
    0xAE3B, 0xAE3B, 0xAE3B, 0x0C33, 0xE921, 0x4B42, 0xCD5A, 0x6B4A, 0x2A2A, 0x6D33, 0xCD33, 0xAD33,
    0xAD33, 0xAD33, 0x8D33, 0x4F3C, 0x2F44, 0xCC32, 0xC921, 0xC608, 0x0711, 0xA921, 0x726C, 0xD68D,
    0xAF53, 0xA921, 0xC921, 0x8819, 0x8821, 0x6819, 0x0611, 0x6208, 0x0000, 0x0000, 0x0000, 0x0000,
    0x0000, 0x0000, 0x0000, 0x0000, 0x0000, 0x0000, 0x0000, 0x0000, 0x0000, 0x0000, 0x0000, 0x0000,
    0x0000, 0x0000, 0x0000, 0x0000, 0x0000, 0x0000, 0x0000, 0x0000, 0x0000, 0x0000, 0x0000, 0x0000,
    0x0000, 0x0000, 0x0000, 0x6208, 0x2719, 0x2719, 0x2711, 0x4B2A, 0x6B2A, 0x0A22, 0xCA21, 0x4E4B,
    0x5BBF, 0x5BBF, 0xF063, 0xA921, 0x0611, 0xE508, 0x4711, 0x0A2A, 0x4D3B, 0xAE3B, 0x8D33, 0xAD33,
    0x6D33, 0x0C2B, 0xAD33, 0xAD33, 0xEE3B, 0x4D33, 0x8B2A, 0x6C32, 0x6B2A, 0x2D3B, 0x2F44, 0xD04C,
    0x0E3C, 0x2E3C, 0xF14C, 0x0E3C, 0x2C33, 0x4A2A, 0x2A2A, 0x4A2A, 0x6D3B, 0xCD33, 0xCD33, 0x0C2B,
    0x4C33, 0xAD33, 0xAD33, 0xEE3B, 0x4D3B, 0x4B2A, 0x2811, 0xC710, 0x0811, 0x2A32, 0xFAC6, 0xFDE7,
    0x348D, 0x6811, 0x4B2A, 0x8B2A, 0x8B2A, 0x8819, 0x4819, 0x0619, 0x6308, 0x0000, 0x0000, 0x0000,
    0x0000, 0x0000, 0x0000, 0x0000, 0x0000, 0x0000, 0x0000, 0x0000, 0x0000, 0x0000, 0x0000, 0x0000,
    0x0000, 0x0000, 0x0000, 0x0000, 0x0000, 0x0000, 0x0000, 0x0000, 0x0000, 0x0000, 0x0000, 0x0000,
    0x0000, 0x0000, 0x4208, 0x2619, 0x6819, 0xC819, 0xEC32, 0x8D3B, 0x6D3B, 0x8B2A, 0xA919, 0x6B3A,
    0x1485, 0x7595, 0xAC42, 0xEA29, 0x8821, 0xE610, 0xE508, 0x4719, 0x6B2A, 0xAC2A, 0x8D33, 0xCE3B,
    0x2D33, 0x6A22, 0xAE33, 0xCD33, 0xCD33, 0xCD33, 0xCE3B, 0xAE3B, 0xCE3B, 0xAD33, 0x9044, 0x114D,
    0xCD33, 0xCD33, 0x114D, 0x4F3C, 0x6D33, 0x6D3B, 0x6D3B, 0x6D33, 0xAD33, 0xCD33, 0xCE3B, 0xEC2A,
    0xAC2A, 0x8D33, 0xCD33, 0x8D33, 0x4B2A, 0xA921, 0xE710, 0x2819, 0x8921, 0xEA29, 0xF384, 0x9595,
    0x4E53, 0xA919, 0x6B2A, 0x6D33, 0xCE3B, 0xEC32, 0xE921, 0x8821, 0x2619, 0x6208, 0x0000, 0x0000,
    0x0000, 0x0000, 0x0000, 0x0000, 0x0000, 0x0000, 0x0000, 0x0000, 0x0000, 0x0000, 0x0000, 0x0000,
    0x0000, 0x0000, 0x0000, 0x0000, 0x0000, 0x0000, 0x0000, 0x0000, 0x0000, 0x0000, 0x0000, 0x0000,
    0x0000, 0x0000, 0x6208, 0x6821, 0x6B2A, 0x2C33, 0x8D3B, 0x8D33, 0x8D33, 0x6D33, 0xAB32, 0xA819,
    0x4719, 0xC921, 0xEA29, 0x0B2A, 0x2B32, 0x6819, 0xC508, 0xC508, 0xC921, 0xAC32, 0x8E3B, 0xEE3B,
    0x2D33, 0x6B22, 0xCE3B, 0xCE33, 0xCD33, 0x2F3C, 0x0E3C, 0xAD33, 0x8D33, 0xEE33, 0xF144, 0x4E3C,
    0xAD33, 0xAD33, 0x6F3C, 0xD044, 0xEE3B, 0x4C33, 0x4C33, 0xEE3B, 0x0E3C, 0xCD33, 0xCE3B, 0x0C33,
    0x4B22, 0x6D33, 0xEE33, 0x6D33, 0x4B2A, 0x6919, 0xE708, 0xEA29, 0x6B32, 0x0A22, 0xE921, 0x8819,
    0xA819, 0x6B2A, 0x4D33, 0xAD3B, 0xAD33, 0xCE3B, 0xCB32, 0x0A2A, 0x6719, 0x6208, 0x0000, 0x0000,
    0x0000, 0x0000, 0x0000, 0x0000, 0x0000, 0x0000, 0x0000, 0x0000, 0x0000, 0x0000, 0x0000, 0x0000,
    0x0000, 0x0000, 0x0000, 0x0000, 0x0000, 0x0000, 0x0000, 0x0000, 0x0000, 0x0000, 0x0000, 0x0000,
    0x0000, 0x0000, 0x6308, 0x8821, 0x6A2A, 0x6D3B, 0x8D33, 0x8D33, 0x6C33, 0x6C33, 0x4D33, 0x8B2A,
    0xC921, 0xEA29, 0x2A2A, 0xAC3A, 0x6B32, 0x2A2A, 0x4719, 0xA508, 0x8821, 0x8C32, 0x8E3B, 0x0F44,
    0xAB2A, 0x2A22, 0xEF3B, 0xEE33, 0xCD33, 0xB044, 0x9044, 0x8D33, 0x6C33, 0x0E3C, 0xF14C, 0xCD33,
    0x8D33, 0xAD33, 0x8C2B, 0xB044, 0x4F3C, 0x6C33, 0x4C2B, 0x2F3C, 0x9044, 0xCD33, 0xEE3B, 0x0D33,
    0x0A22, 0x2D33, 0xAE3B, 0xCC32, 0xCA21, 0xE708, 0xA921, 0x4A2A, 0x0D3B, 0xEC3A, 0xE921, 0xA819,
    0x6B2A, 0x2C33, 0x8D33, 0x8D33, 0x8D33, 0xCD33, 0x6D3B, 0x0A22, 0x6819, 0x6208, 0x0000, 0x0000,
    0x0000, 0x0000, 0x0000, 0x0000, 0x0000, 0x0000, 0x0000, 0x0000, 0x0000, 0x0000, 0x0000, 0x0000,
    0x0000, 0x0000, 0x0000, 0x0000, 0x0000, 0x0000, 0x0000, 0x0000, 0x0000, 0x0000, 0x0000, 0x0000,
    0x0000, 0x0000, 0x4100, 0x0511, 0xA819, 0xEC32, 0x8D3B, 0x6D33, 0x6D33, 0x6D33, 0x6C33, 0x4C33,
    0x8B2A, 0x8819, 0x4E4B, 0xD9AE, 0xF695, 0x6B32, 0xA921, 0xE608, 0xE610, 0xEA29, 0xCD32, 0xEC32,
    0x4B2A, 0x0A22, 0x2D33, 0xCE3B, 0xCD33, 0xB044, 0x6F3C, 0x6C33, 0x4C33, 0xED33, 0xF144, 0xEE33,
    0xAC33, 0xAD33, 0x8D33, 0x9044, 0x4F3C, 0x6C33, 0x4C33, 0x4F3C, 0x703C, 0xCE33, 0x6D33, 0x8C2A,
    0xEA21, 0xAC2A, 0xAC2A, 0x4B2A, 0x2811, 0xE710, 0xC921, 0x306C, 0xB9B6, 0x548D, 0xA819, 0x2A2A,
    0x0C33, 0x6D33, 0x6D33, 0x8D33, 0xAD33, 0xAE3B, 0xCC2A, 0xC921, 0x0511, 0x4100, 0x0000, 0x0000,
    0x0000, 0x0000, 0x0000, 0x0000, 0x0000, 0x0000, 0x0000, 0x0000, 0x0000, 0x0000, 0x0000, 0x0000,
    0x0000, 0x0000, 0x0000, 0x0000, 0x0000, 0x0000, 0x0000, 0x0000, 0x0000, 0x0000, 0x0000, 0x0000,
    0x0000, 0x0000, 0x0000, 0x2100, 0x0511, 0xA821, 0xAB2A, 0x8D33, 0x8D33, 0x6C33, 0x6C33, 0x6C33,
    0x4C33, 0x0922, 0x8F5B, 0x3ABF, 0xF9B6, 0xCC42, 0xC921, 0x4719, 0xA508, 0x2711, 0xC921, 0x8C32,
    0x0A22, 0xCA21, 0x8C2A, 0x2D33, 0x8D33, 0xB044, 0xEE3B, 0xCB2A, 0x2C33, 0x0E3C, 0x114D, 0xED33,
    0xAD33, 0xAD33, 0x8C2B, 0x9044, 0x2F3C, 0x2C33, 0x6A22, 0xEE3B, 0x703C, 0xCE3B, 0x0C33, 0xEA21,
    0x6811, 0x8C32, 0x2A2A, 0x6919, 0x0711, 0xEA29, 0xE921, 0x7495, 0x9BDF, 0x959D, 0xE921, 0x0C33,
    0x6C33, 0x6D33, 0x8D33, 0x8D33, 0x8D33, 0xEC32, 0xC921, 0xE510, 0x2100, 0x0000, 0x0000, 0x0000,
    0x0000, 0x0000, 0x0000, 0x0000, 0x0000, 0x0000, 0x0000, 0x0000, 0x0000, 0x0000, 0x0000, 0x0000,
    0x0000, 0x0000, 0x0000, 0x0000, 0x0000, 0x0000, 0x0000, 0x0000, 0x0000, 0x0000, 0x0000, 0x0000,
    0x0000, 0x0000, 0x0000, 0x0000, 0x0000, 0xC410, 0x4719, 0xCB2A, 0x8E3B, 0x8D3B, 0x8D33, 0x6C33,
    0x8D33, 0x0C33, 0x8B32, 0x5274, 0x116C, 0xEA29, 0xEA21, 0x0A2A, 0x6821, 0xA508, 0xE608, 0x4B32,
    0xEA29, 0x4819, 0x2B2A, 0x6A2A, 0x4C33, 0xB044, 0x4C33, 0x2A22, 0x2C33, 0xAD33, 0xD044, 0x0E34,
    0xAD33, 0xCD33, 0xAD33, 0xD144, 0x6F3C, 0x0C33, 0x0A22, 0x8D33, 0x6F3C, 0xCE33, 0xEC32, 0xA919,
    0x0711, 0x0B2A, 0x2811, 0xE710, 0x8919, 0x8C32, 0x0922, 0xCC42, 0x3074, 0x4D4B, 0xCB2A, 0x8D3B,
    0x6C33, 0x6C33, 0x6D33, 0x8D3B, 0xCB2A, 0x8819, 0x0611, 0x0000, 0x0000, 0x0000, 0x0000, 0x0000,
    0x0000, 0x0000, 0x0000, 0x0000, 0x0000, 0x0000, 0x0000, 0x0000, 0x0000, 0x0000, 0x0000, 0x0000,
    0x0000, 0x0000, 0x0000, 0x0000, 0x0000, 0x0000, 0x0000, 0x0000, 0x0000, 0x0000, 0x0000, 0x0000,
    0x0000, 0x0000, 0x0000, 0x0000, 0x0000, 0x0000, 0xA308, 0x8819, 0xE921, 0xAB2A, 0x4D33, 0x8D33,
    0x8D33, 0x8D33, 0xEC32, 0xE921, 0xC921, 0x0A2A, 0x2A2A, 0xE921, 0x0A2A, 0xC921, 0xE610, 0xE510,
    0xE610, 0xC508, 0xC921, 0x4B2A, 0x2C33, 0xB04C, 0x4C33, 0x4A2A, 0x2D33, 0x2B2B, 0x9044, 0xB044,
    0xCD33, 0xEE33, 0xCD33, 0x6F3C, 0x4F44, 0xEC32, 0x0A2A, 0x4D33, 0x4F44, 0x4D33, 0x6B2A, 0x4819,
    0xC608, 0xC610, 0xC608, 0x2711, 0x0A2A, 0x2A22, 0x8B32, 0xE921, 0x6711, 0xAB2A, 0x8D33, 0x4C2B,
    0x6D33, 0x8D33, 0x0C33, 0xE921, 0x8819, 0xA408, 0x2100, 0x0000, 0x0000, 0x0000, 0x0000, 0x0000,
    0x0000, 0x0000, 0x0000, 0x0000, 0x0000, 0x0000, 0x0000, 0x0000, 0x0000, 0x0000, 0x0000, 0x0000,
    0x0000, 0x0000, 0x0000, 0x0000, 0x0000, 0x0000, 0x0000, 0x0000, 0x0000, 0x0000, 0x0000, 0x0000,
    0x0000, 0x0000, 0x0000, 0x0000, 0x0000, 0x0000, 0x0000, 0x6208, 0x6308, 0x6719, 0xE921, 0x4A22,
    0x0C33, 0x8D3B, 0x8E3B, 0xEC32, 0xCC32, 0x4A2A, 0xCC3A, 0xAF53, 0x0C3B, 0x6B32, 0x4619, 0xC508,
    0xC510, 0xC508, 0x0611, 0x2A2A, 0x0C33, 0x6D33, 0x4A22, 0x0A22, 0x8C2A, 0x0C33, 0x0E34, 0x3145,
    0x4F34, 0xCD33, 0x0E34, 0x6F3C, 0x8D33, 0x8B2A, 0x8919, 0xCB32, 0xCB2A, 0x8B2A, 0xA921, 0xE610,
    0xC610, 0xC610, 0xE610, 0x4A32, 0xAE53, 0x6D4B, 0x6A2A, 0x6A2A, 0x0C33, 0x6D3B, 0x4C33, 0x6D3B,
    0xAB2A, 0x0922, 0xA819, 0xA408, 0x6208, 0x0000, 0x0000, 0x0000, 0x0000, 0x0000, 0x0000, 0x0000,
    0x0000, 0x0000, 0x0000, 0x0000, 0x0000, 0x0000, 0x0000, 0x0000, 0x0000, 0x0000, 0x0000, 0x0000,
    0x0000, 0x0000, 0x0000, 0x0000, 0x0000, 0x0000, 0x0000, 0x0000, 0x0000, 0x0000, 0x0000, 0x0000,
    0x0000, 0x0000, 0x0000, 0x0000, 0x0000, 0x0000, 0x0000, 0x0000, 0x0000, 0x8308, 0x8308, 0x2611,
    0xC921, 0x2922, 0xAB2A, 0xEC32, 0xAC32, 0x2A22, 0xF374, 0xD9A6, 0xD68D, 0xE921, 0x092A, 0xA821,
    0xC508, 0xC510, 0xC508, 0x2611, 0x8B32, 0xEC32, 0x8B2A, 0x8919, 0xEA21, 0xED3A, 0x6D33, 0x324D,
    0x1145, 0x903C, 0xB03C, 0x4F3C, 0x4D33, 0x2A2A, 0x6811, 0x8B32, 0x4B2A, 0x8921, 0xC610, 0xA508,
    0xE610, 0xA821, 0x6719, 0xEF5B, 0xB8AE, 0x57A6, 0xAB32, 0xAB2A, 0xEC32, 0xEC32, 0x6A2A, 0x0922,
    0x8719, 0x8308, 0x6208, 0x0000, 0x0000, 0x0000, 0x0000, 0x0000, 0x0000, 0x0000, 0x0000, 0x0000,
    0x0000, 0x0000, 0x0000, 0x0000, 0x0000, 0x0000, 0x0000, 0x0000, 0x0000, 0x0000, 0x0000, 0x0000,
    0x0000, 0x0000, 0x0000, 0x0000, 0x0000, 0x0000, 0x0000, 0x0000, 0x0000, 0x0000, 0x0000, 0x0000,
    0x0000, 0x0000, 0x0000, 0x0000, 0x0000, 0x0000, 0x0000, 0x0000, 0x0000, 0x0000, 0x0000, 0x6100,
    0xA308, 0xC408, 0x4719, 0x6819, 0x0A2A, 0xA819, 0x105C, 0xF9AE, 0x1696, 0xC819, 0x8B2A, 0x6A2A,
    0xA821, 0xA408, 0xC510, 0xC610, 0x6819, 0x4A2A, 0x8B2A, 0x0B22, 0xA919, 0x0A22, 0xCC2A, 0x0F3C,
    0xEE33, 0x0F3C, 0x0F3C, 0x6D33, 0xCC32, 0x8819, 0xEA29, 0xCA21, 0x4819, 0x0711, 0x8508, 0x0611,
    0x0A2A, 0x2A2A, 0xC819, 0x3064, 0xF8B6, 0xF69D, 0x4A2A, 0x6B32, 0xA821, 0x8819, 0x2611, 0x8308,
    0x8208, 0x0000, 0x0000, 0x0000, 0x0000, 0x0000, 0x0000, 0x0000, 0x0000, 0x0000, 0x0000, 0x0000,
    0x0000, 0x0000, 0x0000, 0x0000, 0x0000, 0x0000, 0x0000, 0x0000, 0x0000, 0x0000, 0x0000, 0x0000,
    0x0000, 0x0000, 0x0000, 0x0000, 0x0000, 0x0000, 0x0000, 0x0000, 0x0000, 0x0000, 0x0000, 0x0000,
    0x0000, 0x0000, 0x0000, 0x0000, 0x0000, 0x0000, 0x0000, 0x0000, 0x0000, 0x0000, 0x0000, 0x0000,
    0x0000, 0x2000, 0x6208, 0x4200, 0x2619, 0x2611, 0x8821, 0xF05B, 0x0C43, 0x2A2A, 0xAB2A, 0x8B2A,
    0x8B2A, 0x0D3B, 0x6711, 0xC608, 0x0711, 0xE610, 0x0711, 0xA921, 0x4811, 0x2711, 0x0A2A, 0x8B2A,
    0x8B2A, 0x8B2A, 0xAC32, 0x8C32, 0x8819, 0x2711, 0x2819, 0xE710, 0xC610, 0xC608, 0x6B2A, 0xCB32,
    0xAB2A, 0xCB32, 0x2A22, 0x292A, 0xCF5B, 0xEC4A, 0x4719, 0x2619, 0x8308, 0x6208, 0x4100, 0x0000,
    0x0000, 0x0000, 0x0000, 0x0000, 0x0000, 0x0000, 0x0000, 0x0000, 0x0000, 0x0000, 0x0000, 0x0000,
    0x0000, 0x0000, 0x0000, 0x0000, 0x0000, 0x0000, 0x0000, 0x0000, 0x0000, 0x0000, 0x0000, 0x0000,
    0x0000, 0x0000, 0x0000, 0x0000, 0x0000, 0x0000, 0x0000, 0x0000, 0x0000, 0x0000, 0x0000, 0x0000,
    0x0000, 0x0000, 0x0000, 0x0000, 0x0000, 0x0000, 0x0000, 0x0000, 0x0000, 0x0000, 0x0000, 0x0000,
    0x0000, 0x0000, 0x0000, 0x0000, 0x4100, 0x6208, 0x0519, 0x2611, 0x4711, 0x6B32, 0xCC32, 0xCB2A,
    0xAB2A, 0xAE3B, 0x4D33, 0x8B2A, 0xE710, 0xE710, 0x0711, 0xE610, 0xE710, 0x0711, 0x4719, 0x4711,
    0x4711, 0x4819, 0x4819, 0x4819, 0xE710, 0xE710, 0xE710, 0xE710, 0x0711, 0x2A22, 0x104C, 0x6D33,
    0x0C2B, 0x0C33, 0x2A22, 0xA921, 0x0611, 0x2611, 0xA410, 0x4100, 0x0000, 0x0000, 0x0000, 0x0000,
    0x0000, 0x0000, 0x0000, 0x0000, 0x0000, 0x0000, 0x0000, 0x0000, 0x0000, 0x0000, 0x0000, 0x0000,
    0x0000, 0x0000, 0x0000, 0x0000, 0x0000, 0x0000, 0x0000, 0x0000, 0x0000, 0x0000, 0x0000, 0x0000,
    0x0000, 0x0000, 0x0000, 0x0000, 0x0000, 0x0000, 0x0000, 0x0000, 0x0000, 0x0000, 0x0000, 0x0000,
    0x0000, 0x0000, 0x0000, 0x0000, 0x0000, 0x0000, 0x0000, 0x0000, 0x0000, 0x0000, 0x0000, 0x0000,
    0x0000, 0x0000, 0x0000, 0x0000, 0x0000, 0x0000, 0x4100, 0x4100, 0x8308, 0xA821, 0xA819, 0x0922,
    0xED3A, 0x8B2A, 0xAE3B, 0x304C, 0x6709, 0x0711, 0xE610, 0xC610, 0xC610, 0xE610, 0xE610, 0xE610,
    0xE610, 0xE610, 0xE610, 0xE610, 0xE710, 0xE710, 0x0711, 0xE608, 0x6A2A, 0x0F4C, 0x8A22, 0x0C33,
    0x4D3B, 0x2A22, 0x4719, 0x0611, 0x4100, 0x2100, 0x0000, 0x0000, 0x0000, 0x0000, 0x0000, 0x0000,
    0x0000, 0x0000, 0x0000, 0x0000, 0x0000, 0x0000, 0x0000, 0x0000, 0x0000, 0x0000, 0x0000, 0x0000,
    0x0000, 0x0000, 0x0000, 0x0000, 0x0000, 0x0000, 0x0000, 0x0000, 0x0000, 0x0000, 0x0000, 0x0000,
    0x0000, 0x0000, 0x0000, 0x0000, 0x0000, 0x0000, 0x0000, 0x0000, 0x0000, 0x0000, 0x0000, 0x0000,
    0x0000, 0x0000, 0x0000, 0x0000, 0x0000, 0x0000, 0x0000, 0x0000, 0x0000, 0x0000, 0x0000, 0x0000,
    0x0000, 0x0000, 0x0000, 0x0000, 0x0000, 0x0000, 0x0000, 0x0000, 0x2000, 0x6208, 0xA408, 0x8821,
    0xC921, 0xE921, 0xC819, 0x0C33, 0xEF4B, 0x4611, 0x0611, 0x4821, 0x2721, 0xE610, 0xE610, 0xE610,
    0xE618, 0x0619, 0xE610, 0x0719, 0x0719, 0x0719, 0xE608, 0x2A2A, 0x6D43, 0x4A22, 0x4B2A, 0x0A22,
    0xA819, 0xC408, 0x6208, 0x2100, 0x0000, 0x0000, 0x0000, 0x0000, 0x0000, 0x0000, 0x0000, 0x0000,
    0x0000, 0x0000, 0x0000, 0x0000, 0x0000, 0x0000, 0x0000, 0x0000, 0x0000, 0x0000, 0x0000, 0x0000,
    0x0000, 0x0000, 0x0000, 0x0000, 0x0000, 0x0000, 0x0000, 0x0000, 0x0000, 0x0000, 0x0000, 0x0000,
};

static const uint16_t ARGUS_SPR_SLEEPING[ARGUS_PIXELS] = {
    0x0000, 0x0000, 0x0000, 0x0000, 0x0000, 0x0000, 0x0000, 0x0000, 0x0000, 0x0000, 0x0000, 0x0000,
    0x0000, 0x0000, 0x0000, 0x0000, 0x0000, 0x0000, 0x0000, 0x0000, 0x0000, 0x0000, 0x0000, 0x0000,
    0x0000, 0x0000, 0x0000, 0x0000, 0x0000, 0x0000, 0x0000, 0x0000, 0x0000, 0x0000, 0x0000, 0x0000,
    0x0000, 0x0000, 0x0000, 0x0000, 0x0000, 0x0000, 0x0000, 0x0000, 0x0000, 0x0000, 0x0000, 0x0000,
    0x0000, 0x0000, 0x0000, 0x0000, 0x0000, 0x0000, 0x0000, 0x0000, 0x0000, 0x0000, 0x0000, 0x0000,
    0x0000, 0x0000, 0x0000, 0x0000, 0x0000, 0x0000, 0x0000, 0x0000, 0x0000, 0x0000, 0x0000, 0x0000,
    0x0000, 0x0000, 0x0000, 0x0000, 0x0000, 0x0000, 0x0000, 0x0000, 0x0000, 0x0000, 0x0000, 0x0000,
    0x0000, 0x0000, 0x0000, 0x0000, 0x0000, 0x0000, 0x0000, 0x0000, 0x0000, 0x0000, 0x0000, 0x0000,
    0x0000, 0x0000, 0x0000, 0x0000, 0x0000, 0x0000, 0x0000, 0x0000, 0x0000, 0x0000, 0x0000, 0x0000,
    0x0000, 0x0000, 0x0000, 0x0000, 0x0000, 0x0000, 0x0000, 0x0000, 0x0000, 0x0000, 0x0000, 0x0000,
    0x0000, 0x0000, 0x0000, 0x0000, 0x0000, 0x0000, 0x0000, 0x0000, 0x0000, 0x0000, 0x0000, 0x0000,
    0x0000, 0x0000, 0x0000, 0x0000, 0x0000, 0x0000, 0x0000, 0x0000, 0x0000, 0x0000, 0x0000, 0x0000,
    0x0000, 0x0000, 0x0000, 0x0000, 0x0000, 0x0000, 0x0000, 0x0000, 0x0000, 0x0000, 0x0000, 0x0000,
    0x0000, 0x0000, 0x0000, 0x0000, 0x0000, 0x0000, 0x0000, 0x0000, 0x0000, 0x0000, 0x0000, 0x0000,
    0x0000, 0x0000, 0x0000, 0x0000, 0x0000, 0x0000, 0x0000, 0x0000, 0x0000, 0x0000, 0x0000, 0x0000,
    0x0000, 0x0000, 0x0000, 0x0000, 0x0000, 0x0000, 0x0000, 0x0000, 0x0000, 0x0000, 0x0000, 0x0000,
    0x0000, 0x0000, 0x0000, 0x0000, 0x0000, 0x0000, 0x0000, 0x0000, 0x0000, 0x0000, 0x0000, 0x0000,
    0x0000, 0x0000, 0x0000, 0x0000, 0x0000, 0x0000, 0x0000, 0x0000, 0x0000, 0x0000, 0x0000, 0x0000,
    0x0000, 0x0000, 0x0000, 0x0000, 0x0000, 0x0000, 0x0000, 0x0000, 0x0000, 0x0000, 0x0000, 0x0000,
    0x0000, 0x0000, 0x0000, 0x0000, 0x0000, 0x0000, 0x0000, 0x0000, 0x0000, 0x0000, 0x0000, 0x0000,
    0x0000, 0x0000, 0x0000, 0x0000, 0x0000, 0x0000, 0x0000, 0x0000, 0x0000, 0x0000, 0x0000, 0x0000,
    0x0000, 0x0000, 0x0000, 0x0000, 0x0000, 0x0000, 0x0000, 0x0000, 0x0000, 0x0000, 0x0000, 0x0000,
    0x0000, 0x0000, 0x0000, 0x0000, 0x0000, 0x0000, 0x0000, 0x0000, 0x0000, 0x0000, 0x0000, 0x0000,
    0x0000, 0x0000, 0x0000, 0x0000, 0x0000, 0x0000, 0x0000, 0x0000, 0x0000, 0x0000, 0x0000, 0x0000,
    0x0000, 0x0000, 0x0000, 0x0000, 0x0000, 0x0000, 0x0000, 0x0000, 0x0000, 0x0000, 0x0000, 0x0000,
    0x0000, 0x0000, 0x0000, 0x0000, 0x0000, 0x0000, 0x0000, 0x0000, 0x0000, 0x0000, 0x0000, 0x0000,
    0x0000, 0x0000, 0x0000, 0x0000, 0x0000, 0x0000, 0x0000, 0x0000, 0x0000, 0x0000, 0x0000, 0x0000,
    0x0000, 0x0000, 0x0000, 0x0000, 0x0000, 0x0000, 0x0000, 0x0000, 0x0000, 0x0000, 0x0000, 0x0000,
    0x0000, 0x0000, 0x0000, 0x0000, 0x0000, 0x0000, 0x0000, 0x0000, 0x0000, 0x0000, 0x0000, 0x0000,
    0x0000, 0x0000, 0x0000, 0x0000, 0x0000, 0x0000, 0x0000, 0x0000, 0x0000, 0x0000, 0x0000, 0x0000,
    0x0000, 0x0000, 0x0000, 0x0000, 0x0000, 0x0000, 0x0000, 0x0000, 0x0000, 0x0000, 0x0000, 0x0000,
    0x0000, 0x0000, 0x0000, 0x0000, 0x0000, 0x0000, 0x0000, 0x0000, 0x0000, 0x0000, 0x0000, 0x0000,
    0x0000, 0x0000, 0x0000, 0x0000, 0x0000, 0x0000, 0x0000, 0x0000, 0x0000, 0x0000, 0x0000, 0x0000,
    0x0000, 0x0000, 0x0000, 0x0000, 0x0000, 0x0000, 0x0000, 0x0000, 0x0000, 0x0000, 0x0000, 0x0000,
    0x0000, 0x0000, 0x0000, 0x0000, 0x0000, 0x0000, 0x0000, 0x0000, 0x0000, 0x0000, 0x0000, 0x0000,
    0x0000, 0x0000, 0x0000, 0x0000, 0x0000, 0x0000, 0x0000, 0x0000, 0x0000, 0x0000, 0x0000, 0x0000,
    0x0000, 0x0000, 0x0000, 0x0000, 0x0000, 0x0000, 0x0000, 0x0000, 0x0000, 0x0000, 0x0000, 0x0000,
    0x0000, 0x0000, 0x0000, 0x0000, 0x0000, 0x0000, 0x0000, 0x0000, 0x0000, 0x0000, 0x0000, 0x0000,
    0x0000, 0x0000, 0x0000, 0x0000, 0x0000, 0x0000, 0x0000, 0x0000, 0x0000, 0x0000, 0x0000, 0x0000,
    0x0000, 0x0000, 0x0000, 0x0000, 0x0000, 0x0000, 0x0000, 0x0000, 0x0000, 0x0000, 0x0000, 0x0000,
    0x0000, 0x0000, 0x0000, 0x0000, 0x0000, 0x0000, 0x0000, 0x0000, 0x0000, 0x0000, 0x0000, 0x0000,
    0x0000, 0x0000, 0x0000, 0x0000, 0x0000, 0x0000, 0x0000, 0x0000, 0x0000, 0x0000, 0x0000, 0x0000,
    0x0000, 0x0000, 0x0000, 0x0000, 0x0000, 0x0000, 0x0000, 0x0000, 0x0000, 0x0000, 0x0000, 0x0000,
    0x0000, 0x0000, 0x0000, 0x0000, 0x0000, 0x0000, 0x0000, 0x0000, 0x0000, 0x0000, 0x0000, 0x0000,
    0x0000, 0x0000, 0x0000, 0x0000, 0x0000, 0x0000, 0x0000, 0x0000, 0x0000, 0x0000, 0x0000, 0x0000,
    0x0000, 0x0000, 0x0000, 0x0000, 0x0000, 0x0000, 0x0000, 0x0000, 0x0000, 0x0000, 0x0000, 0x0000,
    0x0000, 0x0000, 0x0000, 0x0000, 0x0000, 0x0000, 0x0000, 0x0000, 0x0000, 0x0000, 0x0000, 0x0000,
    0x0000, 0x0000, 0x0000, 0x0000, 0x0000, 0x0000, 0x0000, 0x0000, 0x0000, 0x0000, 0x0000, 0x0000,
    0x0000, 0x0000, 0x0000, 0x0000, 0x0000, 0x0000, 0x0000, 0x0000, 0x0000, 0x0000, 0x0000, 0x0000,
    0x0000, 0x0000, 0x0000, 0x0000, 0x0000, 0x0000, 0x0000, 0x0000, 0x0000, 0x0000, 0x0000, 0x0000,
    0x0000, 0x0000, 0x0000, 0x0000, 0x0000, 0x0000, 0x0000, 0x0000, 0x0000, 0x0000, 0x0000, 0x0000,
    0x0000, 0x0000, 0x0000, 0x0000, 0x0000, 0x0000, 0x0000, 0x0000, 0x0000, 0x0000, 0x0000, 0x0000,
    0x0000, 0x0000, 0x0000, 0x0000, 0x0000, 0x0000, 0x0000, 0x0000, 0x0000, 0x0000, 0x0000, 0x0000,
    0x0000, 0x0000, 0x0000, 0x0000, 0x0000, 0x0000, 0x0000, 0x0000, 0x0000, 0x0000, 0x0000, 0x0000,
    0x0000, 0x0000, 0x0000, 0x0000, 0x0000, 0x0000, 0x0000, 0x0000, 0x0000, 0x0000, 0x0000, 0x0000,
    0x0000, 0x0000, 0x0000, 0x0000, 0x0000, 0x0000, 0x0000, 0x0000, 0x0000, 0x0000, 0x0000, 0x0000,
    0x0000, 0x0000, 0x0000, 0x0000, 0x0000, 0x0000, 0x0000, 0x0000, 0x0000, 0x0000, 0x0000, 0x0000,
    0x0000, 0x0000, 0x0000, 0x0000, 0x0000, 0x0000, 0x0000, 0x0000, 0x0000, 0x0000, 0x0000, 0x0000,
    0x0000, 0x0000, 0x0000, 0x0000, 0x0000, 0x0000, 0x0000, 0x0000, 0x0000, 0x0000, 0x0000, 0x0000,
    0x0000, 0x0000, 0x0000, 0x0000, 0x0000, 0x0000, 0x0000, 0x0000, 0x0000, 0x0000, 0x0000, 0x0000,
    0x0000, 0x0000, 0x0000, 0x0000, 0x0000, 0x0000, 0x0000, 0x0000, 0x0000, 0x0000, 0x0000, 0x0000,
    0x0000, 0x0000, 0x0000, 0x0000, 0x0000, 0x0000, 0x0000, 0x0000, 0x0000, 0x0000, 0x0000, 0x0000,
    0x0000, 0x0000, 0x0000, 0x0000, 0x0000, 0x0000, 0x0000, 0x0000, 0x0000, 0x0000, 0x0000, 0x0000,
    0x0000, 0x0000, 0x0000, 0x0000, 0x0000, 0x0000, 0x0000, 0x0000, 0x0000, 0x0000, 0x0000, 0x0000,
    0x0000, 0x0000, 0x0000, 0x0000, 0x0000, 0x0000, 0x0000, 0x0000, 0x0000, 0x0000, 0x0000, 0x0000,
    0x0000, 0x0000, 0x0000, 0x0000, 0x0000, 0x0000, 0x0000, 0x0000, 0x0000, 0x0000, 0x0000, 0x0000,
    0x0000, 0x0000, 0x0000, 0x0000, 0x0000, 0x0000, 0x0000, 0x0000, 0x0000, 0x0000, 0x0000, 0x0000,
    0x0000, 0x0000, 0x0000, 0x0000, 0x0000, 0x0000, 0x0000, 0x0000, 0x0000, 0x0000, 0x0000, 0x0000,
    0x0000, 0x0000, 0x0000, 0x0000, 0x0000, 0x0000, 0x0000, 0x0000, 0x0000, 0x0000, 0x0000, 0x0000,
    0x0000, 0x0000, 0x0000, 0x0000, 0x0000, 0x0000, 0x0000, 0x0000, 0x0000, 0x0000, 0x0000, 0x0000,
    0x0000, 0x0000, 0x0000, 0x0000, 0x0000, 0x0000, 0x0000, 0x0000, 0x0000, 0x0000, 0x0000, 0x0000,
    0x0000, 0x0000, 0x0000, 0x0000, 0x0000, 0x0000, 0x0000, 0x0000, 0x0000, 0x0000, 0x0000, 0x0000,
    0x0000, 0x0000, 0x0000, 0x0000, 0x0000, 0x0000, 0x0000, 0x0000, 0x0000, 0x0000, 0x0000, 0x0000,
    0x0000, 0x0000, 0x0000, 0x0000, 0x0000, 0x0000, 0x0000, 0x0000, 0x0000, 0x0000, 0x0000, 0x0000,
    0x0000, 0x0000, 0x0000, 0x0000, 0x0000, 0x0000, 0x0000, 0x0000, 0x0000, 0x0000, 0x0000, 0x0000,
    0x0000, 0x0000, 0x0000, 0x0000, 0x0000, 0x0000, 0x0000, 0x0000, 0x0000, 0x0000, 0x0000, 0x0000,
    0x0000, 0x0000, 0x0000, 0x0000, 0x0000, 0x0000, 0x0000, 0x0000, 0x0000, 0x0000, 0x0000, 0x0000,
    0x0000, 0x0000, 0x0000, 0x0000, 0x0000, 0x0000, 0x0000, 0x0000, 0x0000, 0x0000, 0x0000, 0x0000,
    0x0000, 0x0000, 0x0000, 0x0000, 0x0000, 0x0000, 0x0000, 0x0000, 0x0000, 0x0000, 0x0000, 0x0000,
    0x0000, 0x0000, 0x0000, 0x0000, 0x0000, 0x0000, 0x0000, 0x0000, 0x0000, 0x0000, 0x0000, 0x0000,
    0x0000, 0x0000, 0x0000, 0x0000, 0x0000, 0x0000, 0x0000, 0x0000, 0x0000, 0x0000, 0x0000, 0x0000,
    0x0000, 0x0000, 0x0000, 0x0000, 0x0000, 0x0000, 0x0000, 0x0000, 0x0000, 0x0000, 0x0000, 0x0000,
    0x0000, 0x0000, 0x0000, 0x0000, 0x0000, 0x0000, 0x0000, 0x0000, 0x0000, 0x0000, 0x0000, 0x0000,
    0x0000, 0x0000, 0x0000, 0x0000, 0x0000, 0x0000, 0x0000, 0x0000, 0x0000, 0x0000, 0x0000, 0x0000,
    0x0000, 0x0000, 0x0000, 0x0000, 0x0000, 0x0000, 0x0000, 0x0000, 0x0000, 0x0000, 0x0000, 0x0000,
    0x0000, 0x0000, 0x0000, 0x0000, 0x0000, 0x0000, 0x0000, 0x0000, 0x0000, 0x0000, 0x0000, 0x0000,
    0x0000, 0x0000, 0x0000, 0x0000, 0x0000, 0x0000, 0x0000, 0x0000, 0x0000, 0x0000, 0x0000, 0x0000,
    0x0000, 0x0000, 0x0000, 0x0000, 0x0000, 0x0000, 0x0000, 0x0000, 0x0000, 0x0000, 0x0000, 0x0000,
    0x0000, 0x0000, 0x0000, 0x0000, 0x0000, 0x0000, 0x0000, 0x0000, 0x0000, 0x0000, 0x0000, 0x0000,
    0x0000, 0x0000, 0x0000, 0x0000, 0x0000, 0x0000, 0x0000, 0x0000, 0x0000, 0x0000, 0x0000, 0x0000,
    0x0000, 0x0000, 0x0000, 0x0000, 0x0000, 0x0000, 0x0000, 0x0000, 0x0000, 0x0000, 0x0000, 0x0000,
    0x0000, 0x0000, 0x0000, 0x0000, 0x0000, 0x0000, 0x0000, 0x0000, 0x0000, 0x0000, 0x0000, 0x0000,
    0x0000, 0x0000, 0x0000, 0x0000, 0x0000, 0x0000, 0x0000, 0x0000, 0x0000, 0x0000, 0x0000, 0x0000,
    0x0000, 0x0000, 0x0000, 0x0000, 0x0000, 0x0000, 0x0000, 0x0000, 0x0000, 0x0000, 0x0000, 0x0000,
    0x0000, 0x0000, 0x0000, 0x0000, 0x0000, 0x0000, 0x0000, 0x0000, 0x0000, 0x0000, 0x0000, 0x0000,
    0x0000, 0x0000, 0x0000, 0x0000, 0x0000, 0x0000, 0x0000, 0x0000, 0x0000, 0x0000, 0x0000, 0x0000,
    0x0000, 0x0000, 0x0000, 0x0000, 0x0000, 0x0000, 0x0000, 0x0000, 0x0000, 0x0000, 0x0000, 0x0000,
    0x0000, 0x0000, 0x0000, 0x0000, 0x0000, 0x0000, 0x0000, 0x0000, 0x0000, 0x0000, 0x0000, 0x0000,
    0x0000, 0x0000, 0x0000, 0x0000, 0x0000, 0x0000, 0x0000, 0x0000, 0x0000, 0x0000, 0x0000, 0x0000,
    0x0000, 0x0000, 0x0000, 0x0000, 0x0000, 0x0000, 0x0000, 0x0000, 0x0000, 0x0000, 0x0000, 0x0000,
    0x0000, 0x0000, 0x0000, 0x0000, 0x0000, 0x0000, 0x0000, 0x0000, 0x0000, 0x0000, 0x0000, 0x0000,
    0x0000, 0x0000, 0x0000, 0x0000, 0x0000, 0x0000, 0x0000, 0x0000, 0x0000, 0x0000, 0x0000, 0x0000,
    0x0000, 0x0000, 0x0000, 0x0000, 0x0000, 0x0000, 0x0000, 0x0000, 0x0000, 0x0000, 0x0000, 0x0000,
    0x0000, 0x0000, 0x0000, 0x0000, 0x0000, 0x0000, 0x0000, 0x0000, 0x0000, 0x0000, 0x0000, 0x0000,
    0x0000, 0x0000, 0x0000, 0x0000, 0x0000, 0x0000, 0x0000, 0x0000, 0x0000, 0x0000, 0x0000, 0x0000,
    0x0000, 0x0000, 0x0000, 0x0000, 0x0000, 0x0000, 0x0000, 0x0000, 0x0000, 0x0000, 0x0000, 0x0000,
    0x0000, 0x0000, 0x0000, 0x0000, 0x0000, 0x0000, 0x0000, 0x0000, 0x0000, 0x0000, 0x0000, 0x0000,
    0x0000, 0x0000, 0x0000, 0x0000, 0x0000, 0x0000, 0x0000, 0x0000, 0x0000, 0x0000, 0x0000, 0x0000,
    0x0000, 0x0000, 0x0000, 0x0000, 0x0000, 0x0000, 0x0000, 0x0000, 0x0000, 0x0000, 0x0000, 0x0000,
    0x0000, 0x0000, 0x0000, 0x0000, 0x0000, 0x0000, 0x0000, 0x0000, 0x0000, 0x0000, 0x0000, 0x0000,
    0x0000, 0x0000, 0x0000, 0x0000, 0x0000, 0x0000, 0x0000, 0x0000, 0x0000, 0x0000, 0x0000, 0x0000,
    0x0000, 0x0000, 0x0000, 0x0000, 0x0000, 0x0000, 0x0000, 0x0000, 0x0000, 0x0000, 0x0000, 0x0000,
    0x0000, 0x0000, 0x0000, 0x0000, 0x0000, 0x0000, 0x0000, 0x0000, 0x0000, 0x0000, 0x0000, 0x0000,
    0x0000, 0x0000, 0x0000, 0x0000, 0x0000, 0x0000, 0x0000, 0x0000, 0x0000, 0x0000, 0x0000, 0x0000,
    0x0000, 0x0000, 0x0000, 0x0000, 0x0000, 0x0000, 0x0000, 0x0000, 0x0000, 0x0000, 0x0000, 0x0000,
    0x0000, 0x0000, 0x0000, 0x0000, 0x0000, 0x0000, 0x0000, 0x0000, 0x0000, 0x0000, 0x0000, 0x2100,
    0x8208, 0x4200, 0x4200, 0x4200, 0x0000, 0x0000, 0x0000, 0x0000, 0x0000, 0x0000, 0x0000, 0x0000,
    0x0000, 0x0000, 0x0000, 0x0000, 0x0000, 0x0000, 0x0000, 0x0000, 0x0000, 0x0000, 0x0000, 0x0000,
    0x0000, 0x0000, 0x0000, 0x0000, 0x0000, 0x0000, 0x0000, 0x0000, 0x0000, 0x0000, 0x0000, 0x0000,
    0x0000, 0x0000, 0x0000, 0x0000, 0x0000, 0x0000, 0x0000, 0x0000, 0x0000, 0x0000, 0x0000, 0x0000,
    0x0000, 0x0000, 0x0000, 0x0000, 0x0000, 0x0000, 0x0000, 0x0000, 0x0000, 0x0000, 0x0000, 0x0000,
    0x0000, 0x0000, 0x0000, 0x0000, 0x0000, 0x0000, 0x0000, 0x0000, 0x0000, 0x0000, 0x0000, 0x0000,
    0x0000, 0x0000, 0x0000, 0x0000, 0x0000, 0x0000, 0x0000, 0x0000, 0x0000, 0x0000, 0x0000, 0x0000,
    0x0000, 0x0000, 0x0000, 0x0000, 0x0000, 0x0000, 0x0000, 0x0000, 0x0000, 0x0000, 0x0000, 0xC310,
    0xEA52, 0x2A5B, 0x4B5B, 0x4842, 0x4100, 0x0000, 0x0000, 0x0000, 0x0000, 0x0000, 0x0000, 0x0000,
    0x0000, 0x0000, 0x0000, 0x0000, 0x0000, 0x0000, 0x0000, 0x0000, 0x0000, 0x0000, 0x0000, 0x0000,
    0x0000, 0x0000, 0x0000, 0x0000, 0x0000, 0x0000, 0x0000, 0x0000, 0x0000, 0x0000, 0x0000, 0x0000,
    0x0000, 0x0000, 0x0000, 0x0000, 0x0000, 0x0000, 0x0000, 0x0000, 0x0000, 0x0000, 0x0000, 0x0000,
    0x0000, 0x0000, 0x0000, 0x0000, 0x0000, 0x0000, 0x0000, 0x0000, 0x0000, 0x0000, 0x0000, 0x0000,
    0x0000, 0x0000, 0x0000, 0x0000, 0x0000, 0x0000, 0x0000, 0x0000, 0x0000, 0x0000, 0x0000, 0x0000,
    0x0000, 0x0000, 0x0000, 0x0000, 0x0000, 0x0000, 0x0000, 0x0000, 0x0000, 0x0000, 0x0000, 0x0000,
    0x0000, 0x0000, 0x0000, 0x0000, 0x0000, 0x0000, 0x0000, 0x6208, 0xA310, 0xA310, 0x4429, 0xAB73,
    0x0FA5, 0xF2BD, 0xF2B5, 0x309D, 0x0A5B, 0xE639, 0x0319, 0x8308, 0x4100, 0x0000, 0x0000, 0x0000,
    0x0000, 0x0000, 0x0000, 0x0000, 0x0000, 0x0000, 0x0000, 0x0000, 0x0000, 0x0000, 0x0000, 0x0000,
    0x0000, 0x0000, 0x0000, 0x0000, 0x0000, 0x0000, 0x0000, 0x0000, 0x0000, 0x0000, 0x0000, 0x0000,
    0x0000, 0x0000, 0x0000, 0x0000, 0x0000, 0x0000, 0x0000, 0x0000, 0x0000, 0x0000, 0x0000, 0x0000,
    0x0000, 0x0000, 0x0000, 0x0000, 0x0000, 0x0000, 0x0000, 0x0000, 0x0000, 0x0000, 0x0000, 0x0000,
    0x0000, 0x0000, 0x0000, 0x0000, 0x0000, 0x0000, 0x0000, 0x0000, 0x0000, 0x0000, 0x0000, 0x0000,
    0x0000, 0x0000, 0x0000, 0x0000, 0x0000, 0x0000, 0x0000, 0x0000, 0x0000, 0x0000, 0x0000, 0x0000,
    0x0000, 0x0000, 0x0000, 0x0000, 0x4100, 0xA408, 0x8308, 0xE739, 0x0C8C, 0xAA7B, 0x2C8C, 0xF3B5,
    0x35BE, 0xD7CE, 0xB7C6, 0x96C6, 0x71AD, 0x6C94, 0xCD9C, 0xE962, 0x2421, 0xA308, 0xC410, 0x2100,
    0x0000, 0x0000, 0x0000, 0x0000, 0x0000, 0x0000, 0x0000, 0x0000, 0x0000, 0x0000, 0x0000, 0x0000,
    0x0000, 0x0000, 0x0000, 0x0000, 0x0000, 0x0000, 0x0000, 0x0000, 0x0000, 0x0000, 0x0000, 0x0000,
    0x0000, 0x0000, 0x0000, 0x0000, 0x0000, 0x0000, 0x0000, 0x0000, 0x0000, 0x0000, 0x0000, 0x0000,
    0x0000, 0x0000, 0x0000, 0x0000, 0x0000, 0x0000, 0x0000, 0x0000, 0x0000, 0x0000, 0x0000, 0x0000,
    0x0000, 0x0000, 0x0000, 0x0000, 0x0000, 0x0000, 0x0000, 0x0000, 0x0000, 0x0000, 0x0000, 0x0000,
    0x0000, 0x0000, 0x0000, 0x0000, 0x0000, 0x0000, 0x0000, 0x0000, 0x0000, 0x0000, 0x0000, 0x0000,
    0x0000, 0x0000, 0x4100, 0x4100, 0xC410, 0x8721, 0xC631, 0x0B8C, 0xD1BD, 0xD1BD, 0x70A5, 0xB4A5,
    0xD8CE, 0x5ADF, 0x3AD7, 0x97C6, 0x729D, 0xEF94, 0x34C6, 0xD2BD, 0xAB7B, 0x2832, 0x4611, 0xA308,
    0x4108, 0x0000, 0x0000, 0x0000, 0x0000, 0x0000, 0x0000, 0x0000, 0x0000, 0x0000, 0x0000, 0x0000,
    0x0000, 0x0000, 0x0000, 0x0000, 0x0000, 0x0000, 0x0000, 0x0000, 0x0000, 0x0000, 0x0000, 0x0000,
    0x0000, 0x0000, 0x0000, 0x0000, 0x0000, 0x0000, 0x0000, 0x0000, 0x0000, 0x0000, 0x0000, 0x0000,
    0x0000, 0x0000, 0x0000, 0x0000, 0x0000, 0x0000, 0x0000, 0x0000, 0x0000, 0x0000, 0x0000, 0x0000,
    0x0000, 0x0000, 0x0000, 0x0000, 0x0000, 0x0000, 0x0000, 0x0000, 0x0000, 0x0000, 0x0000, 0x0000,
    0x0000, 0x0000, 0x0000, 0x0000, 0x0000, 0x0000, 0x0000, 0x0000, 0x0000, 0x0000, 0x0000, 0x0000,
    0x6208, 0x4308, 0x0511, 0x0922, 0x692A, 0x883A, 0xAD9C, 0x4FAD, 0x76C6, 0xD9CE, 0x729D, 0xF5AD,
    0xF9CE, 0x3ADF, 0x3AD7, 0xB7C6, 0xB4A5, 0x94A5, 0x3AD7, 0x96C6, 0x70B5, 0x2C8C, 0x6832, 0x492A,
    0xC721, 0xA308, 0x6208, 0x2100, 0x0000, 0x0000, 0x0000, 0x0000, 0x0000, 0x0000, 0x0000, 0x0000,
    0x0000, 0x0000, 0x0000, 0x0000, 0x0000, 0x0000, 0x0000, 0x0000, 0x0000, 0x0000, 0x0000, 0x0000,
    0x0000, 0x0000, 0x0000, 0x0000, 0x0000, 0x0000, 0x0000, 0x0000, 0x0000, 0x0000, 0x0000, 0x0000,
    0x0000, 0x0000, 0x0000, 0x0000, 0x0000, 0x0000, 0x0000, 0x0000, 0x0000, 0x0000, 0x0000, 0x0000,
    0x0000, 0x0000, 0x0000, 0x0000, 0x0000, 0x0000, 0x0000, 0x0000, 0x0000, 0x0000, 0x0000, 0x0000,
    0x0000, 0x0000, 0x0000, 0x0000, 0x0000, 0x0000, 0x0000, 0x0000, 0x0000, 0x0000, 0x4208, 0x6300,
    0x2611, 0x0922, 0x8A2A, 0xAE43, 0x0A3B, 0x4C84, 0x4EAD, 0xD2AD, 0xB8C6, 0xD8C6, 0x739D, 0x939D,
    0xB8C6, 0x3ADF, 0x3AD7, 0x97C6, 0x5395, 0xB4A5, 0x3AD7, 0x97C6, 0x91AD, 0x4EAD, 0x0C6C, 0x0B2B,
    0x6D3B, 0xC719, 0x4611, 0x0511, 0x6208, 0x0000, 0x0000, 0x0000, 0x0000, 0x0000, 0x0000, 0x0000,
    0x0000, 0x0000, 0x0000, 0x0000, 0x0000, 0x0000, 0x0000, 0x0000, 0x0000, 0x0000, 0x0000, 0x0000,
    0x0000, 0x0000, 0x0000, 0x0000, 0x0000, 0x0000, 0x0000, 0x0000, 0x0000, 0x0000, 0x0000, 0x0000,
    0x0000, 0x0000, 0x0000, 0x0000, 0x0000, 0x0000, 0x0000, 0x0000, 0x0000, 0x0000, 0x0000, 0x0000,
    0x0000, 0x0000, 0x0000, 0x0000, 0x0000, 0x0000, 0x0000, 0x0000, 0x0000, 0x0000, 0x0000, 0x0000,
    0x0000, 0x0000, 0x0000, 0x0000, 0x0000, 0x0000, 0x0000, 0x2000, 0x4100, 0x4100, 0xC408, 0x4A2A,
    0x0C33, 0xCE3B, 0xEE3B, 0x8C3B, 0x6B5B, 0xCE9C, 0x70AD, 0xB3A5, 0x77BE, 0x19CF, 0xB4A5, 0x5395,
    0x97C6, 0x3ADF, 0x3AD7, 0x97BE, 0x328D, 0x36B6, 0x19D7, 0x56BE, 0x92A5, 0x70AD, 0xCE94, 0x0A43,
    0x2C33, 0x2C33, 0xAB2A, 0x6A2A, 0x4619, 0xA308, 0x6200, 0x2100, 0x0000, 0x0000, 0x0000, 0x0000,
    0x0000, 0x0000, 0x0000, 0x0000, 0x0000, 0x0000, 0x0000, 0x0000, 0x0000, 0x0000, 0x0000, 0x0000,
    0x0000, 0x0000, 0x0000, 0x0000, 0x0000, 0x0000, 0x0000, 0x0000, 0x0000, 0x0000, 0x0000, 0x0000,
    0x0000, 0x0000, 0x0000, 0x0000, 0x0000, 0x0000, 0x0000, 0x0000, 0x0000, 0x0000, 0x0000, 0x0000,
    0x0000, 0x0000, 0x0000, 0x0000, 0x0000, 0x0000, 0x0000, 0x0000, 0x0000, 0x0000, 0x0000, 0x0000,
    0x0000, 0x0000, 0x0000, 0x0000, 0x0000, 0x0000, 0x4100, 0x8308, 0x6300, 0x8308, 0x6300, 0x8A2A,
    0xEE43, 0xCD3B, 0x0E44, 0x692A, 0x4D84, 0x34BE, 0x729D, 0x5295, 0x97BE, 0x39D7, 0x56B6, 0x328D,
    0x56BE, 0x3AD7, 0x39D7, 0x56B6, 0x328D, 0x77BE, 0x19D7, 0x35B6, 0x5295, 0x96BE, 0xD1B5, 0x6A63,
    0xAA22, 0xEF43, 0xAE3B, 0x6D33, 0xA711, 0xC408, 0xC408, 0x4200, 0x6208, 0x0000, 0x0000, 0x0000,
    0x0000, 0x0000, 0x0000, 0x0000, 0x0000, 0x0000, 0x0000, 0x0000, 0x0000, 0x0000, 0x0000, 0x0000,
    0x0000, 0x0000, 0x0000, 0x0000, 0x0000, 0x0000, 0x0000, 0x0000, 0x0000, 0x0000, 0x0000, 0x0000,
    0x0000, 0x0000, 0x0000, 0x0000, 0x0000, 0x0000, 0x0000, 0x0000, 0x0000, 0x0000, 0x0000, 0x0000,
    0x0000, 0x0000, 0x0000, 0x0000, 0x0000, 0x0000, 0x0000, 0x0000, 0x0000, 0x0000, 0x0000, 0x0000,
    0x0000, 0x0000, 0x0000, 0x0000, 0x0000, 0x2100, 0x6200, 0x493A, 0x3074, 0xEF6B, 0xEF6B, 0xAE5B,
    0x6922, 0x6D3B, 0xCE43, 0x0822, 0x0D7C, 0x97CE, 0xB8C6, 0x539D, 0x77BE, 0x7BDF, 0xB8C6, 0x128D,
    0x15AE, 0xB8CE, 0xB8C6, 0x56B6, 0x328D, 0x76BE, 0x39D7, 0xD4AD, 0x739D, 0xF9CE, 0x13B6, 0x295B,
    0x6922, 0xEF43, 0x4C33, 0xCB2A, 0x3064, 0x717C, 0x517C, 0xAE63, 0x4519, 0x6208, 0x0000, 0x0000,
    0x0000, 0x0000, 0x0000, 0x0000, 0x0000, 0x0000, 0x0000, 0x0000, 0x0000, 0x0000, 0x0000, 0x0000,
    0x0000, 0x0000, 0x0000, 0x0000, 0x0000, 0x0000, 0x0000, 0x0000, 0x0000, 0x0000, 0x0000, 0x0000,
    0x0000, 0x0000, 0x0000, 0x0000, 0x0000, 0x0000, 0x0000, 0x0000, 0x0000, 0x0000, 0x0000, 0x0000,
    0x0000, 0x0000, 0x0000, 0x0000, 0x0000, 0x0000, 0x0000, 0x0000, 0x0000, 0x0000, 0x0000, 0x0000,
    0x0000, 0x0000, 0x0000, 0x0000, 0x4100, 0xA308, 0x6A3A, 0x16B6, 0xBCE7, 0x9CE7, 0xBCE7, 0x9CDF,
    0xD284, 0x2922, 0x0D33, 0x292A, 0x0D7C, 0x76C6, 0x1AD7, 0x94A5, 0xD5AD, 0x3ADF, 0x56BE, 0xF18C,
    0x94A5, 0xD4AD, 0xD4AD, 0x739D, 0x128D, 0x56BE, 0x36B6, 0x739D, 0x77C6, 0xD9CE, 0x14B6, 0x2A5B,
    0x6A22, 0x2C33, 0x4C43, 0x538D, 0x9CD7, 0x7BD7, 0x7BD7, 0x3ACF, 0x548D, 0x4519, 0x2000, 0x0000,
    0x0000, 0x0000, 0x0000, 0x0000, 0x0000, 0x0000, 0x0000, 0x0000, 0x0000, 0x0000, 0x0000, 0x0000,
    0x0000, 0x0000, 0x0000, 0x0000, 0x0000, 0x0000, 0x0000, 0x0000, 0x0000, 0x0000, 0x0000, 0x0000,
    0x0000, 0x0000, 0x0000, 0x0000, 0x0000, 0x0000, 0x0000, 0x0000, 0x0000, 0x0000, 0x0000, 0x0000,
    0x0000, 0x0000, 0x0000, 0x0000, 0x0000, 0x0000, 0x0000, 0x0000, 0x0000, 0x0000, 0x0000, 0x0000,
    0x0000, 0x0000, 0x0000, 0x0000, 0x8308, 0x0832, 0x37AE, 0x3ACF, 0xB8BE, 0x36A6, 0x169E, 0x57A6,
    0x5BCF, 0x748D, 0x8A2A, 0xCA4A, 0x6E8C, 0x15B6, 0xF9CE, 0x57BE, 0x539D, 0x36BE, 0x56BE, 0x128D,
    0x539D, 0xD4AD, 0xD4AD, 0x1295, 0x739D, 0x35B6, 0xB4A5, 0x739D, 0xB8CE, 0xB8C6, 0xD3AD, 0x0C7C,
    0xCA42, 0xEB3A, 0xF59D, 0x19C7, 0xD495, 0x37A6, 0x57A6, 0xD8BE, 0x7BCF, 0x7074, 0x2411, 0x2000,
    0x0000, 0x0000, 0x0000, 0x0000, 0x0000, 0x0000, 0x0000, 0x0000, 0x0000, 0x0000, 0x0000, 0x0000,
    0x0000, 0x0000, 0x0000, 0x0000, 0x0000, 0x0000, 0x0000, 0x0000, 0x0000, 0x0000, 0x0000, 0x0000,
    0x0000, 0x0000, 0x0000, 0x0000, 0x0000, 0x0000, 0x0000, 0x0000, 0x0000, 0x0000, 0x0000, 0x0000,
    0x0000, 0x0000, 0x0000, 0x0000, 0x0000, 0x0000, 0x0000, 0x0000, 0x0000, 0x0000, 0x0000, 0x0000,
    0x0000, 0x0000, 0x0000, 0xA308, 0x8400, 0x5074, 0x3ACF, 0x36A6, 0x1375, 0x5154, 0x5154, 0xD26C,
    0x36A6, 0xF9BE, 0x2C4B, 0x6C6B, 0x93B5, 0x94A5, 0xF5AD, 0xD9CE, 0x739D, 0x94A5, 0x57BE, 0xD5AD,
    0x3295, 0xB4AD, 0xB4A5, 0x5395, 0xF5AD, 0x16B6, 0x539D, 0xD5AD, 0x77C6, 0xD5AD, 0x93A5, 0x71AD,
    0x6A63, 0xCE5B, 0x77AE, 0x748D, 0xF274, 0x7164, 0x305C, 0x17A6, 0x19C7, 0xD9BE, 0xCB3A, 0x8208,
    0x0000, 0x0000, 0x0000, 0x0000, 0x0000, 0x0000, 0x0000, 0x0000, 0x0000, 0x0000, 0x0000, 0x0000,
    0x0000, 0x0000, 0x0000, 0x0000, 0x0000, 0x0000, 0x0000, 0x0000, 0x0000, 0x0000, 0x0000, 0x0000,
    0x0000, 0x0000, 0x0000, 0x0000, 0x0000, 0x0000, 0x0000, 0x0000, 0x0000, 0x0000, 0x0000, 0x0000,
    0x0000, 0x0000, 0x0000, 0x0000, 0x0000, 0x0000, 0x0000, 0x0000, 0x0000, 0x0000, 0x0000, 0x2000,
    0x2000, 0x4100, 0x4619, 0x8711, 0xE500, 0x5074, 0x5ACF, 0x958D, 0xB26C, 0xB26C, 0x147D, 0xB264,
    0xD26C, 0x379E, 0x6D4B, 0x2B63, 0x72AD, 0x94A5, 0x3395, 0x16B6, 0x36B6, 0x539D, 0xF5AD, 0x16B6,
    0x539D, 0xB4AD, 0xB4AD, 0x539D, 0x15B6, 0xB4AD, 0x73A5, 0x57BE, 0x94A5, 0x3395, 0xF5AD, 0x109D,
    0x4A5B, 0x2F64, 0x7485, 0x7164, 0x147D, 0x7585, 0x758D, 0x516C, 0xF6A5, 0x98B6, 0xEC3A, 0xA719,
    0x8208, 0x2100, 0x4108, 0x0000, 0x0000, 0x0000, 0x0000, 0x0000, 0x0000, 0x0000, 0x0000, 0x0000,
    0x0000, 0x0000, 0x0000, 0x0000, 0x0000, 0x0000, 0x0000, 0x0000, 0x0000, 0x0000, 0x0000, 0x0000,
    0x0000, 0x0000, 0x0000, 0x0000, 0x0000, 0x0000, 0x0000, 0x0000, 0x0000, 0x0000, 0x0000, 0x0000,
    0x0000, 0x0000, 0x0000, 0x0000, 0x0000, 0x0000, 0x0000, 0x0000, 0x0000, 0x0000, 0x6208, 0x4200,
    0x2100, 0x6200, 0x4609, 0x6A22, 0xC711, 0xB174, 0x3AC7, 0x137D, 0x57AE, 0x7CD7, 0xB274, 0xD36C,
    0x9164, 0xF36C, 0x8E4B, 0xA94A, 0x2E84, 0xD4AD, 0x949D, 0x128D, 0x16B6, 0xD5AD, 0x1295, 0x16B6,
    0x539D, 0xB5AD, 0xB4AD, 0x739D, 0x16B6, 0x339D, 0x16B6, 0xD5AD, 0x1295, 0xD5AD, 0x73A5, 0x2E7C,
    0xA942, 0x716C, 0x9164, 0xD36C, 0x7264, 0xB685, 0x3BBF, 0x1375, 0x3385, 0xB9B6, 0x2D3B, 0x0922,
    0xE408, 0xA308, 0x8308, 0x2100, 0x0000, 0x0000, 0x0000, 0x0000, 0x0000, 0x0000, 0x0000, 0x0000,
    0x0000, 0x0000, 0x0000, 0x0000, 0x0000, 0x0000, 0x0000, 0x0000, 0x0000, 0x0000, 0x0000, 0x0000,
    0x0000, 0x0000, 0x0000, 0x0000, 0x0000, 0x0000, 0x0000, 0x0000, 0x0000, 0x0000, 0x0000, 0x0000,
    0x0000, 0x0000, 0x0000, 0x0000, 0x0000, 0x0000, 0x0000, 0x0000, 0x0000, 0x6208, 0x8308, 0x493A,
    0x0F74, 0x2F74, 0x0F64, 0x8922, 0x8A22, 0x505C, 0x379E, 0xB58D, 0x98AE, 0x78B6, 0x8E4B, 0x7264,
    0x9585, 0x1054, 0xD04B, 0x6932, 0xA94A, 0x908C, 0x94A5, 0x3395, 0xF28C, 0xF6B5, 0x1395, 0x3395,
    0x339D, 0xF5B5, 0xD5AD, 0x749D, 0x549D, 0x549D, 0xF5AD, 0xF18C, 0x94A5, 0xB4AD, 0xD08C, 0x8942,
    0x8A32, 0xCF53, 0x926C, 0x1796, 0x8E4B, 0x715C, 0xB8A6, 0x1696, 0x77A6, 0x3385, 0x4A2A, 0xC819,
    0x506C, 0xB284, 0x9184, 0xC731, 0x0000, 0x0000, 0x0000, 0x0000, 0x0000, 0x0000, 0x0000, 0x0000,
    0x0000, 0x0000, 0x0000, 0x0000, 0x0000, 0x0000, 0x0000, 0x0000, 0x0000, 0x0000, 0x0000, 0x0000,
    0x0000, 0x0000, 0x0000, 0x0000, 0x0000, 0x0000, 0x0000, 0x0000, 0x0000, 0x0000, 0x0000, 0x0000,
    0x0000, 0x0000, 0x0000, 0x0000, 0x0000, 0x0000, 0x0000, 0x0000, 0x6208, 0x0511, 0xE829, 0xF6AD,
    0x7AD7, 0x59CF, 0x19C7, 0x748D, 0x8A2A, 0x8611, 0xAA32, 0xB58D, 0x547D, 0x7164, 0xAF43, 0x515C,
    0x958D, 0x105C, 0x526C, 0x716C, 0x6932, 0xA94A, 0xD08C, 0xB4A5, 0x3395, 0xF294, 0xB5AD, 0xD28C,
    0xB284, 0xF28C, 0xF28C, 0xD284, 0x138D, 0xD5AD, 0x128D, 0x94A5, 0x93A5, 0x6F84, 0x8942, 0x4D53,
    0x926C, 0x4D43, 0x7164, 0xD68D, 0x2D43, 0xCF53, 0xF374, 0x7585, 0x147D, 0x0922, 0xC821, 0xF27C,
    0xD9BE, 0xF9BE, 0x3ACF, 0x749D, 0x4521, 0x2000, 0x0000, 0x0000, 0x0000, 0x0000, 0x0000, 0x0000,
    0x0000, 0x0000, 0x0000, 0x0000, 0x0000, 0x0000, 0x0000, 0x0000, 0x0000, 0x0000, 0x0000, 0x0000,
    0x0000, 0x0000, 0x0000, 0x0000, 0x0000, 0x0000, 0x0000, 0x0000, 0x0000, 0x0000, 0x0000, 0x0000,
    0x0000, 0x0000, 0x0000, 0x0000, 0x0000, 0x0000, 0x0000, 0x0000, 0x6200, 0x0C4B, 0x98BE, 0x77AE,
    0x7385, 0x9485, 0x948D, 0xB8B6, 0x3385, 0xEB3A, 0xAA32, 0x2D43, 0x2D3B, 0x4D3B, 0x725C, 0x3054,
    0x347D, 0x726C, 0xF69D, 0xF69D, 0x916C, 0xEB42, 0xEA4A, 0xAC6B, 0x1295, 0x1295, 0xD18C, 0x5495,
    0x3064, 0x5485, 0x748D, 0xD274, 0x1385, 0x1395, 0x5395, 0xF194, 0x4B5B, 0x8942, 0x0C43, 0x137D,
    0xD695, 0x347D, 0xF053, 0x1375, 0x315C, 0xF053, 0xCC32, 0x6F43, 0xCC32, 0x2D43, 0x5485, 0x98AE,
    0x169E, 0x337D, 0x9495, 0xD9C6, 0x0832, 0x2100, 0x0000, 0x0000, 0x0000, 0x0000, 0x0000, 0x0000,
    0x0000, 0x0000, 0x0000, 0x0000, 0x0000, 0x0000, 0x0000, 0x0000, 0x0000, 0x0000, 0x0000, 0x0000,
    0x0000, 0x0000, 0x0000, 0x0000, 0x0000, 0x0000, 0x0000, 0x0000, 0x0000, 0x0000, 0x0000, 0x0000,
    0x0000, 0x0000, 0x0000, 0x0000, 0x0000, 0x0000, 0x0000, 0x6208, 0xA408, 0x6D53, 0x7BD7, 0x36A6,
    0x0F54, 0x304C, 0xF36C, 0xB58D, 0x36A6, 0x37A6, 0xAE4B, 0x0D3B, 0x8E4B, 0x4E3B, 0xF36C, 0x757D,
    0x515C, 0xAF4B, 0x7585, 0xD695, 0x9585, 0x105C, 0xA719, 0x2832, 0x894A, 0x9084, 0xD28C, 0x7074,
    0xB58D, 0xB8B6, 0xB8B6, 0xF695, 0x7164, 0xB27C, 0x9084, 0x8842, 0x0732, 0x6932, 0xB26C, 0x1375,
    0xD58D, 0xF374, 0x4E43, 0x926C, 0x147D, 0x315C, 0x4E43, 0xAF4B, 0x0D33, 0x557D, 0x779E, 0x1696,
    0x1375, 0xF053, 0x716C, 0x78B6, 0xE829, 0x2100, 0x0000, 0x0000, 0x0000, 0x0000, 0x0000, 0x0000,
    0x0000, 0x0000, 0x0000, 0x0000, 0x0000, 0x0000, 0x0000, 0x0000, 0x0000, 0x0000, 0x0000, 0x0000,
    0x0000, 0x0000, 0x0000, 0x0000, 0x0000, 0x0000, 0x0000, 0x0000, 0x0000, 0x0000, 0x0000, 0x0000,
    0x0000, 0x0000, 0x0000, 0x0000, 0x0000, 0x0000, 0x0000, 0x0519, 0xC508, 0x2D4B, 0xB9B6, 0x98B6,
    0xF69D, 0xD36C, 0xCF4B, 0xD26C, 0x169E, 0xB26C, 0xAE43, 0x757D, 0x9585, 0x1375, 0x8E43, 0x3475,
    0x347D, 0xF053, 0x7264, 0x147D, 0x3064, 0x4C53, 0x693A, 0x693A, 0xEA5A, 0xE631, 0x8D63, 0x7174,
    0xB595, 0xB8B6, 0x97B6, 0xF595, 0x926C, 0x2C4B, 0x674A, 0x2963, 0x273A, 0x2B53, 0xAD5B, 0xEF5B,
    0xB26C, 0x7264, 0x105C, 0x7585, 0x1054, 0xAF4B, 0xD795, 0xD695, 0x1475, 0x1054, 0x9585, 0xF374,
    0x4D43, 0x758D, 0x58A6, 0xB695, 0xC829, 0x2000, 0x0000, 0x0000, 0x0000, 0x0000, 0x0000, 0x0000,
    0x0000, 0x0000, 0x0000, 0x0000, 0x0000, 0x0000, 0x0000, 0x0000, 0x0000, 0x0000, 0x0000, 0x0000,
    0x0000, 0x0000, 0x0000, 0x0000, 0x0000, 0x0000, 0x0000, 0x0000, 0x0000, 0x0000, 0x0000, 0x0000,
    0x0000, 0x0000, 0x0000, 0x0000, 0x0000, 0x0000, 0x0000, 0xC410, 0x2922, 0x6D3B, 0x5054, 0xB26C,
    0x347D, 0x1054, 0xAF43, 0xEF4B, 0x7164, 0x8E43, 0x9164, 0xD68D, 0xF695, 0xB58D, 0x515C, 0x8F43,
    0x7264, 0xF37C, 0x3064, 0x2B53, 0xCB7B, 0xEA8B, 0x0B8C, 0x4842, 0x8F94, 0x0A53, 0x082A, 0x2D43,
    0x179E, 0x369E, 0x57A6, 0xF695, 0x7164, 0x082A, 0xCB73, 0x0FA5, 0x4742, 0x0B8C, 0x0A8C, 0x2C84,
    0x4A5B, 0xAD5B, 0xD37C, 0xB26C, 0x8F43, 0xB26C, 0x379E, 0x379E, 0xB68D, 0x6E43, 0x315C, 0xD374,
    0xCF53, 0x5164, 0x147D, 0x4E4B, 0x0511, 0x4100, 0x0000, 0x0000, 0x0000, 0x0000, 0x0000, 0x0000,
    0x0000, 0x0000, 0x0000, 0x0000, 0x0000, 0x0000, 0x0000, 0x0000, 0x0000, 0x0000, 0x0000, 0x0000,
    0x0000, 0x0000, 0x0000, 0x0000, 0x0000, 0x0000, 0x0000, 0x0000, 0x0000, 0x0000, 0x0000, 0x0000,
    0x0000, 0x0000, 0x0000, 0x0000, 0x0000, 0x0000, 0x0000, 0xA408, 0x8D43, 0x4F4C, 0xCE43, 0xCB2A,
    0x4A1A, 0x4E3B, 0xB25C, 0x1375, 0x1375, 0x8E43, 0xEF53, 0x7485, 0xF695, 0x958D, 0x6E4B, 0x6E53,
    0xAD63, 0xAF8C, 0xAE94, 0xEDAC, 0x6CCD, 0xADD5, 0x6BA4, 0x073A, 0xCE73, 0x2F7C, 0x2C4B, 0x2A2A,
    0xB274, 0x347D, 0x1375, 0x7164, 0x4D43, 0xEF63, 0x0E74, 0x4B5B, 0xE639, 0x4A9C, 0x8CCD, 0xCDD5,
    0x0BB5, 0xECA4, 0x4D84, 0xCD63, 0x2D4B, 0x105C, 0x1796, 0xD68D, 0xF374, 0x0D3B, 0x1475, 0xF695,
    0x926C, 0xED3A, 0x8F4B, 0x4E4B, 0xE508, 0x4100, 0x0000, 0x0000, 0x0000, 0x0000, 0x0000, 0x0000,
    0x0000, 0x0000, 0x0000, 0x0000, 0x0000, 0x0000, 0x0000, 0x0000, 0x0000, 0x0000, 0x0000, 0x0000,
    0x0000, 0x0000, 0x0000, 0x0000, 0x0000, 0x0000, 0x0000, 0x0000, 0x0000, 0x0000, 0x0000, 0x0000,
    0x0000, 0x0000, 0x0000, 0x0000, 0x0000, 0x0000, 0x0000, 0xC410, 0x2A22, 0x2F54, 0x1696, 0x7585,
    0x5585, 0xCF4B, 0x5154, 0x7485, 0xB695, 0x105C, 0x0D3B, 0xD053, 0x926C, 0x1064, 0x2B53, 0xAC6B,
    0x0B8C, 0xAFC5, 0x30DE, 0x2FDE, 0xABB4, 0xE66A, 0x264A, 0x6729, 0x8929, 0x6821, 0x6821, 0x6721,
    0x8819, 0x2D43, 0x4E43, 0xE921, 0xEA29, 0xE931, 0xC931, 0xA829, 0xC739, 0xA85A, 0x0773, 0x2A94,
    0x2FDE, 0x4FE6, 0x6DC5, 0xCCA4, 0xCC73, 0xEB42, 0x1064, 0x105C, 0xEC32, 0xF053, 0x547D, 0x547D,
    0xF053, 0x315C, 0xB695, 0xB795, 0xA821, 0x2100, 0x0000, 0x0000, 0x0000, 0x0000, 0x0000, 0x0000,
    0x0000, 0x0000, 0x0000, 0x0000, 0x0000, 0x0000, 0x0000, 0x0000, 0x0000, 0x0000, 0x0000, 0x0000,
    0x0000, 0x0000, 0x0000, 0x0000, 0x0000, 0x0000, 0x0000, 0x0000, 0x0000, 0x0000, 0x0000, 0x0000,
    0x0000, 0x0000, 0x0000, 0x0000, 0x0000, 0x0000, 0x0000, 0x8308, 0xA819, 0x7164, 0x179E, 0x169E,
    0x17A6, 0xF47C, 0xAF43, 0xB36C, 0xF474, 0xCF5B, 0x6E53, 0x0C4B, 0xCA4A, 0x6B6B, 0x2C94, 0x4B94,
    0xCBAC, 0xECB4, 0x286B, 0x6652, 0x4431, 0x6629, 0x2942, 0x2D63, 0x328C, 0xF083, 0xAF7B, 0x907B,
    0x6C4A, 0x4719, 0x4719, 0xC931, 0x9073, 0x1184, 0x1184, 0x518C, 0x6D73, 0x694A, 0x2842, 0x6531,
    0x8652, 0xA65A, 0xA88B, 0x6CCD, 0x2DBD, 0x0B8C, 0x0A5B, 0xEB4A, 0x6D53, 0xEF5B, 0xD26C, 0xB36C,
    0x2D3B, 0xD36C, 0xD9B6, 0x58AE, 0xC821, 0x2100, 0x0000, 0x0000, 0x0000, 0x0000, 0x0000, 0x0000,
    0x0000, 0x0000, 0x0000, 0x0000, 0x0000, 0x0000, 0x0000, 0x0000, 0x0000, 0x0000, 0x0000, 0x0000,
    0x0000, 0x0000, 0x0000, 0x0000, 0x0000, 0x0000, 0x0000, 0x0000, 0x0000, 0x0000, 0x0000, 0x0000,
    0x0000, 0x0000, 0x0000, 0x0000, 0x0000, 0x0000, 0x0000, 0x8308, 0xC919, 0x315C, 0xB58D, 0x948D,
    0x958D, 0xD374, 0x8F4B, 0x1164, 0x8E53, 0x8D5B, 0x6B63, 0xAB73, 0x2C8C, 0x4C94, 0x4C8C, 0xC75A,
    0x875A, 0xE649, 0xA739, 0x6A4A, 0x6B4A, 0xF07B, 0x53A5, 0x93AD, 0x72A5, 0x72A5, 0x52A5, 0xB194,
    0xEF7B, 0xF07B, 0xF07B, 0x1084, 0x3084, 0x508C, 0xB194, 0x53A5, 0x32A5, 0x32A5, 0x53AD, 0xAE73,
    0x4942, 0xC731, 0xA639, 0xC762, 0xC662, 0x0A8C, 0xEB83, 0x4A6B, 0xCC73, 0x8C63, 0xCF5B, 0xF053,
    0xD04B, 0x525C, 0x5585, 0x3485, 0xA821, 0x2100, 0x0000, 0x0000, 0x0000, 0x0000, 0x0000, 0x0000,
    0x0000, 0x0000, 0x0000, 0x0000, 0x0000, 0x0000, 0x0000, 0x0000, 0x0000, 0x0000, 0x0000, 0x0000,
    0x0000, 0x0000, 0x0000, 0x0000, 0x0000, 0x0000, 0x0000, 0x0000, 0x0000, 0x0000, 0x0000, 0x0000,
    0x0000, 0x0000, 0x0000, 0x0000, 0x0000, 0x0000, 0x0000, 0x8308, 0x0A22, 0x6E43, 0x305C, 0x147D,
    0xB274, 0x6E4B, 0x6E53, 0x6D63, 0x6B6B, 0xAB73, 0x0C84, 0xC85A, 0x2742, 0x483A, 0x4942, 0x2A42,
    0x0B42, 0x6C4A, 0xAF73, 0x53A5, 0xB3AD, 0x72A5, 0x71A5, 0x71A5, 0x92A5, 0x91A5, 0x71A5, 0x52A5,
    0xD194, 0x7084, 0x918C, 0x7084, 0x9084, 0x708C, 0x129D, 0x319D, 0x71A5, 0x71A5, 0x51A5, 0x73AD,
    0xD4B5, 0x129D, 0x0F7C, 0xAB52, 0x4629, 0xC631, 0x684A, 0xE95A, 0xAB73, 0xCB7B, 0x8B63, 0x4C53,
    0x0D43, 0x8F43, 0x315C, 0x8B32, 0xE510, 0x0000, 0x0000, 0x0000, 0x0000, 0x0000, 0x0000, 0x0000,
    0x0000, 0x0000, 0x0000, 0x0000, 0x0000, 0x0000, 0x0000, 0x0000, 0x0000, 0x0000, 0x0000, 0x0000,
    0x0000, 0x0000, 0x0000, 0x0000, 0x0000, 0x0000, 0x0000, 0x0000, 0x0000, 0x0000, 0x0000, 0x0000,
    0x0000, 0x0000, 0x0000, 0x0000, 0x0000, 0x0000, 0x0000, 0x6208, 0x2611, 0x2A2A, 0x2E43, 0x4F4B,
    0xED42, 0x0D53, 0x0B5B, 0x496B, 0x8A7B, 0xC85A, 0xE631, 0x6619, 0x8719, 0xE929, 0x2C42, 0x8E52,
    0x9073, 0x33A5, 0xB3B5, 0x91A5, 0x91A5, 0x71A5, 0x91A5, 0x91A5, 0x91A5, 0xB2AD, 0x52A5, 0x8E6B,
    0xA829, 0xA819, 0x6711, 0x2611, 0x2609, 0x2611, 0xE931, 0x2F7C, 0xB3AD, 0x91A5, 0x92A5, 0x92A5,
    0x71A5, 0x92AD, 0xD3B5, 0x53A5, 0x2E6B, 0x4B4A, 0x8821, 0x2519, 0xA629, 0xE95A, 0xCC7B, 0x6B6B,
    0x2B53, 0xCB3A, 0xAF4B, 0x092A, 0x2100, 0x0000, 0x0000, 0x0000, 0x0000, 0x0000, 0x0000, 0x0000,
    0x0000, 0x0000, 0x0000, 0x0000, 0x0000, 0x0000, 0x0000, 0x0000, 0x0000, 0x0000, 0x0000, 0x0000,
    0x0000, 0x0000, 0x0000, 0x0000, 0x0000, 0x0000, 0x0000, 0x0000, 0x0000, 0x0000, 0x0000, 0x0000,
    0x0000, 0x0000, 0x0000, 0x0000, 0x0000, 0x0000, 0x0000, 0x0000, 0x8308, 0xCA29, 0x0E4B, 0xED4A,
    0xEB52, 0xE95A, 0x296B, 0x2963, 0xA531, 0x6619, 0x6619, 0x292A, 0x0A2A, 0x6C42, 0x3073, 0x7073,
    0x33A5, 0xD3B5, 0x91A5, 0x92A5, 0x92A5, 0x92A5, 0x91A5, 0x92A5, 0xD3AD, 0xF194, 0x4A42, 0x4A32,
    0xB25C, 0x5254, 0x2709, 0x4809, 0xD043, 0x1465, 0xAB3A, 0x8721, 0x6D63, 0xD4B5, 0xB2AD, 0x92A5,
    0x91A5, 0x71A5, 0x519D, 0x72A5, 0x12A5, 0x6F73, 0x4C4A, 0x8821, 0xA721, 0x6621, 0x4942, 0x6B6B,
    0x8B6B, 0x0B53, 0x6A3A, 0x0411, 0x0000, 0x0000, 0x0000, 0x0000, 0x0000, 0x0000, 0x0000, 0x0000,
    0x0000, 0x0000, 0x0000, 0x0000, 0x0000, 0x0000, 0x0000, 0x0000, 0x0000, 0x0000, 0x0000, 0x0000,
    0x0000, 0x0000, 0x0000, 0x0000, 0x0000, 0x0000, 0x0000, 0x0000, 0x0000, 0x0000, 0x0000, 0x0000,
    0x0000, 0x0000, 0x0000, 0x0000, 0x0000, 0x0000, 0x0000, 0x0000, 0x8308, 0x6821, 0xE939, 0x484A,
    0x096B, 0x496B, 0x884A, 0x2519, 0x6619, 0xC821, 0xAB32, 0xAB32, 0xA929, 0xEF62, 0xCE6A, 0x518C,
    0xF3B5, 0x91A5, 0x92A5, 0x92A5, 0x72A5, 0x92A5, 0x92A5, 0xB3AD, 0x708C, 0x093A, 0xCC3A, 0xF56D,
    0x5666, 0xD24C, 0xE600, 0x4811, 0xB25C, 0xF56D, 0x157E, 0x136D, 0xE829, 0x6D6B, 0x519D, 0x91A5,
    0x71A5, 0x71A5, 0x91A5, 0x71A5, 0xB2AD, 0xD29C, 0xCE62, 0x8D4A, 0x8B3A, 0x6B32, 0x6721, 0xE831,
    0x2B63, 0xAC73, 0xC731, 0x0000, 0x0000, 0x0000, 0x0000, 0x0000, 0x0000, 0x0000, 0x0000, 0x0000,
    0x0000, 0x0000, 0x0000, 0x0000, 0x0000, 0x0000, 0x0000, 0x0000, 0x0000, 0x0000, 0x0000, 0x0000,
    0x0000, 0x0000, 0x0000, 0x0000, 0x0000, 0x0000, 0x0000, 0x0000, 0x0000, 0x0000, 0x0000, 0x0000,
    0x0000, 0x0000, 0x0000, 0x0000, 0x0000, 0x0000, 0x0000, 0x0000, 0x0000, 0xC410, 0x6621, 0x0963,
    0x6A73, 0xE639, 0x2519, 0xC821, 0x2922, 0xEB32, 0xEB32, 0xE921, 0x6C4A, 0xAE62, 0xD083, 0x72A5,
    0x91A5, 0x91A5, 0x92A5, 0x92A5, 0x71A5, 0x92A5, 0x92A5, 0xB3AD, 0xCF7B, 0xC931, 0x4E4B, 0xB46D,
    0x156E, 0x535D, 0x4A1A, 0x0912, 0x6A1A, 0xD46D, 0x3576, 0x547D, 0x8929, 0xC939, 0xF194, 0x91A5,
    0x71A5, 0x71A5, 0x91A5, 0x71A5, 0x92A5, 0x73AD, 0xD07B, 0x8E5A, 0x2B32, 0x6A2A, 0x8B32, 0xA821,
    0x4621, 0x8A4A, 0x8729, 0x2100, 0x0000, 0x0000, 0x0000, 0x0000, 0x0000, 0x0000, 0x0000, 0x0000,
    0x0000, 0x0000, 0x0000, 0x0000, 0x0000, 0x0000, 0x0000, 0x0000, 0x0000, 0x0000, 0x0000, 0x0000,
    0x0000, 0x0000, 0x0000, 0x0000, 0x0000, 0x0000, 0x0000, 0x0000, 0x0000, 0x0000, 0x0000, 0x0000,
    0x0000, 0x0000, 0x0000, 0x0000, 0x0000, 0x0000, 0x0000, 0x0000, 0x0000, 0xC410, 0x2619, 0x2842,
    0xA629, 0x6721, 0xC821, 0xAA2A, 0x8D43, 0x0C33, 0x8B2A, 0x6821, 0xCE62, 0xAE62, 0x308C, 0xD2AD,
    0x71A5, 0x91A5, 0x91A5, 0x91A5, 0x91A5, 0x91A5, 0x91A5, 0x92A5, 0x93AD, 0x518C, 0x6B4A, 0xEC4A,
    0x547D, 0x568E, 0x988E, 0x7886, 0x5786, 0x567E, 0xD264, 0x0A3A, 0xED62, 0xD29C, 0x92A5, 0x71A5,
    0x91A5, 0x91A5, 0x92A5, 0x91A5, 0x92A5, 0xB3AD, 0xD294, 0x4D52, 0x6D4A, 0xE919, 0xEB2A, 0xAA2A,
    0x0922, 0x2611, 0x2619, 0x2100, 0x0000, 0x0000, 0x0000, 0x0000, 0x0000, 0x0000, 0x0000, 0x0000,
    0x0000, 0x0000, 0x0000, 0x0000, 0x0000, 0x0000, 0x0000, 0x0000, 0x0000, 0x0000, 0x0000, 0x0000,
    0x0000, 0x0000, 0x0000, 0x0000, 0x0000, 0x0000, 0x0000, 0x0000, 0x0000, 0x0000, 0x0000, 0x0000,
    0x0000, 0x0000, 0x0000, 0x0000, 0x0000, 0x0000, 0x0000, 0x0000, 0x0000, 0xE510, 0x0611, 0xE510,
    0x8821, 0x2A2A, 0x0C33, 0xEE43, 0x8A22, 0x4A22, 0x0922, 0x4721, 0xCE62, 0x2F73, 0xD194, 0x91AD,
    0x92A5, 0x92A5, 0x92A5, 0x92A5, 0x92A5, 0x92A5, 0x92A5, 0xB2A5, 0x91A5, 0x92AD, 0xB194, 0xCC5A,
    0xC929, 0xED42, 0x0D43, 0x0D43, 0xEC3A, 0xEC3A, 0xEA31, 0x4E6B, 0x33A5, 0x71A5, 0xB2A5, 0xB2AD,
    0x72A5, 0x52A5, 0x72A5, 0x72A5, 0x72A5, 0x93A5, 0x329D, 0x8F7B, 0x4C52, 0x6819, 0x2C33, 0x6D3B,
    0x2C3B, 0x0922, 0x2619, 0x2100, 0x0000, 0x0000, 0x0000, 0x0000, 0x0000, 0x0000, 0x0000, 0x0000,
    0x0000, 0x0000, 0x0000, 0x0000, 0x0000, 0x0000, 0x0000, 0x0000, 0x0000, 0x0000, 0x0000, 0x0000,
    0x0000, 0x0000, 0x0000, 0x0000, 0x0000, 0x0000, 0x0000, 0x0000, 0x0000, 0x0000, 0x0000, 0x0000,
    0x0000, 0x0000, 0x0000, 0x0000, 0x0000, 0x0000, 0x0000, 0x0000, 0x0000, 0xE510, 0x0611, 0xE921,
    0xCB32, 0xAE3B, 0xEE43, 0xCB22, 0x8E3B, 0x8E3B, 0xE921, 0x6C4A, 0x0E6B, 0xF29C, 0x92A5, 0xD3AD,
    0x2E7C, 0xC621, 0x2832, 0x282A, 0x492A, 0x082A, 0x0E6C, 0x3195, 0x92A5, 0xD2AD, 0x92A5, 0xF194,
    0xCF7B, 0x8E73, 0xF07B, 0xF07B, 0xF07B, 0xAF73, 0xF083, 0x53A5, 0x92A5, 0xD3AD, 0x529D, 0x0E74,
    0xE729, 0xE821, 0xE829, 0x082A, 0x082A, 0xE829, 0xCE73, 0x9294, 0xCE62, 0x0A3A, 0x6A2A, 0x4C33,
    0x6D33, 0xEC32, 0x2611, 0x2100, 0x0000, 0x0000, 0x0000, 0x0000, 0x0000, 0x0000, 0x0000, 0x0000,
    0x0000, 0x0000, 0x0000, 0x0000, 0x0000, 0x0000, 0x0000, 0x0000, 0x0000, 0x0000, 0x0000, 0x0000,
    0x0000, 0x0000, 0x0000, 0x0000, 0x0000, 0x0000, 0x0000, 0x0000, 0x0000, 0x0000, 0x0000, 0x0000,
    0x0000, 0x0000, 0x0000, 0x0000, 0x0000, 0x0000, 0x0000, 0x0000, 0x0000, 0xC510, 0x2611, 0xAB2A,
    0x504C, 0xCE43, 0xEC2A, 0x2D33, 0x304C, 0xCC32, 0x6819, 0xCE62, 0x4F73, 0x73AD, 0xB3AD, 0xAD6B,
    0x6619, 0x8A2A, 0x8A22, 0x8A22, 0xAB2A, 0x4922, 0x8611, 0x4511, 0xEA4A, 0x8F84, 0xB2AD, 0x92AD,
    0x708C, 0x308C, 0x508C, 0x518C, 0x518C, 0x708C, 0x52A5, 0xB3AD, 0x14B6, 0x4F7C, 0xC721, 0xC719,
    0xCB2A, 0xAB2A, 0x8A22, 0x8A22, 0x8A2A, 0xE819, 0xA721, 0x8F73, 0x507B, 0x2C4A, 0xC819, 0x2C2B,
    0x2C2B, 0x4A22, 0x4611, 0x2100, 0x0000, 0x0000, 0x0000, 0x0000, 0x0000, 0x0000, 0x0000, 0x0000,
    0x0000, 0x0000, 0x0000, 0x0000, 0x0000, 0x0000, 0x0000, 0x0000, 0x0000, 0x0000, 0x0000, 0x0000,
    0x0000, 0x0000, 0x0000, 0x0000, 0x0000, 0x0000, 0x0000, 0x0000, 0x0000, 0x0000, 0x0000, 0x0000,
    0x0000, 0x0000, 0x0000, 0x0000, 0x0000, 0x0000, 0x0000, 0x0000, 0x0000, 0xC410, 0x6719, 0xEE43,
    0x8D3B, 0xAB2A, 0x2D33, 0x504C, 0x4D3B, 0x2B2A, 0x4719, 0xEF62, 0x4F73, 0xB4B5, 0xEE73, 0x4611,
    0x6A2A, 0xAB2A, 0xAB2A, 0xCB32, 0xAB2A, 0xCB32, 0xCB32, 0xAB32, 0x0822, 0x8619, 0xCA4A, 0x119D,
    0x119D, 0x8F94, 0xB094, 0xB094, 0xD094, 0xF19C, 0xB3AD, 0x73A5, 0x0B53, 0x4922, 0x0C33, 0x4D3B,
    0xEB2A, 0xAB2A, 0xAB2A, 0xAB2A, 0x8B2A, 0xCC32, 0x0922, 0x2719, 0x3073, 0x2C42, 0xE919, 0x6D33,
    0x6D33, 0x8A2A, 0x2611, 0x2000, 0x0000, 0x0000, 0x0000, 0x0000, 0x0000, 0x0000, 0x0000, 0x0000,
    0x0000, 0x0000, 0x0000, 0x0000, 0x0000, 0x0000, 0x0000, 0x0000, 0x0000, 0x0000, 0x0000, 0x0000,
    0x0000, 0x0000, 0x0000, 0x0000, 0x0000, 0x0000, 0x0000, 0x0000, 0x0000, 0x0000, 0x0000, 0x0000,
    0x0000, 0x0000, 0x0000, 0x0000, 0x0000, 0x0000, 0x0000, 0x0000, 0x0000, 0xA410, 0x6711, 0x4C3B,
    0x8A22, 0x2C33, 0x504C, 0xCE3B, 0x0D33, 0x4B2A, 0x6821, 0xEF62, 0x9073, 0xD294, 0xA721, 0xC819,
    0xC819, 0x4711, 0x2711, 0x2711, 0x2711, 0x4711, 0xC819, 0xAB32, 0xCB32, 0xEB32, 0xE819, 0x483A,
    0x92AD, 0xF2B5, 0xF2B5, 0xF2B5, 0xF2B5, 0xF2B5, 0x72A5, 0x8942, 0x4922, 0x4D3B, 0x0C33, 0x4A22,
    0x6811, 0x4819, 0x6819, 0x6819, 0x4819, 0x2611, 0x4711, 0x2719, 0x6821, 0x8929, 0xE919, 0x4D33,
    0x6C33, 0x0C33, 0x2611, 0x2100, 0x0000, 0x0000, 0x0000, 0x0000, 0x0000, 0x0000, 0x0000, 0x0000,
    0x0000, 0x0000, 0x0000, 0x0000, 0x0000, 0x0000, 0x0000, 0x0000, 0x0000, 0x0000, 0x0000, 0x0000,
    0x0000, 0x0000, 0x0000, 0x0000, 0x0000, 0x0000, 0x0000, 0x0000, 0x0000, 0x0000, 0x0000, 0x0000,
    0x0000, 0x0000, 0x0000, 0x0000, 0x0000, 0x0000, 0x0000, 0x0000, 0x0000, 0xA410, 0x4711, 0xEB32,
    0x4C33, 0x2F4C, 0x4C33, 0xCB22, 0xAF43, 0x0A22, 0x4821, 0xEF62, 0x0F6B, 0xA829, 0x4611, 0x4711,
    0x4719, 0x2C42, 0x8D5A, 0xAE5A, 0x0B3A, 0x6821, 0x2719, 0x0609, 0xA819, 0x8B2A, 0xCB32, 0x6719,
    0xAE73, 0xB2AD, 0x309D, 0x109D, 0x1095, 0x72A5, 0x0C5B, 0x8821, 0xAB32, 0x2A22, 0x8819, 0x2819,
    0x8A29, 0x2C4A, 0xCE62, 0xAE5A, 0x4C4A, 0x8929, 0xE610, 0xC508, 0xC508, 0x0711, 0xE921, 0xEC2A,
    0xAD33, 0x0C33, 0x4711, 0x2100, 0x0000, 0x0000, 0x0000, 0x0000, 0x0000, 0x0000, 0x0000, 0x0000,
    0x0000, 0x0000, 0x0000, 0x0000, 0x0000, 0x0000, 0x0000, 0x0000, 0x0000, 0x0000, 0x0000, 0x0000,
    0x0000, 0x0000, 0x0000, 0x0000, 0x0000, 0x0000, 0x0000, 0x0000, 0x0000, 0x0000, 0x0000, 0x0000,
    0x0000, 0x0000, 0x0000, 0x0000, 0x0000, 0x0000, 0x0000, 0x0000, 0x0000, 0xC410, 0x6719, 0xCE43,
    0x704C, 0x0B2B, 0x6A22, 0xAE3B, 0xAE43, 0xE921, 0x4719, 0xCF62, 0xCF62, 0xEB41, 0xCA39, 0x0B42,
    0xCF5A, 0xF06A, 0xEF6A, 0xCE6A, 0xCF6A, 0xEF62, 0x6C52, 0x8929, 0x2719, 0x2719, 0x4821, 0x6C52,
    0x0E6B, 0xD29C, 0xF194, 0xD08C, 0xB08C, 0x5084, 0xAD62, 0xEB41, 0xE610, 0x0719, 0x4821, 0x4D4A,
    0xEF6A, 0xEF6A, 0xCE6A, 0xCF6A, 0xAE62, 0xAE5A, 0x4C52, 0xEA41, 0x2B42, 0x0B3A, 0xC919, 0xCB22,
    0xEF3B, 0x0C33, 0x4711, 0x8308, 0x0000, 0x0000, 0x0000, 0x0000, 0x0000, 0x0000, 0x0000, 0x0000,
    0x0000, 0x0000, 0x0000, 0x0000, 0x0000, 0x0000, 0x0000, 0x0000, 0x0000, 0x0000, 0x0000, 0x0000,
    0x0000, 0x0000, 0x0000, 0x0000, 0x0000, 0x0000, 0x0000, 0x0000, 0x0000, 0x0000, 0x0000, 0x0000,
    0x0000, 0x0000, 0x0000, 0x0000, 0x0000, 0x0000, 0x0000, 0x0000, 0xA310, 0xE510, 0x4711, 0xAB2A,
    0x6A22, 0x8A2A, 0x0C33, 0x2F4C, 0x0C33, 0xC921, 0x2719, 0xCE62, 0xAE62, 0xCF62, 0xCF6A, 0xCF62,
    0x0F73, 0xEF6A, 0xEF6A, 0xEF6A, 0xCE6A, 0xCE6A, 0xEF6A, 0xCE62, 0x6D52, 0x4C52, 0x6D5A, 0xCF6A,
    0xAE62, 0x6E73, 0xF19C, 0xD094, 0xF194, 0x4E6B, 0x8E62, 0x6E5A, 0x2C52, 0x4D52, 0xAE62, 0xEF6A,
    0xCE6A, 0xCF6A, 0xEF6A, 0xEF6A, 0x0F6B, 0xCF62, 0x8E5A, 0xCE62, 0xCF6A, 0x6D52, 0xCA19, 0xAC22,
    0xEC2A, 0xE400, 0xC508, 0x2619, 0x0000, 0x0000, 0x0000, 0x0000, 0x0000, 0x0000, 0x0000, 0x0000,
    0x0000, 0x0000, 0x0000, 0x0000, 0x0000, 0x0000, 0x0000, 0x0000, 0x0000, 0x0000, 0x0000, 0x0000,
    0x0000, 0x0000, 0x0000, 0x0000, 0x0000, 0x0000, 0x0000, 0x0000, 0x0000, 0x0000, 0x0000, 0x0000,
    0x0000, 0x0000, 0x0000, 0x0000, 0x0000, 0x0000, 0x0000, 0x0000, 0xC510, 0xE610, 0xE510, 0x4619,
    0x8719, 0xCB32, 0x8D3B, 0xCB2A, 0xAC32, 0xE921, 0x2719, 0xAE62, 0x8E62, 0x8E62, 0x8E5A, 0xEF6A,
    0x0F73, 0x0F73, 0x2F73, 0x1073, 0x1073, 0x0F73, 0x0F6B, 0xEF6A, 0xCF62, 0xCE62, 0xCE62, 0xAE62,
    0x8E62, 0x2D6B, 0x319D, 0x519D, 0x329D, 0x2E6B, 0x6D5A, 0xAE62, 0xCF62, 0xEF6A, 0xEF6A, 0x1073,
    0x3073, 0x3073, 0x3073, 0x3073, 0x5073, 0x5073, 0xEF6A, 0x8D5A, 0xAE62, 0x4D4A, 0xC919, 0xAB22,
    0xC719, 0xCB52, 0x8A42, 0xE510, 0x2000, 0x0000, 0x0000, 0x0000, 0x0000, 0x0000, 0x0000, 0x0000,
    0x0000, 0x0000, 0x0000, 0x0000, 0x0000, 0x0000, 0x0000, 0x0000, 0x0000, 0x0000, 0x0000, 0x0000,
    0x0000, 0x0000, 0x0000, 0x0000, 0x0000, 0x0000, 0x0000, 0x0000, 0x0000, 0x0000, 0x0000, 0x0000,
    0x0000, 0x0000, 0x0000, 0x0000, 0x0000, 0x0000, 0x0000, 0x0000, 0xA410, 0x4619, 0xCF6B, 0x339D,
    0xEF73, 0x2611, 0xA819, 0xAC32, 0xCC32, 0xE921, 0x2721, 0xAE62, 0x8E62, 0x8E62, 0xCF6A, 0x0F73,
    0x5073, 0x8D52, 0x0A3A, 0x0A42, 0xEA39, 0x2B42, 0x2B42, 0xCE62, 0xEF6A, 0xCF6A, 0xCE62, 0xAF62,
    0x6D5A, 0x1084, 0xF3B5, 0xD2AD, 0xF3B5, 0x318C, 0x4D5A, 0xAE62, 0xAE62, 0xCF62, 0xEF62, 0x0B42,
    0xEA39, 0xEA39, 0xEA39, 0xEA39, 0x0B42, 0x0F6B, 0x517B, 0xCE62, 0x8E62, 0x4D4A, 0x8819, 0x8711,
    0xCE6B, 0x77C6, 0x7084, 0xC408, 0x2000, 0x0000, 0x0000, 0x0000, 0x0000, 0x0000, 0x0000, 0x0000,
    0x0000, 0x0000, 0x0000, 0x0000, 0x0000, 0x0000, 0x0000, 0x0000, 0x0000, 0x0000, 0x0000, 0x0000,
    0x0000, 0x0000, 0x0000, 0x0000, 0x0000, 0x0000, 0x0000, 0x0000, 0x0000, 0x0000, 0x0000, 0x0000,
    0x0000, 0x0000, 0x0000, 0x0000, 0x0000, 0x0000, 0x0000, 0x0000, 0xA408, 0x293A, 0x73A5, 0xD3B5,
    0xF4B5, 0x2F7C, 0xC829, 0xC819, 0x4D3B, 0x8B2A, 0x2619, 0xAE62, 0x8E5A, 0xCE62, 0x0F73, 0x0F6B,
    0xCA39, 0x2619, 0x6719, 0x6719, 0x8819, 0x2711, 0x0611, 0xA929, 0x4C4A, 0xCF62, 0xEF6A, 0xCE6A,
    0x8D5A, 0xB194, 0xF3B5, 0x91AD, 0xF3B5, 0x718C, 0x4D5A, 0x8D5A, 0xAE62, 0x8E52, 0xCA31, 0xC508,
    0x0719, 0x0719, 0x2719, 0x2619, 0x0611, 0xAA31, 0xEF62, 0x0F6B, 0xAE62, 0x4D52, 0x2711, 0x0C53,
    0xF294, 0xF29C, 0x507C, 0xC410, 0x2000, 0x0000, 0x0000, 0x0000, 0x0000, 0x0000, 0x0000, 0x0000,
    0x0000, 0x0000, 0x0000, 0x0000, 0x0000, 0x0000, 0x0000, 0x0000, 0x0000, 0x0000, 0x0000, 0x0000,
    0x0000, 0x0000, 0x0000, 0x0000, 0x0000, 0x0000, 0x0000, 0x0000, 0x0000, 0x0000, 0x0000, 0x0000,
    0x0000, 0x0000, 0x0000, 0x0000, 0x0000, 0x0000, 0x2000, 0x2100, 0x8308, 0x0C5B, 0x33A5, 0xEF7B,
    0xF29C, 0x15BE, 0xD28C, 0xE921, 0x4D3B, 0xEB32, 0x2619, 0xCE62, 0xEF6A, 0xEF6A, 0xEF62, 0x8931,
    0xE510, 0x8A42, 0x918C, 0x317C, 0x5184, 0xD073, 0x6B42, 0x2719, 0x2719, 0xEA39, 0xD39C, 0x1184,
    0x6D5A, 0xB294, 0x13B6, 0xB2AD, 0xF3B5, 0x718C, 0x2C52, 0x328C, 0xAD5A, 0x2819, 0xC508, 0xE931,
    0x6F6B, 0x3184, 0xD29C, 0x33A5, 0x4D63, 0x2619, 0x4821, 0xAE5A, 0xEF6A, 0x6D52, 0x4719, 0x317C,
    0xAB5A, 0xCF7B, 0x5084, 0xC410, 0x2000, 0x0000, 0x0000, 0x0000, 0x0000, 0x0000, 0x0000, 0x0000,
    0x0000, 0x0000, 0x0000, 0x0000, 0x0000, 0x0000, 0x0000, 0x0000, 0x0000, 0x0000, 0x0000, 0x0000,
    0x0000, 0x0000, 0x0000, 0x0000, 0x0000, 0x0000, 0x0000, 0x0000, 0x0000, 0x0000, 0x0000, 0x0000,
    0x0000, 0x0000, 0x0000, 0x0000, 0x0000, 0x0000, 0x2000, 0x2100, 0x8308, 0x0C5B, 0x139D, 0x4C52,
    0xEA41, 0xD29C, 0x539D, 0x092A, 0x6D3B, 0x0C33, 0x4721, 0xCE62, 0x528C, 0x9294, 0x4F73, 0x4729,
    0x0F7C, 0xD4B5, 0x52A5, 0x52A5, 0x52A5, 0x93AD, 0x74AD, 0x0D5B, 0x6929, 0xEA41, 0x94AD, 0x308C,
    0x4C52, 0xD29C, 0x14B6, 0xB2AD, 0xF3B5, 0x9194, 0x2B52, 0xD294, 0x8E73, 0xA931, 0xC931, 0x918C,
    0xD3B5, 0xD3AD, 0xD2AD, 0xF2B5, 0x14BE, 0x307C, 0xA829, 0x0E63, 0x907B, 0xEE62, 0x2719, 0x0A42,
    0x8C5A, 0x1084, 0x5084, 0xC410, 0x2100, 0x0000, 0x0000, 0x0000, 0x0000, 0x0000, 0x0000, 0x0000,
    0x0000, 0x0000, 0x0000, 0x0000, 0x0000, 0x0000, 0x0000, 0x0000, 0x0000, 0x0000, 0x0000, 0x0000,
    0x0000, 0x0000, 0x0000, 0x0000, 0x0000, 0x0000, 0x0000, 0x0000, 0x0000, 0x0000, 0x0000, 0x0000,
    0x0000, 0x0000, 0x0000, 0x0000, 0x0000, 0x0000, 0x0000, 0x2100, 0x8408, 0xEC52, 0xF39C, 0xF183,
    0x8E5A, 0xCE62, 0x4F63, 0x2A2A, 0x8E3B, 0x2C3B, 0x6721, 0x0E6B, 0x94AD, 0xF4BD, 0x52A5, 0x52A5,
    0x92A5, 0x91A5, 0x91A5, 0x91A5, 0x91A5, 0x91A5, 0xB3B5, 0x518C, 0xED62, 0xD29C, 0xB3AD, 0x708C,
    0x8F73, 0x52A5, 0xF3B5, 0xB2AD, 0xF3B5, 0xF29C, 0x6E73, 0xF194, 0xF4B5, 0x3084, 0xAF7B, 0x93AD,
    0x91AD, 0x91A5, 0xB1A5, 0x91A5, 0xB1AD, 0xD3B5, 0x93AD, 0x93AD, 0xF5BD, 0x928C, 0x2611, 0xCA39,
    0x0E63, 0x94AD, 0x2F7C, 0xC410, 0x2100, 0x0000, 0x0000, 0x0000, 0x0000, 0x0000, 0x0000, 0x0000,
    0x0000, 0x0000, 0x0000, 0x0000, 0x0000, 0x0000, 0x0000, 0x0000, 0x0000, 0x0000, 0x0000, 0x0000,
    0x0000, 0x0000, 0x0000, 0x0000, 0x0000, 0x0000, 0x0000, 0x0000, 0x0000, 0x0000, 0x0000, 0x0000,
    0x0000, 0x0000, 0x0000, 0x0000, 0x0000, 0x0000, 0x0000, 0x2000, 0xA408, 0xCB52, 0x73A5, 0xD294,
    0x2F6B, 0x8E5A, 0x6E52, 0xEA21, 0x8E3B, 0x2C33, 0x4721, 0x6F6B, 0x14BE, 0xD2AD, 0xB1A5, 0xB1AD,
    0x91AD, 0x91AD, 0x91A5, 0x91A5, 0xB1AD, 0xB08C, 0x6D6B, 0xAE73, 0x129D, 0xD3B5, 0x92AD, 0xB194,
    0x3084, 0x73A5, 0xF3B5, 0xB2AD, 0xD3AD, 0x329D, 0x5084, 0x119D, 0xD2AD, 0x92AD, 0x2F84, 0x4D6B,
    0xD094, 0xD2AD, 0xB1A5, 0xB1A5, 0xB1AD, 0xB1AD, 0xB2AD, 0xD2AD, 0x13B6, 0xB18C, 0x4611, 0xEA39,
    0x6E6B, 0x94AD, 0xAE6B, 0xE510, 0x2100, 0x0000, 0x0000, 0x0000, 0x0000, 0x0000, 0x0000, 0x0000,
    0x0000, 0x0000, 0x0000, 0x0000, 0x0000, 0x0000, 0x0000, 0x0000, 0x0000, 0x0000, 0x0000, 0x0000,
    0x0000, 0x0000, 0x0000, 0x0000, 0x0000, 0x0000, 0x0000, 0x0000, 0x0000, 0x0000, 0x0000, 0x0000,
    0x0000, 0x0000, 0x0000, 0x0000, 0x0000, 0x0000, 0x0000, 0x2000, 0x8308, 0x6A42, 0x93A5, 0x329D,
    0xF07B, 0x6E5A, 0xAE5A, 0xEA21, 0x8D3B, 0x2C33, 0x4719, 0x4E6B, 0x14BE, 0xD2AD, 0xB1A5, 0xB1AD,
    0x91AD, 0xB1AD, 0xB1AD, 0x91A5, 0x91AD, 0x319D, 0xB094, 0x119D, 0xD2AD, 0xB2AD, 0xB2AD, 0xB194,
    0x2F84, 0x72A5, 0xD3B5, 0xB2AD, 0xD3AD, 0x329D, 0x2F7C, 0x119D, 0xD2AD, 0xD2AD, 0x72A5, 0xB094,
    0x51A5, 0xB1AD, 0xB1A5, 0xB1A5, 0xB2AD, 0xB1AD, 0xB2AD, 0x92AD, 0xF3B5, 0x918C, 0x2611, 0xCA31,
    0xAF7B, 0x129D, 0x8729, 0xC410, 0x0000, 0x0000, 0x0000, 0x0000, 0x0000, 0x0000, 0x0000, 0x0000,
    0x0000, 0x0000, 0x0000, 0x0000, 0x0000, 0x0000, 0x0000, 0x0000, 0x0000, 0x0000, 0x0000, 0x0000,
    0x0000, 0x0000, 0x0000, 0x0000, 0x0000, 0x0000, 0x0000, 0x0000, 0x0000, 0x0000, 0x0000, 0x0000,
    0x0000, 0x0000, 0x0000, 0x0000, 0x0000, 0x0000, 0x0000, 0x0000, 0x2100, 0x0619, 0x307C, 0x53A5,
    0xD07B, 0x8E5A, 0x8E52, 0xC921, 0x4D33, 0x0C33, 0x0611, 0x0D63, 0x93AD, 0xD2AD, 0xB1A5, 0xB1AD,
    0xB2AD, 0xB1AD, 0xB2AD, 0xB1AD, 0x91AD, 0xB1AD, 0xD2AD, 0xD2AD, 0xB1AD, 0xB2AD, 0x72A5, 0x908C,
    0x3084, 0x73A5, 0xF3AD, 0xD2AD, 0xF3AD, 0x319D, 0x2F84, 0x908C, 0x51A5, 0xB1AD, 0xB1AD, 0xD2AD,
    0xD2AD, 0xB1A5, 0xB1A5, 0xB1A5, 0xB2AD, 0xB2AD, 0xB2A5, 0x91A5, 0x13B6, 0x9084, 0x2611, 0xEB39,
    0xB07B, 0x7184, 0xE510, 0x2100, 0x0000, 0x0000, 0x0000, 0x0000, 0x0000, 0x0000, 0x0000, 0x0000,
    0x0000, 0x0000, 0x0000, 0x0000, 0x0000, 0x0000, 0x0000, 0x0000, 0x0000, 0x0000, 0x0000, 0x0000,
    0x0000, 0x0000, 0x0000, 0x0000, 0x0000, 0x0000, 0x0000, 0x0000, 0x0000, 0x0000, 0x0000, 0x0000,
    0x0000, 0x0000, 0x0000, 0x0000, 0x0000, 0x0000, 0x0000, 0x2000, 0x4100, 0xE618, 0x6821, 0xB18C,
    0xCF7B, 0x4C52, 0x6D52, 0xA819, 0x2C2B, 0x4D3B, 0xA921, 0xEA39, 0x5084, 0xD3B5, 0xB1AD, 0xB2AD,
    0xB2AD, 0xB2AD, 0xB2AD, 0xB1AD, 0xB1AD, 0xB1AD, 0x91AD, 0xB2AD, 0xB2AD, 0xD3AD, 0xD094, 0x4F84,
    0x3084, 0x72A5, 0xF3AD, 0xB2AD, 0xD2AD, 0x119D, 0x0F7C, 0x4F84, 0x119D, 0xD3B5, 0xB1AD, 0xB1A5,
    0xB2AD, 0xB2AD, 0xB2A5, 0xB2A5, 0xB2AD, 0xB2AD, 0xB2A5, 0xD2AD, 0x72A5, 0xAE6B, 0x0611, 0x2C42,
    0xCE5A, 0x8821, 0x2619, 0x0100, 0x0000, 0x0000, 0x0000, 0x0000, 0x0000, 0x0000, 0x0000, 0x0000,
    0x0000, 0x0000, 0x0000, 0x0000, 0x0000, 0x0000, 0x0000, 0x0000, 0x0000, 0x0000, 0x0000, 0x0000,
    0x0000, 0x0000, 0x0000, 0x0000, 0x0000, 0x0000, 0x0000, 0x0000, 0x0000, 0x0000, 0x0000, 0x0000,
    0x0000, 0x0000, 0x0000, 0x0000, 0x0000, 0x0000, 0x0000, 0x2000, 0x2000, 0xA410, 0xA510, 0x8A4A,
    0x718C, 0xB07B, 0x6D52, 0xA819, 0x2C33, 0x8E43, 0xE921, 0x6929, 0x4F6B, 0xB194, 0xB2AD, 0xD2AD,
    0xB2AD, 0xB2AD, 0xB2AD, 0xB2A5, 0xB2AD, 0xB2AD, 0xB2AD, 0xD2AD, 0xD3AD, 0x6D6B, 0x708C, 0x72A5,
    0x908C, 0x72A5, 0xD2AD, 0xB1AD, 0xB2AD, 0x51A5, 0x8F84, 0xB2AD, 0x4F84, 0x0F84, 0xF3B5, 0xD2AD,
    0xB2AD, 0xB2AD, 0xB2AD, 0xB2AD, 0xB2AD, 0xB2AD, 0xB2AD, 0xD3AD, 0x107C, 0xE931, 0x2711, 0x2C4A,
    0x6D52, 0x0611, 0x6208, 0x0000, 0x0000, 0x0000, 0x0000, 0x0000, 0x0000, 0x0000, 0x0000, 0x0000,
    0x0000, 0x0000, 0x0000, 0x0000, 0x0000, 0x0000, 0x0000, 0x0000, 0x0000, 0x0000, 0x0000, 0x0000,
    0x0000, 0x0000, 0x0000, 0x0000, 0x0000, 0x0000, 0x0000, 0x0000, 0x0000, 0x0000, 0x0000, 0x0000,
    0x0000, 0x0000, 0x0000, 0x0000, 0x0000, 0x0000, 0x0000, 0x0000, 0x0000, 0x2100, 0x8408, 0x093A,
    0x93AD, 0x73AD, 0xCE5A, 0x4819, 0x8B2A, 0x8E43, 0x8B32, 0x4819, 0x6D52, 0x0E6B, 0x93AD, 0xD2AD,
    0xB2AD, 0xB2AD, 0xB2AD, 0xB2AD, 0xB2A5, 0xD2AD, 0xD2AD, 0xD3AD, 0x5184, 0xA939, 0xB18C, 0x54BE,
    0xD094, 0x92AD, 0xB1AD, 0xB1A5, 0xB1A5, 0x91A5, 0xAF8C, 0x14B6, 0xEF7B, 0x0A4A, 0x32A5, 0xF3B5,
    0xD2AD, 0xB2AD, 0xB2AD, 0xB2AD, 0xB2AD, 0xB2AD, 0xF3B5, 0x53A5, 0xAC4A, 0x4B2A, 0x2611, 0x4D4A,
    0x6D52, 0xC510, 0x2100, 0x0000, 0x0000, 0x0000, 0x0000, 0x0000, 0x0000, 0x0000, 0x0000, 0x0000,
    0x0000, 0x0000, 0x0000, 0x0000, 0x0000, 0x0000, 0x0000, 0x0000, 0x0000, 0x0000, 0x0000, 0x0000,
    0x0000, 0x0000, 0x0000, 0x0000, 0x0000, 0x0000, 0x0000, 0x0000, 0x0000, 0x0000, 0x0000, 0x0000,
    0x0000, 0x0000, 0x0000, 0x0000, 0x0000, 0x0000, 0x0000, 0x0000, 0x0000, 0x2000, 0xA410, 0xE518,
    0x708C, 0xD5BD, 0x2F5B, 0x0711, 0x4A2A, 0x8E43, 0x6E43, 0xAC3A, 0x0B42, 0x0F6B, 0xD29C, 0xB3AD,
    0xB2AD, 0xB2AD, 0xB2AD, 0xD2AD, 0xF3AD, 0xD4AD, 0xD4AD, 0xD394, 0x0F63, 0xAB39, 0x518C, 0x93AD,
    0x2F84, 0xB2AD, 0xD1AD, 0xB1A5, 0xB1A5, 0x72A5, 0x2F84, 0x74AD, 0xCF7B, 0x4C4A, 0xB07B, 0x73AD,
    0xF4B5, 0xF3B5, 0xD2AD, 0xB2A5, 0xB2AD, 0xD2AD, 0xF4B5, 0xF07B, 0x8C42, 0x8B2A, 0x4711, 0x2C42,
    0x8931, 0xE510, 0x2100, 0x0000, 0x0000, 0x0000, 0x0000, 0x0000, 0x0000, 0x0000, 0x0000, 0x0000,
    0x0000, 0x0000, 0x0000, 0x0000, 0x0000, 0x0000, 0x0000, 0x0000, 0x0000, 0x0000, 0x0000, 0x0000,
    0x0000, 0x0000, 0x0000, 0x0000, 0x0000, 0x0000, 0x0000, 0x0000, 0x0000, 0x0000, 0x0000, 0x0000,
    0x0000, 0x0000, 0x0000, 0x0000, 0x0000, 0x0000, 0x0000, 0x0000, 0x0000, 0x0000, 0x0100, 0x8408,
    0x6721, 0x0A3A, 0x0B32, 0x0709, 0x6B2A, 0xEF43, 0x0F3C, 0x8E43, 0x2B3A, 0xAE62, 0xCD62, 0x52A5,
    0xB1A5, 0xB2AD, 0xB2AD, 0x53A5, 0x1074, 0x8B42, 0x6C42, 0x4C42, 0x2C42, 0xCA31, 0x8829, 0xEA39,
    0x8C52, 0x918C, 0xB3AD, 0xD2AD, 0xB3AD, 0xEF7B, 0xCD5A, 0xC939, 0x6829, 0x0B3A, 0x4C42, 0x2B42,
    0xAC52, 0x307C, 0x73A5, 0xB2AD, 0xB2A5, 0xF3B5, 0x33A5, 0x8C52, 0xED42, 0xCC32, 0x4711, 0x4719,
    0xE510, 0x4208, 0x0000, 0x0000, 0x0000, 0x0000, 0x0000, 0x0000, 0x0000, 0x0000, 0x0000, 0x0000,
    0x0000, 0x0000, 0x0000, 0x0000, 0x0000, 0x0000, 0x0000, 0x0000, 0x0000, 0x0000, 0x0000, 0x0000,
    0x0000, 0x0000, 0x0000, 0x0000, 0x0000, 0x0000, 0x0000, 0x0000, 0x0000, 0x0000, 0x0000, 0x0000,
    0x0000, 0x0000, 0x0000, 0x0000, 0x0000, 0x0000, 0x0000, 0x0000, 0x0000, 0x0000, 0x0000, 0xE510,
    0xC608, 0x8500, 0xA500, 0x8819, 0x0D3B, 0x2F3C, 0xF14C, 0x6D33, 0x6B32, 0x2C42, 0xEE6A, 0x33A5,
    0xF3B5, 0x52A5, 0xD28C, 0xCB4A, 0x6A32, 0xCC2A, 0xAB2A, 0xAB2A, 0xAB2A, 0x0922, 0x0611, 0xE610,
    0x8931, 0x4B4A, 0xEF7B, 0x3084, 0xF07B, 0xAD5A, 0x2821, 0xA508, 0x4719, 0x4B2A, 0x6B22, 0x4A22,
    0x2B2A, 0x0A2A, 0x8C42, 0xD28C, 0xF3B5, 0xD3AD, 0x508C, 0x8D52, 0x0D43, 0x2D3B, 0x2711, 0xE608,
    0x2719, 0x2100, 0x0000, 0x0000, 0x0000, 0x0000, 0x0000, 0x0000, 0x0000, 0x0000, 0x0000, 0x0000,
    0x0000, 0x0000, 0x0000, 0x0000, 0x0000, 0x0000, 0x0000, 0x0000, 0x0000, 0x0000, 0x0000, 0x0000,
    0x0000, 0x0000, 0x0000, 0x0000, 0x0000, 0x0000, 0x0000, 0x0000, 0x0000, 0x0000, 0x0000, 0x0000,
    0x0000, 0x0000, 0x0000, 0x0000, 0x0000, 0x0000, 0x0000, 0x0000, 0x0000, 0x0000, 0x0000, 0x6308,
    0x6719, 0x2A2A, 0xE921, 0x2A2A, 0x4D33, 0xB044, 0xB044, 0x8D33, 0x4E3B, 0x4B32, 0x4C4A, 0xAF7B,
    0x13A5, 0xAF6B, 0xAC3A, 0x4D33, 0x2F44, 0xF14C, 0x114D, 0xF14C, 0xF254, 0x8E3B, 0xEC32, 0xC819,
    0x0611, 0x2719, 0x8929, 0x6821, 0x8929, 0x4821, 0x2711, 0x6B2A, 0x2D33, 0x5044, 0x3255, 0xD14C,
    0xB14C, 0xAE3B, 0x6B2A, 0xCC42, 0xF294, 0x74AD, 0x0D63, 0x8D4A, 0x2D3B, 0x4D3B, 0x6711, 0x0611,
    0xC410, 0x2100, 0x0000, 0x0000, 0x0000, 0x0000, 0x0000, 0x0000, 0x0000, 0x0000, 0x0000, 0x0000,
    0x0000, 0x0000, 0x0000, 0x0000, 0x0000, 0x0000, 0x0000, 0x0000, 0x0000, 0x0000, 0x0000, 0x0000,
    0x0000, 0x0000, 0x0000, 0x0000, 0x0000, 0x0000, 0x0000, 0x0000, 0x0000, 0x0000, 0x0000, 0x0000,
    0x0000, 0x0000, 0x0000, 0x0000, 0x0000, 0x0000, 0x0000, 0x0000, 0x0000, 0x0000, 0x0000, 0x2100,
    0x8721, 0x6E4B, 0x0A22, 0x091A, 0x0E3C, 0x5255, 0x0F3C, 0xCE3B, 0xCF3B, 0xEC32, 0xEA31, 0x0E6B,
    0x6F73, 0x6B3A, 0x8D33, 0xF14C, 0xF14C, 0x4F44, 0xAE3B, 0x8D33, 0x8D33, 0x6D33, 0x6D33, 0x8E3B,
    0x6B2A, 0x6819, 0x2811, 0x4819, 0x2819, 0x6819, 0xAC32, 0x6E3B, 0x6D2B, 0xEE3B, 0x0E3C, 0xEE3B,
    0x2F3C, 0x7044, 0xEE3B, 0x6B2A, 0xAC4A, 0x3184, 0xAD52, 0xCC3A, 0xEF43, 0x4D33, 0xAC32, 0x4711,
    0x2100, 0x0000, 0x0000, 0x0000, 0x0000, 0x0000, 0x0000, 0x0000, 0x0000, 0x0000, 0x0000, 0x0000,
    0x0000, 0x0000, 0x0000, 0x0000, 0x0000, 0x0000, 0x0000, 0x0000, 0x0000, 0x0000, 0x0000, 0x0000,
    0x0000, 0x0000, 0x0000, 0x0000, 0x0000, 0x0000, 0x0000, 0x0000, 0x0000, 0x0000, 0x0000, 0x0000,
    0x0000, 0x0000, 0x0000, 0x0000, 0x0000, 0x0000, 0x0000, 0x0000, 0x0000, 0x0000, 0x0000, 0x2000,
    0x8308, 0x4A32, 0x2711, 0x291A, 0xF254, 0x0E3C, 0xCE3B, 0xAE3B, 0xAE33, 0xEF43, 0x2A22, 0xEA31,
    0x4B3A, 0xAA2A, 0xB044, 0xD04C, 0xEE3B, 0xAB2A, 0x2922, 0x0C33, 0x4D3B, 0x6D33, 0x6D33, 0x8E3B,
    0x6E3B, 0x8C2A, 0xC921, 0xCA21, 0xC921, 0x6B2A, 0x2D3B, 0x6D33, 0x6D33, 0x4D33, 0x0C33, 0x091A,
    0x2A22, 0x6D33, 0x6F3C, 0x8D33, 0x0922, 0xCD52, 0x6B3A, 0x6D33, 0xB044, 0xEE3B, 0xEC32, 0x6719,
    0x2100, 0x0000, 0x0000, 0x0000, 0x0000, 0x0000, 0x0000, 0x0000, 0x0000, 0x0000, 0x0000, 0x0000,
    0x0000, 0x0000, 0x0000, 0x0000, 0x0000, 0x0000, 0x0000, 0x0000, 0x0000, 0x0000, 0x0000, 0x0000,
    0x0000, 0x0000, 0x0000, 0x0000, 0x0000, 0x0000, 0x0000, 0x0000, 0x0000, 0x0000, 0x0000, 0x0000,
    0x0000, 0x0000, 0x0000, 0x0000, 0x0000, 0x0000, 0x0000, 0x0000, 0x0000, 0x0000, 0x0000, 0x0000,
    0x2100, 0x0611, 0x0711, 0x6A22, 0x2F44, 0xAD33, 0xAE3B, 0xCE33, 0xB14C, 0x2F3C, 0x4D33, 0xE921,
    0x6A22, 0x7044, 0xB04C, 0x6D33, 0x8B2A, 0x0611, 0x2709, 0xA811, 0xA811, 0xC811, 0xC811, 0xA811,
    0xA811, 0xA811, 0xA819, 0xA819, 0xA819, 0xA819, 0xE819, 0xE819, 0xC811, 0xC811, 0xC819, 0x2711,
    0xE608, 0x2A22, 0xEE3B, 0x9044, 0x2C2B, 0xA819, 0x6A2A, 0x0E3C, 0xB03C, 0x0E3C, 0xEC32, 0x4619,
    0x2100, 0x0000, 0x0000, 0x0000, 0x0000, 0x0000, 0x0000, 0x0000, 0x0000, 0x0000, 0x0000, 0x0000,
    0x0000, 0x0000, 0x0000, 0x0000, 0x0000, 0x0000, 0x0000, 0x0000, 0x0000, 0x0000, 0x0000, 0x0000,
    0x0000, 0x0000, 0x0000, 0x0000, 0x0000, 0x0000, 0x0000, 0x0000, 0x0000, 0x0000, 0x0000, 0x0000,
    0x0000, 0x0000, 0x0000, 0x0000, 0x0000, 0x0000, 0x0000, 0x0000, 0x0000, 0x0000, 0x0000, 0x2000,
    0x2100, 0x2719, 0x0711, 0x0922, 0xCE43, 0x8D3B, 0x6D33, 0x9044, 0xB044, 0x8D33, 0xAE3B, 0x4A22,
    0x4C33, 0x114D, 0x6D33, 0xED32, 0x2711, 0x0711, 0xC921, 0x8F4B, 0xD274, 0xF37C, 0xF37C, 0xF37C,
    0xF47C, 0xF37C, 0xF37C, 0xF37C, 0xF37C, 0xD37C, 0xD37C, 0xD374, 0xF37C, 0xD374, 0xED42, 0x6819,
    0x0611, 0x4711, 0x2D33, 0xCD33, 0xD154, 0x291A, 0x4D33, 0x0E34, 0xB044, 0x2E3C, 0x0D33, 0x2611,
    0x2100, 0x0000, 0x0000, 0x0000, 0x0000, 0x0000, 0x0000, 0x0000, 0x0000, 0x0000, 0x0000, 0x0000,
    0x0000, 0x0000, 0x0000, 0x0000, 0x0000, 0x0000, 0x0000, 0x0000, 0x0000, 0x0000, 0x0000, 0x0000,
    0x0000, 0x0000, 0x0000, 0x0000, 0x0000, 0x0000, 0x0000, 0x0000, 0x0000, 0x0000, 0x0000, 0x0000,
    0x0000, 0x0000, 0x0000, 0x0000, 0x0000, 0x0000, 0x0000, 0x0000, 0x0000, 0x0000, 0x0000, 0x0000,
    0x2100, 0xE610, 0x0611, 0x8819, 0xAB32, 0x4D33, 0xEE33, 0xD044, 0xCD33, 0x6C33, 0xAD3B, 0x4922,
    0x4C2B, 0xD044, 0x4C2B, 0x0D33, 0x2709, 0x0709, 0xA919, 0xB26C, 0x169E, 0x5BCF, 0xFEDF, 0xDEDF,
    0xDEDF, 0xDEDF, 0xDDD7, 0xDDD7, 0xDDD7, 0xDDD7, 0xDDD7, 0xFEDF, 0x5BC7, 0xB9AE, 0x3164, 0x6819,
    0xE608, 0x4811, 0x0D33, 0x6D33, 0xD14C, 0x491A, 0x4C33, 0x2E34, 0x903C, 0x2F3C, 0x6E3B, 0x2611,
    0x2100, 0x0000, 0x0000, 0x0000, 0x0000, 0x0000, 0x0000, 0x0000, 0x0000, 0x0000, 0x0000, 0x0000,
    0x0000, 0x0000, 0x0000, 0x0000, 0x0000, 0x0000, 0x0000, 0x0000, 0x0000, 0x0000, 0x0000, 0x0000,
    0x0000, 0x0000, 0x0000, 0x0000, 0x0000, 0x0000, 0x0000, 0x0000, 0x0000, 0x0000, 0x0000, 0x0000,
    0x0000, 0x0000, 0x0000, 0x0000, 0x0000, 0x0000, 0x0000, 0x0000, 0x0000, 0x0000, 0x0000, 0x0000,
    0x0000, 0xE510, 0x0611, 0x0611, 0xC921, 0x4D33, 0xD044, 0x4F3C, 0x6D33, 0x8D33, 0xAD3B, 0x4A22,
    0x6C33, 0xF144, 0x8E2B, 0xED32, 0xCA29, 0x2819, 0xE608, 0x8819, 0x092A, 0x6A3A, 0x8B42, 0x8B42,
    0xAB42, 0xAB42, 0xAB42, 0x8A42, 0x8A42, 0x6A3A, 0x8B3A, 0xAB42, 0x6A3A, 0x092A, 0x6719, 0xC608,
    0x4821, 0xC929, 0xCC32, 0x6D33, 0xB14C, 0x6A1A, 0x4D33, 0x2F3C, 0x6F3C, 0x8D33, 0x6E3B, 0x2611,
    0x2100, 0x0000, 0x0000, 0x0000, 0x0000, 0x0000, 0x0000, 0x0000, 0x0000, 0x0000, 0x0000, 0x0000,
    0x0000, 0x0000, 0x0000, 0x0000, 0x0000, 0x0000, 0x0000, 0x0000, 0x0000, 0x0000, 0x0000, 0x0000,
    0x0000, 0x0000, 0x0000, 0x0000, 0x0000, 0x0000, 0x0000, 0x0000, 0x0000, 0x0000, 0x0000, 0x0000,
    0x0000, 0x0000, 0x0000, 0x0000, 0x0000, 0x0000, 0x0000, 0x0000, 0x0000, 0x0000, 0x0000, 0x0000,
    0x0000, 0xE510, 0x0611, 0x0611, 0x8819, 0xAE3B, 0xF14C, 0x8C2B, 0x8D33, 0x8D33, 0xCE3B, 0x8A22,
    0x8D33, 0x114D, 0xAE33, 0xEC2A, 0x4C42, 0xCE5A, 0xE610, 0xE610, 0xC508, 0xA508, 0x8508, 0xA508,
    0xA508, 0x8408, 0xA408, 0x8408, 0xA408, 0xA408, 0xA408, 0xA408, 0xC508, 0xC508, 0xC508, 0xE610,
    0x0F63, 0x2B32, 0xAB2A, 0x6D33, 0xB14C, 0x6A1A, 0x0C2B, 0xAD2B, 0xD044, 0x6D33, 0xCC32, 0x2611,
    0x2100, 0x0000, 0x0000, 0x0000, 0x0000, 0x0000, 0x0000, 0x0000, 0x0000, 0x0000, 0x0000, 0x0000,
    0x0000, 0x0000, 0x0000, 0x0000, 0x0000, 0x0000, 0x0000, 0x0000, 0x0000, 0x0000, 0x0000, 0x0000,
    0x0000, 0x0000, 0x0000, 0x0000, 0x0000, 0x0000, 0x0000, 0x0000, 0x0000, 0x0000, 0x0000, 0x0000,
    0x0000, 0x0000, 0x0000, 0x0000, 0x0000, 0x0000, 0x0000, 0x0000, 0x0000, 0x0000, 0x0000, 0x4200,
    0xC510, 0x0611, 0x0611, 0xE610, 0x2611, 0x2D3B, 0xCE3B, 0x8D33, 0xAD3B, 0xAD3B, 0xCE3B, 0x4C33,
    0x2F3C, 0x1145, 0xAE33, 0xED32, 0x0B3A, 0xF183, 0xA829, 0xE610, 0x2719, 0x2719, 0x2719, 0x0619,
    0xE618, 0xE510, 0xE618, 0xE510, 0xE518, 0x0619, 0x0619, 0x2619, 0x2619, 0x2719, 0xA508, 0x2A3A,
    0xB17B, 0xC929, 0xCC2A, 0x8D33, 0xF14C, 0x6D2B, 0x4D33, 0xCE2B, 0xF144, 0x8E33, 0x8C32, 0x0711,
    0xA410, 0x4200, 0x0000, 0x0000, 0x0000, 0x0000, 0x0000, 0x0000, 0x0000, 0x0000, 0x0000, 0x0000,
    0x0000, 0x0000, 0x0000, 0x0000, 0x0000, 0x0000, 0x0000, 0x0000, 0x0000, 0x0000, 0x0000, 0x0000,
    0x0000, 0x0000, 0x0000, 0x0000, 0x0000, 0x0000, 0x0000, 0x0000, 0x0000, 0x0000, 0x0000, 0x0000,
    0x0000, 0x0000, 0x0000, 0x0000, 0x0000, 0x0000, 0x0000, 0x0000, 0x0000, 0x0000, 0x8308, 0xC510,
    0x0611, 0xE610, 0x0611, 0x0611, 0x4719, 0x6B32, 0xEC32, 0xAE3B, 0xAD3B, 0xAD3B, 0xCD3B, 0xAD33,
    0x6F3C, 0xF144, 0xAE33, 0xED32, 0xEB39, 0x118C, 0xEC5A, 0xC508, 0x2719, 0x0619, 0xE618, 0x2631,
    0x2641, 0x2641, 0x2641, 0x2641, 0x2641, 0x4741, 0x0629, 0xE518, 0x0619, 0x0611, 0xE510, 0xED5A,
    0xB173, 0xEA29, 0x0C33, 0xAE33, 0x114D, 0xEE33, 0x8D33, 0xCE33, 0xB144, 0x4D33, 0xC921, 0x0711,
    0x0611, 0xE610, 0xC410, 0x0000, 0x0000, 0x0000, 0x0000, 0x0000, 0x0000, 0x0000, 0x0000, 0x0000,
    0x0000, 0x0000, 0x0000, 0x0000, 0x0000, 0x0000, 0x0000, 0x0000, 0x0000, 0x0000, 0x0000, 0x0000,
    0x0000, 0x0000, 0x0000, 0x0000, 0x0000, 0x0000, 0x0000, 0x0000, 0x0000, 0x0000, 0x0000, 0x0000,
    0x0000, 0x0000, 0x0000, 0x0000, 0x0000, 0x0000, 0x0000, 0x0000, 0xA308, 0xE510, 0x0611, 0x6719,
    0x8821, 0xC929, 0x0611, 0xC508, 0x4719, 0x4B32, 0xCC32, 0xAE3B, 0xAD3B, 0xAD3B, 0xCE3B, 0xCD33,
    0x6F3C, 0xD144, 0xAE33, 0xED32, 0xCA31, 0x318C, 0x54A5, 0x8729, 0xC508, 0x0621, 0x0631, 0xA861,
    0xC871, 0xC871, 0xC879, 0xC879, 0xC871, 0xE879, 0x8859, 0x0631, 0x2621, 0xA408, 0x293A, 0x139D,
    0x4F6B, 0x0A2A, 0x2D33, 0xCE33, 0x324D, 0xB03C, 0xCE33, 0x2D33, 0xED2A, 0xCD32, 0x2811, 0xE610,
    0x0711, 0xE710, 0x0611, 0x0619, 0x6208, 0x0000, 0x0000, 0x0000, 0x0000, 0x0000, 0x0000, 0x0000,
    0x0000, 0x0000, 0x0000, 0x0000, 0x0000, 0x0000, 0x0000, 0x0000, 0x0000, 0x0000, 0x0000, 0x0000,
    0x0000, 0x0000, 0x0000, 0x0000, 0x0000, 0x0000, 0x0000, 0x0000, 0x0000, 0x0000, 0x0000, 0x0000,
    0x0000, 0x0000, 0x0000, 0x0000, 0x0000, 0x2100, 0x4208, 0x6308, 0xE510, 0x4719, 0x6819, 0xEA29,
    0xEA21, 0x2A2A, 0x2611, 0xC508, 0xA508, 0xA921, 0x6B2A, 0x0C33, 0xCE3B, 0xCE3B, 0xAD33, 0xB044,
    0x703C, 0xCE33, 0xCE3B, 0x2D33, 0x2C3A, 0x8F73, 0xB4B5, 0x1295, 0x8729, 0xA418, 0xA859, 0x8769,
    0x8669, 0x8671, 0x8771, 0x8771, 0x8771, 0x8771, 0x8769, 0xA859, 0xA418, 0x6621, 0x329D, 0xD294,
    0x0E63, 0x2A2A, 0x6E33, 0xCE33, 0x4F3C, 0x3245, 0xEE33, 0x0D33, 0xCD32, 0x2B2A, 0xA508, 0x0A2A,
    0xC921, 0x4819, 0x2711, 0x2711, 0xE510, 0x8308, 0x4100, 0x0000, 0x0000, 0x0000, 0x0000, 0x0000,
    0x0000, 0x0000, 0x0000, 0x0000, 0x0000, 0x0000, 0x0000, 0x0000, 0x0000, 0x0000, 0x0000, 0x0000,
    0x0000, 0x0000, 0x0000, 0x0000, 0x0000, 0x0000, 0x0000, 0x0000, 0x0000, 0x0000, 0x0000, 0x0000,
    0x0000, 0x0000, 0x0000, 0x0000, 0x2100, 0x0619, 0x2719, 0x2711, 0x4719, 0xC921, 0xC921, 0xE921,
    0x5164, 0x757D, 0xEC3A, 0x2719, 0xC508, 0x0611, 0xEA29, 0x6B2A, 0x0D33, 0x0C33, 0xAD33, 0xD044,
    0x903C, 0xAD33, 0xAD33, 0xAE3B, 0xAC3A, 0x6C4A, 0x3084, 0x75C6, 0x6F84, 0x6629, 0xE538, 0xA761,
    0xC771, 0xC779, 0xA779, 0xC879, 0xC879, 0xC879, 0xA869, 0xC428, 0x6621, 0x4F7C, 0x34BE, 0x3184,
    0x6829, 0xED3A, 0xAE3B, 0xCD33, 0xEE33, 0x1145, 0xCE33, 0xED32, 0x4B2A, 0xE608, 0xCC42, 0x147D,
    0xCF53, 0x4811, 0xEA21, 0xC921, 0x6819, 0x6819, 0x2719, 0x6208, 0x0000, 0x0000, 0x0000, 0x0000,
    0x0000, 0x0000, 0x0000, 0x0000, 0x0000, 0x0000, 0x0000, 0x0000, 0x0000, 0x0000, 0x0000, 0x0000,
    0x0000, 0x0000, 0x0000, 0x0000, 0x0000, 0x0000, 0x0000, 0x0000, 0x0000, 0x0000, 0x0000, 0x0000,
    0x0000, 0x0000, 0x0000, 0x6208, 0x2619, 0x0719, 0x0711, 0x0922, 0x4B2A, 0xE921, 0xC921, 0x8B32,
    0xD9AE, 0xBCBF, 0xD274, 0xC929, 0x4819, 0xC608, 0x2711, 0x0A2A, 0x6C2A, 0x6B22, 0x8D33, 0xD044,
    0x6F3C, 0x8D33, 0x8D33, 0x8D33, 0xCC32, 0xCA31, 0x0E63, 0x93AD, 0x54BE, 0x1195, 0xE739, 0x8320,
    0xE438, 0xC438, 0xC438, 0xC438, 0xE438, 0xE538, 0xE530, 0x073A, 0x529D, 0x55BE, 0xB4AD, 0x6B4A,
    0x4819, 0x6E3B, 0xAD33, 0xAD33, 0xEE2B, 0x324D, 0xAE3B, 0x8C32, 0x6919, 0xA508, 0xF7A5, 0xFEDF,
    0x958D, 0x4711, 0x6B2A, 0x6B2A, 0x8B2A, 0xA919, 0x2711, 0x4719, 0xC410, 0x2000, 0x0000, 0x0000,
    0x0000, 0x0000, 0x0000, 0x0000, 0x0000, 0x0000, 0x0000, 0x0000, 0x0000, 0x0000, 0x0000, 0x0000,
    0x0000, 0x0000, 0x0000, 0x0000, 0x0000, 0x0000, 0x0000, 0x0000, 0x0000, 0x0000, 0x0000, 0x0000,
    0x0000, 0x0000, 0x4208, 0x2719, 0x4819, 0xA819, 0xCB32, 0x4D33, 0x4C33, 0x8B2A, 0xC921, 0x0A2A,
    0xF37C, 0xF695, 0x2D4B, 0xA921, 0xA921, 0x0711, 0xE608, 0x2711, 0x4C32, 0x4B2A, 0x4D33, 0xB044,
    0x4F3C, 0x6C2B, 0x2C2B, 0x8D33, 0x6D3B, 0xA919, 0xAA31, 0x718C, 0x34B6, 0xF3AD, 0x14AE, 0x2B53,
    0xEB4A, 0x0B4B, 0x0C4B, 0x2C53, 0x2C53, 0x2C53, 0x6C5B, 0x55B6, 0x75BE, 0x72A5, 0xF39C, 0x8929,
    0x4A2A, 0xAE3B, 0xAE33, 0xCE33, 0x0E34, 0x9044, 0x4D33, 0x8919, 0x0711, 0xC608, 0x516C, 0xB595,
    0xAF53, 0x4711, 0x4A22, 0x2C33, 0xCE3B, 0x4D3B, 0x0922, 0x4719, 0x2719, 0xA310, 0x0000, 0x0000,
    0x0000, 0x0000, 0x0000, 0x0000, 0x0000, 0x0000, 0x0000, 0x0000, 0x0000, 0x0000, 0x0000, 0x0000,
    0x0000, 0x0000, 0x0000, 0x0000, 0x0000, 0x0000, 0x0000, 0x0000, 0x0000, 0x0000, 0x0000, 0x0000,
    0x0000, 0x0000, 0x8308, 0x8821, 0x6B2A, 0x2C33, 0x8D3B, 0x8D33, 0x8D33, 0x6D33, 0xCB32, 0xE921,
    0xA921, 0x2B32, 0xEA29, 0x2B2A, 0x6C3A, 0xE921, 0x0611, 0xE608, 0x4719, 0x0A2A, 0xEC32, 0x8D33,
    0xCD33, 0x4D33, 0x6A1A, 0x8D33, 0x8D33, 0x0D3B, 0x6921, 0xED62, 0xD29C, 0x93A5, 0xB084, 0x98B6,
    0x78AE, 0x98A6, 0x99AE, 0xBAB6, 0xB9B6, 0xB9B6, 0xD9BE, 0x93A5, 0xF194, 0x54AD, 0x0E63, 0x6921,
    0x8F43, 0xEF3B, 0x2D33, 0x8D33, 0x0E34, 0x8D2B, 0xAC2A, 0x6819, 0xC608, 0xC921, 0x8819, 0x6819,
    0x6711, 0xE919, 0xEC2A, 0xAD33, 0xAD33, 0xCE3B, 0x2D33, 0x0922, 0x8821, 0xA308, 0x0000, 0x0000,
    0x0000, 0x0000, 0x0000, 0x0000, 0x0000, 0x0000, 0x0000, 0x0000, 0x0000, 0x0000, 0x0000, 0x0000,
    0x0000, 0x0000, 0x0000, 0x0000, 0x0000, 0x0000, 0x0000, 0x0000, 0x0000, 0x0000, 0x0000, 0x0000,
    0x0000, 0x0000, 0x8308, 0x8821, 0x6A2A, 0x6D33, 0x8D33, 0x8D33, 0x8D33, 0x8D33, 0x8D3B, 0xEC32,
    0x0A2A, 0xEA29, 0x4B32, 0xCC3A, 0xCC3A, 0x4B32, 0x2611, 0xC508, 0xA508, 0x6719, 0x8B32, 0x0C33,
    0xAD33, 0x6D33, 0x491A, 0x8D33, 0x8D33, 0xAE3B, 0x0A22, 0x8929, 0xCD62, 0x118C, 0x9294, 0x2E63,
    0x2611, 0x4719, 0x4711, 0x6719, 0x6719, 0x6719, 0x8C4A, 0x518C, 0x9294, 0xD07B, 0xA929, 0x0D3B,
    0xCE3B, 0xCE3B, 0x6B22, 0x2D2B, 0x0F34, 0x8E33, 0xAC32, 0x4719, 0xE608, 0x0922, 0xC921, 0x4711,
    0x2A22, 0xCB2A, 0x6D33, 0xAD33, 0xAD33, 0xAD33, 0x6D33, 0x4B2A, 0xA921, 0xA308, 0x0000, 0x0000,
    0x0000, 0x0000, 0x0000, 0x0000, 0x0000, 0x0000, 0x0000, 0x0000, 0x0000, 0x0000, 0x0000, 0x0000,
    0x0000, 0x0000, 0x0000, 0x0000, 0x0000, 0x0000, 0x0000, 0x0000, 0x0000, 0x0000, 0x0000, 0x0000,
    0x0000, 0x0000, 0x6208, 0x0619, 0x8819, 0xCC32, 0x8D3B, 0x8D33, 0x8D33, 0x8D33, 0x8D33, 0x6D33,
    0xCC32, 0xCA21, 0x8C3A, 0x58A6, 0x98A6, 0x0C43, 0x2611, 0xC508, 0xC508, 0x0611, 0xC921, 0xCB32,
    0xEE3B, 0x6D33, 0x291A, 0x6D3B, 0x8D33, 0x8D33, 0x4D3B, 0xE921, 0x8929, 0x6C4A, 0x6C4A, 0xA929,
    0xEA21, 0xAB2A, 0xAB2A, 0xEC2A, 0xAC2A, 0xA919, 0x2819, 0x4C4A, 0xAD5A, 0x8929, 0x6B2A, 0xCE3B,
    0xCE33, 0x6E33, 0xEA19, 0xEC2A, 0x6D2B, 0xCC2A, 0x2B2A, 0x8400, 0x8E53, 0x758D, 0x6711, 0xC819,
    0xCB2A, 0x6C33, 0x8D33, 0x8D33, 0xAD33, 0xCE33, 0xEC2A, 0xEA21, 0x4719, 0x8208, 0x0000, 0x0000,
    0x0000, 0x0000, 0x0000, 0x0000, 0x0000, 0x0000, 0x0000, 0x0000, 0x0000, 0x0000, 0x0000, 0x0000,
    0x0000, 0x0000, 0x0000, 0x0000, 0x0000, 0x0000, 0x0000, 0x0000, 0x0000, 0x0000, 0x0000, 0x0000,
    0x0000, 0x0000, 0x0000, 0x2100, 0x2619, 0xC921, 0x6A2A, 0xAD3B, 0x8D33, 0x8D33, 0x8C33, 0x6D33,
    0x4D33, 0x4A2A, 0x8B3A, 0xB8AE, 0xD9B6, 0x4D53, 0x8821, 0x2619, 0xA408, 0xA508, 0x2611, 0x0922,
    0xCB2A, 0xAB2A, 0xC919, 0x6B2A, 0xAE3B, 0xCD33, 0xCE3B, 0xAE3B, 0x6B2A, 0x6819, 0x4819, 0x0A22,
    0xAE3B, 0x9044, 0x7044, 0x7044, 0x9044, 0x0F44, 0x6B2A, 0x8919, 0x8919, 0x0C33, 0x2F44, 0x0E3C,
    0x6D33, 0x0D33, 0xC921, 0x8B2A, 0xEC2A, 0x0A22, 0x8500, 0x0932, 0x9CCF, 0x379E, 0xC819, 0xCB2A,
    0x4C2B, 0x8D33, 0x8D2B, 0x8D33, 0x8D33, 0x0C33, 0x0A22, 0x2611, 0x6208, 0x0000, 0x0000, 0x0000,
    0x0000, 0x0000, 0x0000, 0x0000, 0x0000, 0x0000, 0x0000, 0x0000, 0x0000, 0x0000, 0x0000, 0x0000,
    0x0000, 0x0000, 0x0000, 0x0000, 0x0000, 0x0000, 0x0000, 0x0000, 0x0000, 0x0000, 0x0000, 0x0000,
    0x0000, 0x0000, 0x0000, 0x0000, 0x4200, 0xC410, 0x6719, 0xCB2A, 0xAE3B, 0x8D33, 0x6C33, 0x6C2B,
    0x4C33, 0xEB2A, 0x0922, 0x8E53, 0x5174, 0xE929, 0xA921, 0xA921, 0x0611, 0xA408, 0x8400, 0x6719,
    0x2A2A, 0x2A2A, 0xC921, 0x4B2A, 0x6E3B, 0xEE3B, 0xEE33, 0xB044, 0xB154, 0xCC32, 0x2D3B, 0xAE3B,
    0xF144, 0x6F3C, 0xCE33, 0xCE33, 0x0E34, 0xF144, 0x2F3C, 0x6E3B, 0x2D33, 0x7044, 0x114D, 0xEE33,
    0x2C2B, 0x8B2A, 0x4819, 0x4A2A, 0x8B32, 0x6819, 0x8400, 0xA821, 0x916C, 0x8E4B, 0x8B2A, 0x8D33,
    0x8D33, 0x8D2B, 0xAD33, 0x8D33, 0xEC32, 0x8819, 0x4719, 0x2100, 0x0000, 0x0000, 0x0000, 0x0000,
    0x0000, 0x0000, 0x0000, 0x0000, 0x0000, 0x0000, 0x0000, 0x0000, 0x0000, 0x0000, 0x0000, 0x0000,
    0x0000, 0x0000, 0x0000, 0x0000, 0x0000, 0x0000, 0x0000, 0x0000, 0x0000, 0x0000, 0x0000, 0x0000,
    0x0000, 0x0000, 0x0000, 0x0000, 0x0000, 0x0000, 0xA408, 0x8819, 0x0922, 0x8B2A, 0x6D33, 0x6C33,
    0x4C33, 0x4C33, 0xEB32, 0xE919, 0xA819, 0xEA29, 0x2A2A, 0xC921, 0xC929, 0x6721, 0xA408, 0xA508,
    0xA921, 0x4B32, 0x6919, 0x8919, 0xCC32, 0x6D33, 0x0E3C, 0x1145, 0xEE33, 0x4D33, 0xAD33, 0x2E3C,
    0x1145, 0x2F3C, 0xCE33, 0xEE3B, 0xCE33, 0x903C, 0x324D, 0xEE33, 0x8E33, 0x0E3C, 0x114D, 0xCD33,
    0x4D33, 0x0A22, 0x0711, 0x0A2A, 0xE929, 0xC508, 0x0611, 0xE921, 0x4609, 0xAB2A, 0xAE33, 0x6C2B,
    0x8D33, 0xAE3B, 0x2D33, 0x2A22, 0x8819, 0x0619, 0x2100, 0x0000, 0x0000, 0x0000, 0x0000, 0x0000,
    0x0000, 0x0000, 0x0000, 0x0000, 0x0000, 0x0000, 0x0000, 0x0000, 0x0000, 0x0000, 0x0000, 0x0000,
    0x0000, 0x0000, 0x0000, 0x0000, 0x0000, 0x0000, 0x0000, 0x0000, 0x0000, 0x0000, 0x0000, 0x0000,
    0x0000, 0x0000, 0x0000, 0x0000, 0x0000, 0x0000, 0x0000, 0x8308, 0x8308, 0x4719, 0xE921, 0x0922,
    0xEC32, 0x6C33, 0x6C33, 0xEC32, 0x8B32, 0x4A2A, 0x8B32, 0xEF53, 0x2D43, 0x4A32, 0x8821, 0xE508,
    0xE608, 0xCA29, 0x2711, 0x2711, 0x8C32, 0x2D3B, 0xEE3B, 0xD144, 0x0C2B, 0x6B22, 0xAD33, 0xED33,
    0xD044, 0x0E34, 0x8D33, 0xAD33, 0xAD33, 0x2F3C, 0xF144, 0xCE33, 0x2D33, 0x2D33, 0x6F44, 0xCE33,
    0x2D33, 0xC921, 0x2711, 0x6819, 0x4719, 0x6400, 0xC921, 0x8B2A, 0xAB2A, 0x6D33, 0x6C2B, 0x6D33,
    0xEC2A, 0x2A22, 0xC821, 0x2619, 0x8308, 0x0000, 0x0000, 0x0000, 0x0000, 0x0000, 0x0000, 0x0000,
    0x0000, 0x0000, 0x0000, 0x0000, 0x0000, 0x0000, 0x0000, 0x0000, 0x0000, 0x0000, 0x0000, 0x0000,
    0x0000, 0x0000, 0x0000, 0x0000, 0x0000, 0x0000, 0x0000, 0x0000, 0x0000, 0x0000, 0x0000, 0x0000,
    0x0000, 0x0000, 0x0000, 0x0000, 0x0000, 0x0000, 0x0000, 0x0000, 0x0000, 0x6208, 0x8308, 0x2611,
    0xE921, 0x0922, 0x8B2A, 0xCC32, 0xAB32, 0x8B2A, 0xEF53, 0x3AB7, 0x789E, 0x8A32, 0x0A2A, 0xC921,
    0xE610, 0xC508, 0x0611, 0x4719, 0x0A2A, 0xEC32, 0xEE3B, 0x124D, 0x0C2B, 0x0A22, 0x8E3B, 0x0E34,
    0xF144, 0x0E34, 0x8D33, 0xAD33, 0x8D33, 0x0E34, 0x903C, 0x8E33, 0x6B2A, 0x2A1A, 0xEE33, 0xCD33,
    0x4D3B, 0xA919, 0x0711, 0x0719, 0x4400, 0xAC3A, 0x0D3B, 0x8A22, 0xEC32, 0xCB2A, 0x8A2A, 0xE919,
    0xA819, 0xA408, 0x8308, 0x0000, 0x0000, 0x0000, 0x0000, 0x0000, 0x0000, 0x0000, 0x0000, 0x0000,
    0x0000, 0x0000, 0x0000, 0x0000, 0x0000, 0x0000, 0x0000, 0x0000, 0x0000, 0x0000, 0x0000, 0x0000,
    0x0000, 0x0000, 0x0000, 0x0000, 0x0000, 0x0000, 0x0000, 0x0000, 0x0000, 0x0000, 0x0000, 0x0000,
    0x0000, 0x0000, 0x0000, 0x0000, 0x0000, 0x0000, 0x0000, 0x0000, 0x0000, 0x0000, 0x0000, 0x6208,
    0xA308, 0xE510, 0x6819, 0x6711, 0x2A2A, 0x0A2A, 0x6E4B, 0xF9A6, 0xF68D, 0x492A, 0x0A22, 0x4B32,
    0xC921, 0x0611, 0xC508, 0x0611, 0x0611, 0x2A2A, 0xEF3B, 0x7044, 0xEC32, 0xCA19, 0xCC32, 0xEE33,
    0xB044, 0x0E34, 0xAD33, 0xAD33, 0xAD33, 0x2E34, 0x4F3C, 0x2C33, 0x0A22, 0xE919, 0xAD3B, 0x6D33,
    0x4A2A, 0x0711, 0x0711, 0x0711, 0xAB42, 0xF37C, 0xAB32, 0xC919, 0xA819, 0xA819, 0x6719, 0x8308,
    0x8308, 0x0000, 0x0000, 0x0000, 0x0000, 0x0000, 0x0000, 0x0000, 0x0000, 0x0000, 0x0000, 0x0000,
    0x0000, 0x0000, 0x0000, 0x0000, 0x0000, 0x0000, 0x0000, 0x0000, 0x0000, 0x0000, 0x0000, 0x0000,
    0x0000, 0x0000, 0x0000, 0x0000, 0x0000, 0x0000, 0x0000, 0x0000, 0x0000, 0x0000, 0x0000, 0x0000,
    0x0000, 0x0000, 0x0000, 0x0000, 0x0000, 0x0000, 0x0000, 0x0000, 0x0000, 0x0000, 0x0000, 0x0000,
    0x0000, 0x2000, 0x6208, 0x6200, 0x2619, 0x0611, 0x8719, 0xCF5B, 0x2D43, 0x0922, 0x8B2A, 0x8B2A,
    0x6B32, 0x4B2A, 0x0922, 0xE508, 0x0611, 0x2711, 0xCC32, 0x4D33, 0xCC32, 0xAA19, 0x4B2A, 0x8E3B,
    0xEE33, 0xF044, 0xEE33, 0x2C2B, 0x8F3C, 0x8F3C, 0x8D33, 0xAB32, 0x8819, 0x4B2A, 0x0C33, 0x6A2A,
    0x2611, 0xE610, 0x0711, 0x0611, 0xAF5B, 0xEC42, 0x4711, 0x6719, 0xC410, 0x8208, 0x4208, 0x0000,
    0x0000, 0x0000, 0x0000, 0x0000, 0x0000, 0x0000, 0x0000, 0x0000, 0x0000, 0x0000, 0x0000, 0x0000,
    0x0000, 0x0000, 0x0000, 0x0000, 0x0000, 0x0000, 0x0000, 0x0000, 0x0000, 0x0000, 0x0000, 0x0000,
    0x0000, 0x0000, 0x0000, 0x0000, 0x0000, 0x0000, 0x0000, 0x0000, 0x0000, 0x0000, 0x0000, 0x0000,
    0x0000, 0x0000, 0x0000, 0x0000, 0x0000, 0x0000, 0x0000, 0x0000, 0x0000, 0x0000, 0x0000, 0x0000,
    0x0000, 0x0000, 0x0000, 0x0000, 0x4208, 0x6208, 0x0519, 0x0611, 0x2611, 0x8C32, 0xCC32, 0xCC32,
    0x8C32, 0x8B22, 0xCF43, 0x091A, 0xE608, 0x0711, 0x2711, 0x0A2A, 0x8C3A, 0xCA21, 0xAA19, 0xAC32,
    0x8D33, 0xB044, 0x6F3C, 0x2F3C, 0xB044, 0xAD33, 0xCB32, 0xA921, 0x4819, 0x2A2A, 0x6719, 0xC508,
    0xC510, 0x2711, 0xA821, 0x6819, 0x0609, 0x8300, 0x8308, 0x6208, 0x0000, 0x0000, 0x0000, 0x0000,
    0x0000, 0x0000, 0x0000, 0x0000, 0x0000, 0x0000, 0x0000, 0x0000, 0x0000, 0x0000, 0x0000, 0x0000,
    0x0000, 0x0000, 0x0000, 0x0000, 0x0000, 0x0000, 0x0000, 0x0000, 0x0000, 0x0000, 0x0000, 0x0000,
    0x0000, 0x0000, 0x0000, 0x0000, 0x0000, 0x0000, 0x0000, 0x0000, 0x0000, 0x0000, 0x0000, 0x0000,
    0x0000, 0x0000, 0x0000, 0x0000, 0x0000, 0x0000, 0x0000, 0x0000, 0x0000, 0x0000, 0x0000, 0x0000,
    0x0000, 0x0000, 0x0000, 0x0000, 0x0000, 0x0000, 0x2100, 0x2100, 0x8308, 0xA921, 0xC921, 0xEA21,
    0x2B2A, 0x2D3B, 0x6D33, 0x5054, 0xE919, 0xE608, 0xE710, 0xE710, 0x8921, 0xA921, 0x8921, 0x6819,
    0xCC32, 0x4D33, 0x6D33, 0x8E33, 0x4D33, 0xAC32, 0x2B2A, 0x2811, 0xC608, 0xC508, 0xC608, 0xA508,
    0x0611, 0x092A, 0x4619, 0xE510, 0xE510, 0x2100, 0x0000, 0x0000, 0x0000, 0x0000, 0x0000, 0x0000,
    0x0000, 0x0000, 0x0000, 0x0000, 0x0000, 0x0000, 0x0000, 0x0000, 0x0000, 0x0000, 0x0000, 0x0000,
    0x0000, 0x0000, 0x0000, 0x0000, 0x0000, 0x0000, 0x0000, 0x0000, 0x0000, 0x0000, 0x0000, 0x0000,
    0x0000, 0x0000, 0x0000, 0x0000, 0x0000, 0x0000, 0x0000, 0x0000, 0x0000, 0x0000, 0x0000, 0x0000,
    0x0000, 0x0000, 0x0000, 0x0000, 0x0000, 0x0000, 0x0000, 0x0000, 0x0000, 0x0000, 0x0000, 0x0000,
    0x0000, 0x0000, 0x0000, 0x0000, 0x0000, 0x0000, 0x0000, 0x0000, 0x2000, 0x6208, 0x8308, 0x6821,
    0xA921, 0x2A2A, 0x0A22, 0x8B2A, 0xEF4B, 0x8719, 0xC610, 0xE610, 0xC510, 0xE610, 0xE608, 0xE610,
    0x4719, 0x2A2A, 0x4B2A, 0x4B2A, 0x4B2A, 0x4B2A, 0x2711, 0xE608, 0xE710, 0xE710, 0x0711, 0x0611,
    0x2711, 0x8719, 0xA308, 0x0000, 0x0000, 0x0000, 0x0000, 0x0000, 0x0000, 0x0000, 0x0000, 0x0000,
    0x0000, 0x0000, 0x0000, 0x0000, 0x0000, 0x0000, 0x0000, 0x0000, 0x0000, 0x0000, 0x0000, 0x0000,
    0x0000, 0x0000, 0x0000, 0x0000, 0x0000, 0x0000, 0x0000, 0x0000, 0x0000, 0x0000, 0x0000, 0x0000,
};

static const uint16_t ARGUS_SPR_REFLECTIVE[ARGUS_PIXELS] = {
    0x0000, 0x0000, 0x0000, 0x0000, 0x0000, 0x0000, 0x0000, 0x0000, 0x0000, 0x0000, 0x0000, 0x0000,
    0x0000, 0x0000, 0x0000, 0x0000, 0x0000, 0x0000, 0x0000, 0x0000, 0x0000, 0x0000, 0x0000, 0x0000,
    0x0000, 0x0000, 0x0000, 0x0000, 0x0000, 0x0000, 0x0000, 0x0000, 0x0000, 0x0000, 0x0000, 0x0000,
    0x0000, 0x0000, 0x0000, 0x0000, 0x0000, 0x0000, 0x0000, 0x0000, 0x0000, 0x0000, 0x0000, 0x0000,
    0x0000, 0x0000, 0x0000, 0x0000, 0x0000, 0x0000, 0x0000, 0x0000, 0x0000, 0x0000, 0x0000, 0x0000,
    0x0000, 0x0000, 0x0000, 0x0000, 0x0000, 0x0000, 0x0000, 0x0000, 0x0000, 0x0000, 0x0000, 0x0000,
    0x0000, 0x0000, 0x0000, 0x0000, 0x0000, 0x0000, 0x0000, 0x0000, 0x0000, 0x0000, 0x0000, 0x0000,
    0x0000, 0x0000, 0x0000, 0x0000, 0x0000, 0x0000, 0x0000, 0x0000, 0x0000, 0x0000, 0x0000, 0x0000,
    0x0000, 0x0000, 0x0000, 0x0000, 0x0000, 0x0000, 0x0000, 0x0000, 0x0000, 0x0000, 0x0000, 0x0000,
    0x0000, 0x0000, 0x0000, 0x0000, 0x0000, 0x0000, 0x0000, 0x0000, 0x0000, 0x0000, 0x0000, 0x0000,
    0x0000, 0x0000, 0x0000, 0x0000, 0x0000, 0x0000, 0x0000, 0x0000, 0x0000, 0x0000, 0x0000, 0x0000,
    0x0000, 0x0000, 0x0000, 0x0000, 0x0000, 0x0000, 0x0000, 0x0000, 0x0000, 0x0000, 0x0000, 0x0000,
    0x0000, 0x0000, 0x0000, 0x0000, 0x0000, 0x0000, 0x0000, 0x0000, 0x0000, 0x0000, 0x0000, 0x0000,
    0x0000, 0x0000, 0x0000, 0x0000, 0x0000, 0x0000, 0x0000, 0x0000, 0x0000, 0x0000, 0x0000, 0x0000,
    0x0000, 0x0000, 0x0000, 0x0000, 0x0000, 0x0000, 0x0000, 0x0000, 0x0000, 0x0000, 0x0000, 0x0000,
    0x0000, 0x0000, 0x0000, 0x0000, 0x0000, 0x0000, 0x0000, 0x0000, 0x0000, 0x0000, 0x0000, 0x0000,
    0x0000, 0x0000, 0x0000, 0x0000, 0x0000, 0x0000, 0x0000, 0x0000, 0x0000, 0x0000, 0x0000, 0x0000,
    0x0000, 0x0000, 0x0000, 0x0000, 0x0000, 0x0000, 0x0000, 0x0000, 0x0000, 0x0000, 0x0000, 0x0000,
    0x0000, 0x0000, 0x0000, 0x0000, 0x0000, 0x0000, 0x0000, 0x0000, 0x0000, 0x0000, 0x0000, 0x0000,
    0x0000, 0x0000, 0x0000, 0x0000, 0x0000, 0x0000, 0x0000, 0x0000, 0x0000, 0x0000, 0x0000, 0x0000,
    0x0000, 0x0000, 0x0000, 0x0000, 0x0000, 0x0000, 0x0000, 0x0000, 0x0000, 0x0000, 0x0000, 0x0000,
    0x0000, 0x0000, 0x0000, 0x0000, 0x0000, 0x0000, 0x0000, 0x0000, 0x0000, 0x0000, 0x0000, 0x0000,
    0x0000, 0x0000, 0x0000, 0x0000, 0x0000, 0x0000, 0x0000, 0x0000, 0x0000, 0x0000, 0x0000, 0x0000,
    0x0000, 0x0000, 0x0000, 0x0000, 0x0000, 0x0000, 0x0000, 0x0000, 0x0000, 0x0000, 0x0000, 0x0000,
    0x0000, 0x0000, 0x0000, 0x0000, 0x0000, 0x0000, 0x0000, 0x0000, 0x0000, 0x0000, 0x0000, 0x0000,
    0x0000, 0x0000, 0x0000, 0x0000, 0x0000, 0x0000, 0x0000, 0x0000, 0x0000, 0x0000, 0x0000, 0x0000,
    0x0000, 0x0000, 0x0000, 0x0000, 0x0000, 0x0000, 0x0000, 0x0000, 0x0000, 0x0000, 0x0000, 0x0000,
    0x0000, 0x0000, 0x0000, 0x0000, 0x0000, 0x0000, 0x0000, 0x0000, 0x0000, 0x0000, 0x0000, 0x0000,
    0x0000, 0x0000, 0x0000, 0x0000, 0x0000, 0x0000, 0x0000, 0x0000, 0x0000, 0x0000, 0x0000, 0x0000,
    0x0000, 0x0000, 0x0000, 0x0000, 0x0000, 0x0000, 0x0000, 0x0000, 0x0000, 0x0000, 0x0000, 0x0000,
    0x0000, 0x0000, 0x0000, 0x0000, 0x0000, 0x0000, 0x0000, 0x0000, 0x0000, 0x0000, 0x0000, 0x0000,
    0x0000, 0x0000, 0x0000, 0x0000, 0x0000, 0x0000, 0x0000, 0x0000, 0x0000, 0x0000, 0x0000, 0x0000,
    0x0000, 0x0000, 0x0000, 0x0000, 0x0000, 0x0000, 0x0000, 0x0000, 0x0000, 0x0000, 0x0000, 0x0000,
    0x0000, 0x0000, 0x0000, 0x0000, 0x0000, 0x0000, 0x0000, 0x0000, 0x0000, 0x0000, 0x0000, 0x0000,
    0x0000, 0x0000, 0x0000, 0x0000, 0x0000, 0x0000, 0x0000, 0x0000, 0x0000, 0x0000, 0x0000, 0x0000,
    0x0000, 0x0000, 0x0000, 0x0000, 0x0000, 0x0000, 0x0000, 0x0000, 0x0000, 0x0000, 0x0000, 0x0000,
    0x0000, 0x0000, 0x0000, 0x0000, 0x0000, 0x0000, 0x0000, 0x0000, 0x0000, 0x0000, 0x0000, 0x0000,
    0x0000, 0x0000, 0x0000, 0x0000, 0x0000, 0x0000, 0x0000, 0x0000, 0x0000, 0x0000, 0x0000, 0x0000,
    0x0000, 0x0000, 0x0000, 0x0000, 0x0000, 0x0000, 0x0000, 0x0000, 0x0000, 0x0000, 0x0000, 0x0000,
    0x0000, 0x0000, 0x0000, 0x0000, 0x0000, 0x0000, 0x0000, 0x0000, 0x0000, 0x0000, 0x0000, 0x0000,
    0x0000, 0x0000, 0x0000, 0x0000, 0x0000, 0x0000, 0x0000, 0x0000, 0x0000, 0x0000, 0x0000, 0x0000,
    0x0000, 0x0000, 0x0000, 0x0000, 0x0000, 0x0000, 0x0000, 0x0000, 0x0000, 0x0000, 0x0000, 0x0000,
    0x0000, 0x0000, 0x0000, 0x0000, 0x0000, 0x0000, 0x0000, 0x0000, 0x0000, 0x0000, 0x0000, 0x0000,
    0x0000, 0x0000, 0x0000, 0x0000, 0x0000, 0x0000, 0x0000, 0x0000, 0x0000, 0x0000, 0x0000, 0x0000,
    0x0000, 0x0000, 0x0000, 0x0000, 0x0000, 0x0000, 0x0000, 0x0000, 0x0000, 0x0000, 0x0000, 0x0000,
    0x0000, 0x0000, 0x0000, 0x0000, 0x0000, 0x0000, 0x0000, 0x0000, 0x0000, 0x0000, 0x0000, 0x0000,
    0x0000, 0x0000, 0x0000, 0x0000, 0x0000, 0x0000, 0x0000, 0x0000, 0x0000, 0x0000, 0x0000, 0x0000,
    0x0000, 0x0000, 0x0000, 0x0000, 0x0000, 0x0000, 0x0000, 0x0000, 0x0000, 0x0000, 0x0000, 0x0000,
    0x0000, 0x0000, 0x0000, 0x0000, 0x0000, 0x0000, 0x0000, 0x0000, 0x0000, 0x0000, 0x0000, 0x0000,
    0x0000, 0x0000, 0x0000, 0x0000, 0x0000, 0x0000, 0x0000, 0x0000, 0x0000, 0x0000, 0x0000, 0x0000,
    0x0000, 0x0000, 0x0000, 0x0000, 0x0000, 0x0000, 0x0000, 0x0000, 0x0000, 0x0000, 0x0000, 0x0000,
    0x0000, 0x0000, 0x0000, 0x0000, 0x0000, 0x0000, 0x0000, 0x0000, 0x0000, 0x0000, 0x0000, 0x0000,
    0x0000, 0x0000, 0x0000, 0x0000, 0x0000, 0x0000, 0x0000, 0x0000, 0x0000, 0x0000, 0x0000, 0x0000,
    0x0000, 0x0000, 0x0000, 0x0000, 0x0000, 0x0000, 0x0000, 0x0000, 0x0000, 0x0000, 0x0000, 0x0000,
    0x0000, 0x0000, 0x0000, 0x0000, 0x0000, 0x0000, 0x0000, 0x0000, 0x0000, 0x0000, 0x0000, 0x0000,
    0x0000, 0x0000, 0x0000, 0x0000, 0x0000, 0x0000, 0x0000, 0x0000, 0x0000, 0x0000, 0x0000, 0x0000,
    0x0000, 0x0000, 0x0000, 0x0000, 0x0000, 0x0000, 0x0000, 0x0000, 0x0000, 0x0000, 0x0000, 0x0000,
    0x0000, 0x0000, 0x0000, 0x0000, 0x0000, 0x0000, 0x0000, 0x0000, 0x0000, 0x0000, 0x0000, 0x0000,
    0x0000, 0x0000, 0x0000, 0x0000, 0x0000, 0x0000, 0x0000, 0x0000, 0x0000, 0x0000, 0x0000, 0x0000,
    0x0000, 0x0000, 0x0000, 0x0000, 0x0000, 0x0000, 0x0000, 0x0000, 0x0000, 0x0000, 0x0000, 0x0000,
    0x0000, 0x0000, 0x0000, 0x0000, 0x0000, 0x0000, 0x0000, 0x0000, 0x0000, 0x0000, 0x0000, 0x0000,
    0x0000, 0x0000, 0x0000, 0x0000, 0x0000, 0x0000, 0x0000, 0x0000, 0x0000, 0x0000, 0x0000, 0x0000,
    0x0000, 0x0000, 0x0000, 0x0000, 0x0000, 0x0000, 0x0000, 0x0000, 0x0000, 0x0000, 0x0000, 0x0000,
    0x0000, 0x0000, 0x0000, 0x0000, 0x0000, 0x0000, 0x0000, 0x0000, 0x0000, 0x0000, 0x0000, 0x0000,
    0x0000, 0x0000, 0x0000, 0x0000, 0x0000, 0x0000, 0x0000, 0x0000, 0x0000, 0x0000, 0x0000, 0x0000,
    0x0000, 0x0000, 0x0000, 0x0000, 0x0000, 0x0000, 0x0000, 0x0000, 0x0000, 0x0000, 0x0000, 0x0000,
    0x0000, 0x0000, 0x0000, 0x0000, 0x0000, 0x0000, 0x0000, 0x0000, 0x0000, 0x0000, 0x0000, 0x0000,
    0x0000, 0x0000, 0x0000, 0x0000, 0x0000, 0x0000, 0x0000, 0x0000, 0x0000, 0x0000, 0x0000, 0x0000,
    0x0000, 0x0000, 0x0000, 0x0000, 0x0000, 0x0000, 0x0000, 0x0000, 0x0000, 0x0000, 0x0000, 0x0000,
    0x0000, 0x0000, 0x0000, 0x0000, 0x0000, 0x0000, 0x0000, 0x0000, 0x0000, 0x0000, 0x0000, 0x0000,
    0x0000, 0x0000, 0x0000, 0x0000, 0x0000, 0x0000, 0x0000, 0x0000, 0x0000, 0x0000, 0x0000, 0x0000,
    0x0000, 0x0000, 0x0000, 0x0000, 0x0000, 0x0000, 0x0000, 0x0000, 0x0000, 0x0000, 0x0000, 0x0000,
    0x0000, 0x0000, 0x0000, 0x0000, 0x0000, 0x0000, 0x0000, 0x0000, 0x0000, 0x0000, 0x0000, 0x0000,
    0x0000, 0x0000, 0x0000, 0x0000, 0x0000, 0x0000, 0x0000, 0x0000, 0x0000, 0x0000, 0x0000, 0x0000,
    0x0000, 0x0000, 0x0000, 0x0000, 0x0000, 0x0000, 0x0000, 0x0000, 0x0000, 0x0000, 0x0000, 0x0000,
    0x0000, 0x0000, 0x0000, 0x0000, 0x0000, 0x0000, 0x0000, 0x0000, 0x0000, 0x0000, 0x0000, 0x0000,
    0x0000, 0x0000, 0x0000, 0x0000, 0x0000, 0x0000, 0x0000, 0x0000, 0x0000, 0x0000, 0x0000, 0x0000,
    0x0000, 0x0000, 0x0000, 0x0000, 0x0000, 0x0000, 0x0000, 0x0000, 0x0000, 0x0000, 0x0000, 0x0000,
    0x0000, 0x0000, 0x0000, 0x0000, 0x0000, 0x0000, 0x0000, 0x0000, 0x0000, 0x0000, 0x0000, 0x0000,
    0x0000, 0x0000, 0x0000, 0x0000, 0x0000, 0x0000, 0x0000, 0x0000, 0x0000, 0x0000, 0x0000, 0x0000,
    0x0000, 0x0000, 0x0000, 0x0000, 0x0000, 0x0000, 0x0000, 0x0000, 0x0000, 0x0000, 0x0000, 0x0000,
    0x0000, 0x0000, 0x0000, 0x0000, 0x0000, 0x0000, 0x0000, 0x0000, 0x0000, 0x0000, 0x0000, 0x0000,
    0x0000, 0x0000, 0x0000, 0x0000, 0x0000, 0x0000, 0x0000, 0x0000, 0x0000, 0x0000, 0x0000, 0x0000,
    0x0000, 0x0000, 0x0000, 0x0000, 0x0000, 0x0000, 0x0000, 0x0000, 0x0000, 0x0000, 0x0000, 0x0000,
    0x0000, 0x0000, 0x0000, 0x0000, 0x0000, 0x0000, 0x0000, 0x0000, 0x0000, 0x0000, 0x0000, 0x0000,
    0x0000, 0x0000, 0x0000, 0x0000, 0x0000, 0x0000, 0x0000, 0x0000, 0x0000, 0x0000, 0x0000, 0x0000,
    0x0000, 0x0000, 0x0000, 0x0000, 0x0000, 0x0000, 0x0000, 0x0000, 0x0000, 0x0000, 0x0000, 0x0000,
    0x0000, 0x0000, 0x0000, 0x0000, 0x0000, 0x0000, 0x0000, 0x0000, 0x0000, 0x0000, 0x0000, 0x0000,
    0x0000, 0x0000, 0x0000, 0x0000, 0x0000, 0x0000, 0x0000, 0x0000, 0x0000, 0x0000, 0x0000, 0x0000,
    0x0000, 0x0000, 0x0000, 0x0000, 0x0000, 0x0000, 0x0000, 0x0000, 0x0000, 0x0000, 0x0000, 0x0000,
    0x0000, 0x0000, 0x0000, 0x0000, 0x0000, 0x0000, 0x0000, 0x0000, 0x0000, 0x0000, 0x0000, 0x0000,
    0x0000, 0x0000, 0x0000, 0x0000, 0x0000, 0x0000, 0x0000, 0x0000, 0x0000, 0x0000, 0x0000, 0x0000,
    0x0000, 0x0000, 0x0000, 0x0000, 0x0000, 0x0000, 0x0000, 0x0000, 0x0000, 0x0000, 0x0000, 0x0000,
    0x0000, 0x0000, 0x0000, 0x0000, 0x0000, 0x0000, 0x0000, 0x0000, 0x0000, 0x0000, 0x0000, 0x0000,
    0x0000, 0x0000, 0x0000, 0x0000, 0x0000, 0x0000, 0x0000, 0x0000, 0x0000, 0x0000, 0x0000, 0x0000,
    0x0000, 0x0000, 0x0000, 0x0000, 0x0000, 0x0000, 0x0000, 0x0000, 0x0000, 0x0000, 0x0000, 0x0000,
    0x0000, 0x0000, 0x0000, 0x0000, 0x0000, 0x0000, 0x0000, 0x0000, 0x0000, 0x0000, 0x0000, 0x0000,
    0x0000, 0x0000, 0x0000, 0x0000, 0x0000, 0x0000, 0x0000, 0x0000, 0x0000, 0x0000, 0x0000, 0x0000,
    0x0000, 0x0000, 0x0000, 0x0000, 0x0000, 0x0000, 0x0000, 0x0000, 0x0000, 0x0000, 0x0000, 0x0000,
    0x0000, 0x0000, 0x0000, 0x0000, 0x0000, 0x0000, 0x0000, 0x0000, 0x0000, 0x0000, 0x0000, 0x0000,
    0x0000, 0x0000, 0x0000, 0x0000, 0x0000, 0x0000, 0x0000, 0x0000, 0x0000, 0x0000, 0x0000, 0x0000,
    0x0000, 0x0000, 0x0000, 0x0000, 0x0000, 0x0000, 0x0000, 0x0000, 0x0000, 0x0000, 0x0000, 0x0000,
    0x0000, 0x0000, 0x0000, 0x0000, 0x0000, 0x0000, 0x0000, 0x0000, 0x0000, 0x0000, 0x0000, 0x0000,
    0x0000, 0x0000, 0x0000, 0x0000, 0x0000, 0x0000, 0x0000, 0x0000, 0x0000, 0x0000, 0x0000, 0x0000,
    0x0000, 0x0000, 0x0000, 0x0000, 0x0000, 0x0000, 0x0000, 0x0000, 0x0000, 0x0000, 0x0000, 0x0000,
    0x0000, 0x0000, 0x0000, 0x0000, 0x0000, 0x0000, 0x0000, 0x0000, 0x0000, 0x0000, 0x0000, 0x0000,
    0x0000, 0x0000, 0x0000, 0x0000, 0x0000, 0x0000, 0x0000, 0x0000, 0x0000, 0x0000, 0x0000, 0x0000,
    0x0000, 0x0000, 0x0000, 0x0000, 0x0000, 0x0000, 0x0000, 0x0000, 0x0000, 0x0000, 0x0000, 0x0000,
    0x0000, 0x0000, 0x0000, 0x0000, 0x0000, 0x0000, 0x0000, 0x0000, 0x0000, 0x0000, 0x0000, 0x0000,
    0x0000, 0x0000, 0x0000, 0x0000, 0x0000, 0x0000, 0x0000, 0x0000, 0x0000, 0x0000, 0x0000, 0x0000,
    0x0000, 0x0000, 0x0000, 0x0000, 0x0000, 0x0000, 0x0000, 0x0000, 0x0000, 0x0000, 0x0000, 0x0000,
    0x0000, 0x0000, 0x0000, 0x0000, 0x0000, 0x0000, 0x0000, 0x0000, 0x0000, 0x0000, 0x0000, 0x0000,
    0x0000, 0x0000, 0x0000, 0x0000, 0x0000, 0x0000, 0x0000, 0x0000, 0x0000, 0x0000, 0x0000, 0x0000,
    0x0000, 0x0000, 0x0000, 0x0000, 0x0000, 0x0000, 0x0000, 0x0000, 0x0000, 0x0000, 0x0000, 0x0000,
    0x0000, 0x0000, 0x0000, 0x0000, 0x0000, 0x0000, 0x0000, 0x0000, 0x0000, 0x0000, 0x0000, 0x0000,
    0x0000, 0x0000, 0x0000, 0x0000, 0x0000, 0x0000, 0x0000, 0x0000, 0x0000, 0x0000, 0x0000, 0x6208,
    0x6200, 0x4200, 0x4200, 0x2100, 0x0000, 0x0000, 0x0000, 0x0000, 0x0000, 0x0000, 0x0000, 0x0000,
    0x0000, 0x0000, 0x0000, 0x0000, 0x0000, 0x0000, 0x0000, 0x0000, 0x0000, 0x0000, 0x0000, 0x0000,
    0x0000, 0x0000, 0x0000, 0x0000, 0x0000, 0x0000, 0x0000, 0x0000, 0x0000, 0x0000, 0x0000, 0x0000,
    0x0000, 0x0000, 0x0000, 0x0000, 0x0000, 0x0000, 0x0000, 0x0000, 0x0000, 0x0000, 0x0000, 0x0000,
    0x0000, 0x0000, 0x0000, 0x0000, 0x0000, 0x0000, 0x0000, 0x0000, 0x0000, 0x0000, 0x0000, 0x0000,
    0x0000, 0x0000, 0x0000, 0x0000, 0x0000, 0x0000, 0x0000, 0x0000, 0x0000, 0x0000, 0x0000, 0x0000,
    0x0000, 0x0000, 0x0000, 0x0000, 0x0000, 0x0000, 0x0000, 0x0000, 0x0000, 0x0000, 0x0000, 0x0000,
    0x0000, 0x0000, 0x0000, 0x0000, 0x0000, 0x0000, 0x0000, 0x0000, 0x0000, 0x0000, 0x4100, 0xA952,
    0x6C6B, 0xAD73, 0x894A, 0xE418, 0x4200, 0x0100, 0x0000, 0x0000, 0x0000, 0x0000, 0x0000, 0x0000,
    0x0000, 0x0000, 0x0000, 0x0000, 0x0000, 0x0000, 0x0000, 0x0000, 0x0000, 0x0000, 0x0000, 0x0000,
    0x0000, 0x0000, 0x0000, 0x0000, 0x0000, 0x0000, 0x0000, 0x0000, 0x0000, 0x0000, 0x0000, 0x0000,
    0x0000, 0x0000, 0x0000, 0x0000, 0x0000, 0x0000, 0x0000, 0x0000, 0x0000, 0x0000, 0x0000, 0x0000,
    0x0000, 0x0000, 0x0000, 0x0000, 0x0000, 0x0000, 0x0000, 0x0000, 0x0000, 0x0000, 0x0000, 0x0000,
    0x0000, 0x0000, 0x0000, 0x0000, 0x0000, 0x0000, 0x0000, 0x0000, 0x0000, 0x0000, 0x0000, 0x0000,
    0x0000, 0x0000, 0x0000, 0x0000, 0x0000, 0x0000, 0x0000, 0x0000, 0x0000, 0x0000, 0x0000, 0x0000,
    0x0000, 0x0000, 0x0000, 0x0000, 0x0000, 0x0000, 0x6208, 0xA310, 0x8210, 0x0419, 0xC95A, 0x50AD,
    0x13C6, 0x13C6, 0x71AD, 0xAC6B, 0x6521, 0x4529, 0x2421, 0x2100, 0x0000, 0x0000, 0x0000, 0x0000,
    0x0000, 0x0000, 0x0000, 0x0000, 0x0000, 0x0000, 0x0000, 0x0000, 0x0000, 0x0000, 0x0000, 0x0000,
    0x0000, 0x0000, 0x0000, 0x0000, 0x0000, 0x0000, 0x0000, 0x0000, 0x0000, 0x0000, 0x0000, 0x0000,
    0x0000, 0x0000, 0x0000, 0x0000, 0x0000, 0x0000, 0x0000, 0x0000, 0x0000, 0x0000, 0x0000, 0x0000,
    0x0000, 0x0000, 0x0000, 0x0000, 0x0000, 0x0000, 0x0000, 0x0000, 0x0000, 0x0000, 0x0000, 0x0000,
    0x0000, 0x0000, 0x0000, 0x0000, 0x0000, 0x0000, 0x0000, 0x0000, 0x0000, 0x0000, 0x0000, 0x0000,
    0x0000, 0x0000, 0x0000, 0x0000, 0x0000, 0x0000, 0x0000, 0x0000, 0x0000, 0x0000, 0x0000, 0x0000,
    0x0000, 0x0000, 0x0000, 0x4100, 0xA408, 0xA408, 0x8529, 0x8A7B, 0x8C9C, 0xCB7B, 0x92AD, 0x76C6,
    0xB7CE, 0xB7CE, 0x97CE, 0xD4B5, 0xAE9C, 0x6C9C, 0xCB83, 0x0321, 0xA308, 0xA308, 0x2000, 0x0000,
    0x0000, 0x0000, 0x0000, 0x0000, 0x0000, 0x0000, 0x0000, 0x0000, 0x0000, 0x0000, 0x0000, 0x0000,
    0x0000, 0x0000, 0x0000, 0x0000, 0x0000, 0x0000, 0x0000, 0x0000, 0x0000, 0x0000, 0x0000, 0x0000,
    0x0000, 0x0000, 0x0000, 0x0000, 0x0000, 0x0000, 0x0000, 0x0000, 0x0000, 0x0000, 0x0000, 0x0000,
    0x0000, 0x0000, 0x0000, 0x0000, 0x0000, 0x0000, 0x0000, 0x0000, 0x0000, 0x0000, 0x0000, 0x0000,
    0x0000, 0x0000, 0x0000, 0x0000, 0x0000, 0x0000, 0x0000, 0x0000, 0x0000, 0x0000, 0x0000, 0x0000,
    0x0000, 0x0000, 0x0000, 0x0000, 0x0000, 0x0000, 0x0000, 0x0000, 0x0000, 0x0000, 0x0000, 0x0000,
    0x0000, 0x2100, 0x4200, 0xC408, 0x8719, 0xA621, 0xEC83, 0xD1C5, 0xD2BD, 0x50AD, 0xD4AD, 0xB8C6,
    0x5BDF, 0x5ADF, 0xD9CE, 0xB4A5, 0x71AD, 0xB6CE, 0x71B5, 0xEB83, 0xE629, 0x8719, 0xA308, 0x6208,
    0x0000, 0x0000, 0x0000, 0x0000, 0x0000, 0x0000, 0x0000, 0x0000, 0x0000, 0x0000, 0x0000, 0x0000,
    0x0000, 0x0000, 0x0000, 0x0000, 0x0000, 0x0000, 0x0000, 0x0000, 0x0000, 0x0000, 0x0000, 0x0000,
    0x0000, 0x0000, 0x0000, 0x0000, 0x0000, 0x0000, 0x0000, 0x0000, 0x0000, 0x0000, 0x0000, 0x0000,
    0x0000, 0x0000, 0x0000, 0x0000, 0x0000, 0x0000, 0x0000, 0x0000, 0x0000, 0x0000, 0x0000, 0x0000,
    0x0000, 0x0000, 0x0000, 0x0000, 0x0000, 0x0000, 0x0000, 0x0000, 0x0000, 0x0000, 0x0000, 0x0000,
    0x0000, 0x0000, 0x0000, 0x0000, 0x0000, 0x0000, 0x0000, 0x0000, 0x0000, 0x0000, 0x0000, 0x4108,
    0x6308, 0xE408, 0x492A, 0xAA2A, 0xCA32, 0x2D7C, 0x90BD, 0x56C6, 0x1AD7, 0x93A5, 0xD4A5, 0xB8C6,
    0x5ADF, 0x3AD7, 0xB8C6, 0xB4A5, 0xB3A5, 0x19D7, 0x97C6, 0xAD94, 0x4B8C, 0x4A5B, 0x4822, 0x492A,
    0xC408, 0x6208, 0x4100, 0x0000, 0x0000, 0x0000, 0x0000, 0x0000, 0x0000, 0x0000, 0x0000, 0x0000,
    0x0000, 0x0000, 0x0000, 0x0000, 0x0000, 0x0000, 0x0000, 0x0000, 0x0000, 0x0000, 0x0000, 0x0000,
    0x0000, 0x0000, 0x0000, 0x0000, 0x0000, 0x0000, 0x0000, 0x0000, 0x0000, 0x0000, 0x0000, 0x0000,
    0x0000, 0x0000, 0x0000, 0x0000, 0x0000, 0x0000, 0x0000, 0x0000, 0x0000, 0x0000, 0x0000, 0x0000,
    0x0000, 0x0000, 0x0000, 0x0000, 0x0000, 0x0000, 0x0000, 0x0000, 0x0000, 0x0000, 0x0000, 0x0000,
    0x0000, 0x0000, 0x0000, 0x0000, 0x0000, 0x0000, 0x0000, 0x0000, 0x0000, 0x0000, 0x2100, 0x8308,
    0x292A, 0x8A2A, 0xCE43, 0x0A2B, 0x0D6C, 0x2FAD, 0x51A5, 0xB7C6, 0x3AD7, 0x7395, 0xB4A5, 0x97C6,
    0x5ADF, 0x5ADF, 0x97C6, 0x739D, 0x93A5, 0xF9CE, 0x77BE, 0x50A5, 0x8FBD, 0xAA6B, 0x2B33, 0x8D3B,
    0x2922, 0x6719, 0x6719, 0xA308, 0x2100, 0x2000, 0x0000, 0x0000, 0x0000, 0x0000, 0x0000, 0x0000,
    0x0000, 0x0000, 0x0000, 0x0000, 0x0000, 0x0000, 0x0000, 0x0000, 0x0000, 0x0000, 0x0000, 0x0000,
    0x0000, 0x0000, 0x0000, 0x0000, 0x0000, 0x0000, 0x0000, 0x0000, 0x0000, 0x0000, 0x0000, 0x0000,
    0x0000, 0x0000, 0x0000, 0x0000, 0x0000, 0x0000, 0x0000, 0x0000, 0x0000, 0x0000, 0x0000, 0x0000,
    0x0000, 0x0000, 0x0000, 0x0000, 0x0000, 0x0000, 0x0000, 0x0000, 0x0000, 0x0000, 0x0000, 0x0000,
    0x0000, 0x0000, 0x0000, 0x0000, 0x0000, 0x0000, 0x0000, 0x2100, 0x2100, 0x8308, 0xA819, 0x6A22,
    0x6D33, 0xCE3B, 0x6C33, 0x6B4B, 0xEE9C, 0x30A5, 0x93A5, 0x77BE, 0x19D7, 0xD5A5, 0x7395, 0x77BE,
    0x3AD7, 0x3AD7, 0x76BE, 0x3295, 0x15AE, 0xF9CE, 0x77BE, 0x729D, 0x71AD, 0x30A5, 0x6B53, 0x2B2B,
    0x8D33, 0x8E3B, 0x8B2A, 0x4611, 0xA308, 0x6200, 0x4100, 0x2000, 0x0000, 0x0000, 0x0000, 0x0000,
    0x0000, 0x0000, 0x0000, 0x0000, 0x0000, 0x0000, 0x0000, 0x0000, 0x0000, 0x0000, 0x0000, 0x0000,
    0x0000, 0x0000, 0x0000, 0x0000, 0x0000, 0x0000, 0x0000, 0x0000, 0x0000, 0x0000, 0x0000, 0x0000,
    0x0000, 0x0000, 0x0000, 0x0000, 0x0000, 0x0000, 0x0000, 0x0000, 0x0000, 0x0000, 0x0000, 0x0000,
    0x0000, 0x0000, 0x0000, 0x0000, 0x0000, 0x0000, 0x0000, 0x0000, 0x0000, 0x0000, 0x0000, 0x0000,
    0x0000, 0x0000, 0x0000, 0x0000, 0x0000, 0x0000, 0x8308, 0x6300, 0x8300, 0x8400, 0xE811, 0xEF43,
    0xEE3B, 0xEE3B, 0xA922, 0xCB73, 0x13BE, 0x15B6, 0x7395, 0x76B6, 0x19CF, 0x97B6, 0x7395, 0x56B6,
    0x3AD7, 0x39D7, 0x56B6, 0x328D, 0x56B6, 0xF9CE, 0x77BE, 0x329D, 0x35BE, 0x55C6, 0x2D74, 0xEA2A,
    0xEE33, 0x0E34, 0xCE3B, 0x291A, 0x8300, 0xE508, 0xC408, 0x6200, 0x0000, 0x0000, 0x0000, 0x0000,
    0x0000, 0x0000, 0x0000, 0x0000, 0x0000, 0x0000, 0x0000, 0x0000, 0x0000, 0x0000, 0x0000, 0x0000,
    0x0000, 0x0000, 0x0000, 0x0000, 0x0000, 0x0000, 0x0000, 0x0000, 0x0000, 0x0000, 0x0000, 0x0000,
    0x0000, 0x0000, 0x0000, 0x0000, 0x0000, 0x0000, 0x0000, 0x0000, 0x0000, 0x0000, 0x0000, 0x0000,
    0x0000, 0x0000, 0x0000, 0x0000, 0x0000, 0x0000, 0x0000, 0x0000, 0x0000, 0x0000, 0x0000, 0x0000,
    0x0000, 0x0000, 0x0000, 0x0000, 0x4100, 0x6200, 0xE829, 0x3074, 0x0F74, 0x717C, 0x6D53, 0xEB32,
    0x4C33, 0xEF43, 0xCA2A, 0xCB6B, 0x34BE, 0xF9CE, 0x939D, 0x15AE, 0x19CF, 0x97BE, 0x538D, 0xD4A5,
    0x97C6, 0x97BE, 0x15AE, 0x318D, 0x77BE, 0xF9CE, 0x16AE, 0xF5AD, 0x3ADF, 0x35BE, 0x0D74, 0x6822,
    0xCE43, 0x6D3B, 0x0B33, 0x5064, 0x9174, 0x7174, 0x5174, 0xC729, 0x6200, 0x2000, 0x0000, 0x0000,
    0x0000, 0x0000, 0x0000, 0x0000, 0x0000, 0x0000, 0x0000, 0x0000, 0x0000, 0x0000, 0x0000, 0x0000,
    0x0000, 0x0000, 0x0000, 0x0000, 0x0000, 0x0000, 0x0000, 0x0000, 0x0000, 0x0000, 0x0000, 0x0000,
    0x0000, 0x0000, 0x0000, 0x0000, 0x0000, 0x0000, 0x0000, 0x0000, 0x0000, 0x0000, 0x0000, 0x0000,
    0x0000, 0x0000, 0x0000, 0x0000, 0x0000, 0x0000, 0x0000, 0x0000, 0x0000, 0x0000, 0x0000, 0x0000,
    0x0000, 0x0000, 0x0000, 0x2000, 0x8308, 0x2832, 0x949D, 0x5AD7, 0xBCE7, 0xDCE7, 0x7BD7, 0xF6A5,
    0xCB32, 0xCB2A, 0x8A2A, 0xCB73, 0x34BE, 0xF9CE, 0xD4A5, 0x5395, 0x97C6, 0x97BE, 0x128D, 0x739D,
    0xD4AD, 0xD4AD, 0xB4A5, 0xF18C, 0x57BE, 0xB8C6, 0x749D, 0x57BE, 0x3ADF, 0x36BE, 0x2E7C, 0x4832,
    0xCB3A, 0x2C43, 0x1385, 0x3ACF, 0x9CD7, 0x7BD7, 0x5BCF, 0x9595, 0x2832, 0x4100, 0x0000, 0x0000,
    0x0000, 0x0000, 0x0000, 0x0000, 0x0000, 0x0000, 0x0000, 0x0000, 0x0000, 0x0000, 0x0000, 0x0000,
    0x0000, 0x0000, 0x0000, 0x0000, 0x0000, 0x0000, 0x0000, 0x0000, 0x0000, 0x0000, 0x0000, 0x0000,
    0x0000, 0x0000, 0x0000, 0x0000, 0x0000, 0x0000, 0x0000, 0x0000, 0x0000, 0x0000, 0x0000, 0x0000,
    0x0000, 0x0000, 0x0000, 0x0000, 0x0000, 0x0000, 0x0000, 0x0000, 0x0000, 0x0000, 0x0000, 0x0000,
    0x0000, 0x0000, 0x2000, 0x6200, 0x6621, 0x7395, 0x39CF, 0xF9C6, 0x16A6, 0xF69D, 0x57A6, 0x7BCF,
    0xF69D, 0xEB3A, 0x0A53, 0x6D8C, 0xF4B5, 0xD8C6, 0x16AE, 0x5395, 0x16B6, 0x15B6, 0x539D, 0x3295,
    0xB4AD, 0xD5AD, 0x539D, 0x339D, 0x16B6, 0x16B6, 0x94A5, 0xB8CE, 0xFAD6, 0x93A5, 0x8E8C, 0x4A5B,
    0x6932, 0xB595, 0xD9B6, 0xD58D, 0x1796, 0x1696, 0x57A6, 0xFABE, 0x7495, 0x6621, 0x2100, 0x0000,
    0x0000, 0x0000, 0x0000, 0x0000, 0x0000, 0x0000, 0x0000, 0x0000, 0x0000, 0x0000, 0x0000, 0x0000,
    0x0000, 0x0000, 0x0000, 0x0000, 0x0000, 0x0000, 0x0000, 0x0000, 0x0000, 0x0000, 0x0000, 0x0000,
    0x0000, 0x0000, 0x0000, 0x0000, 0x0000, 0x0000, 0x0000, 0x0000, 0x0000, 0x0000, 0x0000, 0x0000,
    0x0000, 0x0000, 0x0000, 0x0000, 0x0000, 0x0000, 0x0000, 0x0000, 0x0000, 0x0000, 0x0000, 0x0000,
    0x0000, 0x0000, 0x8208, 0x0611, 0xAA42, 0xF8C6, 0xB8BE, 0xB595, 0x7164, 0x715C, 0xB26C, 0x37A6,
    0x5AC7, 0x2F64, 0x2A5B, 0x72AD, 0x739D, 0x949D, 0x57BE, 0xB4A5, 0x949D, 0xF5B5, 0xD5AD, 0x1295,
    0xB5AD, 0xB4AD, 0x329D, 0xF5B5, 0x16BE, 0x94A5, 0xB4AD, 0x77C6, 0xB4A5, 0x3295, 0x319D, 0x0C7C,
    0x6B53, 0xF695, 0xF68D, 0x915C, 0x5054, 0xCE43, 0x3475, 0xD9B6, 0xD9BE, 0x4D4B, 0xA308, 0x0000,
    0x0000, 0x0000, 0x0000, 0x0000, 0x0000, 0x0000, 0x0000, 0x0000, 0x0000, 0x0000, 0x0000, 0x0000,
    0x0000, 0x0000, 0x0000, 0x0000, 0x0000, 0x0000, 0x0000, 0x0000, 0x0000, 0x0000, 0x0000, 0x0000,
    0x0000, 0x0000, 0x0000, 0x0000, 0x0000, 0x0000, 0x0000, 0x0000, 0x0000, 0x0000, 0x0000, 0x0000,
    0x0000, 0x0000, 0x0000, 0x0000, 0x0000, 0x0000, 0x0000, 0x0000, 0x0000, 0x0000, 0x2000, 0x2100,
    0x2100, 0x8208, 0xA719, 0x2609, 0xAA3A, 0xB8BE, 0x16A6, 0x5064, 0x548D, 0xB695, 0xD36C, 0xB26C,
    0x37A6, 0x0F64, 0xE952, 0x73A5, 0xD5A5, 0x128D, 0xB4A5, 0x37BE, 0x5395, 0xB4A5, 0xF6B5, 0x3295,
    0xD5AD, 0xD5AD, 0x539D, 0x16B6, 0xD5AD, 0x539D, 0x36BE, 0xB4A5, 0xF18C, 0x949D, 0x319D, 0x2A63,
    0x0F64, 0x757D, 0xB264, 0xF36C, 0x9585, 0x379E, 0x0F54, 0xB58D, 0xF9BE, 0x8E4B, 0x8711, 0x2511,
    0x4100, 0x0000, 0x0000, 0x0000, 0x0000, 0x0000, 0x0000, 0x0000, 0x0000, 0x0000, 0x0000, 0x0000,
    0x0000, 0x0000, 0x0000, 0x0000, 0x0000, 0x0000, 0x0000, 0x0000, 0x0000, 0x0000, 0x0000, 0x0000,
    0x0000, 0x0000, 0x0000, 0x0000, 0x0000, 0x0000, 0x0000, 0x0000, 0x0000, 0x0000, 0x0000, 0x0000,
    0x0000, 0x0000, 0x0000, 0x0000, 0x0000, 0x0000, 0x0000, 0x0000, 0x0000, 0x2100, 0x8308, 0x4200,
    0x2200, 0x8611, 0x6D33, 0xCA22, 0x2B3B, 0xF9B6, 0x948D, 0x7485, 0x5BCF, 0x347D, 0xF36C, 0xB364,
    0xB26C, 0x305C, 0xEA4A, 0x4E7C, 0xD5AD, 0xB5A5, 0x328D, 0xD5AD, 0xF5AD, 0x128D, 0xD5AD, 0x339D,
    0xD5AD, 0xB5AD, 0x73A5, 0xF5AD, 0x5395, 0x16B6, 0xB4A5, 0xF18C, 0xB4A5, 0x539D, 0x8F8C, 0xA94A,
    0x105C, 0x1054, 0xCF4B, 0x3154, 0x547D, 0x1ABF, 0x5385, 0xB58D, 0xB9AE, 0xAF53, 0xC919, 0x2611,
    0xA308, 0x8308, 0x6208, 0x0000, 0x0000, 0x0000, 0x0000, 0x0000, 0x0000, 0x0000, 0x0000, 0x0000,
    0x0000, 0x0000, 0x0000, 0x0000, 0x0000, 0x0000, 0x0000, 0x0000, 0x0000, 0x0000, 0x0000, 0x0000,
    0x0000, 0x0000, 0x0000, 0x0000, 0x0000, 0x0000, 0x0000, 0x0000, 0x0000, 0x0000, 0x0000, 0x0000,
    0x0000, 0x0000, 0x0000, 0x0000, 0x0000, 0x0000, 0x0000, 0x0000, 0x0000, 0x8308, 0x6621, 0x9184,
    0xF294, 0xD17C, 0x8C3B, 0xAA22, 0x2C3B, 0x379E, 0x579E, 0xF9B6, 0x369E, 0xAE4B, 0x1054, 0x5575,
    0x715C, 0x515C, 0x2D4B, 0xA94A, 0x908C, 0xD5AD, 0xB4A5, 0x3295, 0xD5AD, 0x95A5, 0xF28C, 0x539D,
    0xF6B5, 0xD6AD, 0x739D, 0x128D, 0xB5A5, 0xD5AD, 0xD18C, 0x539D, 0x94A5, 0xD094, 0x2A5B, 0x282A,
    0xAF53, 0x515C, 0x968D, 0x926C, 0x926C, 0xB8AE, 0xF9BE, 0x98AE, 0xD274, 0x4A32, 0xA721, 0xCE63,
    0x128D, 0x138D, 0x8A42, 0x4100, 0x0000, 0x0000, 0x0000, 0x0000, 0x0000, 0x0000, 0x0000, 0x0000,
    0x0000, 0x0000, 0x0000, 0x0000, 0x0000, 0x0000, 0x0000, 0x0000, 0x0000, 0x0000, 0x0000, 0x0000,
    0x0000, 0x0000, 0x0000, 0x0000, 0x0000, 0x0000, 0x0000, 0x0000, 0x0000, 0x0000, 0x0000, 0x0000,
    0x0000, 0x0000, 0x0000, 0x0000, 0x0000, 0x0000, 0x0000, 0x2000, 0xC410, 0xC729, 0x8D63, 0x7AD7,
    0x39CF, 0x39CF, 0xD595, 0x0B43, 0x4611, 0x492A, 0x137D, 0x7585, 0xF374, 0xF04B, 0xAF43, 0x757D,
    0x5154, 0xF053, 0x926C, 0x4C5B, 0x684A, 0x6F84, 0xD4AD, 0xB5A5, 0x128D, 0x3395, 0x749D, 0x917C,
    0xF384, 0xF284, 0xB17C, 0x3395, 0xD5AD, 0xF18C, 0x739D, 0x94A5, 0x2E7C, 0x2B5B, 0xEB4A, 0x1485,
    0x926C, 0x936C, 0xD795, 0x105C, 0x4E4B, 0xCF53, 0x926C, 0x316C, 0xC821, 0x282A, 0x338D, 0x97B6,
    0xD8B6, 0xF9BE, 0x57AE, 0xAA4A, 0x4100, 0x0000, 0x0000, 0x0000, 0x0000, 0x0000, 0x0000, 0x0000,
    0x0000, 0x0000, 0x0000, 0x0000, 0x0000, 0x0000, 0x0000, 0x0000, 0x0000, 0x0000, 0x0000, 0x0000,
    0x0000, 0x0000, 0x0000, 0x0000, 0x0000, 0x0000, 0x0000, 0x0000, 0x0000, 0x0000, 0x0000, 0x0000,
    0x0000, 0x0000, 0x0000, 0x0000, 0x0000, 0x0000, 0x0000, 0x2000, 0xE410, 0x128D, 0x19C7, 0xF27C,
    0xF274, 0xB48D, 0xD8B6, 0x16A6, 0x8D5B, 0xEB42, 0xCC3A, 0x0D3B, 0x0D33, 0xB364, 0x725C, 0xF36C,
    0x3154, 0x9685, 0x1796, 0x137D, 0x2C53, 0xA952, 0xAD6B, 0x4F7C, 0x1295, 0x128D, 0xD284, 0x9274,
    0x548D, 0x748D, 0x127D, 0x7495, 0xD184, 0x739D, 0x329D, 0x0A53, 0x6842, 0x6D53, 0xF37C, 0xF79D,
    0x768D, 0x115C, 0x3485, 0x5164, 0xAF53, 0xB053, 0x3264, 0xED42, 0x0C43, 0xB595, 0xB8B6, 0xB48D,
    0x337D, 0xB48D, 0x39C7, 0xCE63, 0x8208, 0x0000, 0x0000, 0x0000, 0x0000, 0x0000, 0x0000, 0x0000,
    0x0000, 0x0000, 0x0000, 0x0000, 0x0000, 0x0000, 0x0000, 0x0000, 0x0000, 0x0000, 0x0000, 0x0000,
    0x0000, 0x0000, 0x0000, 0x0000, 0x0000, 0x0000, 0x0000, 0x0000, 0x0000, 0x0000, 0x0000, 0x0000,
    0x0000, 0x0000, 0x0000, 0x0000, 0x0000, 0x0000, 0x0000, 0x6208, 0xE408, 0x328D, 0xB8B6, 0xB16C,
    0x1054, 0x515C, 0x7485, 0xB8B6, 0x77AE, 0x5064, 0x4D43, 0x8F4B, 0x4E3B, 0x725C, 0x757D, 0x9264,
    0xAF4B, 0x557D, 0x957D, 0x347D, 0x716C, 0x8942, 0xC629, 0x8942, 0xB17C, 0xF284, 0x7174, 0xF69D,
    0xD9B6, 0xB9B6, 0x169E, 0x538D, 0xB184, 0x0E6C, 0xA942, 0x083A, 0xAA42, 0x4C4B, 0x347D, 0xF79D,
    0x5585, 0xAF53, 0xD374, 0x347D, 0x5264, 0xAF53, 0x8F4B, 0x0D3B, 0x926C, 0x369E, 0x169E, 0xB264,
    0xCE4B, 0x7064, 0xF9BE, 0xAE63, 0x8308, 0x2000, 0x0000, 0x0000, 0x0000, 0x0000, 0x0000, 0x0000,
    0x0000, 0x0000, 0x0000, 0x0000, 0x0000, 0x0000, 0x0000, 0x0000, 0x0000, 0x0000, 0x0000, 0x0000,
    0x0000, 0x0000, 0x0000, 0x0000, 0x0000, 0x0000, 0x0000, 0x0000, 0x0000, 0x0000, 0x0000, 0x0000,
    0x0000, 0x0000, 0x0000, 0x0000, 0x0000, 0x0000, 0x0000, 0xE510, 0xC508, 0xD27C, 0xD8BE, 0xD9BE,
    0x758D, 0xCF53, 0x5164, 0x547D, 0x958D, 0x0F54, 0x347D, 0x547D, 0x557D, 0x4D3B, 0x7164, 0x347D,
    0x1154, 0xD04B, 0x347D, 0xEE63, 0xAD63, 0xE952, 0x063A, 0x4B63, 0x893A, 0x0C43, 0x9274, 0xF69D,
    0x78B6, 0x78B6, 0xD695, 0x5485, 0x8A3A, 0x8942, 0x4A63, 0x073A, 0xA94A, 0x6B5B, 0x3064, 0xF374,
    0x3064, 0xCF53, 0x557D, 0x515C, 0xAF4B, 0x968D, 0x9585, 0xF36C, 0x7264, 0x9585, 0x3475, 0xAE4B,
    0xD68D, 0xB9AE, 0x58AE, 0x0D4B, 0x8308, 0x0000, 0x0000, 0x0000, 0x0000, 0x0000, 0x0000, 0x0000,
    0x0000, 0x0000, 0x0000, 0x0000, 0x0000, 0x0000, 0x0000, 0x0000, 0x0000, 0x0000, 0x0000, 0x0000,
    0x0000, 0x0000, 0x0000, 0x0000, 0x0000, 0x0000, 0x0000, 0x0000, 0x0000, 0x0000, 0x0000, 0x0000,
    0x0000, 0x0000, 0x0000, 0x0000, 0x0000, 0x0000, 0x0000, 0xE510, 0x0922, 0x0B3B, 0x5064, 0xF37C,
    0xAF53, 0xAF4B, 0x305C, 0x305C, 0xAF4B, 0xF053, 0xB68D, 0xF695, 0x958D, 0x105C, 0x6E4B, 0x105C,
    0x3485, 0x1064, 0x6C5B, 0x4D8C, 0xACA4, 0x0EB5, 0x096B, 0x2D8C, 0xA84A, 0x6932, 0xCB42, 0x17A6,
    0x169E, 0x37A6, 0xB68D, 0x2C3B, 0x2C4B, 0x4A63, 0x2FAD, 0x8652, 0x0B8C, 0x0DAD, 0xAB6B, 0x4B53,
    0xCE5B, 0x137D, 0x515C, 0x4D43, 0x5164, 0x1796, 0x1696, 0x347D, 0x8F43, 0xD053, 0xB36C, 0x515C,
    0x305C, 0xD374, 0xAF5B, 0xC821, 0xC410, 0x0000, 0x0000, 0x0000, 0x0000, 0x0000, 0x0000, 0x0000,
    0x0000, 0x0000, 0x0000, 0x0000, 0x0000, 0x0000, 0x0000, 0x0000, 0x0000, 0x0000, 0x0000, 0x0000,
    0x0000, 0x0000, 0x0000, 0x0000, 0x0000, 0x0000, 0x0000, 0x0000, 0x0000, 0x0000, 0x0000, 0x0000,
    0x0000, 0x0000, 0x0000, 0x0000, 0x0000, 0x0000, 0x0000, 0xC408, 0x2C3B, 0x4C33, 0x6E43, 0xEC32,
    0x0D3B, 0x3154, 0x7585, 0x7585, 0x6E43, 0xD04B, 0x5585, 0x958D, 0x968D, 0x8E53, 0xAE5B, 0xCD6B,
    0x6D8C, 0x4FAD, 0xEDAC, 0x4DC5, 0x2CC5, 0xABAC, 0xC539, 0x2B63, 0x8D63, 0x2D53, 0xAB42, 0x716C,
    0x757D, 0x3475, 0xD36C, 0x6E4B, 0x6E53, 0x8D63, 0x8B73, 0x8431, 0xC98B, 0xADCD, 0x4DC5, 0x2DB5,
    0x4FAD, 0xCF8C, 0x8C5B, 0xAA3A, 0x3064, 0xF68D, 0xD68D, 0xB36C, 0x0D3B, 0xD474, 0x968D, 0xD474,
    0x6E43, 0x2D43, 0x6E4B, 0x092A, 0xA408, 0x0000, 0x0000, 0x0000, 0x0000, 0x0000, 0x0000, 0x0000,
    0x0000, 0x0000, 0x0000, 0x0000, 0x0000, 0x0000, 0x0000, 0x0000, 0x0000, 0x0000, 0x0000, 0x0000,
    0x0000, 0x0000, 0x0000, 0x0000, 0x0000, 0x0000, 0x0000, 0x0000, 0x0000, 0x0000, 0x0000, 0x0000,
    0x0000, 0x0000, 0x0000, 0x0000, 0x0000, 0x0000, 0x0000, 0xE508, 0x4922, 0xB164, 0x98AE, 0x179E,
    0x515C, 0xD04B, 0x1475, 0x9585, 0xB36C, 0x4E43, 0xD053, 0xF05B, 0x8E5B, 0x8D63, 0x2D84, 0xAD9C,
    0xECB4, 0x0FD6, 0x91EE, 0xACAC, 0x865A, 0x0642, 0x0519, 0x6829, 0x6829, 0x8829, 0x8829, 0x0A2A,
    0x6F4B, 0x4E43, 0x6B32, 0xC929, 0xC931, 0xA829, 0x2721, 0x0521, 0x274A, 0x086B, 0xA98B, 0xEED5,
    0xCED5, 0xCFCD, 0xAD9C, 0x0D84, 0x4C5B, 0xAE53, 0x105C, 0x6E4B, 0xD053, 0x557D, 0x9685, 0x1054,
    0xD374, 0x38AE, 0x38AE, 0x4E53, 0x8308, 0x0000, 0x0000, 0x0000, 0x0000, 0x0000, 0x0000, 0x0000,
    0x0000, 0x0000, 0x0000, 0x0000, 0x0000, 0x0000, 0x0000, 0x0000, 0x0000, 0x0000, 0x0000, 0x0000,
    0x0000, 0x0000, 0x0000, 0x0000, 0x0000, 0x0000, 0x0000, 0x0000, 0x0000, 0x0000, 0x0000, 0x0000,
    0x0000, 0x0000, 0x0000, 0x0000, 0x0000, 0x0000, 0x0000, 0xC408, 0x0922, 0x169E, 0xB8B6, 0x169E,
    0x968D, 0xAF4B, 0x1154, 0xD36C, 0x105C, 0x2D4B, 0xAA42, 0x2B5B, 0x6A6B, 0x8D9C, 0xEDAC, 0x8CA4,
    0x8DA4, 0xC862, 0x885A, 0xA739, 0xC931, 0x4A42, 0xAC52, 0xD07B, 0x5294, 0x328C, 0xD07B, 0x2B3A,
    0x6719, 0x8819, 0xC931, 0xD17B, 0x318C, 0x3184, 0x728C, 0x4E6B, 0x0942, 0x093A, 0x4529, 0x064A,
    0x675A, 0xA662, 0xCCAC, 0x0DB5, 0xEB83, 0x8B6B, 0x2B53, 0x4C53, 0xCF5B, 0x147D, 0x347D, 0x8E43,
    0x1475, 0xD9B6, 0xD9B6, 0x8F5B, 0x6300, 0x0000, 0x0000, 0x0000, 0x0000, 0x0000, 0x0000, 0x0000,
    0x0000, 0x0000, 0x0000, 0x0000, 0x0000, 0x0000, 0x0000, 0x0000, 0x0000, 0x0000, 0x0000, 0x0000,
    0x0000, 0x0000, 0x0000, 0x0000, 0x0000, 0x0000, 0x0000, 0x0000, 0x0000, 0x0000, 0x0000, 0x0000,
    0x0000, 0x0000, 0x0000, 0x0000, 0x0000, 0x0000, 0x0000, 0xA408, 0xE921, 0x1375, 0xD68D, 0x9585,
    0x347D, 0x8F4B, 0xF05B, 0x4D4B, 0x6C5B, 0x6B6B, 0xCB7B, 0x8A73, 0x6C94, 0x8A7B, 0x2642, 0x484A,
    0x084A, 0xEA41, 0xED5A, 0x0D63, 0xD294, 0xD4B5, 0x93AD, 0x72A5, 0x92AD, 0x329D, 0x2F7C, 0x5074,
    0x7174, 0x7174, 0x7174, 0x717C, 0x9084, 0x329D, 0x72A5, 0x72A5, 0x93A5, 0xB3AD, 0x0F7C, 0xAB52,
    0x4B4A, 0x8731, 0xA862, 0xE76A, 0x8CA4, 0x4B9C, 0xCA7B, 0x0C7C, 0x2B53, 0xCE63, 0x9274, 0x6E43,
    0x515C, 0x757D, 0x7585, 0x2E4B, 0x6300, 0x0000, 0x0000, 0x0000, 0x0000, 0x0000, 0x0000, 0x0000,
    0x0000, 0x0000, 0x0000, 0x0000, 0x0000, 0x0000, 0x0000, 0x0000, 0x0000, 0x0000, 0x0000, 0x0000,
    0x0000, 0x0000, 0x0000, 0x0000, 0x0000, 0x0000, 0x0000, 0x0000, 0x0000, 0x0000, 0x0000, 0x0000,
    0x0000, 0x0000, 0x0000, 0x0000, 0x0000, 0x0000, 0x0000, 0x8308, 0xC821, 0x4E43, 0x315C, 0x315C,
    0xAF53, 0x6E53, 0x4C5B, 0x6B6B, 0xCB83, 0xEB83, 0x2963, 0x273A, 0xC631, 0xA729, 0x4B42, 0x0C4A,
    0xCD5A, 0x3084, 0x93AD, 0xD3B5, 0xB2AD, 0x91A5, 0x91A5, 0x91A5, 0x92A5, 0xB3AD, 0xD18C, 0x5074,
    0x5074, 0x306C, 0x5074, 0x0F6C, 0x9084, 0x729D, 0x92A5, 0x719D, 0x719D, 0x719D, 0x92A5, 0xD4AD,
    0x53A5, 0x8E73, 0x6C52, 0x2A4A, 0xE739, 0xE639, 0x8B73, 0x0C84, 0xEC7B, 0xAC6B, 0xAD63, 0x6D53,
    0x2D43, 0x5154, 0x325C, 0x6719, 0x6200, 0x0000, 0x0000, 0x0000, 0x0000, 0x0000, 0x0000, 0x0000,
    0x0000, 0x0000, 0x0000, 0x0000, 0x0000, 0x0000, 0x0000, 0x0000, 0x0000, 0x0000, 0x0000, 0x0000,
    0x0000, 0x0000, 0x0000, 0x0000, 0x0000, 0x0000, 0x0000, 0x0000, 0x0000, 0x0000, 0x0000, 0x0000,
    0x0000, 0x0000, 0x0000, 0x0000, 0x0000, 0x0000, 0x0000, 0x2100, 0x0511, 0x8819, 0xED4A, 0xCC42,
    0xAB42, 0x0B53, 0x8A73, 0xCB7B, 0x0963, 0x0742, 0x8621, 0xE929, 0xC921, 0x8D4A, 0xCE5A, 0x8F73,
    0x73A5, 0xD2AD, 0x91A5, 0x91A5, 0x91A5, 0x92A5, 0x92A5, 0xD2AD, 0x93A5, 0xEC52, 0x4719, 0xE508,
    0xE608, 0xE608, 0xA400, 0x6711, 0x6619, 0x6A42, 0xB18C, 0xB2A5, 0x71A5, 0x91A5, 0x91A5, 0x91A5,
    0x92A5, 0xB3AD, 0x33A5, 0x4F6B, 0x4C4A, 0xC929, 0xC721, 0xC729, 0xA94A, 0xCC73, 0x4B63, 0x4C5B,
    0x0C4B, 0x2D43, 0xAC32, 0x6208, 0x0000, 0x0000, 0x0000, 0x0000, 0x0000, 0x0000, 0x0000, 0x0000,
    0x0000, 0x0000, 0x0000, 0x0000, 0x0000, 0x0000, 0x0000, 0x0000, 0x0000, 0x0000, 0x0000, 0x0000,
    0x0000, 0x0000, 0x0000, 0x0000, 0x0000, 0x0000, 0x0000, 0x0000, 0x0000, 0x0000, 0x0000, 0x0000,
    0x0000, 0x0000, 0x0000, 0x0000, 0x0000, 0x0000, 0x2000, 0x0000, 0x8308, 0x8829, 0xCC4A, 0x8A4A,
    0xA952, 0x6A6B, 0x2A6B, 0xE639, 0x2519, 0x8719, 0xE921, 0xC929, 0xAD52, 0x3073, 0xB07B, 0xB3AD,
    0xD2AD, 0xB1A5, 0xB2AD, 0xB2A5, 0x91A5, 0x91A5, 0xD2AD, 0x53A5, 0x6B4A, 0xA921, 0xB264, 0xB25C,
    0x8919, 0x0709, 0xED3A, 0xB575, 0x136D, 0x4A2A, 0xE931, 0xF194, 0xB3AD, 0x92A5, 0xB2A5, 0x92A5,
    0x92A5, 0x92A5, 0x92A5, 0x33A5, 0x7073, 0x4D4A, 0x8819, 0x8819, 0x6619, 0x083A, 0xEA5A, 0x6B6B,
    0x0A5B, 0xAB42, 0x8721, 0x2000, 0x0000, 0x0000, 0x0000, 0x0000, 0x0000, 0x0000, 0x0000, 0x0000,
    0x0000, 0x0000, 0x0000, 0x0000, 0x0000, 0x0000, 0x0000, 0x0000, 0x0000, 0x0000, 0x0000, 0x0000,
    0x0000, 0x0000, 0x0000, 0x0000, 0x0000, 0x0000, 0x0000, 0x0000, 0x0000, 0x0000, 0x0000, 0x0000,
    0x0000, 0x0000, 0x0000, 0x0000, 0x0000, 0x0000, 0x2000, 0x2000, 0x6208, 0x0619, 0x2842, 0xA85A,
    0x8B7B, 0xC95A, 0x6621, 0x6719, 0xA819, 0x8B32, 0x2A2A, 0xC931, 0x3073, 0xEE6A, 0x32A5, 0xD2AD,
    0xB2A5, 0xB2A5, 0xB2AD, 0xB2A5, 0x91A5, 0xB2A5, 0xD194, 0xC939, 0x2A32, 0xD57D, 0xB786, 0x536D,
    0x0709, 0x6500, 0xF04B, 0x935D, 0xF46D, 0x5796, 0x2D53, 0xA831, 0x908C, 0xD3AD, 0x92A5, 0x92A5,
    0x92A5, 0x92A5, 0x91A5, 0xB2AD, 0x518C, 0x8E5A, 0x0B3A, 0x8819, 0x0A2A, 0x6719, 0xA729, 0xCA5A,
    0x2A6B, 0xCA4A, 0xE410, 0x0000, 0x0000, 0x0000, 0x0000, 0x0000, 0x0000, 0x0000, 0x0000, 0x0000,
    0x0000, 0x0000, 0x0000, 0x0000, 0x0000, 0x0000, 0x0000, 0x0000, 0x0000, 0x0000, 0x0000, 0x0000,
    0x0000, 0x0000, 0x0000, 0x0000, 0x0000, 0x0000, 0x0000, 0x0000, 0x0000, 0x0000, 0x0000, 0x0000,
    0x0000, 0x0000, 0x0000, 0x0000, 0x0000, 0x0000, 0x0000, 0x2000, 0x0000, 0x8308, 0xE739, 0xAB7B,
    0x8852, 0x8721, 0xE921, 0x8B32, 0x2C3B, 0x4922, 0xE929, 0x4C4A, 0xCE6A, 0x518C, 0x92AD, 0xB2A5,
    0xB2A5, 0xB2A5, 0xB2AD, 0xB2AD, 0xB2A5, 0xD3AD, 0x508C, 0xA939, 0x4B3A, 0x957D, 0x767E, 0x3265,
    0xE819, 0xC919, 0xAB22, 0x1255, 0xF475, 0x98A6, 0x2E5B, 0xEA41, 0xD194, 0xB3AD, 0x92A5, 0x92A5,
    0x92A5, 0x91A5, 0x91A5, 0x91A5, 0xF19C, 0x8D5A, 0xCF62, 0xC929, 0x6709, 0xEC32, 0x4A2A, 0x2511,
    0x6942, 0x083A, 0xA308, 0x0000, 0x0000, 0x0000, 0x0000, 0x0000, 0x0000, 0x0000, 0x0000, 0x0000,
    0x0000, 0x0000, 0x0000, 0x0000, 0x0000, 0x0000, 0x0000, 0x0000, 0x0000, 0x0000, 0x0000, 0x0000,
    0x0000, 0x0000, 0x0000, 0x0000, 0x0000, 0x0000, 0x0000, 0x0000, 0x0000, 0x0000, 0x0000, 0x0000,
    0x0000, 0x0000, 0x0000, 0x0000, 0x0000, 0x0000, 0x0000, 0x0000, 0x0000, 0x8308, 0x6729, 0xA731,
    0x8721, 0x092A, 0x2D3B, 0x6D3B, 0x0C33, 0x8A2A, 0xE931, 0xCE62, 0xEE6A, 0x32A5, 0xB2A5, 0x91A5,
    0x91A5, 0x91A5, 0xB2A5, 0xB2A5, 0x92A5, 0x91A5, 0xB3AD, 0xB294, 0x0B4A, 0x0A3A, 0x126D, 0xF575,
    0xF57D, 0x167E, 0x367E, 0x367E, 0xB585, 0xED4A, 0x0B42, 0xD29C, 0x92AD, 0x71A5, 0x91A5, 0x91A5,
    0x91A5, 0x91A5, 0x91A5, 0x91A5, 0x71A5, 0x1084, 0xEF6A, 0xCA31, 0x8711, 0x2C33, 0x8D43, 0x8B2A,
    0x2609, 0x2611, 0xE410, 0x0000, 0x0000, 0x0000, 0x0000, 0x0000, 0x0000, 0x0000, 0x0000, 0x0000,
    0x0000, 0x0000, 0x0000, 0x0000, 0x0000, 0x0000, 0x0000, 0x0000, 0x0000, 0x0000, 0x0000, 0x0000,
    0x0000, 0x0000, 0x0000, 0x0000, 0x0000, 0x0000, 0x0000, 0x0000, 0x0000, 0x0000, 0x0000, 0x0000,
    0x0000, 0x0000, 0x0000, 0x0000, 0x0000, 0x0000, 0x0000, 0x0000, 0x0000, 0x6308, 0x0719, 0x0711,
    0x0922, 0xEC32, 0x8D3B, 0x0C33, 0x2D3B, 0x2A22, 0xA929, 0xEF6A, 0x0E6B, 0x72A5, 0xB2AD, 0xD2AD,
    0xF2AD, 0xF3AD, 0xF3B5, 0xF3AD, 0xF3AD, 0xB2A5, 0x719D, 0x92A5, 0xB194, 0x6F73, 0x8B4A, 0xAB3A,
    0xAA3A, 0xCB3A, 0xCB3A, 0xEB42, 0x4B42, 0x4B52, 0x9194, 0xB2AD, 0x719D, 0x71A5, 0xD2AD, 0xF2AD,
    0xF2AD, 0xF2AD, 0xF2AD, 0xD2AD, 0xF2AD, 0x32A5, 0x4F73, 0xEA39, 0xA811, 0x2D33, 0x8D3B, 0xCF4B,
    0x8B2A, 0x6719, 0xC410, 0x0000, 0x0000, 0x0000, 0x0000, 0x0000, 0x0000, 0x0000, 0x0000, 0x0000,
    0x0000, 0x0000, 0x0000, 0x0000, 0x0000, 0x0000, 0x0000, 0x0000, 0x0000, 0x0000, 0x0000, 0x0000,
    0x0000, 0x0000, 0x0000, 0x0000, 0x0000, 0x0000, 0x0000, 0x0000, 0x0000, 0x0000, 0x0000, 0x0000,
    0x0000, 0x0000, 0x0000, 0x0000, 0x0000, 0x0000, 0x0000, 0x0000, 0x0000, 0x6308, 0x0619, 0xC819,
    0xEB32, 0x8D43, 0x6922, 0x2C33, 0x0C33, 0xE929, 0xCE5A, 0xEF6A, 0xD294, 0xF3B5, 0x72A5, 0xD08C,
    0xD08C, 0xD08C, 0xD08C, 0xB08C, 0x6F84, 0x529D, 0xD3AD, 0x719D, 0x92A5, 0x32A5, 0x308C, 0xCE7B,
    0x508C, 0x2F84, 0x2F84, 0x3084, 0x1084, 0x9194, 0x92AD, 0x91A5, 0xB2A5, 0xF3AD, 0xF094, 0xB084,
    0xB08C, 0xB08C, 0xD08C, 0xB08C, 0x3195, 0x73A5, 0x6F7B, 0x6D52, 0x4711, 0xAB2A, 0x2C33, 0x2C2B,
    0x8E43, 0xC819, 0xC408, 0x0000, 0x0000, 0x0000, 0x0000, 0x0000, 0x0000, 0x0000, 0x0000, 0x0000,
    0x0000, 0x0000, 0x0000, 0x0000, 0x0000, 0x0000, 0x0000, 0x0000, 0x0000, 0x0000, 0x0000, 0x0000,
    0x0000, 0x0000, 0x0000, 0x0000, 0x0000, 0x0000, 0x0000, 0x0000, 0x0000, 0x0000, 0x0000, 0x0000,
    0x0000, 0x0000, 0x0000, 0x0000, 0x0000, 0x0000, 0x0000, 0x0000, 0x0000, 0x8308, 0x2611, 0x0C3B,
    0x6D3B, 0x291A, 0xEB32, 0xAE43, 0xC819, 0x8829, 0x0F6B, 0x0E6B, 0x93AD, 0x34B6, 0xAD63, 0x8619,
    0xC721, 0x8719, 0x8719, 0x8619, 0x6611, 0xA721, 0x8D63, 0xB3AD, 0xB2A5, 0xF3B5, 0xF19C, 0x308C,
    0x508C, 0x508C, 0x508C, 0x308C, 0x9094, 0xB2AD, 0xD2AD, 0xD3AD, 0xD08C, 0x0E74, 0x082A, 0x4611,
    0x8719, 0x6719, 0x8719, 0x6619, 0x8621, 0x7184, 0x4F73, 0xEF6A, 0xAA31, 0x4A22, 0x6D3B, 0x4D2B,
    0xEC2A, 0xA819, 0xE410, 0x0000, 0x0000, 0x0000, 0x0000, 0x0000, 0x0000, 0x0000, 0x0000, 0x0000,
    0x0000, 0x0000, 0x0000, 0x0000, 0x0000, 0x0000, 0x0000, 0x0000, 0x0000, 0x0000, 0x0000, 0x0000,
    0x0000, 0x0000, 0x0000, 0x0000, 0x0000, 0x0000, 0x0000, 0x0000, 0x0000, 0x0000, 0x0000, 0x0000,
    0x0000, 0x0000, 0x0000, 0x0000, 0x0000, 0x0000, 0x0000, 0x0000, 0x0000, 0x8308, 0x6719, 0x0C3B,
    0x4922, 0xCB2A, 0xCE43, 0xCB32, 0x8819, 0x8829, 0xEE6A, 0xEE62, 0x94AD, 0x707C, 0xA721, 0x0D3B,
    0x2D3B, 0x2D3B, 0x2D3B, 0x2C3B, 0x0C3B, 0x4922, 0xE821, 0xC729, 0x8D6B, 0xF194, 0xB3AD, 0x319D,
    0x329D, 0x329D, 0x32A5, 0x119D, 0x72AD, 0xF3B5, 0x529D, 0xEB4A, 0xC721, 0xE821, 0x6A2A, 0x2C3B,
    0x0C3B, 0x2C3B, 0x4D3B, 0x2D3B, 0xC819, 0x2619, 0xCE62, 0xEF6A, 0x8931, 0x2922, 0x915C, 0x4D2B,
    0xEC2A, 0xA819, 0xC410, 0x0000, 0x0000, 0x0000, 0x0000, 0x0000, 0x0000, 0x0000, 0x0000, 0x0000,
    0x0000, 0x0000, 0x0000, 0x0000, 0x0000, 0x0000, 0x0000, 0x0000, 0x0000, 0x0000, 0x0000, 0x0000,
    0x0000, 0x0000, 0x0000, 0x0000, 0x0000, 0x0000, 0x0000, 0x0000, 0x0000, 0x0000, 0x0000, 0x0000,
    0x0000, 0x0000, 0x0000, 0x0000, 0x0000, 0x0000, 0x0000, 0x0000, 0x0000, 0x8308, 0x8819, 0x8B2A,
    0xAB2A, 0x0F4C, 0x0B33, 0x4A22, 0xA819, 0x8829, 0xCE62, 0x5073, 0x6E63, 0x4619, 0x2A2A, 0xA819,
    0xA819, 0xA819, 0xA819, 0xA811, 0x4A22, 0x4D3B, 0x4D3B, 0xAB32, 0x4611, 0xC831, 0xB08C, 0x13B6,
    0x13B6, 0x13B6, 0x13B6, 0xF3B5, 0xD3B5, 0xB08C, 0xE829, 0x4A2A, 0x6D43, 0x8D43, 0x4D3B, 0x6A2A,
    0xA719, 0x8719, 0x8819, 0x8711, 0x8819, 0x6719, 0x4721, 0xAD52, 0xAA31, 0xC819, 0xAE43, 0x8D3B,
    0x6D3B, 0xE921, 0xA408, 0x0000, 0x0000, 0x0000, 0x0000, 0x0000, 0x0000, 0x0000, 0x0000, 0x0000,
    0x0000, 0x0000, 0x0000, 0x0000, 0x0000, 0x0000, 0x0000, 0x0000, 0x0000, 0x0000, 0x0000, 0x0000,
    0x0000, 0x0000, 0x0000, 0x0000, 0x0000, 0x0000, 0x0000, 0x0000, 0x0000, 0x0000, 0x0000, 0x0000,
    0x0000, 0x0000, 0x0000, 0x0000, 0x0000, 0x0000, 0x0000, 0x0000, 0x0000, 0x6308, 0x6719, 0x2C33,
    0x5054, 0x6D3B, 0x8A22, 0xEC32, 0xA811, 0x8929, 0x0F6B, 0x8D52, 0x2619, 0x0611, 0x0711, 0xA931,
    0xCA39, 0xCA39, 0xEA39, 0xCA31, 0x6919, 0xA819, 0xE921, 0x8B2A, 0x0C3B, 0x0A2A, 0x4729, 0xD194,
    0x319D, 0xF194, 0xF094, 0x92A5, 0x2F7C, 0x2932, 0x2C3B, 0x8E43, 0x6A22, 0xE921, 0xC919, 0x2711,
    0x6821, 0x0B42, 0x0B42, 0x0B42, 0xEA31, 0x2611, 0xE608, 0xC931, 0x0B3A, 0xA819, 0xEC32, 0xEF43,
    0x4D33, 0xE919, 0xA408, 0x0000, 0x0000, 0x0000, 0x0000, 0x0000, 0x0000, 0x0000, 0x0000, 0x0000,
    0x0000, 0x0000, 0x0000, 0x0000, 0x0000, 0x0000, 0x0000, 0x0000, 0x0000, 0x0000, 0x0000, 0x0000,
    0x0000, 0x0000, 0x0000, 0x0000, 0x0000, 0x0000, 0x0000, 0x0000, 0x0000, 0x0000, 0x0000, 0x0000,
    0x0000, 0x0000, 0x0000, 0x0000, 0x0000, 0x0000, 0x0000, 0x0000, 0x2000, 0xA408, 0x6719, 0x4D3B,
    0x6D3B, 0x8A22, 0x4D3B, 0x2D3B, 0xC819, 0xA931, 0x0F73, 0x6D5A, 0x6829, 0x8929, 0xCA39, 0xEF62,
    0x0F73, 0x0F73, 0x0F73, 0xEF6A, 0x4C4A, 0x6929, 0x2719, 0x4711, 0x6719, 0x8821, 0xEA41, 0x1084,
    0xB194, 0x908C, 0x6F8C, 0x12A5, 0x6B4A, 0xC921, 0x6A2A, 0xE921, 0x6819, 0x4821, 0x8929, 0x6D52,
    0xCE62, 0x0F73, 0x0F73, 0x1073, 0xCE62, 0x4C4A, 0x4C4A, 0xAD5A, 0x0B3A, 0xE921, 0xEC2A, 0xEC2A,
    0x4D33, 0xA819, 0xA408, 0x2100, 0x0000, 0x0000, 0x0000, 0x0000, 0x0000, 0x0000, 0x0000, 0x0000,
    0x0000, 0x0000, 0x0000, 0x0000, 0x0000, 0x0000, 0x0000, 0x0000, 0x0000, 0x0000, 0x0000, 0x0000,
    0x0000, 0x0000, 0x0000, 0x0000, 0x0000, 0x0000, 0x0000, 0x0000, 0x0000, 0x0000, 0x0000, 0x0000,
    0x0000, 0x0000, 0x0000, 0x0000, 0x0000, 0x0000, 0x0000, 0x0000, 0x8310, 0x0619, 0xA508, 0x8711,
    0x6A22, 0x2C33, 0x6D3B, 0x8B2A, 0xE919, 0xCA31, 0x0F73, 0xCF6A, 0xEF6A, 0xEF6A, 0xEF6A, 0xEE6A,
    0xCE6A, 0xCE6A, 0xCE6A, 0xCE6A, 0xCE6A, 0xCF62, 0x4C4A, 0xCB39, 0xAA39, 0x0B4A, 0xAE62, 0x2F73,
    0x908C, 0x908C, 0xB094, 0x1084, 0xAD62, 0x2C4A, 0x8929, 0x8929, 0x0B42, 0xCE62, 0xCF6A, 0xEF6A,
    0xEF6A, 0xCE6A, 0xCF6A, 0xCE6A, 0xCF6A, 0xEF6A, 0xEF6A, 0x1073, 0xEA39, 0xE921, 0xEC2A, 0xAB2A,
    0xA811, 0x6300, 0xE510, 0xA410, 0x0000, 0x0000, 0x0000, 0x0000, 0x0000, 0x0000, 0x0000, 0x0000,
    0x0000, 0x0000, 0x0000, 0x0000, 0x0000, 0x0000, 0x0000, 0x0000, 0x0000, 0x0000, 0x0000, 0x0000,
    0x0000, 0x0000, 0x0000, 0x0000, 0x0000, 0x0000, 0x0000, 0x0000, 0x0000, 0x0000, 0x0000, 0x0000,
    0x0000, 0x0000, 0x0000, 0x0000, 0x0000, 0x0000, 0x0000, 0x0000, 0x8308, 0x0619, 0x293A, 0xE829,
    0x8B2A, 0xCE43, 0x6A22, 0x4A22, 0xC919, 0xCA31, 0x0F73, 0xCE6A, 0xCE6A, 0xCE6A, 0xEE6A, 0xCE6A,
    0xEE6A, 0xEE6A, 0xEE6A, 0xCE6A, 0xCE62, 0xAE62, 0xCE62, 0xCE62, 0xCE6A, 0xCE6A, 0xCE6A, 0xCD62,
    0x119D, 0x72A5, 0x72A5, 0xB194, 0x8D62, 0x8E62, 0xAE62, 0xAE62, 0xCE62, 0xEF6A, 0xCE6A, 0xCF6A,
    0xCF6A, 0xCF6A, 0xCF6A, 0xCF6A, 0xCF6A, 0xCE62, 0xAE62, 0xEF6A, 0xCA39, 0xE819, 0x0C3B, 0xC819,
    0x0932, 0x4D63, 0x8829, 0x6308, 0x0000, 0x0000, 0x0000, 0x0000, 0x0000, 0x0000, 0x0000, 0x0000,
    0x0000, 0x0000, 0x0000, 0x0000, 0x0000, 0x0000, 0x0000, 0x0000, 0x0000, 0x0000, 0x0000, 0x0000,
    0x0000, 0x0000, 0x0000, 0x0000, 0x0000, 0x0000, 0x0000, 0x0000, 0x0000, 0x0000, 0x0000, 0x0000,
    0x0000, 0x0000, 0x0000, 0x0000, 0x0000, 0x0000, 0x0000, 0x0000, 0x8308, 0xA729, 0x36B6, 0xD5AD,
    0x8A42, 0xC821, 0x0922, 0xAB2A, 0xC819, 0xA931, 0x0F73, 0xCE6A, 0xEF6A, 0xCF6A, 0xAE62, 0xEF6A,
    0xEE6A, 0xCE6A, 0xCE6A, 0xCE6A, 0xCE6A, 0xCE6A, 0xCE62, 0xCF6A, 0xCE62, 0xCE6A, 0xAE62, 0xAF7B,
    0xD3AD, 0xD2AD, 0xF2AD, 0x93AD, 0xCD62, 0x6E62, 0x8E62, 0xAE62, 0xAE62, 0xAE62, 0xCE6A, 0xCE6A,
    0xCE6A, 0xCE6A, 0xCF6A, 0xCF6A, 0xCF6A, 0xEF6A, 0xCE62, 0xCF6A, 0xCA31, 0xC819, 0xC819, 0x0932,
    0xB194, 0xB4AD, 0x4942, 0x4200, 0x0000, 0x0000, 0x0000, 0x0000, 0x0000, 0x0000, 0x0000, 0x0000,
    0x0000, 0x0000, 0x0000, 0x0000, 0x0000, 0x0000, 0x0000, 0x0000, 0x0000, 0x0000, 0x0000, 0x0000,
    0x0000, 0x0000, 0x0000, 0x0000, 0x0000, 0x0000, 0x0000, 0x0000, 0x0000, 0x0000, 0x0000, 0x0000,
    0x0000, 0x0000, 0x0000, 0x0000, 0x0000, 0x0000, 0x0000, 0x0000, 0x8408, 0xC831, 0x708C, 0xCF7B,
    0x54A5, 0xCB4A, 0x6711, 0x6D43, 0x4922, 0xA931, 0xEF6A, 0xAE62, 0xCE6A, 0x4D52, 0x2C4A, 0xCE62,
    0xEF6A, 0xEF6A, 0xEF6A, 0xEF6A, 0x0F6B, 0xEF6A, 0xCE62, 0x6D52, 0xCF6A, 0xEF6A, 0xAE62, 0x1084,
    0xF3B5, 0xB1A5, 0xD1AD, 0x92AD, 0xCE62, 0x6E5A, 0xAE62, 0xEB41, 0x6D52, 0xCE62, 0xCF6A, 0xEF6A,
    0xEF6A, 0xEF6A, 0xEF6A, 0xEF6A, 0xEF62, 0x4C52, 0xAE62, 0xEF6A, 0xEA31, 0x0922, 0x4A2A, 0x7184,
    0x4D6B, 0xD294, 0x4942, 0x4208, 0x0000, 0x0000, 0x0000, 0x0000, 0x0000, 0x0000, 0x0000, 0x0000,
    0x0000, 0x0000, 0x0000, 0x0000, 0x0000, 0x0000, 0x0000, 0x0000, 0x0000, 0x0000, 0x0000, 0x0000,
    0x0000, 0x0000, 0x0000, 0x0000, 0x0000, 0x0000, 0x0000, 0x0000, 0x0000, 0x0000, 0x0000, 0x0000,
    0x0000, 0x0000, 0x0000, 0x0000, 0x0000, 0x0000, 0x0000, 0x0000, 0x8408, 0xC831, 0x928C, 0x6C5A,
    0x518C, 0xAC52, 0x6711, 0x6D3B, 0x2922, 0xA931, 0x0F6B, 0xF083, 0x8F7B, 0xEA41, 0x4829, 0x4821,
    0x4C4A, 0x6D4A, 0x6D52, 0x6D52, 0xAD52, 0x4C42, 0x0A32, 0x0B42, 0x4F73, 0x328C, 0x0F6B, 0xEF83,
    0xD3AD, 0xB1A5, 0xD1AD, 0x92AD, 0xCD62, 0x0F6B, 0x528C, 0xEA39, 0x4821, 0xA929, 0x0B42, 0x6D52,
    0x6C52, 0x4D52, 0x6D52, 0x4C4A, 0x2721, 0xA931, 0xD07B, 0x9073, 0x0A3A, 0x4A22, 0x0C43, 0x107C,
    0x4B52, 0x139D, 0x4A42, 0x6308, 0x0000, 0x0000, 0x0000, 0x0000, 0x0000, 0x0000, 0x0000, 0x0000,
    0x0000, 0x0000, 0x0000, 0x0000, 0x0000, 0x0000, 0x0000, 0x0000, 0x0000, 0x0000, 0x0000, 0x0000,
    0x0000, 0x0000, 0x0000, 0x0000, 0x0000, 0x0000, 0x0000, 0x0000, 0x0000, 0x0000, 0x0000, 0x0000,
    0x0000, 0x0000, 0x0000, 0x0000, 0x0000, 0x0000, 0x0000, 0x0000, 0x8408, 0xE831, 0xD294, 0x0E6B,
    0x8D5A, 0x4821, 0xA819, 0x6D3B, 0x4922, 0xC931, 0x8F7B, 0x32A5, 0x72AD, 0x119D, 0x6D63, 0x4619,
    0xA408, 0xC508, 0xC510, 0xE508, 0x0511, 0x0611, 0x8929, 0xAD5A, 0xD29C, 0x74AD, 0xAD62, 0x1084,
    0xF3B5, 0xB2AD, 0xD2AD, 0x92AD, 0xED62, 0x4E6B, 0xB4AD, 0xAF73, 0xCA39, 0xE610, 0xE510, 0xE508,
    0xE510, 0xE510, 0xE510, 0xE510, 0x4A42, 0xEF7B, 0x53A5, 0x33A5, 0x0A3A, 0x4A22, 0x8821, 0x6C52,
    0xCD62, 0x33A5, 0x6A42, 0x8308, 0x0000, 0x0000, 0x0000, 0x0000, 0x0000, 0x0000, 0x0000, 0x0000,
    0x0000, 0x0000, 0x0000, 0x0000, 0x0000, 0x0000, 0x0000, 0x0000, 0x0000, 0x0000, 0x0000, 0x0000,
    0x0000, 0x0000, 0x0000, 0x0000, 0x0000, 0x0000, 0x0000, 0x0000, 0x0000, 0x0000, 0x0000, 0x0000,
    0x0000, 0x0000, 0x0000, 0x0000, 0x0000, 0x0000, 0x0000, 0x0000, 0x8308, 0xC831, 0x339D, 0xF07B,
    0x6D52, 0x8929, 0xE819, 0x8E3B, 0x6A22, 0xE939, 0xD07B, 0xD3B5, 0xF2AD, 0xD2AD, 0xD2AD, 0xF08C,
    0x8F84, 0x8F84, 0x9084, 0x8F84, 0x9084, 0xEF7B, 0xED62, 0x308C, 0xF4B5, 0x52A5, 0xAF7B, 0xB294,
    0xF3B5, 0xD2AD, 0xF2AD, 0xD3AD, 0x3084, 0x3084, 0xB2AD, 0x119D, 0xCF7B, 0x6E6B, 0x3074, 0xD084,
    0xB084, 0xB08C, 0xB08C, 0xB08C, 0x119D, 0xF3B5, 0xD3AD, 0x73AD, 0x2A3A, 0x4A22, 0x8821, 0x4C52,
    0xAF7B, 0xF5B5, 0x6A42, 0x8308, 0x0000, 0x0000, 0x0000, 0x0000, 0x0000, 0x0000, 0x0000, 0x0000,
    0x0000, 0x0000, 0x0000, 0x0000, 0x0000, 0x0000, 0x0000, 0x0000, 0x0000, 0x0000, 0x0000, 0x0000,
    0x0000, 0x0000, 0x0000, 0x0000, 0x0000, 0x0000, 0x0000, 0x0000, 0x0000, 0x0000, 0x0000, 0x0000,
    0x0000, 0x0000, 0x0000, 0x0000, 0x0000, 0x0000, 0x0000, 0x0000, 0xA410, 0x2721, 0x4D63, 0xD39C,
    0x6D52, 0xA929, 0xE819, 0xAE3B, 0x6A22, 0xEA31, 0xD07B, 0xB3AD, 0xD2AD, 0xB2AD, 0xB1A5, 0xD2AD,
    0xF2AD, 0xF3AD, 0xF3AD, 0xF2AD, 0x12B6, 0x119D, 0x508C, 0xD3AD, 0xF3AD, 0x529D, 0x708C, 0xF29C,
    0xF3B5, 0xD2AD, 0xF3AD, 0xD3AD, 0x908C, 0x908C, 0x92A5, 0xD2AD, 0x52A5, 0x908C, 0x52A5, 0xF2AD,
    0xD2AD, 0xD2AD, 0xF2AD, 0xF2AD, 0xD2AD, 0xB2AD, 0xD2AD, 0x73A5, 0x2A3A, 0x4A2A, 0xA821, 0x4C52,
    0x1084, 0x7084, 0xC831, 0xA410, 0x0000, 0x0000, 0x0000, 0x0000, 0x0000, 0x0000, 0x0000, 0x0000,
    0x0000, 0x0000, 0x0000, 0x0000, 0x0000, 0x0000, 0x0000, 0x0000, 0x0000, 0x0000, 0x0000, 0x0000,
    0x0000, 0x0000, 0x0000, 0x0000, 0x0000, 0x0000, 0x0000, 0x0000, 0x0000, 0x0000, 0x0000, 0x0000,
    0x0000, 0x0000, 0x0000, 0x0000, 0x0000, 0x0000, 0x0000, 0x0000, 0x8310, 0xC610, 0x8B4A, 0xB39C,
    0x6D52, 0xA929, 0x091A, 0xAE43, 0x6A22, 0xC931, 0x8F73, 0xB3AD, 0xB1AD, 0xB2A5, 0xB1AD, 0xB2AD,
    0xB2AD, 0xB2A5, 0xB1A5, 0xB1A5, 0xB1A5, 0xD1A5, 0xD2AD, 0xB1A5, 0xD2AD, 0x529D, 0x3084, 0xF194,
    0xF3B5, 0xD2AD, 0xF2AD, 0xD3AD, 0x708C, 0x908C, 0xD3AD, 0xB2A5, 0xB1A5, 0xD2AD, 0xB2A5, 0xB1A5,
    0xB1A5, 0xB2A5, 0xB1A5, 0xB1AD, 0xB1AD, 0xB1A5, 0xB2AD, 0x93AD, 0x2A3A, 0x4A2A, 0xA821, 0x2C52,
    0x7294, 0x4D63, 0xE518, 0x8308, 0x0000, 0x0000, 0x0000, 0x0000, 0x0000, 0x0000, 0x0000, 0x0000,
    0x0000, 0x0000, 0x0000, 0x0000, 0x0000, 0x0000, 0x0000, 0x0000, 0x0000, 0x0000, 0x0000, 0x0000,
    0x0000, 0x0000, 0x0000, 0x0000, 0x0000, 0x0000, 0x0000, 0x0000, 0x0000, 0x0000, 0x0000, 0x0000,
    0x0000, 0x0000, 0x0000, 0x0000, 0x0000, 0x0000, 0x0000, 0x2000, 0x0000, 0x6408, 0x6C42, 0xF17B,
    0x8D5A, 0xA931, 0x091A, 0xAE3B, 0xEB32, 0x0A32, 0xAD5A, 0x718C, 0xD2AD, 0xB1A5, 0xB2A5, 0xD2AD,
    0xB2AD, 0xB2AD, 0xB2AD, 0xB2AD, 0xD2AD, 0xB1A5, 0xB1A5, 0xB1A5, 0xB2A5, 0x119D, 0x3084, 0xF194,
    0xF3AD, 0xD2AD, 0xF2AD, 0xD3AD, 0x708C, 0x718C, 0x319D, 0xB2AD, 0xB1A5, 0xB1A5, 0xB1A5, 0xB2AD,
    0xB1A5, 0xB2A5, 0xB1A5, 0xB1AD, 0xB1A5, 0xB1A5, 0xD2AD, 0x918C, 0xC929, 0x4A2A, 0x6821, 0x2C4A,
    0xF183, 0xEC52, 0x6308, 0x0000, 0x2000, 0x0000, 0x0000, 0x0000, 0x0000, 0x0000, 0x0000, 0x0000,
    0x0000, 0x0000, 0x0000, 0x0000, 0x0000, 0x0000, 0x0000, 0x0000, 0x0000, 0x0000, 0x0000, 0x0000,
    0x0000, 0x0000, 0x0000, 0x0000, 0x0000, 0x0000, 0x0000, 0x0000, 0x0000, 0x0000, 0x0000, 0x0000,
    0x0000, 0x0000, 0x0000, 0x0000, 0x0000, 0x0000, 0x0000, 0x2000, 0x0000, 0xA408, 0x0711, 0xA931,
    0xAE5A, 0x8929, 0xC819, 0x6D33, 0x2C3B, 0xC929, 0x0B42, 0x2E6B, 0xB3AD, 0xD2AD, 0xB2AD, 0xD2AD,
    0xB2AD, 0xB2AD, 0xB2AD, 0xB2AD, 0xB1AD, 0xB1A5, 0xB1A5, 0xD2AD, 0x71A5, 0x6F84, 0x5084, 0xD194,
    0xF3AD, 0xD2AD, 0xD2AD, 0xB2AD, 0x908C, 0x708C, 0x6F84, 0x72A5, 0xD2AD, 0xB2A5, 0xB2A5, 0xB2A5,
    0xB2AD, 0xB1AD, 0xB2AD, 0xB1A5, 0xB1A5, 0xB1A5, 0x93AD, 0xAC52, 0x0A2A, 0x8B2A, 0x8821, 0x8D5A,
    0xEA39, 0x2611, 0xA308, 0x0000, 0x0000, 0x0000, 0x0000, 0x0000, 0x0000, 0x0000, 0x0000, 0x0000,
    0x0000, 0x0000, 0x0000, 0x0000, 0x0000, 0x0000, 0x0000, 0x0000, 0x0000, 0x0000, 0x0000, 0x0000,
    0x0000, 0x0000, 0x0000, 0x0000, 0x0000, 0x0000, 0x0000, 0x0000, 0x0000, 0x0000, 0x0000, 0x0000,
    0x0000, 0x0000, 0x0000, 0x0000, 0x0000, 0x0000, 0x0000, 0x0000, 0x0000, 0x2100, 0x8300, 0xA929,
    0x8D52, 0x8829, 0xC819, 0x6D3B, 0x4C3B, 0x0922, 0xCA31, 0xAD62, 0x918C, 0xF3B5, 0xB2AD, 0xB2AD,
    0xB2AD, 0xB2AD, 0xB2AD, 0xB2AD, 0xD2AD, 0xB1A5, 0xD3AD, 0x5084, 0xEE7B, 0xB3AD, 0x6F84, 0x72A5,
    0xD1AD, 0xB1A5, 0xD1A5, 0xB2AD, 0xD094, 0x119D, 0xB3AD, 0x8D6B, 0xF29C, 0xD2AD, 0xB2AD, 0xB2AD,
    0xB2AD, 0xB2AD, 0xB2AD, 0xB2A5, 0xB1A5, 0xF3B5, 0x708C, 0xCA31, 0x2A22, 0x8A2A, 0x8821, 0xAD5A,
    0xEA31, 0xC408, 0x2000, 0x0000, 0x0000, 0x0000, 0x0000, 0x0000, 0x0000, 0x0000, 0x0000, 0x0000,
    0x0000, 0x0000, 0x0000, 0x0000, 0x0000, 0x0000, 0x0000, 0x0000, 0x0000, 0x0000, 0x0000, 0x0000,
    0x0000, 0x0000, 0x0000, 0x0000, 0x0000, 0x0000, 0x0000, 0x0000, 0x0000, 0x0000, 0x0000, 0x0000,
    0x0000, 0x0000, 0x0000, 0x0000, 0x0000, 0x0000, 0x0000, 0x0000, 0x0000, 0x0000, 0x4100, 0xA929,
    0x8D52, 0xA929, 0x4711, 0xAB2A, 0x8D3B, 0x2C3B, 0xE929, 0x4C52, 0x6F73, 0x92A5, 0xD2AD, 0xB2AD,
    0xB2AD, 0xB2AD, 0xB2AD, 0xB2AD, 0xB2A5, 0xF2AD, 0x329D, 0x8C5A, 0x4D6B, 0xF3B5, 0xB08C, 0xB2A5,
    0xD1A5, 0xB1A5, 0xB1A5, 0xD2AD, 0xD094, 0x319D, 0x34B6, 0xAC52, 0xED62, 0x93AD, 0xD2AD, 0xB2AD,
    0xB2AD, 0xB2AD, 0xB2AD, 0xB2A5, 0xD2AD, 0xD3AD, 0x8F73, 0x6821, 0x8B2A, 0x6A22, 0x4719, 0xAD5A,
    0xEA31, 0x8200, 0x0000, 0x0000, 0x0000, 0x0000, 0x0000, 0x0000, 0x0000, 0x0000, 0x0000, 0x0000,
    0x0000, 0x0000, 0x0000, 0x0000, 0x0000, 0x0000, 0x0000, 0x0000, 0x0000, 0x0000, 0x0000, 0x0000,
    0x0000, 0x0000, 0x0000, 0x0000, 0x0000, 0x0000, 0x0000, 0x0000, 0x0000, 0x0000, 0x0000, 0x0000,
    0x0000, 0x0000, 0x0000, 0x0000, 0x0000, 0x0000, 0x0000, 0x0000, 0x0000, 0x0000, 0x4100, 0xC408,
    0x0A3A, 0x0A32, 0xC508, 0x6A2A, 0xAE3B, 0x8E3B, 0x0922, 0xEB41, 0xEE6A, 0xB194, 0xD3AD, 0xB2AD,
    0xD2AD, 0xB2AD, 0xD2AD, 0xB2AD, 0xF2AD, 0xF4B5, 0x107C, 0x8D52, 0x6F6B, 0x74AD, 0x5084, 0x72A5,
    0xD1A5, 0xB1A5, 0xB1A5, 0xB2AD, 0x908C, 0x119D, 0xF4AD, 0xCC52, 0xCD5A, 0xD294, 0xF4B5, 0xD2AD,
    0xD2AD, 0xB2AD, 0xB2A5, 0xB2A5, 0xD3AD, 0xD194, 0x8C52, 0x4A32, 0x2C33, 0x6A22, 0x6821, 0x4B42,
    0x4719, 0x8308, 0x0000, 0x0000, 0x0000, 0x0000, 0x0000, 0x0000, 0x0000, 0x0000, 0x0000, 0x0000,
    0x0000, 0x0000, 0x0000, 0x0000, 0x0000, 0x0000, 0x0000, 0x0000, 0x0000, 0x0000, 0x0000, 0x0000,
    0x0000, 0x0000, 0x0000, 0x0000, 0x0000, 0x0000, 0x0000, 0x0000, 0x0000, 0x0000, 0x0000, 0x0000,
    0x0000, 0x0000, 0x0000, 0x0000, 0x0000, 0x0000, 0x0000, 0x0000, 0x0000, 0x0000, 0x0000, 0x4200,
    0x2619, 0x8821, 0x0609, 0xAC2A, 0xCE3B, 0x0F44, 0xEC32, 0xA929, 0xCE62, 0xEE6A, 0xB094, 0xF2AD,
    0xB2A5, 0xD2AD, 0xD2AD, 0xD3AD, 0x529D, 0xB28C, 0x2F63, 0x2C42, 0x8929, 0x0B42, 0x2B4A, 0xCF7B,
    0x93AD, 0xB2A5, 0xB2AD, 0x529D, 0x4E6B, 0xED5A, 0x4A42, 0x8929, 0xAD52, 0x6F6B, 0x307C, 0xB4AD,
    0xB2AD, 0x91A5, 0x91A5, 0xB1A5, 0x72A5, 0x2D63, 0x2B3A, 0x0C33, 0xCE43, 0x6A2A, 0x4719, 0x4719,
    0xA408, 0x2100, 0x0000, 0x0000, 0x0000, 0x0000, 0x0000, 0x0000, 0x0000, 0x0000, 0x0000, 0x0000,
    0x0000, 0x0000, 0x0000, 0x0000, 0x0000, 0x0000, 0x0000, 0x0000, 0x0000, 0x0000, 0x0000, 0x0000,
    0x0000, 0x0000, 0x0000, 0x0000, 0x0000, 0x0000, 0x0000, 0x0000, 0x0000, 0x0000, 0x0000, 0x0000,
    0x0000, 0x0000, 0x0000, 0x0000, 0x0000, 0x0000, 0x0000, 0x0000, 0x0000, 0x0000, 0x0000, 0x4100,
    0x0611, 0xE610, 0x0709, 0xED32, 0xAE33, 0x704C, 0xAE3B, 0x6B2A, 0xEA39, 0x0F6B, 0x9094, 0xD2AD,
    0xD2AD, 0x92A5, 0x329D, 0x0C53, 0x0922, 0xE919, 0xC919, 0x6811, 0x2709, 0xE608, 0x6929, 0x0B42,
    0x4F73, 0x6F73, 0x8F73, 0x2E6B, 0x2B42, 0xE610, 0xA508, 0x2711, 0x8819, 0x0922, 0xE921, 0xAC42,
    0x5084, 0x72A5, 0xB2A5, 0x91A5, 0x93AD, 0x2D63, 0x0C43, 0xAD33, 0x0E3C, 0x8B2A, 0xE608, 0x0611,
    0xE510, 0x0000, 0x0000, 0x0000, 0x0000, 0x0000, 0x0000, 0x0000, 0x0000, 0x0000, 0x0000, 0x0000,
    0x0000, 0x0000, 0x0000, 0x0000, 0x0000, 0x0000, 0x0000, 0x0000, 0x0000, 0x0000, 0x0000, 0x0000,
    0x0000, 0x0000, 0x0000, 0x0000, 0x0000, 0x0000, 0x0000, 0x0000, 0x0000, 0x0000, 0x0000, 0x0000,
    0x0000, 0x0000, 0x0000, 0x0000, 0x0000, 0x0000, 0x0000, 0x0000, 0x0000, 0x0000, 0x0000, 0x4100,
    0xE510, 0x0711, 0xA919, 0x0D33, 0x2F44, 0x2F44, 0xCE3B, 0x2D33, 0x2B32, 0xAD5A, 0x518C, 0x14B6,
    0x329D, 0xF073, 0xAC42, 0x2C33, 0xCE33, 0xCD33, 0x0F3C, 0xAE33, 0x2D33, 0x2A22, 0x2709, 0x2719,
    0x6921, 0x4821, 0x4821, 0x4821, 0xE610, 0xA819, 0x4A22, 0x0C2B, 0xEE3B, 0xCE33, 0xEE3B, 0x2C33,
    0xAB3A, 0xAE6B, 0x1295, 0xF3B5, 0xB19C, 0x4B42, 0x2C33, 0xCD33, 0x0F3C, 0xCC32, 0x0711, 0x0611,
    0xA410, 0x0000, 0x0000, 0x0000, 0x0000, 0x0000, 0x0000, 0x0000, 0x0000, 0x0000, 0x0000, 0x0000,
    0x0000, 0x0000, 0x0000, 0x0000, 0x0000, 0x0000, 0x0000, 0x0000, 0x0000, 0x0000, 0x0000, 0x0000,
    0x0000, 0x0000, 0x0000, 0x0000, 0x0000, 0x0000, 0x0000, 0x0000, 0x0000, 0x0000, 0x0000, 0x0000,
    0x0000, 0x0000, 0x0000, 0x0000, 0x0000, 0x0000, 0x0000, 0x0000, 0x0000, 0x0000, 0x0000, 0x0000,
    0x6208, 0x4719, 0x6B2A, 0x8E3B, 0xD14C, 0xCE33, 0xEE3B, 0xCF3B, 0x2D3B, 0x0B32, 0x2E6B, 0x9294,
    0xED52, 0x4B32, 0x6D33, 0x2F3C, 0x4F34, 0x6F3C, 0xD14C, 0xCD33, 0x6D2B, 0xAE3B, 0xEC32, 0xA919,
    0x2811, 0x2811, 0x2811, 0x4811, 0x4B22, 0x2D33, 0x4D33, 0x2F3C, 0x124D, 0xB044, 0xF14C, 0x4F3C,
    0x0C2B, 0x2A2A, 0x8B4A, 0x108C, 0x8F83, 0x4B32, 0x4D33, 0x7044, 0x0F3C, 0x4E3B, 0x4B2A, 0xE510,
    0x0100, 0x0000, 0x0000, 0x0000, 0x0000, 0x0000, 0x0000, 0x0000, 0x0000, 0x0000, 0x0000, 0x0000,
    0x0000, 0x0000, 0x0000, 0x0000, 0x0000, 0x0000, 0x0000, 0x0000, 0x0000, 0x0000, 0x0000, 0x0000,
    0x0000, 0x0000, 0x0000, 0x0000, 0x0000, 0x0000, 0x0000, 0x0000, 0x0000, 0x0000, 0x0000, 0x0000,
    0x0000, 0x0000, 0x0000, 0x0000, 0x0000, 0x0000, 0x0000, 0x0000, 0x0000, 0x0000, 0x0000, 0x0000,
    0x6208, 0x2711, 0x6B2A, 0xCE3B, 0x4F44, 0xCE3B, 0xCE3B, 0x2F3C, 0x0F44, 0x0A22, 0x8D4A, 0xCE5A,
    0x2A2A, 0x8E3B, 0xD14C, 0x6F44, 0xAD33, 0xAE33, 0x8D33, 0x6C33, 0x6C33, 0x6D33, 0x8D33, 0x0C2B,
    0x4A22, 0x4A22, 0x4A22, 0x8B2A, 0x6D33, 0x8D33, 0x6D2B, 0x8D33, 0x6D33, 0x2C2B, 0x8D33, 0x904C,
    0x4F44, 0x6D33, 0x2A2A, 0x6C4A, 0xCE62, 0x8B32, 0x8D33, 0xB044, 0x6F3C, 0x6E33, 0x6B2A, 0xE510,
    0x0000, 0x0000, 0x0000, 0x0000, 0x0000, 0x0000, 0x0000, 0x0000, 0x0000, 0x0000, 0x0000, 0x0000,
    0x0000, 0x0000, 0x0000, 0x0000, 0x0000, 0x0000, 0x0000, 0x0000, 0x0000, 0x0000, 0x0000, 0x0000,
    0x0000, 0x0000, 0x0000, 0x0000, 0x0000, 0x0000, 0x0000, 0x0000, 0x0000, 0x0000, 0x0000, 0x0000,
    0x0000, 0x0000, 0x0000, 0x0000, 0x0000, 0x0000, 0x0000, 0x0000, 0x0000, 0x0000, 0x0000, 0x0000,
    0x4200, 0x2711, 0xCC32, 0xAE3B, 0xCE3B, 0xCE3B, 0xCE33, 0xB144, 0xEE3B, 0x2D33, 0xEA21, 0x8819,
    0x8E3B, 0xD14C, 0x9044, 0x4D33, 0x4A22, 0xAB2A, 0x4D3B, 0x6D3B, 0x8E3B, 0x8E33, 0x8E33, 0xAE3B,
    0xAE3B, 0xAF3B, 0xAE3B, 0xAE3B, 0x8E3B, 0x8E33, 0x8E3B, 0x6E3B, 0x6E3B, 0x4A22, 0xC919, 0xCB2A,
    0x9044, 0xB044, 0x6D33, 0xA921, 0x4A32, 0xAE43, 0x6C2B, 0x6F44, 0xF14C, 0x2F44, 0x2A22, 0xC508,
    0x0000, 0x0000, 0x0000, 0x0000, 0x0000, 0x0000, 0x0000, 0x0000, 0x0000, 0x0000, 0x0000, 0x0000,
    0x0000, 0x0000, 0x0000, 0x0000, 0x0000, 0x0000, 0x0000, 0x0000, 0x0000, 0x0000, 0x0000, 0x0000,
    0x0000, 0x0000, 0x0000, 0x0000, 0x0000, 0x0000, 0x0000, 0x0000, 0x0000, 0x0000, 0x0000, 0x0000,
    0x0000, 0x0000, 0x0000, 0x0000, 0x0000, 0x0000, 0x0000, 0x0000, 0x0000, 0x0000, 0x0000, 0x0000,
    0x6200, 0x2711, 0x4B2A, 0x6D3B, 0xCE3B, 0xAD33, 0x4F44, 0xB14C, 0xAD33, 0x8E3B, 0x4A22, 0x6A22,
    0xD04C, 0x8F44, 0x4D33, 0x4711, 0xC608, 0x6811, 0xE919, 0xA911, 0xA911, 0xA911, 0xA911, 0xA911,
    0xA811, 0xA911, 0xA911, 0xA811, 0xA911, 0xA911, 0xA811, 0xC911, 0x0A1A, 0xEA21, 0x0709, 0x8811,
    0x8D33, 0xB14C, 0x7044, 0x4A22, 0xCB2A, 0xCE3B, 0xAD33, 0x6C2B, 0x4F3C, 0x0F3C, 0x0922, 0xC508,
    0x0000, 0x0000, 0x0000, 0x0000, 0x0000, 0x0000, 0x0000, 0x0000, 0x0000, 0x0000, 0x0000, 0x0000,
    0x0000, 0x0000, 0x0000, 0x0000, 0x0000, 0x0000, 0x0000, 0x0000, 0x0000, 0x0000, 0x0000, 0x0000,
    0x0000, 0x0000, 0x0000, 0x0000, 0x0000, 0x0000, 0x0000, 0x0000, 0x0000, 0x0000, 0x0000, 0x0000,
    0x0000, 0x0000, 0x0000, 0x0000, 0x0000, 0x0000, 0x0000, 0x0000, 0x0000, 0x0000, 0x0000, 0x0000,
    0x6200, 0xE608, 0xA921, 0xAC32, 0x6D33, 0x2E3C, 0xB04C, 0xCD33, 0x6D33, 0xAD3B, 0xCB2A, 0x6D33,
    0x1155, 0xEE3B, 0x091A, 0xA608, 0x0711, 0x4819, 0x8C32, 0xD05B, 0x927C, 0xB27C, 0xB37C, 0xB37C,
    0xB37C, 0xB27C, 0x927C, 0x927C, 0x927C, 0x927C, 0x927C, 0xF063, 0xAC32, 0x6811, 0x2811, 0x8919,
    0xCC2A, 0x8C2B, 0xB04C, 0x0C2B, 0xCB2A, 0x6F44, 0x8F44, 0x2C2B, 0x2F44, 0xEF43, 0xE921, 0xA408,
    0x0000, 0x0000, 0x0000, 0x0000, 0x0000, 0x0000, 0x0000, 0x0000, 0x0000, 0x0000, 0x0000, 0x0000,
    0x0000, 0x0000, 0x0000, 0x0000, 0x0000, 0x0000, 0x0000, 0x0000, 0x0000, 0x0000, 0x0000, 0x0000,
    0x0000, 0x0000, 0x0000, 0x0000, 0x0000, 0x0000, 0x0000, 0x0000, 0x0000, 0x0000, 0x0000, 0x0000,
    0x0000, 0x0000, 0x0000, 0x0000, 0x0000, 0x0000, 0x0000, 0x0000, 0x0000, 0x0000, 0x0000, 0x0000,
    0x6200, 0xE710, 0xCA21, 0x4B2A, 0x6D33, 0xD04C, 0xEE33, 0x8D33, 0x8D33, 0xAD3B, 0xCB2A, 0x4C33,
    0xD14C, 0x8D33, 0xC919, 0x6C42, 0xCA31, 0x0711, 0x4C32, 0xB05B, 0x969D, 0x17AE, 0xF7AD, 0xF7AD,
    0xF6AD, 0xD6A5, 0xD6A5, 0xF6AD, 0xF7AD, 0xD6A5, 0xF7A5, 0x9274, 0x8C32, 0x0711, 0x6C4A, 0x8D42,
    0x8B22, 0xAD33, 0x9044, 0x0C2B, 0xEC2A, 0x0E3C, 0xD044, 0xEE3B, 0x8D33, 0x6D3B, 0xC819, 0xA408,
    0x0000, 0x0000, 0x0000, 0x0000, 0x0000, 0x0000, 0x0000, 0x0000, 0x0000, 0x0000, 0x0000, 0x0000,
    0x0000, 0x0000, 0x0000, 0x0000, 0x0000, 0x0000, 0x0000, 0x0000, 0x0000, 0x0000, 0x0000, 0x0000,
    0x0000, 0x0000, 0x0000, 0x0000, 0x0000, 0x0000, 0x0000, 0x0000, 0x0000, 0x0000, 0x0000, 0x0000,
    0x0000, 0x0000, 0x0000, 0x0000, 0x0000, 0x0000, 0x0000, 0x0000, 0x0000, 0x0000, 0x0000, 0x0000,
    0x6300, 0xE610, 0xCA29, 0x2A2A, 0x8E3B, 0x704C, 0x8C2B, 0x8D33, 0x8D33, 0xAE3B, 0xEB22, 0x8D33,
    0xB04C, 0x0C2B, 0xA919, 0x4F63, 0xD073, 0xC508, 0xE608, 0x0711, 0xE608, 0xC510, 0xA510, 0xA510,
    0xA510, 0xA510, 0xA510, 0xA510, 0xA510, 0xE610, 0xE608, 0x2711, 0xC608, 0x6821, 0xF283, 0x6C42,
    0xAB2A, 0xCE33, 0xB04C, 0x0C2B, 0x2D33, 0x6D2B, 0x6F3C, 0x2F3C, 0x2C2B, 0x0C33, 0x8819, 0x8408,
    0x0000, 0x0000, 0x0000, 0x0000, 0x0000, 0x0000, 0x0000, 0x0000, 0x0000, 0x0000, 0x0000, 0x0000,
    0x0000, 0x0000, 0x0000, 0x0000, 0x0000, 0x0000, 0x0000, 0x0000, 0x0000, 0x0000, 0x0000, 0x0000,
    0x0000, 0x0000, 0x0000, 0x0000, 0x0000, 0x0000, 0x0000, 0x0000, 0x0000, 0x0000, 0x0000, 0x0000,
    0x0000, 0x0000, 0x0000, 0x0000, 0x0000, 0x0000, 0x0000, 0x0000, 0x0000, 0x0000, 0x0000, 0x8308,
    0xE510, 0xC508, 0x6819, 0x2B32, 0x4B2A, 0xCB2A, 0xAD3B, 0xAD33, 0xCD33, 0xCD33, 0xCD33, 0x6F44,
    0xF04C, 0x6D33, 0xA919, 0x6C42, 0x34A5, 0xAE6B, 0x6400, 0xC510, 0xC508, 0x0629, 0x8851, 0x6851,
    0x6859, 0x6859, 0x6759, 0x6759, 0x8851, 0x4731, 0x0711, 0xC608, 0xE510, 0x5184, 0xB073, 0xCA31,
    0xCC2A, 0xEE33, 0xF14C, 0xAE33, 0x8E33, 0x8E33, 0xB044, 0x6F44, 0x6D33, 0xCC32, 0x0611, 0xC510,
    0xA408, 0x2100, 0x0000, 0x0000, 0x0000, 0x0000, 0x0000, 0x0000, 0x0000, 0x0000, 0x0000, 0x0000,
    0x0000, 0x0000, 0x0000, 0x0000, 0x0000, 0x0000, 0x0000, 0x0000, 0x0000, 0x0000, 0x0000, 0x0000,
    0x0000, 0x0000, 0x0000, 0x0000, 0x0000, 0x0000, 0x0000, 0x0000, 0x0000, 0x0000, 0x0000, 0x0000,
    0x0000, 0x0000, 0x0000, 0x0000, 0x0000, 0x0000, 0x0000, 0x0000, 0x0000, 0x4100, 0xA408, 0xE510,
    0xC508, 0xC508, 0xA508, 0x6819, 0xEA21, 0x6B2A, 0xAE3B, 0xCE3B, 0xCE33, 0x2E3C, 0x6F3C, 0x6F3C,
    0xD044, 0x8E33, 0xCA19, 0xCA31, 0x307C, 0x35BE, 0x8D63, 0xA410, 0x8408, 0x0631, 0xA861, 0xA869,
    0x8869, 0x8869, 0xA869, 0xA869, 0xC869, 0x6741, 0x8408, 0x293A, 0xF194, 0x16BE, 0x9073, 0xEB31,
    0xAB2A, 0xEE33, 0xF044, 0x9044, 0xCE33, 0x8E33, 0x0F3C, 0x2F44, 0x4D3B, 0xEA21, 0xE608, 0xC608,
    0xE610, 0xE510, 0x8308, 0x0000, 0x0000, 0x0000, 0x0000, 0x0000, 0x0000, 0x0000, 0x0000, 0x0000,
    0x0000, 0x0000, 0x0000, 0x0000, 0x0000, 0x0000, 0x0000, 0x0000, 0x0000, 0x0000, 0x0000, 0x0000,
    0x0000, 0x0000, 0x0000, 0x0000, 0x0000, 0x0000, 0x0000, 0x0000, 0x0000, 0x0000, 0x0000, 0x0000,
    0x0000, 0x0000, 0x0000, 0x0000, 0x0000, 0x0000, 0x0000, 0x0000, 0xE410, 0xE510, 0x4719, 0x6819,
    0x8819, 0xA821, 0x2719, 0xA508, 0xEA29, 0x6B2A, 0xAE3B, 0x6D33, 0x8D33, 0x4F3C, 0x9044, 0xCE33,
    0xEE33, 0xCE3B, 0xED32, 0x8A21, 0x117C, 0x14B6, 0xD3AD, 0x9084, 0x8729, 0xA739, 0xA641, 0xA641,
    0xA641, 0xA649, 0xC649, 0xC749, 0xE749, 0xA739, 0x293A, 0xF294, 0x95C6, 0xD4B5, 0x706B, 0xAA21,
    0xEC2A, 0xEE3B, 0x9044, 0x8F3C, 0xCE33, 0x8E33, 0x4D33, 0x2D33, 0x8C32, 0xE608, 0x0711, 0x6819,
    0x4819, 0x0611, 0xE610, 0xE510, 0x2000, 0x0000, 0x0000, 0x0000, 0x0000, 0x0000, 0x0000, 0x0000,
    0x0000, 0x0000, 0x0000, 0x0000, 0x0000, 0x0000, 0x0000, 0x0000, 0x0000, 0x0000, 0x0000, 0x0000,
    0x0000, 0x0000, 0x0000, 0x0000, 0x0000, 0x0000, 0x0000, 0x0000, 0x0000, 0x0000, 0x0000, 0x0000,
    0x0000, 0x0000, 0x0000, 0x0000, 0x0000, 0x2100, 0x6208, 0x8408, 0xE610, 0x4819, 0xA921, 0xE921,
    0x4A22, 0x6B2A, 0x2711, 0xC608, 0x4711, 0x6B2A, 0x8B2A, 0x8B22, 0x8E33, 0x6F3C, 0x9044, 0xAE33,
    0xAE33, 0xAE33, 0xAE3B, 0x6C2A, 0x0E5B, 0xD4AD, 0xB2A5, 0x92A5, 0x1295, 0x339D, 0x94A5, 0x94AD,
    0x94AD, 0x94AD, 0x94AD, 0x93AD, 0x93A5, 0x339D, 0xB18C, 0xD3AD, 0x13B6, 0x53A5, 0x8D52, 0x4B2A,
    0xCE3B, 0xCE33, 0xCD33, 0x2E34, 0xF14C, 0x8D33, 0x2D33, 0xAC32, 0x6819, 0xC608, 0x4711, 0x8B2A,
    0xE921, 0x6819, 0x0711, 0x2711, 0xC510, 0x6208, 0x2100, 0x0000, 0x0000, 0x0000, 0x0000, 0x0000,
    0x0000, 0x0000, 0x0000, 0x0000, 0x0000, 0x0000, 0x0000, 0x0000, 0x0000, 0x0000, 0x0000, 0x0000,
    0x0000, 0x0000, 0x0000, 0x0000, 0x0000, 0x0000, 0x0000, 0x0000, 0x0000, 0x0000, 0x0000, 0x0000,
    0x0000, 0x0000, 0x0000, 0x0000, 0x2100, 0x0619, 0x4719, 0x2819, 0x8819, 0xEA29, 0xEA21, 0x8B2A,
    0xD374, 0x547D, 0x4A2A, 0xC508, 0xE608, 0x8819, 0x4B2A, 0x4B22, 0xAE33, 0x6F3C, 0x8F44, 0xAD33,
    0xAE33, 0xAD33, 0xCE3B, 0x4E3B, 0x2B32, 0x518C, 0xF4B5, 0xD2AD, 0xF194, 0xED5A, 0xAC4A, 0x8C4A,
    0x8B4A, 0x8B4A, 0x8C4A, 0xAC52, 0x0D5B, 0x6E63, 0xD08C, 0x13B6, 0x73AD, 0x6F73, 0xEA31, 0x4D3B,
    0xCE3B, 0xCD33, 0xCE33, 0x2E3C, 0x114D, 0x6D33, 0x0D3B, 0xA919, 0xC608, 0x2711, 0x1064, 0xB695,
    0x6E4B, 0x8819, 0xEA29, 0xC921, 0x6819, 0x6819, 0x0611, 0x4200, 0x0000, 0x0000, 0x0000, 0x0000,
    0x0000, 0x0000, 0x0000, 0x0000, 0x0000, 0x0000, 0x0000, 0x0000, 0x0000, 0x0000, 0x0000, 0x0000,
    0x0000, 0x0000, 0x0000, 0x0000, 0x0000, 0x0000, 0x0000, 0x0000, 0x0000, 0x0000, 0x0000, 0x0000,
    0x0000, 0x0000, 0x0000, 0x4208, 0x0619, 0x0611, 0x2711, 0x0A22, 0x8B2A, 0x0A22, 0xC919, 0x6E4B,
    0x3AC7, 0x5BC7, 0x8E5B, 0x4719, 0xC508, 0xC508, 0x8821, 0xEA21, 0x6D33, 0x6F3C, 0x6F3C, 0xAD33,
    0xAE3B, 0x8E33, 0xAE33, 0xAE3B, 0x4B2A, 0x0B3A, 0x1084, 0xD4B5, 0xF29C, 0x6F73, 0x0719, 0x6811,
    0xC919, 0xE919, 0xE919, 0x6819, 0xEA31, 0x6F6B, 0x74A5, 0xB4B5, 0x8F73, 0x6829, 0xAB32, 0xAE3B,
    0x8D33, 0xAD33, 0xAD33, 0x2E34, 0xF14C, 0x6D33, 0x4B2A, 0xE710, 0xE710, 0x6719, 0xD9C6, 0xFEE7,
    0xD37C, 0x4711, 0x2A2A, 0x6B2A, 0x2A22, 0xA919, 0x4719, 0x2719, 0xA410, 0x0000, 0x0000, 0x0000,
    0x0000, 0x0000, 0x0000, 0x0000, 0x0000, 0x0000, 0x0000, 0x0000, 0x0000, 0x0000, 0x0000, 0x0000,
    0x0000, 0x0000, 0x0000, 0x0000, 0x0000, 0x0000, 0x0000, 0x0000, 0x0000, 0x0000, 0x0000, 0x0000,
    0x0000, 0x0000, 0x4200, 0x2719, 0x4719, 0x8819, 0xCC32, 0x8D3B, 0x6D3B, 0x6A22, 0x8811, 0x8B3A,
    0x1385, 0x348D, 0x8B3A, 0xA821, 0x2719, 0xA508, 0xC608, 0xA921, 0x8B2A, 0xCE33, 0x9044, 0xCE33,
    0x8E33, 0x6B22, 0xAE33, 0xAD33, 0x0D33, 0xCA19, 0xAA29, 0xEE5A, 0xEE5A, 0x6821, 0xA819, 0x0C33,
    0x6D33, 0x6D33, 0xAE3B, 0xCB2A, 0x4811, 0x2B42, 0x4F6B, 0xEE5A, 0x8921, 0x4A2A, 0x6D3B, 0x8D3B,
    0xAB2A, 0x6D33, 0xCD33, 0xEE33, 0xAE3B, 0xCC32, 0xA921, 0xE710, 0xC608, 0x8819, 0xB27C, 0x9595,
    0x2D4B, 0xA819, 0x4A22, 0x4D3B, 0xCE43, 0x0C33, 0xC921, 0x6819, 0x2719, 0x6208, 0x0000, 0x0000,
    0x0000, 0x0000, 0x0000, 0x0000, 0x0000, 0x0000, 0x0000, 0x0000, 0x0000, 0x0000, 0x0000, 0x0000,
    0x0000, 0x0000, 0x0000, 0x0000, 0x0000, 0x0000, 0x0000, 0x0000, 0x0000, 0x0000, 0x0000, 0x0000,
    0x0000, 0x0000, 0x6208, 0x6821, 0x6B2A, 0x2C33, 0x8D3B, 0x8D33, 0x6D33, 0x6D33, 0x6B2A, 0x8819,
    0x2711, 0xC921, 0x0A2A, 0xEA21, 0xEA29, 0x2711, 0xC508, 0x0711, 0x0A22, 0x2C33, 0xCE3B, 0xCE33,
    0x6D33, 0x2A1A, 0x8D33, 0xAD33, 0xAD33, 0x6D33, 0x0A1A, 0x8811, 0xA919, 0x6B2A, 0x6E3B, 0x0F3C,
    0x4F44, 0x8D33, 0xAD33, 0xEE43, 0x6E3B, 0x0A22, 0xA919, 0xA919, 0xAB2A, 0x8E3B, 0xAD33, 0x6D3B,
    0x4B22, 0x0C33, 0x8D33, 0x8D33, 0xEC2A, 0x4B2A, 0x2711, 0x0711, 0xA921, 0xEA21, 0x8819, 0x8819,
    0x8819, 0x2A22, 0x6D3B, 0xCE3B, 0xAD33, 0xCE3B, 0xCC32, 0xE921, 0x6821, 0x8308, 0x0000, 0x0000,
    0x0000, 0x0000, 0x0000, 0x0000, 0x0000, 0x0000, 0x0000, 0x0000, 0x0000, 0x0000, 0x0000, 0x0000,
    0x0000, 0x0000, 0x0000, 0x0000, 0x0000, 0x0000, 0x0000, 0x0000, 0x0000, 0x0000, 0x0000, 0x0000,
    0x0000, 0x0000, 0x6208, 0x6819, 0x4A2A, 0x6D33, 0x6D33, 0x6C33, 0x6D33, 0x6D33, 0x4D33, 0x6A2A,
    0xC921, 0xCA21, 0x2A2A, 0x6B32, 0x6B2A, 0x0A2A, 0xE610, 0xC508, 0xEA29, 0x8B32, 0x0C2B, 0xCE3B,
    0x4D33, 0x291A, 0x8E33, 0xAD33, 0xCD33, 0xEE33, 0xCE33, 0x6E33, 0x8E3B, 0x8E33, 0x6D2B, 0xB044,
    0x9044, 0x8D33, 0xAD33, 0xEE3B, 0xAE33, 0x6D3B, 0x4E3B, 0xAE3B, 0xEE3B, 0xAD33, 0xAD33, 0x6D3B,
    0x6B2A, 0x8B2A, 0x2C33, 0x6D3B, 0xCC32, 0x0A2A, 0x2711, 0xE608, 0x4B2A, 0x8C32, 0x0B22, 0xC921,
    0x6B2A, 0x4D33, 0xAE3B, 0xAD33, 0xAD33, 0xAD33, 0x6E3B, 0x0A22, 0x6819, 0x8308, 0x0000, 0x0000,
    0x0000, 0x0000, 0x0000, 0x0000, 0x0000, 0x0000, 0x0000, 0x0000, 0x0000, 0x0000, 0x0000, 0x0000,
    0x0000, 0x0000, 0x0000, 0x0000, 0x0000, 0x0000, 0x0000, 0x0000, 0x0000, 0x0000, 0x0000, 0x0000,
    0x0000, 0x0000, 0x4100, 0x0619, 0x6819, 0xEC32, 0x8D33, 0x6D33, 0x6D33, 0x6C33, 0x6C33, 0x2C33,
    0x6B22, 0x8811, 0x6F53, 0x78AE, 0xD695, 0x6B32, 0x4711, 0xC508, 0x0611, 0x0A2A, 0xCC2A, 0x8D3B,
    0x0C33, 0xC911, 0x0C2B, 0xCE3B, 0xCD33, 0x0E3C, 0xF14C, 0xCE33, 0xAD3B, 0xAD33, 0x6F3C, 0xD044,
    0xAD33, 0xAE3B, 0x8D33, 0xEE3B, 0x9044, 0x6D33, 0x2C33, 0xEE3B, 0x1155, 0xEE3B, 0xAD33, 0x8E3B,
    0x4B22, 0x2A22, 0xCB2A, 0xEC2A, 0x4B2A, 0x4719, 0x8400, 0x6E5B, 0x37AE, 0xD37C, 0x8819, 0x4A22,
    0x4D33, 0xAD3B, 0xAD33, 0xAD33, 0xCD33, 0xCE3B, 0xCC2A, 0xCA21, 0x2619, 0x4208, 0x0000, 0x0000,
    0x0000, 0x0000, 0x0000, 0x0000, 0x0000, 0x0000, 0x0000, 0x0000, 0x0000, 0x0000, 0x0000, 0x0000,
    0x0000, 0x0000, 0x0000, 0x0000, 0x0000, 0x0000, 0x0000, 0x0000, 0x0000, 0x0000, 0x0000, 0x0000,
    0x0000, 0x0000, 0x0000, 0x2100, 0xE510, 0xA819, 0x8B2A, 0x6D33, 0x6D33, 0x6C33, 0x8D33, 0x8D33,
    0x6D3B, 0xE919, 0xF063, 0xF9C6, 0x98B6, 0xAB3A, 0xEA21, 0x0611, 0xA508, 0x2711, 0x2B2A, 0x6B2A,
    0x4B22, 0xC919, 0xCC2A, 0x6D33, 0xAD33, 0x2E3C, 0x1145, 0xEE33, 0xAD33, 0x8D33, 0xB044, 0xB044,
    0x8D33, 0xAD33, 0x8D33, 0xEE3B, 0xD14C, 0x8D33, 0x0C33, 0x8D3B, 0xF154, 0xEE33, 0xAD33, 0x0D33,
    0x0A22, 0x2A22, 0x6B2A, 0x6B2A, 0x4711, 0x6400, 0x8400, 0x3385, 0x9BCF, 0x1385, 0x8711, 0x2C33,
    0x8D33, 0xAD33, 0xAD33, 0xCD33, 0xAD3B, 0x0C33, 0x0A22, 0x2619, 0x4208, 0x0000, 0x0000, 0x0000,
    0x0000, 0x0000, 0x0000, 0x0000, 0x0000, 0x0000, 0x0000, 0x0000, 0x0000, 0x0000, 0x0000, 0x0000,
    0x0000, 0x0000, 0x0000, 0x0000, 0x0000, 0x0000, 0x0000, 0x0000, 0x0000, 0x0000, 0x0000, 0x0000,
    0x0000, 0x0000, 0x0000, 0x0000, 0x0100, 0xE510, 0x6719, 0x8B2A, 0xAE3B, 0x8D33, 0x8D33, 0x8D33,
    0xAD3B, 0xCB2A, 0xAC3A, 0x5174, 0xD063, 0x4A2A, 0x2B2A, 0x0A2A, 0x0611, 0xC608, 0x2711, 0x6B32,
    0x6C32, 0xA919, 0x8D32, 0x6C2A, 0x4D33, 0x4F3C, 0x114D, 0x8D33, 0x2D33, 0x8D33, 0x8F3C, 0x8F3C,
    0x8D33, 0x8D33, 0x8D33, 0xEE33, 0xD14C, 0xAE3B, 0x8B2A, 0xAB22, 0xB14C, 0x0E3C, 0x8D33, 0x6B22,
    0x4711, 0xE919, 0x4A2A, 0x6819, 0xA508, 0xC508, 0x2611, 0x2D4B, 0x3064, 0xEC42, 0x8A2A, 0x8D3B,
    0x6C33, 0x8D33, 0xAD33, 0xAE3B, 0x2D3B, 0x6819, 0x2719, 0x2100, 0x0000, 0x0000, 0x0000, 0x0000,
    0x0000, 0x0000, 0x0000, 0x0000, 0x0000, 0x0000, 0x0000, 0x0000, 0x0000, 0x0000, 0x0000, 0x0000,
    0x0000, 0x0000, 0x0000, 0x0000, 0x0000, 0x0000, 0x0000, 0x0000, 0x0000, 0x0000, 0x0000, 0x0000,
    0x0000, 0x0000, 0x0000, 0x0000, 0x0000, 0x4100, 0xC410, 0x6719, 0x2A22, 0xAB2A, 0x8D3B, 0xAD33,
    0xAD33, 0xAD33, 0xEC32, 0xC919, 0xC919, 0x6B32, 0x6B2A, 0x2A2A, 0x0A2A, 0x4719, 0xC508, 0x8921,
    0xC921, 0x0711, 0x2B2A, 0x6C2A, 0x2D33, 0x2E3C, 0xF14C, 0xAB22, 0x8B2A, 0x6D33, 0x4F3C, 0x8F44,
    0x8D33, 0xAD33, 0x8D33, 0x0E34, 0xB044, 0xAE3B, 0x8B2A, 0x6B22, 0x7044, 0x2E3C, 0x8D3B, 0x4B2A,
    0x0609, 0x8819, 0x6719, 0x6400, 0xE608, 0xA819, 0x2A2A, 0xC819, 0x4609, 0x6A22, 0x6D33, 0x4C2B,
    0x6C33, 0x6D3B, 0x2D33, 0x0922, 0xA819, 0xE510, 0x0000, 0x0000, 0x0000, 0x0000, 0x0000, 0x0000,
    0x0000, 0x0000, 0x0000, 0x0000, 0x0000, 0x0000, 0x0000, 0x0000, 0x0000, 0x0000, 0x0000, 0x0000,
    0x0000, 0x0000, 0x0000, 0x0000, 0x0000, 0x0000, 0x0000, 0x0000, 0x0000, 0x0000, 0x0000, 0x0000,
    0x0000, 0x0000, 0x0000, 0x0000, 0x0000, 0x0000, 0x0000, 0x6208, 0x8308, 0x4619, 0x0922, 0x8B2A,
    0x2C33, 0x8D33, 0x8D3B, 0x8B2A, 0x8C2A, 0x8B2A, 0x4D43, 0xAE4B, 0x6E4B, 0x6B32, 0x2711, 0xA508,
    0xE610, 0xE610, 0x2711, 0x0A2A, 0xEC32, 0x0E3C, 0x904C, 0x4A22, 0x8B2A, 0x4D33, 0x6C2B, 0x9044,
    0x8D33, 0xAD3B, 0xAD33, 0x4F3C, 0x4F3C, 0x4D33, 0x6B2A, 0x6B2A, 0xAE3B, 0xCE3B, 0x0C33, 0xA921,
    0xC508, 0xA508, 0xA508, 0xA821, 0x8E53, 0x4D43, 0x4A2A, 0x4A2A, 0xAB32, 0x4D3B, 0x2C2B, 0x4D33,
    0xAB2A, 0x0922, 0xC821, 0xE510, 0x6208, 0x0000, 0x0000, 0x0000, 0x0000, 0x0000, 0x0000, 0x0000,
    0x0000, 0x0000, 0x0000, 0x0000, 0x0000, 0x0000, 0x0000, 0x0000, 0x0000, 0x0000, 0x0000, 0x0000,
    0x0000, 0x0000, 0x0000, 0x0000, 0x0000, 0x0000, 0x0000, 0x0000, 0x0000, 0x0000, 0x0000, 0x0000,
    0x0000, 0x0000, 0x0000, 0x0000, 0x0000, 0x0000, 0x0000, 0x0000, 0x0000, 0x6208, 0xA308, 0x2619,
    0xC921, 0x0922, 0xAC32, 0xCC32, 0xCC32, 0x6A22, 0x9585, 0xB9B6, 0xF69D, 0x8A2A, 0xC921, 0x8821,
    0xC508, 0xC508, 0xC508, 0xC921, 0x8B32, 0x0C2B, 0x8D3B, 0x0A22, 0x8C32, 0x0C33, 0x2C2B, 0xF14C,
    0x8F44, 0xEE3B, 0xAE33, 0x6F3C, 0x7044, 0x4D33, 0x4B2A, 0x0A22, 0x0D33, 0xAB2A, 0x4B2A, 0xE608,
    0xA508, 0xA508, 0xA508, 0x0F64, 0xF9BE, 0x36A6, 0xAA2A, 0xCC32, 0xCC32, 0xCC32, 0x4A2A, 0xE919,
    0x8819, 0x8308, 0x8308, 0x0000, 0x0000, 0x0000, 0x0000, 0x0000, 0x0000, 0x0000, 0x0000, 0x0000,
    0x0000, 0x0000, 0x0000, 0x0000, 0x0000, 0x0000, 0x0000, 0x0000, 0x0000, 0x0000, 0x0000, 0x0000,
    0x0000, 0x0000, 0x0000, 0x0000, 0x0000, 0x0000, 0x0000, 0x0000, 0x0000, 0x0000, 0x0000, 0x0000,
    0x0000, 0x0000, 0x0000, 0x0000, 0x0000, 0x0000, 0x0000, 0x0000, 0x0000, 0x0000, 0x0000, 0x6208,
    0xA308, 0xC510, 0x6819, 0x8819, 0x2A2A, 0xC921, 0x3064, 0xF9B6, 0x179E, 0x8A2A, 0x6A2A, 0x2A2A,
    0xA821, 0xA508, 0xA408, 0xE510, 0xC921, 0x8B2A, 0x2D33, 0xEA21, 0x0A22, 0x8B2A, 0x2D33, 0x2F3C,
    0x7255, 0x2F3C, 0xCD33, 0x8F44, 0x0F3C, 0xCD32, 0x8919, 0xA919, 0xED32, 0x2B2A, 0x2711, 0xC608,
    0xE610, 0x8819, 0x6711, 0xCF5B, 0x97AE, 0xD595, 0x4A2A, 0x6B32, 0xC921, 0x6819, 0x4619, 0x6308,
    0x6208, 0x0000, 0x0000, 0x0000, 0x0000, 0x0000, 0x0000, 0x0000, 0x0000, 0x0000, 0x0000, 0x0000,
    0x0000, 0x0000, 0x0000, 0x0000, 0x0000, 0x0000, 0x0000, 0x0000, 0x0000, 0x0000, 0x0000, 0x0000,
    0x0000, 0x0000, 0x0000, 0x0000, 0x0000, 0x0000, 0x0000, 0x0000, 0x0000, 0x0000, 0x0000, 0x0000,
    0x0000, 0x0000, 0x0000, 0x0000, 0x0000, 0x0000, 0x0000, 0x0000, 0x0000, 0x0000, 0x0000, 0x0000,
    0x0000, 0x2000, 0x6208, 0x4200, 0x0619, 0x2611, 0xA821, 0x1064, 0xEC42, 0x2A22, 0xAB2A, 0xAB2A,
    0x4A2A, 0x292A, 0x0511, 0x8400, 0xC508, 0x8819, 0x8B32, 0x4B2A, 0xCA21, 0x2B22, 0xED32, 0x8E33,
    0xD144, 0x6F3C, 0xB14C, 0x2F44, 0x2D33, 0xEA21, 0x2811, 0x2B2A, 0xCA21, 0x0711, 0xE708, 0x4711,
    0x0A22, 0x4A2A, 0xC921, 0x2A2A, 0x4D53, 0x0D4B, 0x4719, 0x2719, 0xC410, 0x4200, 0x4100, 0x0000,
    0x0000, 0x0000, 0x0000, 0x0000, 0x0000, 0x0000, 0x0000, 0x0000, 0x0000, 0x0000, 0x0000, 0x0000,
    0x0000, 0x0000, 0x0000, 0x0000, 0x0000, 0x0000, 0x0000, 0x0000, 0x0000, 0x0000, 0x0000, 0x0000,
    0x0000, 0x0000, 0x0000, 0x0000, 0x0000, 0x0000, 0x0000, 0x0000, 0x0000, 0x0000, 0x0000, 0x0000,
    0x0000, 0x0000, 0x0000, 0x0000, 0x0000, 0x0000, 0x0000, 0x0000, 0x0000, 0x0000, 0x0000, 0x0000,
    0x0000, 0x0000, 0x0000, 0x0000, 0x2100, 0x6208, 0x2619, 0xC508, 0x0611, 0x4A2A, 0xAB2A, 0xAB2A,
    0x4A22, 0xAE43, 0x4D3B, 0x2922, 0x0611, 0xE610, 0x2711, 0x4711, 0x6819, 0x6811, 0x2B22, 0xCD32,
    0xEC32, 0xEC2A, 0xEC32, 0xEC32, 0x0A2A, 0x0711, 0x0711, 0x2711, 0x0711, 0x4711, 0x4A22, 0x2D3B,
    0x6E43, 0x8B2A, 0xEA21, 0xA921, 0x0611, 0x0511, 0x8308, 0x4208, 0x0000, 0x0000, 0x0000, 0x0000,
    0x0000, 0x0000, 0x0000, 0x0000, 0x0000, 0x0000, 0x0000, 0x0000, 0x0000, 0x0000, 0x0000, 0x0000,
    0x0000, 0x0000, 0x0000, 0x0000, 0x0000, 0x0000, 0x0000, 0x0000, 0x0000, 0x0000, 0x0000, 0x0000,
    0x0000, 0x0000, 0x0000, 0x0000, 0x0000, 0x0000, 0x0000, 0x0000, 0x0000, 0x0000, 0x0000, 0x0000,
    0x0000, 0x0000, 0x0000, 0x0000, 0x0000, 0x0000, 0x0000, 0x0000, 0x0000, 0x0000, 0x0000, 0x0000,
    0x0000, 0x0000, 0x0000, 0x0000, 0x0000, 0x0000, 0x2100, 0x2100, 0x8308, 0x6719, 0x8819, 0xC919,
    0x6B2A, 0xCC2A, 0x6D3B, 0xEF4B, 0x0509, 0x0611, 0xE610, 0xC508, 0xC508, 0xE608, 0x0611, 0x6719,
    0x4719, 0x4711, 0x4719, 0x4719, 0xE610, 0xC608, 0xE710, 0xE710, 0xE608, 0xCE4B, 0x5054, 0xEC32,
    0xAC2A, 0x2B2A, 0xA921, 0x0611, 0x6200, 0x4100, 0x0000, 0x0000, 0x0000, 0x0000, 0x0000, 0x0000,
    0x0000, 0x0000, 0x0000, 0x0000, 0x0000, 0x0000, 0x0000, 0x0000, 0x0000, 0x0000, 0x0000, 0x0000,
    0x0000, 0x0000, 0x0000, 0x0000, 0x0000, 0x0000, 0x0000, 0x0000, 0x0000, 0x0000, 0x0000, 0x0000,
    0x0000, 0x0000, 0x0000, 0x0000, 0x0000, 0x0000, 0x0000, 0x0000, 0x0000, 0x0000, 0x0000, 0x0000,
    0x0000, 0x0000, 0x0000, 0x0000, 0x0000, 0x0000, 0x0000, 0x0000, 0x0000, 0x0000, 0x0000, 0x0000,
    0x0000, 0x0000, 0x0000, 0x0000, 0x0000, 0x0000, 0x0000, 0x0000, 0x0000, 0x4100, 0x8308, 0x6721,
    0xA921, 0xEA21, 0x4A2A, 0x0C33, 0x4D3B, 0x6711, 0x8821, 0x0B3A, 0xCA39, 0x0611, 0xA508, 0xA508,
    0xA508, 0xA508, 0xA508, 0xA408, 0xC610, 0x4719, 0x0611, 0xA819, 0x0C3B, 0x0C3B, 0x6A2A, 0x8819,
    0x8819, 0x2619, 0x6208, 0x2100, 0x0000, 0x0000, 0x0000, 0x0000, 0x0000, 0x0000, 0x0000, 0x0000,
    0x0000, 0x0000, 0x0000, 0x0000, 0x0000, 0x0000, 0x0000, 0x0000, 0x0000, 0x0000, 0x0000, 0x0000,
    0x0000, 0x0000, 0x0000, 0x0000, 0x0000, 0x0000, 0x0000, 0x0000, 0x0000, 0x0000, 0x0000, 0x0000,
};

static const uint16_t ARGUS_SPR_CURIOUS[ARGUS_PIXELS] = {
    0x0000, 0x0000, 0x0000, 0x0000, 0x0000, 0x0000, 0x0000, 0x0000, 0x0000, 0x0000, 0x0000, 0x0000,
    0x0000, 0x0000, 0x0000, 0x0000, 0x0000, 0x0000, 0x0000, 0x0000, 0x0000, 0x0000, 0x0000, 0x0000,
    0x0000, 0x0000, 0x0000, 0x0000, 0x0000, 0x0000, 0x0000, 0x0000, 0x0000, 0x0000, 0x0000, 0x0000,
    0x0000, 0x0000, 0x0000, 0x0000, 0x0000, 0x0000, 0x0000, 0x0000, 0x0000, 0x0000, 0x0000, 0x0000,
    0x0000, 0x0000, 0x0000, 0x0000, 0x0000, 0x0000, 0x0000, 0x0000, 0x0000, 0x0000, 0x0000, 0x0000,
    0x0000, 0x0000, 0x0000, 0x0000, 0x0000, 0x0000, 0x0000, 0x0000, 0x0000, 0x0000, 0x0000, 0x0000,
    0x0000, 0x0000, 0x0000, 0x0000, 0x0000, 0x0000, 0x0000, 0x0000, 0x0000, 0x0000, 0x0000, 0x0000,
    0x0000, 0x0000, 0x0000, 0x0000, 0x0000, 0x0000, 0x0000, 0x0000, 0x0000, 0x0000, 0x0000, 0x0000,
    0x0000, 0x0000, 0x0000, 0x0000, 0x0000, 0x0000, 0x0000, 0x0000, 0x0000, 0x0000, 0x0000, 0x0000,
    0x0000, 0x0000, 0x0000, 0x0000, 0x0000, 0x0000, 0x0000, 0x0000, 0x0000, 0x0000, 0x0000, 0x0000,
    0x0000, 0x0000, 0x0000, 0x0000, 0x0000, 0x0000, 0x0000, 0x0000, 0x0000, 0x0000, 0x0000, 0x0000,
    0x0000, 0x0000, 0x0000, 0x0000, 0x0000, 0x0000, 0x0000, 0x0000, 0x0000, 0x0000, 0x0000, 0x0000,
    0x0000, 0x0000, 0x0000, 0x0000, 0x0000, 0x0000, 0x0000, 0x0000, 0x0000, 0x0000, 0x0000, 0x0000,
    0x0000, 0x0000, 0x0000, 0x0000, 0x0000, 0x0000, 0x0000, 0x0000, 0x0000, 0x0000, 0x0000, 0x0000,
    0x0000, 0x0000, 0x0000, 0x0000, 0x0000, 0x0000, 0x0000, 0x0000, 0x0000, 0x0000, 0x0000, 0x0000,
    0x0000, 0x0000, 0x0000, 0x0000, 0x0000, 0x0000, 0x0000, 0x0000, 0x0000, 0x0000, 0x0000, 0x0000,
    0x0000, 0x0000, 0x0000, 0x0000, 0x0000, 0x0000, 0x0000, 0x0000, 0x0000, 0x0000, 0x0000, 0x0000,
    0x0000, 0x0000, 0x0000, 0x0000, 0x0000, 0x0000, 0x0000, 0x0000, 0x0000, 0x0000, 0x0000, 0x0000,
    0x0000, 0x0000, 0x0000, 0x0000, 0x0000, 0x0000, 0x0000, 0x0000, 0x0000, 0x0000, 0x0000, 0x0000,
    0x0000, 0x0000, 0x0000, 0x0000, 0x0000, 0x0000, 0x0000, 0x0000, 0x0000, 0x0000, 0x0000, 0x0000,
    0x0000, 0x0000, 0x0000, 0x0000, 0x0000, 0x0000, 0x0000, 0x0000, 0x0000, 0x0000, 0x0000, 0x0000,
    0x0000, 0x0000, 0x0000, 0x0000, 0x0000, 0x0000, 0x0000, 0x0000, 0x0000, 0x0000, 0x0000, 0x0000,
    0x0000, 0x0000, 0x0000, 0x0000, 0x0000, 0x0000, 0x0000, 0x0000, 0x0000, 0x0000, 0x0000, 0x0000,
    0x0000, 0x0000, 0x0000, 0x0000, 0x0000, 0x0000, 0x0000, 0x0000, 0x0000, 0x0000, 0x0000, 0x0000,
    0x0000, 0x0000, 0x0000, 0x0000, 0x0000, 0x0000, 0x0000, 0x0000, 0x0000, 0x0000, 0x0000, 0x0000,
    0x0000, 0x0000, 0x0000, 0x0000, 0x0000, 0x0000, 0x0000, 0x0000, 0x0000, 0x0000, 0x0000, 0x0000,
    0x0000, 0x0000, 0x0000, 0x0000, 0x0000, 0x0000, 0x0000, 0x0000, 0x0000, 0x0000, 0x0000, 0x0000,
    0x0000, 0x0000, 0x0000, 0x0000, 0x0000, 0x0000, 0x0000, 0x0000, 0x0000, 0x0000, 0x0000, 0x0000,
    0x0000, 0x0000, 0x0000, 0x0000, 0x0000, 0x0000, 0x0000, 0x0000, 0x0000, 0x0000, 0x0000, 0x0000,
    0x0000, 0x0000, 0x0000, 0x0000, 0x0000, 0x0000, 0x0000, 0x0000, 0x0000, 0x0000, 0x0000, 0x0000,
    0x0000, 0x0000, 0x0000, 0x0000, 0x0000, 0x0000, 0x0000, 0x0000, 0x0000, 0x0000, 0x0000, 0x0000,
    0x0000, 0x0000, 0x0000, 0x0000, 0x0000, 0x0000, 0x0000, 0x0000, 0x0000, 0x0000, 0x0000, 0x0000,
    0x0000, 0x0000, 0x0000, 0x0000, 0x0000, 0x0000, 0x0000, 0x0000, 0x0000, 0x0000, 0x0000, 0x0000,
    0x0000, 0x0000, 0x0000, 0x0000, 0x0000, 0x0000, 0x0000, 0x0000, 0x0000, 0x0000, 0x0000, 0x0000,
    0x0000, 0x0000, 0x0000, 0x0000, 0x0000, 0x0000, 0x0000, 0x0000, 0x0000, 0x0000, 0x0000, 0x0000,
    0x0000, 0x0000, 0x0000, 0x0000, 0x0000, 0x0000, 0x0000, 0x0000, 0x0000, 0x0000, 0x0000, 0x0000,
    0x0000, 0x0000, 0x0000, 0x0000, 0x0000, 0x0000, 0x0000, 0x0000, 0x0000, 0x0000, 0x0000, 0x0000,
    0x0000, 0x0000, 0x0000, 0x0000, 0x0000, 0x0000, 0x0000, 0x0000, 0x0000, 0x0000, 0x0000, 0x0000,
    0x0000, 0x0000, 0x0000, 0x0000, 0x0000, 0x0000, 0x0000, 0x0000, 0x0000, 0x0000, 0x0000, 0x0000,
    0x0000, 0x0000, 0x0000, 0x0000, 0x0000, 0x0000, 0x0000, 0x0000, 0x0000, 0x0000, 0x0000, 0x0000,
    0x0000, 0x0000, 0x0000, 0x0000, 0x0000, 0x0000, 0x0000, 0x0000, 0x0000, 0x0000, 0x0000, 0x0000,
    0x0000, 0x0000, 0x0000, 0x0000, 0x0000, 0x0000, 0x0000, 0x0000, 0x0000, 0x0000, 0x0000, 0x0000,
    0x0000, 0x0000, 0x0000, 0x0000, 0x0000, 0x0000, 0x0000, 0x0000, 0x0000, 0x0000, 0x0000, 0x0000,
    0x0000, 0x0000, 0x0000, 0x0000, 0x0000, 0x0000, 0x0000, 0x0000, 0x0000, 0x0000, 0x0000, 0x0000,
    0x0000, 0x0000, 0x0000, 0x0000, 0x0000, 0x0000, 0x0000, 0x0000, 0x0000, 0x0000, 0x0000, 0x0000,
    0x0000, 0x0000, 0x0000, 0x0000, 0x0000, 0x0000, 0x0000, 0x0000, 0x0000, 0x0000, 0x0000, 0x0000,
    0x0000, 0x0000, 0x0000, 0x0000, 0x0000, 0x0000, 0x0000, 0x0000, 0x0000, 0x0000, 0x0000, 0x0000,
    0x0000, 0x0000, 0x0000, 0x0000, 0x0000, 0x0000, 0x0000, 0x0000, 0x0000, 0x0000, 0x0000, 0x0000,
    0x0000, 0x0000, 0x0000, 0x0000, 0x0000, 0x0000, 0x0000, 0x0000, 0x0000, 0x0000, 0x0000, 0x0000,
    0x0000, 0x0000, 0x0000, 0x0000, 0x0000, 0x0000, 0x0000, 0x0000, 0x0000, 0x0000, 0x0000, 0x0000,
    0x0000, 0x0000, 0x0000, 0x0000, 0x0000, 0x0000, 0x0000, 0x0000, 0x0000, 0x0000, 0x0000, 0x0000,
    0x0000, 0x0000, 0x0000, 0x0000, 0x0000, 0x0000, 0x0000, 0x0000, 0x0000, 0x0000, 0x0000, 0x0000,
    0x0000, 0x0000, 0x0000, 0x0000, 0x0000, 0x0000, 0x0000, 0x0000, 0x0000, 0x0000, 0x0000, 0x0000,
    0x0000, 0x0000, 0x0000, 0x0000, 0x0000, 0x0000, 0x0000, 0x0000, 0x0000, 0x0000, 0x0000, 0x0000,
    0x0000, 0x0000, 0x0000, 0x0000, 0x0000, 0x0000, 0x0000, 0x0000, 0x0000, 0x0000, 0x0000, 0x0000,
    0x0000, 0x0000, 0x0000, 0x0000, 0x0000, 0x0000, 0x0000, 0x0000, 0x0000, 0x0000, 0x0000, 0x0000,
    0x0000, 0x0000, 0x0000, 0x0000, 0x0000, 0x0000, 0x0000, 0x0000, 0x0000, 0x0000, 0x0000, 0x0000,
    0x0000, 0x0000, 0x0000, 0x0000, 0x0000, 0x0000, 0x0000, 0x0000, 0x0000, 0x0000, 0x0000, 0x0000,
    0x0000, 0x0000, 0x0000, 0x0000, 0x0000, 0x0000, 0x0000, 0x0000, 0x0000, 0x0000, 0x0000, 0x0000,
    0x0000, 0x0000, 0x0000, 0x0000, 0x0000, 0x0000, 0x0000, 0x0000, 0x0000, 0x0000, 0x0000, 0x0000,
    0x0000, 0x0000, 0x0000, 0x0000, 0x0000, 0x0000, 0x0000, 0x0000, 0x0000, 0x0000, 0x0000, 0x0000,
    0x0000, 0x0000, 0x0000, 0x0000, 0x0000, 0x0000, 0x0000, 0x0000, 0x0000, 0x0000, 0x0000, 0x0000,
    0x0000, 0x0000, 0x0000, 0x0000, 0x0000, 0x0000, 0x0000, 0x0000, 0x0000, 0x0000, 0x0000, 0x0000,
    0x0000, 0x0000, 0x0000, 0x0000, 0x0000, 0x0000, 0x0000, 0x0000, 0x0000, 0x0000, 0x0000, 0x0000,
    0x0000, 0x0000, 0x0000, 0x0000, 0x0000, 0x0000, 0x0000, 0x0000, 0x0000, 0x0000, 0x0000, 0x0000,
    0x0000, 0x0000, 0x0000, 0x0000, 0x0000, 0x0000, 0x0000, 0x0000, 0x0000, 0x0000, 0x0000, 0x0000,
    0x0000, 0x0000, 0x0000, 0x0000, 0x0000, 0x0000, 0x0000, 0x0000, 0x0000, 0x0000, 0x0000, 0x0000,
    0x0000, 0x0000, 0x0000, 0x0000, 0x0000, 0x0000, 0x0000, 0x0000, 0x0000, 0x0000, 0x0000, 0x0000,
    0x0000, 0x0000, 0x0000, 0x0000, 0x0000, 0x0000, 0x0000, 0x0000, 0x0000, 0x0000, 0x0000, 0x0000,
    0x0000, 0x0000, 0x0000, 0x0000, 0x0000, 0x0000, 0x0000, 0x0000, 0x0000, 0x0000, 0x0000, 0x0000,
    0x0000, 0x0000, 0x0000, 0x0000, 0x0000, 0x0000, 0x0000, 0x0000, 0x0000, 0x0000, 0x0000, 0x0000,
    0x0000, 0x0000, 0x0000, 0x0000, 0x0000, 0x0000, 0x0000, 0x0000, 0x0000, 0x0000, 0x0000, 0x0000,
    0x0000, 0x0000, 0x0000, 0x0000, 0x0000, 0x0000, 0x0000, 0x0000, 0x0000, 0x0000, 0x0000, 0x0000,
    0x0000, 0x0000, 0x0000, 0x0000, 0x0000, 0x0000, 0x0000, 0x0000, 0x0000, 0x0000, 0x0000, 0x0000,
    0x0000, 0x0000, 0x0000, 0x0000, 0x0000, 0x0000, 0x0000, 0x0000, 0x0000, 0x0000, 0x0000, 0x0000,
    0x0000, 0x0000, 0x0000, 0x0000, 0x0000, 0x0000, 0x0000, 0x0000, 0x0000, 0x0000, 0x0000, 0x0000,
    0x0000, 0x0000, 0x0000, 0x0000, 0x0000, 0x0000, 0x0000, 0x0000, 0x0000, 0x0000, 0x0000, 0x0000,
    0x0000, 0x0000, 0x0000, 0x0000, 0x0000, 0x0000, 0x0000, 0x0000, 0x0000, 0x0000, 0x0000, 0x0000,
    0x0000, 0x0000, 0x0000, 0x0000, 0x0000, 0x0000, 0x0000, 0x0000, 0x0000, 0x0000, 0x0000, 0x0000,
    0x0000, 0x0000, 0x0000, 0x0000, 0x0000, 0x0000, 0x0000, 0x0000, 0x0000, 0x0000, 0x0000, 0x0000,
    0x0000, 0x0000, 0x0000, 0x0000, 0x0000, 0x0000, 0x0000, 0x0000, 0x0000, 0x0000, 0x0000, 0x0000,
    0x0000, 0x0000, 0x0000, 0x0000, 0x0000, 0x0000, 0x0000, 0x0000, 0x0000, 0x0000, 0x0000, 0x0000,
    0x0000, 0x0000, 0x0000, 0x0000, 0x0000, 0x0000, 0x0000, 0x0000, 0x0000, 0x0000, 0x0000, 0x0000,
    0x0000, 0x0000, 0x0000, 0x0000, 0x0000, 0x0000, 0x0000, 0x0000, 0x0000, 0x0000, 0x0000, 0x0000,
    0x0000, 0x0000, 0x0000, 0x0000, 0x0000, 0x0000, 0x0000, 0x0000, 0x0000, 0x0000, 0x0000, 0x0000,
    0x0000, 0x0000, 0x0000, 0x0000, 0x0000, 0x0000, 0x0000, 0x0000, 0x0000, 0x0000, 0x0000, 0x0000,
    0x0000, 0x0000, 0x0000, 0x0000, 0x0000, 0x0000, 0x0000, 0x0000, 0x0000, 0x0000, 0x0000, 0x0000,
    0x0000, 0x0000, 0x0000, 0x0000, 0x0000, 0x0000, 0x0000, 0x0000, 0x0000, 0x0000, 0x0000, 0x0000,
    0x0000, 0x0000, 0x0000, 0x0000, 0x0000, 0x0000, 0x0000, 0x0000, 0x0000, 0x0000, 0x0000, 0x0000,
    0x0000, 0x0000, 0x0000, 0x0000, 0x0000, 0x0000, 0x0000, 0x0000, 0x0000, 0x0000, 0x0000, 0x0000,
    0x0000, 0x0000, 0x0000, 0x0000, 0x0000, 0x0000, 0x0000, 0x0000, 0x0000, 0x0000, 0x0000, 0x0000,
    0x0000, 0x0000, 0x0000, 0x0000, 0x0000, 0x0000, 0x0000, 0x0000, 0x0000, 0x0000, 0x0000, 0x0000,
    0x0000, 0x0000, 0x0000, 0x0000, 0x0000, 0x0000, 0x0000, 0x0000, 0x0000, 0x0000, 0x0000, 0x0000,
    0x0000, 0x0000, 0x0000, 0x0000, 0x0000, 0x0000, 0x0000, 0x0000, 0x0000, 0x0000, 0x0000, 0x0000,
    0x0000, 0x0000, 0x0000, 0x0000, 0x0000, 0x0000, 0x0000, 0x0000, 0x0000, 0x0000, 0x0000, 0x0000,
    0x0000, 0x0000, 0x0000, 0x0000, 0x0000, 0x0000, 0x0000, 0x0000, 0x0000, 0x0000, 0x0000, 0x0000,
    0x0000, 0x0000, 0x0000, 0x0000, 0x0000, 0x0000, 0x0000, 0x0000, 0x0000, 0x0000, 0x0000, 0x0000,
    0x0000, 0x0000, 0x0000, 0x0000, 0x0000, 0x0000, 0x0000, 0x0000, 0x0000, 0x0000, 0x0000, 0x0000,
    0x0000, 0x0000, 0x0000, 0x0000, 0x0000, 0x0000, 0x0000, 0x0000, 0x0000, 0x0000, 0x0000, 0x0000,
    0x0000, 0x0000, 0x0000, 0x0000, 0x0000, 0x0000, 0x0000, 0x0000, 0x0000, 0x0000, 0x0000, 0x0000,
    0x0000, 0x0000, 0x0000, 0x0000, 0x0000, 0x0000, 0x0000, 0x0000, 0x0000, 0x0000, 0x0000, 0x0000,
    0x0000, 0x0000, 0x0000, 0x0000, 0x0000, 0x0000, 0x0000, 0x0000, 0x0000, 0x0000, 0x0000, 0x0000,
    0x0000, 0x0000, 0x0000, 0x0000, 0x0000, 0x0000, 0x0000, 0x0000, 0x0000, 0x0000, 0x0000, 0x0000,
    0x0000, 0x0000, 0x0000, 0x0000, 0x0000, 0x0000, 0x0000, 0x0000, 0x0000, 0x0000, 0x0000, 0x0000,
    0x0000, 0x0000, 0x0000, 0x0000, 0x0000, 0x0000, 0x0000, 0x0000, 0x0000, 0x0000, 0x0000, 0x0000,
    0x0000, 0x0000, 0x0000, 0x0000, 0x0000, 0x0000, 0x0000, 0x0000, 0x0000, 0x0000, 0x0000, 0x0000,
    0x0000, 0x0000, 0x0000, 0x0000, 0x0000, 0x0000, 0x0000, 0x0000, 0x0000, 0x0000, 0x0000, 0x0000,
    0x0000, 0x0000, 0x0000, 0x0000, 0x0000, 0x0000, 0x0000, 0x0000, 0x0000, 0x0000, 0x0000, 0x0000,
    0x0000, 0x0000, 0x0000, 0x0000, 0x0000, 0x0000, 0x0000, 0x0000, 0x0000, 0x0000, 0x0000, 0x0000,
    0x0000, 0x0000, 0x0000, 0x0000, 0x0000, 0x0000, 0x0000, 0x0000, 0x0000, 0x0000, 0x0000, 0x0000,
    0x0000, 0x0000, 0x0000, 0x0000, 0x0000, 0x0000, 0x0000, 0x0000, 0x0000, 0x0000, 0x0000, 0x0000,
    0x0000, 0x0000, 0x0000, 0x0000, 0x0000, 0x0000, 0x0000, 0x0000, 0x0000, 0x0000, 0x0000, 0x0000,
    0x0000, 0x0000, 0x0000, 0x0000, 0x0000, 0x0000, 0x0000, 0x0000, 0x0000, 0x0000, 0x0000, 0x0000,
    0x0000, 0x0000, 0x0000, 0x0000, 0x0000, 0x0000, 0x0000, 0x0000, 0x0000, 0x0000, 0x0000, 0x0000,
    0x0000, 0x0000, 0x0000, 0x0000, 0x0000, 0x0000, 0x0000, 0x0000, 0x0000, 0x0000, 0x0000, 0x0000,
    0x0000, 0x0000, 0x0000, 0x0000, 0x0000, 0x0000, 0x0000, 0x0000, 0x0000, 0x0000, 0x0000, 0x4200,
    0x6200, 0x2100, 0x4200, 0x2100, 0x0000, 0x0000, 0x0000, 0x0000, 0x0000, 0x0000, 0x0000, 0x0000,
    0x0000, 0x0000, 0x0000, 0x0000, 0x0000, 0x0000, 0x0000, 0x0000, 0x0000, 0x0000, 0x0000, 0x0000,
    0x0000, 0x0000, 0x0000, 0x0000, 0x0000, 0x0000, 0x0000, 0x0000, 0x0000, 0x0000, 0x0000, 0x0000,
    0x0000, 0x0000, 0x0000, 0x0000, 0x0000, 0x0000, 0x0000, 0x0000, 0x0000, 0x0000, 0x0000, 0x0000,
    0x0000, 0x0000, 0x0000, 0x0000, 0x0000, 0x0000, 0x0000, 0x0000, 0x0000, 0x0000, 0x0000, 0x0000,
    0x0000, 0x0000, 0x0000, 0x0000, 0x0000, 0x0000, 0x0000, 0x0000, 0x0000, 0x0000, 0x0000, 0x0000,
    0x0000, 0x0000, 0x0000, 0x0000, 0x0000, 0x0000, 0x0000, 0x0000, 0x0000, 0x0000, 0x0000, 0x0000,
    0x0000, 0x0000, 0x0000, 0x0000, 0x0000, 0x0000, 0x0000, 0x0000, 0x0000, 0x0000, 0x2100, 0x894A,
    0x8C63, 0x8D6B, 0x694A, 0x8210, 0x0100, 0x0000, 0x0000, 0x0000, 0x0000, 0x0000, 0x0000, 0x0000,
    0x0000, 0x0000, 0x0000, 0x0000, 0x0000, 0x0000, 0x0000, 0x0000, 0x0000, 0x0000, 0x0000, 0x0000,
    0x0000, 0x0000, 0x0000, 0x0000, 0x0000, 0x0000, 0x0000, 0x0000, 0x0000, 0x0000, 0x0000, 0x0000,
    0x0000, 0x0000, 0x0000, 0x0000, 0x0000, 0x0000, 0x0000, 0x0000, 0x0000, 0x0000, 0x0000, 0x0000,
    0x0000, 0x0000, 0x0000, 0x0000, 0x0000, 0x0000, 0x0000, 0x0000, 0x0000, 0x0000, 0x0000, 0x0000,
    0x0000, 0x0000, 0x0000, 0x0000, 0x0000, 0x0000, 0x0000, 0x0000, 0x0000, 0x0000, 0x0000, 0x0000,
    0x0000, 0x0000, 0x0000, 0x0000, 0x0000, 0x0000, 0x0000, 0x0000, 0x0000, 0x0000, 0x0000, 0x0000,
    0x0000, 0x0000, 0x0000, 0x0000, 0x0000, 0x0000, 0x4200, 0x8308, 0x6208, 0x0419, 0x884A, 0x30A5,
    0x13BE, 0x13BE, 0x71AD, 0x8C73, 0x0419, 0xE418, 0x0519, 0x2100, 0x0000, 0x0000, 0x0000, 0x0000,
    0x0000, 0x0000, 0x0000, 0x0000, 0x0000, 0x0000, 0x0000, 0x0000, 0x0000, 0x0000, 0x0000, 0x0000,
    0x0000, 0x0000, 0x0000, 0x0000, 0x0000, 0x0000, 0x0000, 0x0000, 0x0000, 0x0000, 0x0000, 0x0000,
    0x0000, 0x0000, 0x0000, 0x0000, 0x0000, 0x0000, 0x0000, 0x0000, 0x0000, 0x0000, 0x0000, 0x0000,
    0x0000, 0x0000, 0x0000, 0x0000, 0x0000, 0x0000, 0x0000, 0x0000, 0x0000, 0x0000, 0x0000, 0x0000,
    0x0000, 0x0000, 0x0000, 0x0000, 0x0000, 0x0000, 0x0000, 0x0000, 0x0000, 0x0000, 0x0000, 0x0000,
    0x0000, 0x0000, 0x0000, 0x0000, 0x0000, 0x0000, 0x0000, 0x0000, 0x0000, 0x0000, 0x0000, 0x0000,
    0x0000, 0x0000, 0x0000, 0x2000, 0x8308, 0x8308, 0x4521, 0x4A6B, 0x4C94, 0xAA7B, 0x71A5, 0x35BE,
    0x96C6, 0x96C6, 0x96C6, 0xB3AD, 0xAE9C, 0x2B94, 0x8A7B, 0xE320, 0xA308, 0xA308, 0x2000, 0x0000,
    0x0000, 0x0000, 0x0000, 0x0000, 0x0000, 0x0000, 0x0000, 0x0000, 0x0000, 0x0000, 0x0000, 0x0000,
    0x0000, 0x0000, 0x0000, 0x0000, 0x0000, 0x0000, 0x0000, 0x0000, 0x0000, 0x0000, 0x0000, 0x0000,
    0x0000, 0x0000, 0x0000, 0x0000, 0x0000, 0x0000, 0x0000, 0x0000, 0x0000, 0x0000, 0x0000, 0x0000,
    0x0000, 0x0000, 0x0000, 0x0000, 0x0000, 0x0000, 0x0000, 0x0000, 0x0000, 0x0000, 0x0000, 0x0000,
    0x0000, 0x0000, 0x0000, 0x0000, 0x0000, 0x0000, 0x0000, 0x0000, 0x0000, 0x0000, 0x0000, 0x0000,
    0x0000, 0x0000, 0x0000, 0x0000, 0x0000, 0x0000, 0x0000, 0x0000, 0x0000, 0x0000, 0x0000, 0x0000,
    0x0000, 0x2100, 0x6208, 0xC408, 0x4611, 0x6619, 0x6A6B, 0x90B5, 0xB1BD, 0x30A5, 0xB3A5, 0x77BE,
    0x5AD7, 0x5AD7, 0xF9C6, 0xB4A5, 0x92AD, 0x95CE, 0x50AD, 0xEC83, 0xE729, 0xA821, 0xA308, 0x8208,
    0x0000, 0x0000, 0x0000, 0x0000, 0x0000, 0x0000, 0x0000, 0x0000, 0x0000, 0x0000, 0x0000, 0x0000,
    0x0000, 0x0000, 0x0000, 0x0000, 0x0000, 0x0000, 0x0000, 0x0000, 0x0000, 0x0000, 0x0000, 0x0000,
    0x0000, 0x0000, 0x0000, 0x0000, 0x0000, 0x0000, 0x0000, 0x0000, 0x0000, 0x0000, 0x0000, 0x0000,
    0x0000, 0x0000, 0x0000, 0x0000, 0x0000, 0x0000, 0x0000, 0x0000, 0x0000, 0x0000, 0x0000, 0x0000,
    0x0000, 0x0000, 0x0000, 0x0000, 0x0000, 0x0000, 0x0000, 0x0000, 0x0000, 0x0000, 0x0000, 0x0000,
    0x0000, 0x0000, 0x0000, 0x0000, 0x0000, 0x0000, 0x0000, 0x0000, 0x0000, 0x0000, 0x0000, 0x4100,
    0x8308, 0xA408, 0xE821, 0x8A2A, 0xAA2A, 0xAB6B, 0x91B5, 0x15B6, 0x1AD7, 0xB4A5, 0xB4A5, 0x97BE,
    0x3AD7, 0x3AD7, 0xB8C6, 0xB4A5, 0xB4AD, 0x3AD7, 0xB8CE, 0xAD94, 0x2C84, 0x4B53, 0x4922, 0x292A,
    0xC308, 0x6208, 0x4100, 0x0000, 0x0000, 0x0000, 0x0000, 0x0000, 0x0000, 0x0000, 0x0000, 0x0000,
    0x0000, 0x0000, 0x0000, 0x0000, 0x0000, 0x0000, 0x0000, 0x0000, 0x0000, 0x0000, 0x0000, 0x0000,
    0x0000, 0x0000, 0x0000, 0x0000, 0x0000, 0x0000, 0x0000, 0x0000, 0x0000, 0x0000, 0x0000, 0x0000,
    0x0000, 0x0000, 0x0000, 0x0000, 0x0000, 0x0000, 0x0000, 0x0000, 0x0000, 0x0000, 0x0000, 0x0000,
    0x0000, 0x0000, 0x0000, 0x0000, 0x0000, 0x0000, 0x0000, 0x0000, 0x0000, 0x0000, 0x0000, 0x0000,
    0x0000, 0x0000, 0x0000, 0x0000, 0x0000, 0x0000, 0x0000, 0x0000, 0x0000, 0x0000, 0x6108, 0x8308,
    0x8819, 0x2922, 0x6D3B, 0xCA22, 0x0C6C, 0x2EA5, 0x50A5, 0x56B6, 0x1ACF, 0x9495, 0xB4A5, 0x77BE,
    0x3AD7, 0x3AD7, 0x98C6, 0x749D, 0xB4A5, 0x3AD7, 0x97BE, 0x30A5, 0x8FBD, 0xAA6B, 0x0B33, 0x6D3B,
    0x2922, 0x0611, 0x2619, 0x4208, 0x0000, 0x0000, 0x0000, 0x0000, 0x0000, 0x0000, 0x0000, 0x0000,
    0x0000, 0x0000, 0x0000, 0x0000, 0x0000, 0x0000, 0x0000, 0x0000, 0x0000, 0x0000, 0x0000, 0x0000,
    0x0000, 0x0000, 0x0000, 0x0000, 0x0000, 0x0000, 0x0000, 0x0000, 0x0000, 0x0000, 0x0000, 0x0000,
    0x0000, 0x0000, 0x0000, 0x0000, 0x0000, 0x0000, 0x0000, 0x0000, 0x0000, 0x0000, 0x0000, 0x0000,
    0x0000, 0x0000, 0x0000, 0x0000, 0x0000, 0x0000, 0x0000, 0x0000, 0x0000, 0x0000, 0x0000, 0x0000,
    0x0000, 0x0000, 0x0000, 0x0000, 0x0000, 0x0000, 0x0000, 0x2100, 0x2100, 0x4200, 0xA721, 0xEB32,
    0x2C33, 0xEE43, 0x8D3B, 0x0A43, 0x0E9D, 0x2FA5, 0x729D, 0x36AE, 0x19CF, 0xD59D, 0x9495, 0x77BE,
    0x3AD7, 0x3AD7, 0x77BE, 0x5395, 0x36B6, 0xF9CE, 0x57B6, 0x529D, 0x70AD, 0x50A5, 0x6B53, 0x0B2B,
    0x6D33, 0x2D33, 0x4A22, 0x4619, 0x6208, 0x4100, 0x4100, 0x0000, 0x0000, 0x0000, 0x0000, 0x0000,
    0x0000, 0x0000, 0x0000, 0x0000, 0x0000, 0x0000, 0x0000, 0x0000, 0x0000, 0x0000, 0x0000, 0x0000,
    0x0000, 0x0000, 0x0000, 0x0000, 0x0000, 0x0000, 0x0000, 0x0000, 0x0000, 0x0000, 0x0000, 0x0000,
    0x0000, 0x0000, 0x0000, 0x0000, 0x0000, 0x0000, 0x0000, 0x0000, 0x0000, 0x0000, 0x0000, 0x0000,
    0x0000, 0x0000, 0x0000, 0x0000, 0x0000, 0x0000, 0x0000, 0x0000, 0x0000, 0x0000, 0x0000, 0x0000,
    0x0000, 0x0000, 0x0000, 0x0000, 0x0000, 0x0000, 0x8308, 0x6300, 0x8300, 0x6300, 0x8709, 0xEE43,
    0x2F44, 0x0E3C, 0x0B2B, 0x8B5B, 0x13BE, 0x14B6, 0x5295, 0x36AE, 0x19CF, 0x97BE, 0x7395, 0x36B6,
    0x5AD7, 0x3AD7, 0x56BE, 0x3295, 0x36B6, 0xF9CE, 0x57B6, 0x3195, 0x35B6, 0x34C6, 0xCB6B, 0xEA2A,
    0xCD2B, 0xEE33, 0xEF3B, 0x091A, 0xC408, 0xE408, 0xA308, 0x4100, 0x0000, 0x0000, 0x0000, 0x0000,
    0x0000, 0x0000, 0x0000, 0x0000, 0x0000, 0x0000, 0x0000, 0x0000, 0x0000, 0x0000, 0x0000, 0x0000,
    0x0000, 0x0000, 0x0000, 0x0000, 0x0000, 0x0000, 0x0000, 0x0000, 0x0000, 0x0000, 0x0000, 0x0000,
    0x0000, 0x0000, 0x0000, 0x0000, 0x0000, 0x0000, 0x0000, 0x0000, 0x0000, 0x0000, 0x0000, 0x0000,
    0x0000, 0x0000, 0x0000, 0x0000, 0x0000, 0x0000, 0x0000, 0x0000, 0x0000, 0x0000, 0x0000, 0x0000,
    0x0000, 0x0000, 0x0000, 0x0000, 0x2100, 0x6200, 0x8621, 0xEF6B, 0xEF6B, 0x3074, 0x8D53, 0xCA2A,
    0x6D33, 0x0F44, 0xCB2A, 0x4A5B, 0x14BE, 0x19CF, 0x5295, 0xD4A5, 0x19CF, 0xB7BE, 0x7395, 0xD4A5,
    0x97C6, 0x97C6, 0x15AE, 0x118D, 0x77BE, 0xF9CE, 0xD5A5, 0xD4A5, 0x3AD7, 0x14B6, 0xCC6B, 0x8922,
    0xCE43, 0xCE3B, 0x2C33, 0x3064, 0x917C, 0x5074, 0x106C, 0xA721, 0x2100, 0x2000, 0x0000, 0x0000,
    0x0000, 0x0000, 0x0000, 0x0000, 0x0000, 0x0000, 0x0000, 0x0000, 0x0000, 0x0000, 0x0000, 0x0000,
    0x0000, 0x0000, 0x0000, 0x0000, 0x0000, 0x0000, 0x0000, 0x0000, 0x0000, 0x0000, 0x0000, 0x0000,
    0x0000, 0x0000, 0x0000, 0x0000, 0x0000, 0x0000, 0x0000, 0x0000, 0x0000, 0x0000, 0x0000, 0x0000,
    0x0000, 0x0000, 0x0000, 0x0000, 0x0000, 0x0000, 0x0000, 0x0000, 0x0000, 0x0000, 0x0000, 0x0000,
    0x0000, 0x0000, 0x0000, 0x0000, 0x4200, 0xA721, 0x5395, 0x5AD7, 0xBCE7, 0xDCE7, 0x9BDF, 0xB59D,
    0x8A2A, 0x8A22, 0xAB2A, 0x4A5B, 0x14BE, 0xF9CE, 0xD4A5, 0x328D, 0x77BE, 0xD8C6, 0x328D, 0x939D,
    0xD4AD, 0xD4AD, 0xB4A5, 0xF18C, 0x16B6, 0x77BE, 0x7395, 0x36B6, 0x1AD7, 0x35BE, 0xED73, 0x4932,
    0xEC3A, 0x2C43, 0x1385, 0x3ACF, 0x9CDF, 0x9BDF, 0x5BCF, 0x5495, 0xC729, 0x2000, 0x0000, 0x0000,
    0x0000, 0x0000, 0x0000, 0x0000, 0x0000, 0x0000, 0x0000, 0x0000, 0x0000, 0x0000, 0x0000, 0x0000,
    0x0000, 0x0000, 0x0000, 0x0000, 0x0000, 0x0000, 0x0000, 0x0000, 0x0000, 0x0000, 0x0000, 0x0000,
    0x0000, 0x0000, 0x0000, 0x0000, 0x0000, 0x0000, 0x0000, 0x0000, 0x0000, 0x0000, 0x0000, 0x0000,
    0x0000, 0x0000, 0x0000, 0x0000, 0x0000, 0x0000, 0x0000, 0x0000, 0x0000, 0x0000, 0x0000, 0x0000,
    0x0000, 0x0000, 0x0000, 0x8208, 0x2511, 0x907C, 0x39CF, 0xF9C6, 0x77AE, 0xD595, 0x36A6, 0x9BD7,
    0xF6A5, 0xEB3A, 0x0B4B, 0x2D84, 0x93AD, 0xB8CE, 0x36B6, 0x5395, 0xF5AD, 0x15B6, 0x739D, 0x3295,
    0xD4AD, 0xD5AD, 0x529D, 0x3295, 0xF5B5, 0xD5AD, 0x539D, 0xB8C6, 0xF9CE, 0x73A5, 0x6E84, 0x2A5B,
    0x482A, 0x948D, 0xB8B6, 0xF595, 0x57A6, 0x169E, 0x77AE, 0x3ACF, 0x138D, 0x4519, 0x0000, 0x0000,
    0x0000, 0x0000, 0x0000, 0x0000, 0x0000, 0x0000, 0x0000, 0x0000, 0x0000, 0x0000, 0x0000, 0x0000,
    0x0000, 0x0000, 0x0000, 0x0000, 0x0000, 0x0000, 0x0000, 0x0000, 0x0000, 0x0000, 0x0000, 0x0000,
    0x0000, 0x0000, 0x0000, 0x0000, 0x0000, 0x0000, 0x0000, 0x0000, 0x0000, 0x0000, 0x0000, 0x0000,
    0x0000, 0x0000, 0x0000, 0x0000, 0x0000, 0x0000, 0x0000, 0x0000, 0x0000, 0x0000, 0x0000, 0x0000,
    0x0000, 0x0000, 0x4100, 0x0511, 0x082A, 0x97B6, 0x97B6, 0xF69D, 0x9164, 0x715C, 0xD26C, 0xF69D,
    0x7BD7, 0x2F64, 0x4B5B, 0x92B5, 0x53A5, 0xB4A5, 0x77C6, 0x94A5, 0x539D, 0xF5B5, 0xF5AD, 0x1295,
    0xB4A5, 0xB4AD, 0x1195, 0xD5AD, 0x15B6, 0x739D, 0xB4A5, 0x98C6, 0xD5AD, 0x339D, 0x51A5, 0x0C7C,
    0x2B4B, 0x57A6, 0x579E, 0xF26C, 0x715C, 0x0F4C, 0x1375, 0xD9BE, 0x1AC7, 0x4D53, 0x4100, 0x0000,
    0x0000, 0x0000, 0x0000, 0x0000, 0x0000, 0x0000, 0x0000, 0x0000, 0x0000, 0x0000, 0x0000, 0x0000,
    0x0000, 0x0000, 0x0000, 0x0000, 0x0000, 0x0000, 0x0000, 0x0000, 0x0000, 0x0000, 0x0000, 0x0000,
    0x0000, 0x0000, 0x0000, 0x0000, 0x0000, 0x0000, 0x0000, 0x0000, 0x0000, 0x0000, 0x0000, 0x0000,
    0x0000, 0x0000, 0x0000, 0x0000, 0x0000, 0x0000, 0x0000, 0x0000, 0x0000, 0x0000, 0x0000, 0x2000,
    0x2000, 0x4100, 0x6611, 0x2509, 0x282A, 0x77B6, 0x169E, 0x505C, 0x3485, 0x9585, 0xB264, 0x9164,
    0x379E, 0x5064, 0xEA52, 0x52A5, 0xD5AD, 0x3295, 0xF5AD, 0x36BE, 0x128D, 0xB4A5, 0xF5B5, 0x1295,
    0xB4A5, 0xB4A5, 0x1295, 0xF5AD, 0xB4AD, 0x539D, 0x57BE, 0xF5AD, 0x1295, 0xD5AD, 0x52A5, 0x6A6B,
    0x0F5C, 0xB585, 0x537D, 0x3475, 0x9585, 0xF695, 0x715C, 0x958D, 0xD9BE, 0x8E53, 0x2611, 0xE410,
    0x4100, 0x0000, 0x0000, 0x0000, 0x0000, 0x0000, 0x0000, 0x0000, 0x0000, 0x0000, 0x0000, 0x0000,
    0x0000, 0x0000, 0x0000, 0x0000, 0x0000, 0x0000, 0x0000, 0x0000, 0x0000, 0x0000, 0x0000, 0x0000,
    0x0000, 0x0000, 0x0000, 0x0000, 0x0000, 0x0000, 0x0000, 0x0000, 0x0000, 0x0000, 0x0000, 0x0000,
    0x0000, 0x0000, 0x0000, 0x0000, 0x0000, 0x0000, 0x0000, 0x0000, 0x0000, 0x0000, 0x8308, 0x6200,
    0x2100, 0x0409, 0x2C33, 0xEA22, 0xCA32, 0xB8B6, 0xB48D, 0x7485, 0x3ACF, 0x137D, 0x9264, 0xD364,
    0x515C, 0x0F54, 0xCA42, 0x0D7C, 0xB4AD, 0xB4A5, 0x128D, 0xD4AD, 0xB4A5, 0xF28C, 0xB5AD, 0x339D,
    0xB4AD, 0xD4AD, 0x539D, 0xD5AD, 0x3295, 0xF5AD, 0xD5AD, 0x1295, 0xB4A5, 0xB4AD, 0x8F8C, 0xEA52,
    0x3064, 0x715C, 0xAF4B, 0x1054, 0x1375, 0x3ABF, 0x537D, 0x337D, 0xB8AE, 0xAF53, 0xE921, 0x2611,
    0xA308, 0x6200, 0x6200, 0x0000, 0x0000, 0x0000, 0x0000, 0x0000, 0x0000, 0x0000, 0x0000, 0x0000,
    0x0000, 0x0000, 0x0000, 0x0000, 0x0000, 0x0000, 0x0000, 0x0000, 0x0000, 0x0000, 0x0000, 0x0000,
    0x0000, 0x0000, 0x0000, 0x0000, 0x0000, 0x0000, 0x0000, 0x0000, 0x0000, 0x0000, 0x0000, 0x0000,
    0x0000, 0x0000, 0x0000, 0x0000, 0x0000, 0x0000, 0x0000, 0x0000, 0x0000, 0x6308, 0x2519, 0xEF6B,
    0x917C, 0xB174, 0x4C33, 0x0B2B, 0x6D3B, 0x57A6, 0x57AE, 0x98AE, 0x379E, 0x8E4B, 0xF04B, 0x757D,
    0x5154, 0x315C, 0xEC42, 0x8842, 0x4F84, 0xB4A5, 0x739D, 0xF28C, 0xB5A5, 0x94A5, 0xF28C, 0x539D,
    0xF6B5, 0xF5B5, 0x539D, 0x128D, 0xB5A5, 0xD5AD, 0xF18C, 0x3295, 0xD4AD, 0xF194, 0x2B5B, 0xE729,
    0xAF4B, 0x3154, 0x1475, 0x315C, 0x5164, 0xB8AE, 0xF9B6, 0xD9AE, 0xD274, 0xAB3A, 0xC821, 0xAE5B,
    0xF28C, 0xF384, 0xCB42, 0x2100, 0x0000, 0x0000, 0x0000, 0x0000, 0x0000, 0x0000, 0x0000, 0x0000,
    0x0000, 0x0000, 0x0000, 0x0000, 0x0000, 0x0000, 0x0000, 0x0000, 0x0000, 0x0000, 0x0000, 0x0000,
    0x0000, 0x0000, 0x0000, 0x0000, 0x0000, 0x0000, 0x0000, 0x0000, 0x0000, 0x0000, 0x0000, 0x0000,
    0x0000, 0x0000, 0x0000, 0x0000, 0x0000, 0x0000, 0x0000, 0x0000, 0x8308, 0x4621, 0x0B53, 0x3ACF,
    0x7AD7, 0x3ACF, 0xF59D, 0x2C43, 0x8611, 0x4932, 0x3385, 0x7585, 0xF374, 0xF053, 0xAF43, 0x757D,
    0x925C, 0xF04B, 0x5164, 0x2C4B, 0x8942, 0x2E7C, 0xD4AD, 0xB4A5, 0x1295, 0x3395, 0x749D, 0xB184,
    0x138D, 0x138D, 0xB184, 0x539D, 0xF5AD, 0xF18C, 0x539D, 0xB4AD, 0x4E84, 0x2A5B, 0xCA3A, 0xB274,
    0x105C, 0x9264, 0xF795, 0x305C, 0x0D43, 0x105C, 0xF27C, 0xB174, 0x2932, 0x082A, 0x138D, 0xB8BE,
    0x19C7, 0x39C7, 0x77B6, 0xAA4A, 0x4100, 0x0000, 0x0000, 0x0000, 0x0000, 0x0000, 0x0000, 0x0000,
    0x0000, 0x0000, 0x0000, 0x0000, 0x0000, 0x0000, 0x0000, 0x0000, 0x0000, 0x0000, 0x0000, 0x0000,
    0x0000, 0x0000, 0x0000, 0x0000, 0x0000, 0x0000, 0x0000, 0x0000, 0x0000, 0x0000, 0x0000, 0x0000,
    0x0000, 0x0000, 0x0000, 0x0000, 0x0000, 0x0000, 0x0000, 0x0000, 0x8308, 0x0F6C, 0x19C7, 0xB48D,
    0x1275, 0x948D, 0xF9BE, 0x36AE, 0x8D5B, 0xEC42, 0xCC3A, 0x4E43, 0x0C33, 0xF474, 0xD364, 0x1375,
    0x515C, 0x757D, 0x379E, 0x1485, 0x4D53, 0xA94A, 0xAD6B, 0x9084, 0x539D, 0x3395, 0x128D, 0x9174,
    0x7595, 0x9595, 0x3385, 0x949D, 0xD184, 0x539D, 0x73A5, 0x2B5B, 0xC94A, 0x4C53, 0xD274, 0x179E,
    0x9585, 0x515C, 0x557D, 0x7164, 0xD053, 0x8F4B, 0xF05B, 0x2D43, 0x2D4B, 0x5495, 0xB8BE, 0x169E,
    0x7485, 0x7385, 0x7BD7, 0xEF6B, 0x8308, 0x0000, 0x0000, 0x0000, 0x0000, 0x0000, 0x0000, 0x0000,
    0x0000, 0x0000, 0x0000, 0x0000, 0x0000, 0x0000, 0x0000, 0x0000, 0x0000, 0x0000, 0x0000, 0x0000,
    0x0000, 0x0000, 0x0000, 0x0000, 0x0000, 0x0000, 0x0000, 0x0000, 0x0000, 0x0000, 0x0000, 0x0000,
    0x0000, 0x0000, 0x0000, 0x0000, 0x0000, 0x0000, 0x0000, 0x2100, 0xA408, 0x0F6C, 0x19BF, 0xB16C,
    0x104C, 0x715C, 0x7485, 0xD9BE, 0x77AE, 0x916C, 0x0D43, 0x6E43, 0x2E3B, 0x315C, 0x757D, 0xF36C,
    0xAF4B, 0x9685, 0x9485, 0x347D, 0xB274, 0x693A, 0xA729, 0xA942, 0xF28C, 0x5495, 0x7174, 0xB595,
    0xD9BE, 0xD9B6, 0x57A6, 0x9495, 0xF28C, 0x6F7C, 0x2B53, 0x0732, 0xAA3A, 0x4D4B, 0x7485, 0x37A6,
    0x5485, 0x4E43, 0x9264, 0x3475, 0xB36C, 0xCF53, 0x6E4B, 0xEC3A, 0x7164, 0x77A6, 0x36A6, 0xF374,
    0x1054, 0xB16C, 0xF9C6, 0xAE63, 0x8308, 0x0100, 0x0000, 0x0000, 0x0000, 0x0000, 0x0000, 0x0000,
    0x0000, 0x0000, 0x0000, 0x0000, 0x0000, 0x0000, 0x0000, 0x0000, 0x0000, 0x0000, 0x0000, 0x0000,
    0x0000, 0x0000, 0x0000, 0x0000, 0x0000, 0x0000, 0x0000, 0x0000, 0x0000, 0x0000, 0x0000, 0x0000,
    0x0000, 0x0000, 0x0000, 0x0000, 0x0000, 0x0000, 0x0000, 0xC410, 0xE508, 0xCE63, 0xD8BE, 0x98B6,
    0x758D, 0x1054, 0x7164, 0x347D, 0xD68D, 0x515C, 0x1375, 0x547D, 0x757D, 0x8E43, 0x9264, 0x5585,
    0x515C, 0x1054, 0xB68D, 0x1064, 0xCE63, 0xC94A, 0xE731, 0x6B63, 0xEA4A, 0x0C43, 0x916C, 0xB495,
    0x77B6, 0x57AE, 0xD58D, 0xF795, 0x2B4B, 0xA842, 0x6A63, 0x4742, 0x884A, 0x8C5B, 0xB174, 0x7485,
    0x9164, 0x7264, 0x757D, 0x9264, 0x8E4B, 0x9585, 0x958D, 0xF374, 0x9264, 0x9585, 0x547D, 0xCF4B,
    0xB68D, 0x98B6, 0x99B6, 0x6D5B, 0x8308, 0x0000, 0x0000, 0x0000, 0x0000, 0x0000, 0x0000, 0x0000,
    0x2000, 0x8208, 0x8208, 0x8208, 0x8208, 0x8208, 0xA208, 0x8208, 0x0000, 0x0000, 0x0000, 0x0000,
    0x0000, 0x0000, 0x0000, 0x0000, 0x0000, 0x0000, 0x0000, 0x0000, 0x0000, 0x0000, 0x0000, 0x0000,
    0x0000, 0x0000, 0x0000, 0x0000, 0x0000, 0x0000, 0x0000, 0xA308, 0xC819, 0xEB3A, 0x916C, 0x137D,
    0x1064, 0x8F4B, 0xF053, 0x105C, 0xF053, 0xCF4B, 0xF695, 0x379E, 0x169E, 0x5164, 0xAF4B, 0x926C,
    0x558D, 0x516C, 0xEF63, 0x2D84, 0x6B9C, 0xCDAC, 0xE862, 0x2C8C, 0xA852, 0x2832, 0xAA32, 0xF69D,
    0x169E, 0x379E, 0xB585, 0x8E43, 0x6932, 0xE952, 0xEEA4, 0xC762, 0x2B94, 0x2EAD, 0xED73, 0xAC5B,
    0x706C, 0xF374, 0xD374, 0x8E4B, 0x3164, 0x1796, 0x379E, 0xB68D, 0xD053, 0x8F4B, 0xB36C, 0x525C,
    0x3164, 0xF37C, 0xEF63, 0xC829, 0xC410, 0x0000, 0x0000, 0x0000, 0x0000, 0x0000, 0x0000, 0x0000,
    0x8621, 0xD775, 0x9665, 0x9665, 0xB765, 0x765D, 0x555D, 0xF364, 0x8208, 0x0000, 0x0000, 0x0000,
    0x0000, 0x0000, 0x0000, 0x0000, 0x0000, 0x0000, 0x0000, 0x0000, 0x0000, 0x0000, 0x0000, 0x0000,
    0x0000, 0x0000, 0x0000, 0x0000, 0x0000, 0x0000, 0x0000, 0x4200, 0x2C3B, 0xCE43, 0x0C33, 0x8A22,
    0x8B2A, 0xD04B, 0x1475, 0x9585, 0xD04B, 0xAF4B, 0x5585, 0xB58D, 0xF795, 0xAF53, 0xCF5B, 0xCE63,
    0x6E84, 0x50AD, 0xEDA4, 0x6EC5, 0x6DCD, 0x0DBD, 0x0542, 0x2A63, 0x4C5B, 0x0C4B, 0xAB3A, 0x5064,
    0x5475, 0xD364, 0xF46C, 0x0C3B, 0x0C4B, 0x6C63, 0x0D84, 0xE541, 0xC88B, 0x8DCD, 0x6EC5, 0x4EB5,
    0x90B5, 0xCF94, 0x8C63, 0x4D4B, 0x3064, 0xF795, 0x1796, 0xF47C, 0x0D3B, 0xB36C, 0x968D, 0xD36C,
    0x2D43, 0x0D3B, 0x2D43, 0xA821, 0xA308, 0x0000, 0x0000, 0x0000, 0x0000, 0x0000, 0x0000, 0x0000,
    0xC310, 0x6D43, 0x4D3B, 0x8E3B, 0x4D3B, 0xB344, 0x395E, 0x7565, 0xA208, 0x0000, 0x0000, 0x0000,
    0x0000, 0x0000, 0x0000, 0x0000, 0x0000, 0x0000, 0x0000, 0x0000, 0x0000, 0x0000, 0x0000, 0x0000,
    0x0000, 0x0000, 0x0000, 0x0000, 0x0000, 0x0000, 0x0000, 0x8308, 0x081A, 0x9064, 0x1696, 0x9585,
    0x715C, 0xAF4B, 0xD36C, 0xB685, 0x1475, 0x6F43, 0xD053, 0x3164, 0x1064, 0x8D5B, 0xED7B, 0x8D9C,
    0x0DB5, 0xEFD5, 0x71E6, 0x0DB5, 0x4973, 0x6752, 0x2421, 0x4721, 0x6721, 0x6721, 0x2619, 0xE921,
    0x2D43, 0x0D3B, 0x6B32, 0x8721, 0xC829, 0x8829, 0x4621, 0xE418, 0x264A, 0x2873, 0x0A94, 0x0FDE,
    0x0FDE, 0x10D6, 0x2EB5, 0x0D7C, 0xAE63, 0x5064, 0x926C, 0xAF53, 0xD053, 0x757D, 0x9585, 0x1054,
    0x9264, 0xF695, 0x17A6, 0x2D4B, 0x6208, 0x0000, 0x0000, 0x0000, 0x0000, 0x0000, 0x0000, 0x0000,
    0x0000, 0x0000, 0x0000, 0x0000, 0x8208, 0x5144, 0xD765, 0xC719, 0x2000, 0x0000, 0x0000, 0x0000,
    0x0000, 0x0000, 0x0000, 0x0000, 0x0000, 0x0000, 0x0000, 0x0000, 0x0000, 0x0000, 0x0000, 0x0000,
    0x0000, 0x0000, 0x0000, 0x0000, 0x0000, 0x0000, 0x0000, 0x6308, 0xA819, 0xF274, 0xB8AE, 0xF695,
    0x7585, 0x8F43, 0xF04B, 0xD36C, 0x5164, 0x4D4B, 0xCB42, 0x4C5B, 0x4B63, 0xAE9C, 0x4EB5, 0x0DB5,
    0xEDAC, 0xE862, 0x0963, 0x0742, 0x8731, 0xC931, 0xAC52, 0xAF73, 0x528C, 0x528C, 0x3184, 0x6A42,
    0xE831, 0xE831, 0xE831, 0xEF7B, 0x718C, 0x718C, 0x9294, 0xEC5A, 0x4A42, 0x2942, 0x6631, 0x6752,
    0xE862, 0x897B, 0x2CBD, 0x8EC5, 0x2C8C, 0x6B63, 0x2B53, 0x4D53, 0xAE53, 0xD374, 0x347D, 0x4E3B,
    0xB26C, 0xB8AE, 0x1ABF, 0xEF63, 0x6308, 0x0000, 0x0000, 0x0000, 0x0000, 0x0000, 0x0000, 0x0000,
    0x0000, 0x4000, 0x2000, 0xC208, 0xB254, 0x3976, 0x081A, 0x0000, 0x2000, 0x0000, 0x0000, 0x0000,
    0x0000, 0x0000, 0x0000, 0x0000, 0x0000, 0x0000, 0x0000, 0x0000, 0x0000, 0x0000, 0x0000, 0x0000,
    0x0000, 0x0000, 0x0000, 0x0000, 0x0000, 0x0000, 0x0000, 0x6308, 0xC821, 0xD26C, 0xB58D, 0x547D,
    0x557D, 0x6F43, 0xD053, 0x4D4B, 0x6D5B, 0x4B63, 0x8B73, 0x496B, 0xADA4, 0x2B8C, 0xC85A, 0xA85A,
    0x484A, 0xC939, 0x4B4A, 0x0D63, 0xB294, 0xB294, 0x74AD, 0xD3AD, 0xB3AD, 0xB3AD, 0x93A5, 0x329D,
    0x129D, 0x129D, 0x129D, 0x319D, 0x92A5, 0xB2A5, 0xB2AD, 0xB3AD, 0xD4AD, 0x94AD, 0xAF73, 0x8B52,
    0xE939, 0xC739, 0xE86A, 0xA98B, 0x8CA4, 0x4B94, 0xCB7B, 0x6B63, 0x0B53, 0x8D5B, 0x516C, 0x2D43,
    0x305C, 0x957D, 0x957D, 0x8F53, 0xA308, 0x0000, 0x0000, 0x0000, 0x0000, 0x0000, 0x0000, 0x0000,
    0x2000, 0x0000, 0xC308, 0xD354, 0x555D, 0x0822, 0x2000, 0x2000, 0x0000, 0x0000, 0x0000, 0x0000,
    0x0000, 0x0000, 0x0000, 0x0000, 0x0000, 0x0000, 0x0000, 0x0000, 0x0000, 0x0000, 0x0000, 0x0000,
    0x0000, 0x0000, 0x0000, 0x0000, 0x0000, 0x0000, 0x0000, 0x6208, 0xE921, 0xF05B, 0x9264, 0xB36C,
    0xF053, 0x8E4B, 0x4D53, 0x2B63, 0x8B73, 0x8B73, 0x0963, 0x273A, 0x273A, 0xC631, 0x2A3A, 0x0B42,
    0x6C52, 0xB07B, 0x33A5, 0xB3B5, 0xD3AD, 0xD3AD, 0xB2AD, 0xB2A5, 0xB2A5, 0xB2AD, 0xB2AD, 0xB3AD,
    0xD3AD, 0xD3AD, 0xD3AD, 0xD2AD, 0xB2A5, 0xB2A5, 0xB2A5, 0xB2A5, 0xB2A5, 0xB2AD, 0xB3AD, 0xF5B5,
    0xF29C, 0xED62, 0x0A42, 0x294A, 0x8531, 0x2642, 0x6B6B, 0xAB73, 0xEC7B, 0x8B6B, 0x4C53, 0x6D53,
    0x2D43, 0xB264, 0xB36C, 0xA821, 0xA308, 0x0000, 0x0000, 0x0000, 0x0000, 0x0000, 0x0000, 0x2000,
    0x0000, 0x0411, 0x924C, 0x145D, 0x4511, 0x0000, 0x0000, 0x0000, 0x0000, 0x0000, 0x0000, 0x0000,
    0x0000, 0x0000, 0x0000, 0x0000, 0x0000, 0x0000, 0x0000, 0x0000, 0x0000, 0x0000, 0x0000, 0x0000,
    0x0000, 0x0000, 0x0000, 0x0000, 0x0000, 0x0000, 0x0000, 0x2100, 0x0511, 0x0A2A, 0x2E4B, 0x2E43,
    0xEC42, 0x4C5B, 0x6B6B, 0xAB7B, 0x4A6B, 0x4742, 0x6521, 0x8721, 0x2611, 0xEA39, 0x8D5A, 0xCD62,
    0xF29C, 0xD3AD, 0x92A5, 0xB2A5, 0xB1A5, 0xB2A5, 0xB2A5, 0xB2A5, 0xB2AD, 0xB2AD, 0xB3AD, 0x72A5,
    0x72A5, 0x72A5, 0x72A5, 0x72A5, 0xB3AD, 0xB3AD, 0xB2AD, 0xB2AD, 0xB2AD, 0xB2A5, 0xB2A5, 0xB1A5,
    0xB2A5, 0x93AD, 0x3184, 0x6C52, 0xEA31, 0x4619, 0x6619, 0x273A, 0xE95A, 0xCC7B, 0x8B6B, 0x4C5B,
    0x2D4B, 0x4E4B, 0x2D43, 0xC408, 0x0000, 0x0000, 0x0000, 0x0000, 0x0000, 0x0000, 0x0000, 0x0000,
    0x8208, 0xAE43, 0x5966, 0xCB22, 0x4100, 0xA208, 0x8200, 0x6100, 0x0000, 0x0000, 0x0000, 0x0000,
    0x0000, 0x0000, 0x0000, 0x0000, 0x0000, 0x0000, 0x0000, 0x0000, 0x0000, 0x0000, 0x0000, 0x0000,
    0x0000, 0x0000, 0x0000, 0x0000, 0x0000, 0x0000, 0x0000, 0x0000, 0x6308, 0x8821, 0xCC4A, 0xCB4A,
    0xEA5A, 0x6A73, 0xAB7B, 0x884A, 0x6621, 0x8721, 0xC921, 0x8821, 0x4C4A, 0xEF6A, 0x0E6B, 0x129D,
    0xD2AD, 0xB1A5, 0xB1A5, 0xB1A5, 0xB2A5, 0xB2A5, 0xB2A5, 0xB2A5, 0xB2AD, 0xB2A5, 0x519D, 0x1195,
    0x1195, 0x3195, 0x1195, 0x1195, 0x119D, 0x72A5, 0xB2AD, 0xB2AD, 0xB2A5, 0x91A5, 0x91A5, 0x91A5,
    0x91A5, 0xB1A5, 0x319D, 0x518C, 0x0F6B, 0xCA31, 0x6719, 0xA819, 0x8619, 0x6842, 0x6B6B, 0xCC73,
    0x4B5B, 0x0C4B, 0x092A, 0x4100, 0x2000, 0x0000, 0x0000, 0x0000, 0x0000, 0x0000, 0x0000, 0x0000,
    0x2822, 0x1866, 0xB64D, 0x965D, 0x355D, 0x3455, 0x3555, 0xD364, 0x8208, 0x0000, 0x0000, 0x0000,
    0x0000, 0x0000, 0x0000, 0x0000, 0x0000, 0x0000, 0x0000, 0x0000, 0x0000, 0x0000, 0x0000, 0x0000,
    0x0000, 0x0000, 0x0000, 0x0000, 0x0000, 0x0000, 0x0000, 0x0000, 0x6208, 0x0519, 0xE839, 0xA852,
    0x8A7B, 0x4A6B, 0x083A, 0xA721, 0x8719, 0xEC3A, 0x8B32, 0xC931, 0x3073, 0xCE62, 0x918C, 0xF2AD,
    0xB1A5, 0xB1A5, 0xB2A5, 0x91A5, 0xB2A5, 0xB2A5, 0xB1A5, 0xB2A5, 0x719D, 0x3195, 0x1195, 0x319D,
    0x319D, 0x319D, 0x319D, 0x319D, 0x1195, 0xF194, 0x1195, 0xB2AD, 0xB2AD, 0x91A5, 0xB2A5, 0x91A5,
    0x91A5, 0xB1A5, 0xB1A5, 0xD3AD, 0xD07B, 0xAE5A, 0x4B3A, 0xA919, 0x8C32, 0xC821, 0xE829, 0x2A63,
    0xCB73, 0x2B63, 0x2519, 0x0000, 0x0000, 0x0000, 0x0000, 0x0000, 0x0000, 0x0000, 0x0000, 0x0000,
    0x8619, 0x9254, 0x5144, 0x514C, 0x514C, 0x5144, 0x714C, 0xEF4B, 0x6100, 0x0000, 0x0000, 0x0000,
    0x0000, 0x0000, 0x0000, 0x0000, 0x0000, 0x0000, 0x0000, 0x0000, 0x0000, 0x0000, 0x0000, 0x0000,
    0x0000, 0x0000, 0x0000, 0x0000, 0x0000, 0x0000, 0x0000, 0x0000, 0x0000, 0x4200, 0x8631, 0x8B7B,
    0x0963, 0xC729, 0xE929, 0x8B32, 0x4D3B, 0x2C3B, 0x092A, 0x6C52, 0x0F6B, 0xF083, 0x52A5, 0xD2AD,
    0xB2A5, 0xB2A5, 0xB2A5, 0x92A5, 0x92A5, 0xB1A5, 0x71A5, 0x93A5, 0x329D, 0xF194, 0x1195, 0x1195,
    0x1195, 0x1195, 0x119D, 0x119D, 0x1195, 0x1195, 0x1195, 0x52A5, 0x92A5, 0x91A5, 0xB2A5, 0xB2A5,
    0xB2A5, 0xB2AD, 0xB2A5, 0xF3AD, 0x9194, 0xEE62, 0x6D4A, 0x8819, 0xE919, 0x0D3B, 0x2A2A, 0x4619,
    0xCA52, 0xAA52, 0xA308, 0x0000, 0x0000, 0x2000, 0x6100, 0xA200, 0xA200, 0xA200, 0xA308, 0x6100,
    0x0000, 0x0000, 0x0000, 0x0000, 0x0000, 0x0000, 0x0000, 0x0000, 0x0000, 0x0000, 0x0000, 0x0000,
    0x0000, 0x0000, 0x0000, 0x0000, 0x0000, 0x0000, 0x0000, 0x0000, 0x0000, 0x0000, 0x0000, 0x0000,
    0x0000, 0x0000, 0x0000, 0x0000, 0x0000, 0x0000, 0x0000, 0x0000, 0x0000, 0x6208, 0x2619, 0xE839,
    0x6621, 0xE929, 0xAB32, 0x6D3B, 0xAD43, 0xCB32, 0x4B3A, 0xEF6A, 0xCE62, 0x129D, 0xF3B5, 0x92A5,
    0xB2AD, 0xB2A5, 0xB2A5, 0xB2A5, 0x92A5, 0xB2AD, 0x129D, 0x0D63, 0x6E6B, 0x329D, 0x519D, 0x519D,
    0x519D, 0x519D, 0x519D, 0x319D, 0x72A5, 0x529D, 0x2D63, 0xAB5A, 0xD194, 0xD2AD, 0xB2A5, 0xB2A5,
    0xB2AD, 0xB2AD, 0xB2AD, 0xD2AD, 0x73A5, 0x907B, 0xCE62, 0xEA31, 0x6711, 0x0C33, 0x6D43, 0x4A2A,
    0x4619, 0x2619, 0xC410, 0x0000, 0x2000, 0x0000, 0x8E4B, 0xD87D, 0x766D, 0x355D, 0xB76D, 0xAA32,
    0x0000, 0x0000, 0x0000, 0x0000, 0x0000, 0x0000, 0x0000, 0x0000, 0x0000, 0x0000, 0x0000, 0x0000,
    0x0000, 0x0000, 0x0000, 0x0000, 0x0000, 0x0000, 0x0000, 0x0000, 0x0000, 0x0000, 0x0000, 0x0000,
    0x0000, 0x0000, 0x0000, 0x0000, 0x0000, 0x0000, 0x0000, 0x0000, 0x0000, 0x6208, 0x0611, 0xE510,
    0xA821, 0x6A2A, 0x4C3B, 0x4C3B, 0x8A2A, 0xC819, 0x0A3A, 0xEF6A, 0x4F73, 0xB3AD, 0xB2AD, 0xB2A5,
    0xB2A5, 0xB2A5, 0xB2A5, 0xB2A5, 0xB2A5, 0xB2AD, 0x329D, 0x8F73, 0x8931, 0x093A, 0x329D, 0xD3AD,
    0xB3A5, 0xD3A5, 0xD3A5, 0x14B6, 0x329D, 0x6B4A, 0x6829, 0x107C, 0x72A5, 0xD2AD, 0xB2AD, 0xB2A5,
    0xB2A5, 0xB2A5, 0xB2A5, 0xB2A5, 0xF3AD, 0x718C, 0x2F73, 0xEA39, 0x8711, 0xAB2A, 0x6D3B, 0x8D43,
    0x2922, 0x2611, 0xA410, 0x0000, 0x0000, 0x0000, 0xE721, 0x2D3B, 0xAB2A, 0xF44C, 0x396E, 0x4922,
    0x0000, 0x2000, 0x0000, 0x0000, 0x0000, 0x0000, 0x0000, 0x0000, 0x0000, 0x0000, 0x0000, 0x0000,
    0x0000, 0x0000, 0x0000, 0x0000, 0x0000, 0x0000, 0x0000, 0x0000, 0x0000, 0x0000, 0x0000, 0x0000,
    0x0000, 0x0000, 0x0000, 0x0000, 0x0000, 0x0000, 0x0000, 0x0000, 0x0000, 0x6208, 0x0619, 0xC821,
    0x6A2A, 0x6D43, 0x6922, 0xEB32, 0x4D3B, 0x6719, 0x4C4A, 0xCF6A, 0x2E6B, 0x93A5, 0xB2A5, 0x92A5,
    0x92A5, 0x92A5, 0x92A5, 0xB2A5, 0xB2A5, 0xB2A5, 0xB2AD, 0xB4AD, 0x107C, 0x0A3A, 0xA829, 0xA729,
    0xC831, 0xC831, 0xC831, 0xE831, 0xE939, 0x4C4A, 0x718C, 0xB3AD, 0xD2AD, 0xB2A5, 0xB2A5, 0xB2A5,
    0xB2A5, 0xB2A5, 0xB1A5, 0xB1A5, 0xB2A5, 0xB194, 0xEE6A, 0x2B42, 0x4719, 0x8B2A, 0x8A22, 0x4C33,
    0x6D3B, 0xC821, 0xA408, 0x0000, 0x0000, 0x0000, 0x0000, 0x0000, 0xA719, 0xF45C, 0xAA2A, 0x0000,
    0x2000, 0x0000, 0x0000, 0x0000, 0x0000, 0x0000, 0x0000, 0x0000, 0x0000, 0x0000, 0x0000, 0x0000,
    0x0000, 0x0000, 0x0000, 0x0000, 0x0000, 0x0000, 0x0000, 0x0000, 0x0000, 0x0000, 0x0000, 0x0000,
    0x0000, 0x0000, 0x0000, 0x0000, 0x0000, 0x0000, 0x0000, 0x0000, 0x0000, 0x6208, 0x0611, 0xEB32,
    0xAE43, 0x291A, 0xAB2A, 0xEF4B, 0x0922, 0x6821, 0xEF6A, 0xAD62, 0xD294, 0xB2AD, 0x92A5, 0xD3AD,
    0xF3AD, 0xF4AD, 0xF4B5, 0xF4B5, 0xF4AD, 0xF4B5, 0xF3AD, 0xB2AD, 0x93A5, 0x33A5, 0x2D6B, 0x6C5A,
    0xAD5A, 0xAD62, 0xAD5A, 0x8D5A, 0xED62, 0xB194, 0xB2AD, 0xD2AD, 0xF3AD, 0xF3AD, 0xD3AD, 0xF4AD,
    0xF3AD, 0xD3AD, 0xD3AD, 0xD3AD, 0xB2A5, 0x72A5, 0x0E6B, 0xCF6A, 0x8929, 0x2A22, 0x4D3B, 0x0C2B,
    0x0C2B, 0xE921, 0xC410, 0x0000, 0x0000, 0x0000, 0x0000, 0xA721, 0x556D, 0xAA32, 0x0000, 0x0000,
    0x0000, 0x0000, 0x0000, 0x0000, 0x0000, 0x0000, 0x0000, 0x0000, 0x0000, 0x0000, 0x0000, 0x0000,
    0x0000, 0x0000, 0x0000, 0x0000, 0x0000, 0x0000, 0x0000, 0x0000, 0x0000, 0x0000, 0x0000, 0x0000,
    0x0000, 0x0000, 0x0000, 0x0000, 0x0000, 0x0000, 0x0000, 0x0000, 0x0000, 0x6208, 0x4719, 0x0C3B,
    0x6A22, 0xAA2A, 0xAE43, 0xEC32, 0x4711, 0x8931, 0xCF6A, 0xAD62, 0x1195, 0x13B6, 0xD08C, 0x0732,
    0x493A, 0x493A, 0x6A3A, 0x8A42, 0x8A42, 0x693A, 0xCD6B, 0xF4AD, 0xD3AD, 0xB2AD, 0xB194, 0x7194,
    0x9194, 0x9194, 0x9194, 0x508C, 0x9094, 0xB2AD, 0xF2AD, 0x729D, 0xEA4A, 0x693A, 0x8A42, 0x8A42,
    0x8942, 0x693A, 0x293A, 0x8942, 0xD3AD, 0xD3AD, 0x2E73, 0xEF6A, 0xCA31, 0x0922, 0x7154, 0xCE3B,
    0xEC22, 0x0922, 0xC410, 0x0000, 0x0000, 0x0000, 0xC729, 0x355D, 0xD44C, 0x8619, 0xA619, 0xA208,
    0x0000, 0x0000, 0x0000, 0x0000, 0x0000, 0x0000, 0x0000, 0x0000, 0x0000, 0x0000, 0x0000, 0x0000,
    0x0000, 0x0000, 0x0000, 0x0000, 0x0000, 0x0000, 0x0000, 0x0000, 0x0000, 0x0000, 0x0000, 0x0000,
    0x0000, 0x0000, 0x0000, 0x0000, 0x0000, 0x0000, 0x0000, 0x0000, 0x0000, 0x6208, 0x6819, 0xCB32,
    0x8A22, 0xEF43, 0x8D43, 0x6A22, 0xC819, 0xCA39, 0xCF6A, 0xAD62, 0x93A5, 0x319D, 0x483A, 0x0922,
    0x2A2A, 0x2A2A, 0x4A2A, 0x6A2A, 0x8B2A, 0xAA32, 0xC821, 0x283A, 0x0E7C, 0xB3AD, 0xD2AD, 0xD2AD,
    0xD3AD, 0xD3AD, 0xD2AD, 0xB2A5, 0xD2AD, 0xD3AD, 0xEE73, 0x8621, 0xC821, 0x8A2A, 0x6A2A, 0x6B2A,
    0x6A2A, 0x6A2A, 0x6A2A, 0x092A, 0xEB4A, 0x53A5, 0x707B, 0xEF6A, 0xCA31, 0x2A2A, 0xAE43, 0xAE3B,
    0x8E3B, 0x0922, 0xA308, 0x0000, 0x0000, 0x0000, 0x4D43, 0x186E, 0x555D, 0x7665, 0xF87D, 0x282A,
    0x0000, 0x0000, 0x0000, 0x0000, 0x0000, 0x0000, 0x0000, 0x0000, 0x0000, 0x0000, 0x0000, 0x0000,
    0x0000, 0x0000, 0x0000, 0x0000, 0x0000, 0x0000, 0x0000, 0x0000, 0x0000, 0x0000, 0x0000, 0x0000,
    0x0000, 0x0000, 0x0000, 0x0000, 0x0000, 0x0000, 0x0000, 0x0000, 0x0000, 0x6208, 0x6819, 0x0C33,
    0x504C, 0xCE43, 0xAA2A, 0x8E43, 0xE921, 0xEA39, 0xEF6A, 0x4F73, 0xEF73, 0x082A, 0x0922, 0xAB32,
    0x8B2A, 0x8B32, 0x8B2A, 0x8B2A, 0xCB32, 0x6D43, 0x0C3B, 0x4A2A, 0xA721, 0xCA4A, 0x93A5, 0xD3AD,
    0xD3AD, 0xD3AD, 0xD2AD, 0xD3AD, 0x93A5, 0xCB4A, 0xC821, 0x8A32, 0xEC3A, 0x0C3B, 0xAB32, 0xAB32,
    0xAB32, 0xAB32, 0xAC32, 0xAC32, 0x0922, 0x6A3A, 0xEE5A, 0x106B, 0xCA31, 0xE921, 0xEC32, 0xCE3B,
    0x0C2B, 0x2A2A, 0x8308, 0x0000, 0x0000, 0x0000, 0x8108, 0x0411, 0x0411, 0xE410, 0x0411, 0x6100,
    0x0000, 0x0000, 0x0000, 0x0000, 0x0000, 0x0000, 0x0000, 0x0000, 0x0000, 0x0000, 0x0000, 0x0000,
    0x0000, 0x0000, 0x0000, 0x0000, 0x0000, 0x0000, 0x0000, 0x0000, 0x0000, 0x0000, 0x0000, 0x0000,
    0x0000, 0x0000, 0x0000, 0x0000, 0x0000, 0x0000, 0x0000, 0x0000, 0x2100, 0x8408, 0x4819, 0x6D43,
    0xCE43, 0xAA2A, 0x6D3B, 0x6D3B, 0xE921, 0x0A42, 0x1073, 0xCE62, 0xC829, 0x4611, 0x8719, 0x6719,
    0x4721, 0x4721, 0x4719, 0x4719, 0x8821, 0xA819, 0x4A2A, 0x4D3B, 0x4D43, 0x4A32, 0xEC5A, 0x53A5,
    0xD094, 0xF194, 0xD094, 0x53A5, 0xAB52, 0x2A32, 0x6D43, 0xEB32, 0x0922, 0x6719, 0x4819, 0x4821,
    0x4819, 0x4821, 0x6821, 0x6819, 0xE921, 0xA819, 0x0A32, 0xCE5A, 0xCA31, 0xE921, 0xAB2A, 0xEB2A,
    0x4D33, 0xC819, 0xA410, 0x2100, 0x0000, 0x0000, 0x0000, 0x0000, 0x0000, 0x0000, 0x0000, 0x0000,
    0x0000, 0x0000, 0x0000, 0x0000, 0x0000, 0x0000, 0x0000, 0x0000, 0x0000, 0x0000, 0x0000, 0x0000,
    0x0000, 0x0000, 0x0000, 0x0000, 0x0000, 0x0000, 0x0000, 0x0000, 0x0000, 0x0000, 0x0000, 0x0000,
    0x0000, 0x0000, 0x0000, 0x0000, 0x0000, 0x0000, 0x0000, 0x0000, 0x8308, 0x2719, 0xC608, 0xC819,
    0x8B2A, 0xCB2A, 0x4D3B, 0x8A2A, 0xC821, 0xCA39, 0x1073, 0x0B4A, 0x2719, 0x6721, 0xA931, 0x8D5A,
    0xAE62, 0x8D5A, 0x8D5A, 0xAE5A, 0x6D52, 0x8929, 0x6819, 0xC921, 0xC819, 0xA829, 0xCD62, 0x518C,
    0xB18C, 0xB08C, 0x918C, 0x318C, 0xEA39, 0xC929, 0xC821, 0xC821, 0x2719, 0x4821, 0x0B42, 0xAE62,
    0x8E5A, 0x8E5A, 0xAF62, 0x2C42, 0xA929, 0x4819, 0xE608, 0x2B42, 0xC931, 0xE819, 0xAB2A, 0xCB2A,
    0x2922, 0x8300, 0x0619, 0xC410, 0x0000, 0x0000, 0x0000, 0x0000, 0x0000, 0x0000, 0x0000, 0x0000,
    0x0000, 0x0000, 0x0000, 0x0000, 0x0000, 0x0000, 0x0000, 0x0000, 0x0000, 0x0000, 0x0000, 0x0000,
    0x0000, 0x0000, 0x0000, 0x0000, 0x0000, 0x0000, 0x0000, 0x0000, 0x0000, 0x0000, 0x0000, 0x0000,
    0x0000, 0x0000, 0x0000, 0x0000, 0x0000, 0x0000, 0x0000, 0x0000, 0x6308, 0x0619, 0xC829, 0x082A,
    0x0922, 0xCE43, 0x2922, 0x4A22, 0xC819, 0xCA39, 0xCF6A, 0x8D5A, 0x6C52, 0x6D52, 0x8E5A, 0xAE62,
    0xAE62, 0xAE62, 0xAE62, 0x8E62, 0xAE62, 0xCE62, 0x4C4A, 0xEB39, 0xEB39, 0x0B42, 0xAE62, 0x2E6B,
    0x918C, 0x908C, 0x918C, 0x0E6B, 0xEF6A, 0x2C4A, 0xEB39, 0xEA41, 0x2C4A, 0xAE62, 0xAE62, 0xCE6A,
    0xCE6A, 0xCF62, 0xAE62, 0xCF6A, 0xAE5A, 0x2B42, 0x0B42, 0x8D5A, 0xA931, 0xC819, 0x0C3B, 0x0922,
    0xE829, 0x2C5B, 0xE931, 0xA410, 0x0000, 0x0000, 0x0000, 0x0000, 0x0000, 0x0000, 0x0000, 0x0000,
    0x0000, 0x0000, 0x0000, 0x0000, 0x0000, 0x0000, 0x0000, 0x0000, 0x0000, 0x0000, 0x0000, 0x0000,
    0x0000, 0x0000, 0x0000, 0x0000, 0x0000, 0x0000, 0x0000, 0x0000, 0x0000, 0x0000, 0x0000, 0x0000,
    0x0000, 0x0000, 0x0000, 0x0000, 0x0000, 0x0000, 0x0000, 0x0000, 0x6308, 0x6721, 0x739D, 0x15B6,
    0xAA42, 0xC821, 0x0922, 0x8B2A, 0xA819, 0xCA39, 0xCF6A, 0xAE62, 0xCE6A, 0xCF6A, 0xEE6A, 0x0F6B,
    0x0F6B, 0x0F6B, 0x0F6B, 0x0F6B, 0xEF6A, 0xAE5A, 0xAE62, 0xCE62, 0xAE62, 0xCE62, 0x8E62, 0xED6A,
    0x119D, 0x1095, 0xF194, 0x0E6B, 0x8E62, 0xCF62, 0xCF62, 0xCE62, 0xAE62, 0xAE62, 0x2F6B, 0x2F73,
    0x2F73, 0x2F6B, 0x2F73, 0x0F6B, 0xAD62, 0xAE62, 0xAE62, 0xCE62, 0x8829, 0xE921, 0xE921, 0xC821,
    0x918C, 0x16BE, 0xCC52, 0x8308, 0x0000, 0x0000, 0x0000, 0x0000, 0x0000, 0x0000, 0x0000, 0x0000,
    0x0000, 0x0000, 0x0000, 0x0000, 0x0000, 0x0000, 0x0000, 0x0000, 0x0000, 0x0000, 0x0000, 0x0000,
    0x0000, 0x0000, 0x0000, 0x0000, 0x0000, 0x0000, 0x0000, 0x0000, 0x0000, 0x0000, 0x0000, 0x0000,
    0x0000, 0x0000, 0x0000, 0x0000, 0x0000, 0x0000, 0x0000, 0x0000, 0x6308, 0xA829, 0x307C, 0xCF7B,
    0x53A5, 0xAB4A, 0x4611, 0xCC32, 0xA819, 0xCA39, 0xEF6A, 0xAE62, 0xAE62, 0x8D5A, 0xCE62, 0x4F73,
    0x4F73, 0x4F73, 0x4F73, 0x4F73, 0x4F73, 0xEE6A, 0x8D5A, 0x8E5A, 0x8E5A, 0xAE62, 0x8D5A, 0xEF83,
    0xD2AD, 0xD2AD, 0x92AD, 0x2E6B, 0x8E62, 0xAE5A, 0x8D5A, 0x8E5A, 0x8D5A, 0x0F6B, 0x2F73, 0x2F73,
    0x2F73, 0x2F73, 0x2F73, 0x2F73, 0xEF6A, 0x8D5A, 0x8E62, 0xAE62, 0x8931, 0x0922, 0x0822, 0x9084,
    0xCF7B, 0xD294, 0xEC52, 0x8308, 0x0000, 0x0000, 0x0000, 0x0000, 0x0000, 0x0000, 0x0000, 0x0000,
    0x0000, 0x0000, 0x0000, 0x0000, 0x0000, 0x0000, 0x0000, 0x0000, 0x0000, 0x0000, 0x0000, 0x0000,
    0x0000, 0x0000, 0x0000, 0x0000, 0x0000, 0x0000, 0x0000, 0x0000, 0x0000, 0x0000, 0x0000, 0x0000,
    0x0000, 0x0000, 0x0000, 0x0000, 0x0000, 0x0000, 0x0000, 0x0000, 0x6308, 0xA829, 0x7184, 0xAC62,
    0x318C, 0x0C5B, 0x6611, 0xAE43, 0x4922, 0xEA39, 0x0F6B, 0xCF6A, 0xCF6A, 0xCE62, 0x2F73, 0x4F73,
    0x4F73, 0x4F73, 0x2F73, 0x2F73, 0x2F6B, 0x4F73, 0xEF6A, 0x8E5A, 0x8E5A, 0xCE62, 0x8D5A, 0x129D,
    0xF2AD, 0xB1A5, 0xD2AD, 0x718C, 0x6D5A, 0xCE62, 0x6D52, 0xCE62, 0x0F6B, 0x0F6B, 0x2F73, 0x2F73,
    0x2F73, 0x2F73, 0x2F73, 0x2F73, 0xEF6A, 0xCE62, 0xAE62, 0xCF6A, 0xCA31, 0x0922, 0xCB42, 0x718C,
    0x4B52, 0xD294, 0xCB52, 0x8308, 0x0000, 0x0000, 0x0000, 0x0000, 0x0000, 0x0000, 0x0000, 0x0000,
    0x0000, 0x0000, 0x0000, 0x0000, 0x0000, 0x0000, 0x0000, 0x0000, 0x0000, 0x0000, 0x0000, 0x0000,
    0x0000, 0x0000, 0x0000, 0x0000, 0x0000, 0x0000, 0x0000, 0x0000, 0x0000, 0x0000, 0x0000, 0x0000,
    0x0000, 0x0000, 0x0000, 0x0000, 0x0000, 0x0000, 0x0000, 0x0000, 0x6308, 0x8721, 0x918C, 0x0E6B,
    0x8D5A, 0xA931, 0xC819, 0xCE43, 0x6A2A, 0x0B42, 0x2F73, 0x0F6B, 0xAE62, 0xCE62, 0x4F73, 0x4F6B,
    0x4F73, 0x2F6B, 0x2F6B, 0x2E6B, 0x2E6B, 0x0E6B, 0xEE62, 0x8D5A, 0x8E5A, 0x8E62, 0x8D5A, 0xF19C,
    0xF2AD, 0xB1A5, 0xF2AD, 0xB194, 0x8D62, 0x8E5A, 0x8D52, 0x6D52, 0x0F6B, 0x0F6B, 0x0E6B, 0x0E6B,
    0x2F6B, 0x2F73, 0x2F73, 0x4F73, 0x8D5A, 0xAD5A, 0x0F6B, 0xCE62, 0xEA39, 0x4A2A, 0x8721, 0x6C52,
    0x8C5A, 0xD294, 0xAA4A, 0x8308, 0x0000, 0x0000, 0x0000, 0x0000, 0x0000, 0x0000, 0x0000, 0x0000,
    0x0000, 0x0000, 0x0000, 0x0000, 0x0000, 0x0000, 0x0000, 0x0000, 0x0000, 0x0000, 0x0000, 0x0000,
    0x0000, 0x0000, 0x0000, 0x0000, 0x0000, 0x0000, 0x0000, 0x0000, 0x0000, 0x0000, 0x0000, 0x0000,
    0x0000, 0x0000, 0x0000, 0x0000, 0x0000, 0x0000, 0x0000, 0x0000, 0x6308, 0x8721, 0xF294, 0xF07B,
    0x8D52, 0xCA31, 0xC819, 0xCE43, 0x6A2A, 0x0A42, 0x7073, 0x53A5, 0x0F7C, 0x0A42, 0x4821, 0xEE5A,
    0x7073, 0x2F6B, 0x2F6B, 0x2F6B, 0x4F73, 0xCE5A, 0xE618, 0x6931, 0xB073, 0x4F73, 0x6C5A, 0x129D,
    0xF2B5, 0xD1AD, 0x13B6, 0x9194, 0xAD62, 0x8F73, 0x0A42, 0x4821, 0x8829, 0xEE62, 0x2F6B, 0x2F6B,
    0x2F6B, 0x4F73, 0x5073, 0xEA39, 0x2729, 0xEC5A, 0x74AD, 0xAF7B, 0xEA39, 0x4A2A, 0x8721, 0x4C52,
    0x8F73, 0xF5B5, 0x8A42, 0x6308, 0x0000, 0x0000, 0x0000, 0x0000, 0x0000, 0x0000, 0x0000, 0x0000,
    0x0000, 0x0000, 0x0000, 0x0000, 0x0000, 0x0000, 0x0000, 0x0000, 0x0000, 0x0000, 0x0000, 0x0000,
    0x0000, 0x0000, 0x0000, 0x0000, 0x0000, 0x0000, 0x0000, 0x0000, 0x0000, 0x0000, 0x0000, 0x0000,
    0x0000, 0x0000, 0x0000, 0x0000, 0x0000, 0x0000, 0x0000, 0x0000, 0x8308, 0x2719, 0x4D63, 0xD29C,
    0x6D5A, 0xCA31, 0xE819, 0xCE43, 0x6A22, 0x0A3A, 0x8F73, 0xD3AD, 0xF3AD, 0x529D, 0x8B4A, 0xE618,
    0x2621, 0x2621, 0x2619, 0x2619, 0x0519, 0x6721, 0xAD52, 0x0D63, 0x53A5, 0x3084, 0xAD5A, 0x329D,
    0x13B6, 0xD2AD, 0x13B6, 0xB194, 0x0D6B, 0x53A5, 0xAF73, 0xCD5A, 0xC939, 0xE510, 0x0619, 0x2619,
    0x2619, 0x4619, 0x0619, 0x8729, 0x5084, 0x72A5, 0x13B6, 0xD294, 0xC931, 0x4A2A, 0x8821, 0x4C52,
    0xF07B, 0xB18C, 0xE931, 0xA410, 0x0000, 0x0000, 0x0000, 0x0000, 0x0000, 0x0000, 0x0000, 0x0000,
    0x0000, 0x0000, 0x0000, 0x0000, 0x0000, 0x0000, 0x0000, 0x0000, 0x0000, 0x0000, 0x0000, 0x0000,
    0x0000, 0x0000, 0x0000, 0x0000, 0x0000, 0x0000, 0x0000, 0x0000, 0x0000, 0x0000, 0x0000, 0x0000,
    0x0000, 0x0000, 0x0000, 0x0000, 0x0000, 0x0000, 0x0000, 0x0000, 0x6208, 0xC510, 0x2A3A, 0xD39C,
    0x6D52, 0xCA31, 0xE819, 0xCE43, 0x6A22, 0xEA39, 0x8F73, 0xB3AD, 0xB1A5, 0xF3AD, 0x519D, 0x6F84,
    0xAF84, 0xAF84, 0xB084, 0xD084, 0x1195, 0x5084, 0x2E6B, 0x2F84, 0xD3AD, 0x5084, 0x3084, 0x72A5,
    0xF2AD, 0xD2AD, 0xF2AD, 0x52A5, 0x708C, 0x319D, 0x72A5, 0x4E6B, 0xAF7B, 0xD18C, 0xF08C, 0xD08C,
    0xD084, 0xD084, 0xB084, 0x1195, 0xF3AD, 0xD2AD, 0x12AE, 0xB194, 0xCA31, 0x4A2A, 0x6821, 0x0C4A,
    0x518C, 0x8E6B, 0x0619, 0xA310, 0x0000, 0x0000, 0x0000, 0x0000, 0x0000, 0x0000, 0x0000, 0x0000,
    0x0000, 0x0000, 0x0000, 0x0000, 0x0000, 0x0000, 0x0000, 0x0000, 0x0000, 0x0000, 0x0000, 0x0000,
    0x0000, 0x0000, 0x0000, 0x0000, 0x0000, 0x0000, 0x0000, 0x0000, 0x0000, 0x0000, 0x0000, 0x0000,
    0x0000, 0x0000, 0x0000, 0x0000, 0x0000, 0x0000, 0x0000, 0x2000, 0x0000, 0x4200, 0x4B3A, 0x3184,
    0x8D5A, 0xCA31, 0xC819, 0xAE3B, 0x6A22, 0xCA39, 0x6F73, 0xB3AD, 0xB1A5, 0x91A5, 0xB2A5, 0xF2AD,
    0xF2AD, 0x13B6, 0x13B6, 0x14B6, 0xF29C, 0x1084, 0x0F84, 0x93AD, 0x72A5, 0x708C, 0x5084, 0x51A5,
    0xD2AD, 0xB2AD, 0xD2AD, 0x319D, 0x508C, 0xF094, 0xD3AD, 0xB094, 0xAE7B, 0x2F84, 0x52A5, 0x13B6,
    0xF2AD, 0xF2AD, 0xF2AD, 0xF2AD, 0xB1A5, 0xB1A5, 0xF2AD, 0xB194, 0x2B3A, 0x6A32, 0x8821, 0x0C4A,
    0x1184, 0x4E63, 0x8308, 0x0000, 0x0000, 0x0000, 0x0000, 0x0000, 0x0000, 0x0000, 0x0000, 0x0000,
    0x0000, 0x0000, 0x0000, 0x0000, 0x0000, 0x0000, 0x0000, 0x0000, 0x0000, 0x0000, 0x0000, 0x0000,
    0x0000, 0x0000, 0x0000, 0x0000, 0x0000, 0x0000, 0x0000, 0x0000, 0x0000, 0x0000, 0x0000, 0x0000,
    0x0000, 0x0000, 0x0000, 0x0000, 0x0000, 0x0000, 0x0000, 0x0000, 0x0000, 0x6308, 0x2711, 0xA929,
    0x8E5A, 0x8929, 0xA711, 0x8D3B, 0x4922, 0xEA39, 0xCE62, 0x5084, 0xD2AD, 0x91A5, 0xB2A5, 0xB2A5,
    0xB2AD, 0xB2A5, 0xB2AD, 0xB2AD, 0x908C, 0x708C, 0xB3AD, 0xD2AD, 0x92A5, 0x708C, 0x5084, 0x52A5,
    0xD2AD, 0xB2A5, 0xD2AD, 0x319D, 0x508C, 0xD194, 0xB2A5, 0xD3AD, 0x32A5, 0x0F84, 0xF194, 0xD2AD,
    0xB1A5, 0xB1A5, 0xB1A5, 0x91A5, 0xB1A5, 0xB1A5, 0xD2AD, 0x2D63, 0xEA31, 0x4A2A, 0x8821, 0x8D52,
    0x2B42, 0x4719, 0xC410, 0x0000, 0x0000, 0x0000, 0x0000, 0x0000, 0x0000, 0x0000, 0x0000, 0x0000,
    0x0000, 0x0000, 0x0000, 0x0000, 0x0000, 0x0000, 0x0000, 0x0000, 0x0000, 0x0000, 0x0000, 0x0000,
    0x0000, 0x0000, 0x0000, 0x0000, 0x0000, 0x0000, 0x0000, 0x0000, 0x0000, 0x0000, 0x0000, 0x0000,
    0x0000, 0x0000, 0x0000, 0x0000, 0x0000, 0x0000, 0x0000, 0x0000, 0x0000, 0x2100, 0x8400, 0xA929,
    0x8E52, 0x8929, 0xA711, 0x8D3B, 0xAB2A, 0x4719, 0x4C52, 0xED62, 0x529D, 0xB2A5, 0xB2A5, 0xB2AD,
    0xB2AD, 0xB2AD, 0xB2AD, 0xB2AD, 0xF3AD, 0xF3AD, 0xB2A5, 0xF3AD, 0x72A5, 0x508C, 0x5084, 0x52A5,
    0xD2AD, 0xB1A5, 0xD2AD, 0x51A5, 0x708C, 0x708C, 0x529D, 0xD2AD, 0xD2AD, 0xF3AD, 0xD2AD, 0xB2AD,
    0xB2A5, 0xB2A5, 0xB2A5, 0x91A5, 0x91A5, 0xD2A5, 0x129D, 0x6C4A, 0xA821, 0x4A2A, 0x6719, 0xAE5A,
    0x2B42, 0x0511, 0x4100, 0x0000, 0x0000, 0x0000, 0x0000, 0x0000, 0x0000, 0x0000, 0x0000, 0x0000,
    0x0000, 0x0000, 0x0000, 0x0000, 0x0000, 0x0000, 0x0000, 0x0000, 0x0000, 0x0000, 0x0000, 0x0000,
    0x0000, 0x0000, 0x0000, 0x0000, 0x0000, 0x0000, 0x0000, 0x0000, 0x0000, 0x0000, 0x0000, 0x0000,
    0x0000, 0x0000, 0x0000, 0x0000, 0x0000, 0x0000, 0x0000, 0x0000, 0x0000, 0x0000, 0x2100, 0xA929,
    0xAD52, 0xA929, 0x8711, 0x2C33, 0x4D33, 0xC819, 0x0C42, 0x8D5A, 0x9194, 0xD2AD, 0xB2A5, 0xD2AD,
    0xB2AD, 0xD2AD, 0xB2AD, 0xD2AD, 0xB2A5, 0xB2A5, 0xD3AD, 0x329D, 0xF194, 0xF19C, 0x708C, 0x72A5,
    0xD2AD, 0xD2AD, 0xF2AD, 0x51A5, 0xB08C, 0xF194, 0x908C, 0x93AD, 0xB2AD, 0x91A5, 0xB1A5, 0xB1A5,
    0xB1A5, 0x91A5, 0x91A5, 0x91A5, 0x91A5, 0x92A5, 0x2D63, 0x8829, 0x4A2A, 0x8B2A, 0x6819, 0xCE5A,
    0x6C4A, 0xC410, 0x0000, 0x0000, 0x0000, 0x0000, 0x0000, 0x0000, 0x0000, 0x0000, 0x0000, 0x0000,
    0x0000, 0x0000, 0x0000, 0x0000, 0x0000, 0x0000, 0x0000, 0x0000, 0x0000, 0x0000, 0x0000, 0x0000,
    0x0000, 0x0000, 0x0000, 0x0000, 0x0000, 0x0000, 0x0000, 0x0000, 0x0000, 0x0000, 0x0000, 0x0000,
    0x0000, 0x0000, 0x0000, 0x0000, 0x0000, 0x0000, 0x0000, 0x0000, 0x0000, 0x0000, 0x4100, 0xC408,
    0x0A3A, 0x0A3A, 0xE508, 0xAB2A, 0x8D3B, 0xCC32, 0x2B3A, 0xAE5A, 0x8F73, 0xB3AD, 0xD2AD, 0xB2AD,
    0xD2AD, 0xB2AD, 0xB2AD, 0xB2A5, 0xB2A5, 0xD2AD, 0x53A5, 0xAC52, 0xD194, 0xF3B5, 0xD094, 0xD3AD,
    0xD2AD, 0xD2AD, 0xF2AD, 0x72A5, 0xD08C, 0x13B6, 0x2F7C, 0x8D6B, 0xF3B5, 0x91A5, 0xB1A5, 0xB1A5,
    0xB1A5, 0xB1A5, 0x91A5, 0x91A5, 0xF2AD, 0x2F84, 0x4C4A, 0x8921, 0x8B2A, 0x8B2A, 0xA921, 0x6C4A,
    0x8829, 0xE510, 0x0000, 0x0000, 0x0000, 0x0000, 0x0000, 0x0000, 0x0000, 0x0000, 0x0000, 0x0000,
    0x0000, 0x0000, 0x0000, 0x0000, 0x0000, 0x0000, 0x0000, 0x0000, 0x0000, 0x0000, 0x0000, 0x0000,
    0x0000, 0x0000, 0x0000, 0x0000, 0x0000, 0x0000, 0x0000, 0x0000, 0x0000, 0x0000, 0x0000, 0x0000,
    0x0000, 0x0000, 0x0000, 0x0000, 0x0000, 0x0000, 0x0000, 0x0000, 0x0000, 0x0000, 0x0000, 0x4200,
    0x2719, 0xA929, 0xE608, 0xCB32, 0xCE43, 0x8D3B, 0x6B32, 0x6D4A, 0xAE62, 0x7194, 0xD3AD, 0xB2AD,
    0xB2AD, 0xB2A5, 0xB2A5, 0xB2A5, 0xB1A5, 0xB2A5, 0xCF7B, 0xCA41, 0xD194, 0x14B6, 0xD194, 0xD3AD,
    0xD2AD, 0xD2AD, 0xF2AD, 0x72A5, 0xD094, 0x34B6, 0xEF7B, 0xCA41, 0xF19C, 0xB1A5, 0xB1A5, 0xB1A5,
    0xB1A5, 0xB1A5, 0x91A5, 0xB1A5, 0x119D, 0x0E63, 0x2C42, 0xCC3A, 0x2D3B, 0x6B2A, 0x6819, 0xA929,
    0xC508, 0x4100, 0x0000, 0x0000, 0x0000, 0x0000, 0x0000, 0x0000, 0x0000, 0x0000, 0x0000, 0x0000,
    0x0000, 0x0000, 0x0000, 0x0000, 0x0000, 0x0000, 0x0000, 0x0000, 0x0000, 0x0000, 0x0000, 0x0000,
    0x0000, 0x0000, 0x0000, 0x0000, 0x0000, 0x0000, 0x0000, 0x0000, 0x0000, 0x0000, 0x0000, 0x0000,
    0x0000, 0x0000, 0x0000, 0x0000, 0x0000, 0x0000, 0x0000, 0x0000, 0x0000, 0x0000, 0x0000, 0x4200,
    0x0611, 0x0611, 0x0609, 0xAB32, 0xAE3B, 0x704C, 0x2D33, 0xAA29, 0xCF62, 0xEE6A, 0x119D, 0xD2AD,
    0xB1A5, 0xB2A5, 0xB1A5, 0xB1A5, 0xD1A5, 0x519D, 0x0E6B, 0x4D52, 0x1084, 0xD29C, 0x9194, 0xD3AD,
    0x13B6, 0xF2AD, 0x13B6, 0x92A5, 0x718C, 0xF29C, 0x4E6B, 0x2C52, 0x518C, 0xB2AD, 0xB1A5, 0xB1A5,
    0xB1A5, 0xB1A5, 0xB1A5, 0xD2AD, 0x708C, 0xAD5A, 0xED4A, 0x2C2B, 0x8E3B, 0x4A2A, 0xC508, 0x0611,
    0xE510, 0x0000, 0x0000, 0x0000, 0x0000, 0x0000, 0x0000, 0x0000, 0x0000, 0x0000, 0x0000, 0x0000,
    0x0000, 0x0000, 0x0000, 0x0000, 0x0000, 0x0000, 0x0000, 0x0000, 0x0000, 0x0000, 0x0000, 0x0000,
    0x0000, 0x0000, 0x0000, 0x0000, 0x0000, 0x0000, 0x0000, 0x0000, 0x0000, 0x0000, 0x0000, 0x0000,
    0x0000, 0x0000, 0x0000, 0x0000, 0x0000, 0x0000, 0x0000, 0x0000, 0x0000, 0x0000, 0x0000, 0x4200,
    0xE610, 0x0611, 0x4711, 0xCC32, 0xAD33, 0x9044, 0x6D3B, 0x6B32, 0x8D52, 0xAE62, 0xB194, 0xB2AD,
    0xB1A5, 0xB1A5, 0xB1A5, 0xB1A5, 0xF2AD, 0x918C, 0xCD5A, 0xCA31, 0x2719, 0xA929, 0x8C4A, 0x5084,
    0x93AD, 0x52A5, 0x73A5, 0x718C, 0x6C4A, 0x8929, 0x8929, 0xCB39, 0x0E63, 0x93A5, 0xB1A5, 0xB1A5,
    0xB1A5, 0xB2AD, 0xD2AD, 0xB3AD, 0x4F73, 0x4C4A, 0xCC3A, 0xCD3B, 0xAE3B, 0x6A2A, 0xA508, 0xE610,
    0xC410, 0x0000, 0x0000, 0x0000, 0x0000, 0x0000, 0x0000, 0x0000, 0x0000, 0x0000, 0x0000, 0x0000,
    0x0000, 0x0000, 0x0000, 0x0000, 0x0000, 0x0000, 0x0000, 0x0000, 0x0000, 0x0000, 0x0000, 0x0000,
    0x0000, 0x0000, 0x0000, 0x0000, 0x0000, 0x0000, 0x0000, 0x0000, 0x0000, 0x0000, 0x0000, 0x0000,
    0x0000, 0x0000, 0x0000, 0x0000, 0x0000, 0x0000, 0x0000, 0x0000, 0x0000, 0x0000, 0x0000, 0x0000,
    0x6308, 0x2711, 0x4B2A, 0xEC32, 0x7044, 0x6F44, 0x8D3B, 0x2D3B, 0x2B32, 0x8E5A, 0x0E6B, 0x72A5,
    0xB1A5, 0xB1A5, 0xB1A5, 0xB2AD, 0x307C, 0x6B42, 0x2B2A, 0x4A22, 0x0A22, 0x6811, 0x0711, 0x2B42,
    0xCD5A, 0xCD5A, 0xCD5A, 0xEA39, 0xE710, 0x4711, 0xC919, 0xC919, 0x2A32, 0x307C, 0xD3AD, 0xD2AD,
    0xB2A5, 0xB2AD, 0xF3B5, 0x718C, 0xAE5A, 0x2B3A, 0x6D3B, 0xCD3B, 0x8D33, 0x0C33, 0xA819, 0xC408,
    0x0000, 0x0000, 0x0000, 0x0000, 0x0000, 0x0000, 0x0000, 0x0000, 0x0000, 0x0000, 0x0000, 0x0000,
    0x0000, 0x0000, 0x0000, 0x0000, 0x0000, 0x0000, 0x0000, 0x0000, 0x0000, 0x0000, 0x0000, 0x0000,
    0x0000, 0x0000, 0x0000, 0x0000, 0x0000, 0x0000, 0x0000, 0x0000, 0x0000, 0x0000, 0x0000, 0x0000,
    0x0000, 0x0000, 0x0000, 0x0000, 0x0000, 0x0000, 0x0000, 0x0000, 0x0000, 0x0000, 0x0000, 0x0000,
    0x4200, 0x2711, 0x4B2A, 0xCE3B, 0xD14C, 0xAD33, 0xAD3B, 0x8D33, 0x0D3B, 0xEB31, 0x6C52, 0x129D,
    0xF2AD, 0xD2AD, 0xD3AD, 0x307C, 0x4B3A, 0x8B2A, 0x4C2B, 0x2F44, 0x4D33, 0xAC32, 0x4711, 0x0711,
    0x0711, 0x2719, 0x2819, 0x2819, 0xA919, 0xEC32, 0xAE3B, 0xEE3B, 0x4D33, 0xAB3A, 0x6E63, 0x329D,
    0xD3AD, 0x13B6, 0x93AD, 0xD083, 0xCA39, 0xE921, 0x8D3B, 0x0E3C, 0x0E3C, 0x2D33, 0x0A22, 0xA408,
    0x0000, 0x0000, 0x0000, 0x0000, 0x0000, 0x0000, 0x0000, 0x0000, 0x0000, 0x0000, 0x0000, 0x0000,
    0x0000, 0x0000, 0x0000, 0x0000, 0x0000, 0x0000, 0x0000, 0x0000, 0x0000, 0x0000, 0x0000, 0x0000,
    0x0000, 0x0000, 0x0000, 0x0000, 0x0000, 0x0000, 0x0000, 0x0000, 0x0000, 0x0000, 0x0000, 0x0000,
    0x0000, 0x0000, 0x0000, 0x0000, 0x0000, 0x0000, 0x0000, 0x0000, 0x0000, 0x0000, 0x0000, 0x0000,
    0x4200, 0x2611, 0xAB32, 0xEE3B, 0xEE3B, 0x8D33, 0x8D33, 0x4F3C, 0xCE3B, 0x2B2A, 0x4D4A, 0x718C,
    0xF3AD, 0xD18C, 0x2D5B, 0xAC32, 0x6D33, 0x2F3C, 0xB044, 0x6F44, 0x6C33, 0x6D3B, 0x6B2A, 0x6819,
    0x4819, 0x6819, 0x6819, 0xC921, 0x2D3B, 0x8E3B, 0xEE3B, 0x3255, 0xF14C, 0x0F3C, 0xEC32, 0xAC42,
    0xF073, 0x129D, 0x13A5, 0x0E6B, 0x2A32, 0x2C33, 0x6C33, 0x2E44, 0x6F44, 0x6D3B, 0x0922, 0xA408,
    0x0000, 0x0000, 0x0000, 0x0000, 0x0000, 0x0000, 0x0000, 0x0000, 0x0000, 0x0000, 0x0000, 0x0000,
    0x0000, 0x0000, 0x0000, 0x0000, 0x0000, 0x0000, 0x0000, 0x0000, 0x0000, 0x0000, 0x0000, 0x0000,
    0x0000, 0x0000, 0x0000, 0x0000, 0x0000, 0x0000, 0x0000, 0x0000, 0x0000, 0x0000, 0x0000, 0x0000,
    0x0000, 0x0000, 0x0000, 0x0000, 0x0000, 0x0000, 0x0000, 0x0000, 0x0000, 0x0000, 0x0000, 0x0000,
    0x4200, 0x0611, 0xAB32, 0x8D3B, 0xCD33, 0xAD33, 0xCD33, 0xD04C, 0xEE33, 0xAC2A, 0xEB31, 0xED5A,
    0x5184, 0x6B3A, 0x8B2A, 0xEE3B, 0xB044, 0xF14C, 0x2E3C, 0x8D33, 0x6D33, 0x6D33, 0x8E3B, 0xAB32,
    0x4A2A, 0x4B2A, 0x4B2A, 0x2D3B, 0x6D3B, 0x8D3B, 0x8D33, 0xCD33, 0x114D, 0x3255, 0x7044, 0x2D33,
    0x4B32, 0x4F63, 0xB07B, 0xAD52, 0x4C3B, 0xAD3B, 0x6C33, 0xAD33, 0x7044, 0xEF43, 0xE921, 0xC408,
    0x0000, 0x0000, 0x0000, 0x0000, 0x0000, 0x0000, 0x0000, 0x0000, 0x0000, 0x0000, 0x0000, 0x0000,
    0x0000, 0x0000, 0x0000, 0x0000, 0x0000, 0x0000, 0x0000, 0x0000, 0x0000, 0x0000, 0x0000, 0x0000,
    0x0000, 0x0000, 0x0000, 0x0000, 0x0000, 0x0000, 0x0000, 0x0000, 0x0000, 0x0000, 0x0000, 0x0000,
    0x0000, 0x0000, 0x0000, 0x0000, 0x0000, 0x0000, 0x0000, 0x0000, 0x0000, 0x0000, 0x0000, 0x0000,
    0x4200, 0x0609, 0x0A22, 0x2D33, 0xAD3B, 0xAD33, 0xB044, 0x9044, 0x8D33, 0x8D3B, 0x6B2A, 0xEF5A,
    0xAD52, 0xAB2A, 0xEE3B, 0xD044, 0xF14C, 0x0E3C, 0xAD33, 0x8D3B, 0x8D3B, 0x6D3B, 0x6D33, 0x8E3B,
    0x4E43, 0x2D43, 0x4E43, 0x6D3B, 0x6D3B, 0x6D3B, 0x8D3B, 0x8D3B, 0xAD33, 0x7044, 0x124D, 0x9044,
    0x6D33, 0xAC32, 0x0E53, 0xAC3A, 0xAD33, 0x6F44, 0x2F3C, 0x6C2B, 0x6F44, 0x0F44, 0xC819, 0xC508,
    0x0000, 0x0000, 0x0000, 0x0000, 0x0000, 0x0000, 0x0000, 0x0000, 0x0000, 0x0000, 0x0000, 0x0000,
    0x0000, 0x0000, 0x0000, 0x0000, 0x0000, 0x0000, 0x0000, 0x0000, 0x0000, 0x0000, 0x0000, 0x0000,
    0x0000, 0x0000, 0x0000, 0x0000, 0x0000, 0x0000, 0x0000, 0x0000, 0x0000, 0x0000, 0x0000, 0x0000,
    0x0000, 0x0000, 0x0000, 0x0000, 0x0000, 0x0000, 0x0000, 0x0000, 0x0000, 0x0000, 0x0000, 0x0000,
    0x4200, 0xE608, 0xEA21, 0x4B2A, 0xCB2A, 0x2E3C, 0xB044, 0xED33, 0xCD33, 0xCE3B, 0x6E3B, 0x0B2A,
    0x2B2A, 0xAE33, 0x114D, 0xF14C, 0xCE3B, 0x0C33, 0xCC32, 0xCD3A, 0xED42, 0x0E43, 0x2E43, 0xEE42,
    0x6D42, 0x8E4A, 0x6D4A, 0x8D4A, 0xAD42, 0xAD42, 0xCD3A, 0xED3A, 0x0D3B, 0x4C33, 0x0E3C, 0x3155,
    0x9044, 0x8E3B, 0xE919, 0x8C2A, 0x8D33, 0x6F44, 0x114D, 0xAD33, 0x2F44, 0xEF43, 0xA819, 0xC408,
    0x2000, 0x0000, 0x0000, 0x0000, 0x0000, 0x0000, 0x0000, 0x0000, 0x0000, 0x0000, 0x0000, 0x0000,
    0x0000, 0x0000, 0x0000, 0x0000, 0x0000, 0x0000, 0x0000, 0x0000, 0x0000, 0x0000, 0x0000, 0x0000,
    0x0000, 0x0000, 0x0000, 0x0000, 0x0000, 0x0000, 0x0000, 0x0000, 0x0000, 0x0000, 0x0000, 0x0000,
    0x0000, 0x0000, 0x0000, 0x0000, 0x0000, 0x0000, 0x0000, 0x0000, 0x0000, 0x0000, 0x0000, 0x0000,
    0x4200, 0xC508, 0xEA21, 0x0A2A, 0xCB2A, 0xD04C, 0x0E34, 0xCD33, 0xEE33, 0xEE33, 0xEE3B, 0x6A22,
    0x0C2B, 0x114D, 0x5255, 0xAD33, 0xEC32, 0x8C42, 0x8D4A, 0x2C42, 0xAA29, 0xAA29, 0xCA29, 0x8A29,
    0xAA31, 0xCA39, 0xAA31, 0x8A31, 0x8929, 0xAA29, 0x0B3A, 0x8D4A, 0x8D42, 0x8B32, 0x0C33, 0x0E3C,
    0x3255, 0xB04C, 0xCC2A, 0xCC32, 0xAE3B, 0xAD33, 0xD04C, 0x7044, 0x6D33, 0x0D33, 0x8819, 0xC410,
    0x0000, 0x0000, 0x0000, 0x0000, 0x0000, 0x0000, 0x0000, 0x0000, 0x0000, 0x0000, 0x0000, 0x0000,
    0x0000, 0x0000, 0x0000, 0x0000, 0x0000, 0x0000, 0x0000, 0x0000, 0x0000, 0x0000, 0x0000, 0x0000,
    0x0000, 0x0000, 0x0000, 0x0000, 0x0000, 0x0000, 0x0000, 0x0000, 0x0000, 0x0000, 0x0000, 0x0000,
    0x0000, 0x0000, 0x0000, 0x0000, 0x0000, 0x0000, 0x0000, 0x0000, 0x0000, 0x0000, 0x0000, 0x6200,
    0xC408, 0xC508, 0x8819, 0x0A2A, 0xCC32, 0xAD3B, 0xCD33, 0xEE33, 0xED33, 0xCD33, 0xEE3B, 0xAB22,
    0x2F3C, 0x524D, 0xEE33, 0x2D33, 0xCA21, 0x2C4A, 0x0C4A, 0x0B42, 0xE931, 0x493A, 0x493A, 0x6A3A,
    0x693A, 0x493A, 0x493A, 0x293A, 0x2932, 0x6721, 0x0719, 0x6D52, 0x6D52, 0xA929, 0xC919, 0x4D33,
    0xB04C, 0xB35D, 0x8D33, 0x0C2B, 0xAE3B, 0x4C33, 0x6F44, 0xD14C, 0xAE33, 0xEC32, 0x4719, 0xE510,
    0xA410, 0x2100, 0x0000, 0x0000, 0x0000, 0x0000, 0x0000, 0x0000, 0x0000, 0x0000, 0x0000, 0x0000,
    0x0000, 0x0000, 0x0000, 0x0000, 0x0000, 0x0000, 0x0000, 0x0000, 0x0000, 0x0000, 0x0000, 0x0000,
    0x0000, 0x0000, 0x0000, 0x0000, 0x0000, 0x0000, 0x0000, 0x0000, 0x0000, 0x0000, 0x0000, 0x0000,
    0x0000, 0x0000, 0x0000, 0x0000, 0x0000, 0x0000, 0x0000, 0x0000, 0x0000, 0x0000, 0x8308, 0xE510,
    0xC508, 0xC508, 0xE608, 0xEA21, 0x2B2A, 0x4B2A, 0x8D3B, 0xEE33, 0xCD33, 0xAD33, 0xCD33, 0x0B23,
    0xB044, 0xF14C, 0xCE3B, 0x6B22, 0x8C4A, 0x6F73, 0x0E63, 0x8F73, 0x73A5, 0x34B6, 0xF4AD, 0xF4AD,
    0xF4B5, 0xF3AD, 0xF3AD, 0xF3AD, 0x34B6, 0x918C, 0x2D6B, 0x2E6B, 0x8F73, 0x117C, 0x2B32, 0x8B2A,
    0xCE3B, 0xD044, 0x9044, 0x8D33, 0x6D33, 0x4C33, 0x0F3C, 0x9044, 0x8E3B, 0x4A2A, 0xE608, 0xE610,
    0xE610, 0xE510, 0x8208, 0x0000, 0x0000, 0x0000, 0x0000, 0x0000, 0x0000, 0x0000, 0x0000, 0x0000,
    0x0000, 0x0000, 0x0000, 0x0000, 0x0000, 0x0000, 0x0000, 0x0000, 0x0000, 0x0000, 0x0000, 0x0000,
    0x0000, 0x0000, 0x0000, 0x0000, 0x0000, 0x0000, 0x0000, 0x0000, 0x0000, 0x0000, 0x0000, 0x0000,
    0x0000, 0x0000, 0x0000, 0x0000, 0x0000, 0x0000, 0x0000, 0x0000, 0x6208, 0xE510, 0x2711, 0x8819,
    0xC921, 0xA921, 0x2711, 0x0609, 0x0A2A, 0x2B2A, 0x4D33, 0xCE3B, 0x2C2B, 0xAD33, 0xAD33, 0xCD33,
    0x9044, 0x0E3C, 0xAE3B, 0x4B22, 0x0D5B, 0x35BE, 0x14B6, 0x34B6, 0xD3AD, 0x329D, 0x329D, 0x129D,
    0x129D, 0x129D, 0xF29C, 0x119D, 0x119D, 0x93AD, 0xB3AD, 0x72A5, 0x14B6, 0xB4AD, 0x2B3A, 0x4A22,
    0xAE3B, 0x6F3C, 0x9044, 0x8D33, 0x4C33, 0x4D33, 0x6D33, 0x6D3B, 0xCD32, 0x4811, 0x0711, 0x6819,
    0x6819, 0x0611, 0xE510, 0xE510, 0x4100, 0x0000, 0x0000, 0x0000, 0x0000, 0x0000, 0x0000, 0x0000,
    0x0000, 0x0000, 0x0000, 0x0000, 0x0000, 0x0000, 0x0000, 0x0000, 0x0000, 0x0000, 0x0000, 0x0000,
    0x0000, 0x0000, 0x0000, 0x0000, 0x0000, 0x0000, 0x0000, 0x0000, 0x0000, 0x0000, 0x0000, 0x0000,
    0x0000, 0x0000, 0x0000, 0x0000, 0x0000, 0x0000, 0x4200, 0x8308, 0x0611, 0x8819, 0xA919, 0x0A22,
    0x4B22, 0x8C2A, 0x4711, 0xE608, 0x2711, 0x0A2A, 0x6B2A, 0x0C33, 0x0C2B, 0xAD33, 0x8D33, 0xCD33,
    0x2E3C, 0xAD33, 0xCE3B, 0x8B22, 0xCC4A, 0xD4AD, 0x13AE, 0x13AE, 0x52A5, 0x2E6B, 0x2E6B, 0x0E63,
    0x0E63, 0x0E63, 0x2E63, 0x2E6B, 0x4E6B, 0x918C, 0x93A5, 0xF3AD, 0xF3AD, 0xB18C, 0x0A32, 0x8B22,
    0xCE3B, 0x0F3C, 0x0E3C, 0xEE33, 0x6F44, 0x2C33, 0x0C33, 0xCC32, 0xA921, 0xC608, 0x4811, 0x6B2A,
    0x0A22, 0x6819, 0x2711, 0x0611, 0xE510, 0x6208, 0x2100, 0x0000, 0x0000, 0x0000, 0x0000, 0x0000,
    0x0000, 0x0000, 0x0000, 0x0000, 0x0000, 0x0000, 0x0000, 0x0000, 0x0000, 0x0000, 0x0000, 0x0000,
    0x0000, 0x0000, 0x0000, 0x0000, 0x0000, 0x0000, 0x0000, 0x0000, 0x0000, 0x0000, 0x0000, 0x0000,
    0x0000, 0x0000, 0x0000, 0x0000, 0x2100, 0xC410, 0x4719, 0x2719, 0x6819, 0xCA21, 0xEA21, 0x6B32,
    0x926C, 0x147D, 0x4A2A, 0xE608, 0xE508, 0x6819, 0x0A2A, 0x4B22, 0xEC2A, 0xCD33, 0xAD33, 0xAD33,
    0xAD33, 0xAD33, 0xAD33, 0x6E33, 0x4B2A, 0xEF73, 0xD4AD, 0x54BE, 0x129D, 0x0E63, 0x0B3A, 0xA819,
    0xC921, 0xC921, 0xCA21, 0xA921, 0x6D42, 0x0E63, 0x7084, 0x34B6, 0x93A5, 0xCC52, 0x4A2A, 0x6D33,
    0x8D33, 0x6D33, 0x6C33, 0x0E3C, 0x9044, 0x2C33, 0xEC3A, 0xEA21, 0xE610, 0x0711, 0x8E53, 0x7585,
    0x4E43, 0xA919, 0xEA21, 0xA921, 0x6819, 0x6819, 0x0611, 0x6208, 0x0000, 0x0000, 0x0000, 0x0000,
    0x0000, 0x0000, 0x0000, 0x0000, 0x0000, 0x0000, 0x0000, 0x0000, 0x0000, 0x0000, 0x0000, 0x0000,
    0x0000, 0x0000, 0x0000, 0x0000, 0x0000, 0x0000, 0x0000, 0x0000, 0x0000, 0x0000, 0x0000, 0x0000,
    0x0000, 0x0000, 0x0000, 0x4200, 0x2619, 0x0711, 0x2711, 0xE921, 0x2A22, 0xEA21, 0xCA21, 0x4E4B,
    0xF9B6, 0x3ABF, 0xCF63, 0x6819, 0x0611, 0xE610, 0x6819, 0x0B2A, 0xEC32, 0xCE33, 0xCD33, 0xCD33,
    0xCD33, 0xCE3B, 0xAD33, 0xCE3B, 0xCC2A, 0xEA31, 0xD07B, 0x54A5, 0xF39C, 0x0E63, 0xC921, 0xAB2A,
    0x6D33, 0x6D33, 0x8E3B, 0xED32, 0x0B32, 0x2F63, 0x139D, 0x339D, 0x2E63, 0x8821, 0x0C33, 0xAD3B,
    0x8D3B, 0x8D33, 0x6C33, 0x0E3C, 0x904C, 0x0C33, 0x6B32, 0x2711, 0xE710, 0x4719, 0xB9BE, 0xFDE7,
    0xF37C, 0x8819, 0x4B2A, 0xAC32, 0x8B2A, 0xA919, 0x2711, 0x2719, 0xC410, 0x0000, 0x0000, 0x0000,
    0x0000, 0x0000, 0x0000, 0x0000, 0x0000, 0x0000, 0x0000, 0x0000, 0x0000, 0x0000, 0x0000, 0x0000,
    0x0000, 0x0000, 0x0000, 0x0000, 0x0000, 0x0000, 0x0000, 0x0000, 0x0000, 0x0000, 0x0000, 0x0000,
    0x0000, 0x0000, 0x4100, 0x2619, 0x4719, 0x8819, 0x8B2A, 0x6D3B, 0x6D3B, 0x6B2A, 0xA919, 0x8B3A,
    0x348D, 0x758D, 0xCC42, 0xEA29, 0x6819, 0xE608, 0xE608, 0x8919, 0xAC32, 0xCE3B, 0xCE33, 0xCD33,
    0xAD33, 0xEC2A, 0x8D33, 0xAD33, 0x2C33, 0x4A22, 0xEA31, 0x8D52, 0xAD52, 0x0B32, 0x6B2A, 0xAE3B,
    0x0E3C, 0xEE3B, 0xEE3B, 0xCE3B, 0x6B2A, 0x4C3A, 0x0E5B, 0x8D4A, 0xC921, 0x8B2A, 0x8D3B, 0x8D33,
    0xCB2A, 0x6D33, 0x6C33, 0xCD3B, 0x0F44, 0xAC32, 0xA921, 0xE610, 0xE710, 0xA921, 0xF384, 0xF7A5,
    0x6F53, 0xA921, 0x8B2A, 0x6D3B, 0xCE43, 0x0D33, 0xC921, 0x4819, 0x2619, 0x8308, 0x0000, 0x0000,
    0x0000, 0x0000, 0x0000, 0x0000, 0x0000, 0x0000, 0x0000, 0x0000, 0x0000, 0x0000, 0x0000, 0x0000,
    0x0000, 0x0000, 0x0000, 0x0000, 0x0000, 0x0000, 0x0000, 0x0000, 0x0000, 0x0000, 0x0000, 0x0000,
    0x0000, 0x0000, 0x4208, 0x6719, 0x4A2A, 0x0C33, 0xAE3B, 0x8D33, 0x8D33, 0x4D33, 0x8B2A, 0xA921,
    0x8819, 0xEA29, 0x2B2A, 0x2B2A, 0x0B2A, 0x4719, 0xE608, 0x2711, 0xEA21, 0x0C33, 0x8D33, 0xEE33,
    0xAE33, 0x4A22, 0x8D33, 0xCD33, 0xAD33, 0x4D33, 0x6A22, 0xE921, 0xE921, 0xAB2A, 0x8D3B, 0x0E3C,
    0xD044, 0xEE33, 0xEE3B, 0x4F3C, 0xCF3B, 0xAB2A, 0x0A22, 0x2A22, 0x0C2B, 0xEE3B, 0xAD33, 0x8D3B,
    0x4A22, 0x2D33, 0xAD3B, 0x6C33, 0xCB2A, 0x4B2A, 0x0711, 0xE710, 0x8921, 0x2B2A, 0x8819, 0xA921,
    0xC921, 0x2A2A, 0x4D3B, 0xCE3B, 0xAD33, 0xAE3B, 0xCC32, 0xEA29, 0x8821, 0x8308, 0x0000, 0x0000,
    0x0000, 0x0000, 0x0000, 0x0000, 0x0000, 0x0000, 0x0000, 0x0000, 0x0000, 0x0000, 0x0000, 0x0000,
    0x0000, 0x0000, 0x0000, 0x0000, 0x0000, 0x0000, 0x0000, 0x0000, 0x0000, 0x0000, 0x0000, 0x0000,
    0x0000, 0x0000, 0x6200, 0x6819, 0x4A2A, 0x6D33, 0x8D33, 0x8D33, 0x8C2B, 0x6C33, 0x6D33, 0x8B2A,
    0xEA21, 0x2B2A, 0x2B2A, 0x6B2A, 0x6B32, 0x0A2A, 0x0611, 0xC508, 0xCA29, 0x4B2A, 0x4D33, 0x0E3C,
    0xAE33, 0x4A22, 0x8E3B, 0xCD33, 0xAD33, 0xAD33, 0x8D33, 0x6D33, 0x6D3B, 0x6D33, 0x6C2B, 0x4F44,
    0x6F3C, 0xAD33, 0xEE3B, 0x4F3C, 0xEE33, 0xEE3B, 0xAE3B, 0xEE3B, 0x4F44, 0xED33, 0xEE3B, 0xCE3B,
    0x8B2A, 0xEC32, 0x6D3B, 0x6D33, 0xCC32, 0x0A2A, 0x0711, 0xA608, 0xC921, 0x4B32, 0xEA29, 0x8919,
    0x2A22, 0x2D33, 0x8D3B, 0xAD33, 0xAD33, 0xAD33, 0x4D3B, 0x2B2A, 0xA921, 0x8308, 0x0000, 0x0000,
    0x0000, 0x0000, 0x0000, 0x0000, 0x0000, 0x0000, 0x0000, 0x0000, 0x0000, 0x0000, 0x0000, 0x0000,
    0x0000, 0x0000, 0x0000, 0x0000, 0x0000, 0x0000, 0x0000, 0x0000, 0x0000, 0x0000, 0x0000, 0x0000,
    0x0000, 0x0000, 0x4100, 0x0619, 0x8819, 0xCB2A, 0x8D3B, 0x8D33, 0x8D2B, 0x6C33, 0x8D33, 0x4C33,
    0x6B2A, 0xCA21, 0x2D4B, 0x78A6, 0xF69D, 0xAC3A, 0x4811, 0xE508, 0x4819, 0xEA29, 0xEC32, 0xCE43,
    0x8E3B, 0xE919, 0x4D33, 0xCD33, 0x8D2B, 0xEE3B, 0x9044, 0x8D33, 0x6C33, 0x8C33, 0x6F44, 0x6F44,
    0x8C2B, 0xAD33, 0x8D33, 0x0E3C, 0xB04C, 0xAD33, 0x8D33, 0x0E3C, 0x3255, 0x0E3C, 0xEE33, 0xEE3B,
    0xAC2A, 0x8C2A, 0x2D33, 0x6D3B, 0xAC32, 0x8921, 0xA508, 0xAB42, 0x748D, 0xB27C, 0x8819, 0xC919,
    0x0C33, 0x6D33, 0x8D33, 0xAD33, 0xAD33, 0xCE3B, 0xEC32, 0x0A2A, 0x4719, 0x6208, 0x0000, 0x0000,
    0x0000, 0x0000, 0x0000, 0x0000, 0x0000, 0x0000, 0x0000, 0x0000, 0x0000, 0x0000, 0x0000, 0x0000,
    0x0000, 0x0000, 0x0000, 0x0000, 0x0000, 0x0000, 0x0000, 0x0000, 0x0000, 0x0000, 0x0000, 0x0000,
    0x0000, 0x0000, 0x0000, 0x2100, 0xE510, 0x8819, 0xAB2A, 0x8D33, 0x8D2B, 0x8D33, 0x6C33, 0x8D33,
    0x4D33, 0x0A22, 0x6E53, 0xF8B6, 0xD9B6, 0x0D43, 0xEA29, 0x0611, 0xC508, 0x6819, 0x4B2A, 0x6B2A,
    0x8B2A, 0x8919, 0xAB2A, 0x6D33, 0x6C33, 0x0E3C, 0xB044, 0xAD33, 0x8D33, 0x8D33, 0xB044, 0x6F3C,
    0x8D33, 0xAD33, 0x8D33, 0x0E3C, 0xD04C, 0x8D33, 0x4C33, 0xCE3B, 0x1155, 0x0E34, 0xEE3B, 0x6E3B,
    0x4B2A, 0x4B2A, 0xCC32, 0xCC32, 0xCA21, 0xC608, 0x8500, 0x7074, 0xBACF, 0x5385, 0x8819, 0xEC32,
    0x6C33, 0x8D33, 0x8D33, 0xAD33, 0x8D33, 0x2D33, 0x2A2A, 0x2619, 0x4200, 0x0000, 0x0000, 0x0000,
    0x0000, 0x0000, 0x0000, 0x0000, 0x0000, 0x0000, 0x0000, 0x0000, 0x0000, 0x0000, 0x0000, 0x0000,
    0x0000, 0x0000, 0x0000, 0x0000, 0x0000, 0x0000, 0x0000, 0x0000, 0x0000, 0x0000, 0x0000, 0x0000,
    0x0000, 0x0000, 0x0000, 0x0000, 0x0000, 0xC410, 0x6719, 0x6A22, 0xAD3B, 0x8D33, 0x8C33, 0x6C2B,
    0x8D33, 0xCC2A, 0x8B32, 0x7274, 0x106C, 0x4B32, 0x2B32, 0xC921, 0xE508, 0xA508, 0x6819, 0x0A2A,
    0x2A2A, 0x8819, 0x4B2A, 0x6B2A, 0x4C33, 0x0E3C, 0x9044, 0x4C33, 0x2C33, 0x8C33, 0xB044, 0x4F3C,
    0x8D33, 0xAD33, 0x8D33, 0x0E3C, 0xD14C, 0xAD33, 0x8B2A, 0xAB2A, 0xB14C, 0x2E3C, 0xAE3B, 0xAC32,
    0x8919, 0xEA21, 0xAC32, 0xEA21, 0xE608, 0xE610, 0x4719, 0x2D4B, 0x9174, 0x4D4B, 0x8A2A, 0x8D3B,
    0x6C33, 0x6C33, 0x8D33, 0x8D3B, 0x0C33, 0x8819, 0x2619, 0x4100, 0x0000, 0x0000, 0x0000, 0x0000,
    0x0000, 0x0000, 0x0000, 0x0000, 0x0000, 0x0000, 0x0000, 0x0000, 0x0000, 0x0000, 0x0000, 0x0000,
    0x0000, 0x0000, 0x0000, 0x0000, 0x0000, 0x0000, 0x0000, 0x0000, 0x0000, 0x0000, 0x0000, 0x0000,
    0x0000, 0x0000, 0x0000, 0x0000, 0x0000, 0x2000, 0xA308, 0x4719, 0x0922, 0x8B2A, 0x6D33, 0x8D33,
    0x8C33, 0x6D33, 0x0C33, 0xE921, 0x8819, 0x4B32, 0x4B2A, 0xE921, 0xA821, 0xE510, 0x8400, 0xA821,
    0xE929, 0x2711, 0x0B2A, 0x4B2A, 0x4D33, 0x2E3C, 0x9044, 0x8B22, 0xAB2A, 0x8D33, 0x8F44, 0x4F3C,
    0x8D33, 0xAD33, 0x8D33, 0xEE3B, 0x9044, 0x8D3B, 0x4B2A, 0x6B2A, 0x2F44, 0xCD33, 0x8E3B, 0xAC32,
    0x4819, 0x0A2A, 0xE921, 0xC608, 0xE708, 0xA921, 0x6B32, 0x0A22, 0x8811, 0x8B2A, 0x8D3B, 0x4C2B,
    0x6D33, 0x6D3B, 0x4D3B, 0xE921, 0x8819, 0xE510, 0x0000, 0x0000, 0x0000, 0x0000, 0x0000, 0x0000,
    0x0000, 0x0000, 0x0000, 0x0000, 0x0000, 0x0000, 0x0000, 0x0000, 0x0000, 0x0000, 0x0000, 0x0000,
    0x0000, 0x0000, 0x0000, 0x0000, 0x0000, 0x0000, 0x0000, 0x0000, 0x0000, 0x0000, 0x0000, 0x0000,
    0x0000, 0x0000, 0x0000, 0x0000, 0x0000, 0x0000, 0x0000, 0x6200, 0x8308, 0x4619, 0xE921, 0x4A22,
    0x0C33, 0x6D33, 0x6D33, 0xCC2A, 0x6B2A, 0x4A2A, 0xCB32, 0x4D43, 0x0D43, 0x092A, 0xE510, 0xA408,
    0xE610, 0xE608, 0x4819, 0x2B2A, 0x4C3B, 0x2E3C, 0x9044, 0x6B2A, 0xAC32, 0x2C33, 0x8D33, 0x9044,
    0x8D2B, 0xAD33, 0xAD33, 0xCD33, 0x4F44, 0x2C33, 0x2B2A, 0x6B32, 0xAD3B, 0x8D33, 0x4D3B, 0x0A2A,
    0x0611, 0x0611, 0xE610, 0x8821, 0x6E53, 0x8E4B, 0xAB32, 0xCC32, 0x2D3B, 0xAE3B, 0x6D33, 0x6D3B,
    0xCC2A, 0x0922, 0xC921, 0x0511, 0x8308, 0x0000, 0x0000, 0x0000, 0x0000, 0x0000, 0x0000, 0x0000,
    0x0000, 0x0000, 0x0000, 0x0000, 0x0000, 0x0000, 0x0000, 0x0000, 0x0000, 0x0000, 0x0000, 0x0000,
    0x0000, 0x0000, 0x0000, 0x0000, 0x0000, 0x0000, 0x0000, 0x0000, 0x0000, 0x0000, 0x0000, 0x0000,
    0x0000, 0x0000, 0x0000, 0x0000, 0x0000, 0x0000, 0x0000, 0x0000, 0x0000, 0x6208, 0xA410, 0x0611,
    0xE921, 0xE919, 0xAB2A, 0xEC32, 0x8B2A, 0x0922, 0xD274, 0x98A6, 0xF695, 0x092A, 0xA821, 0x6719,
    0xC508, 0xE610, 0xE610, 0x0A2A, 0x0C3B, 0x6D33, 0xAE3B, 0x0A22, 0xAC32, 0x0C33, 0x6D33, 0xD044,
    0x2E3C, 0xAD33, 0xAD33, 0xEE33, 0x7044, 0x2D3B, 0x2B2A, 0x0A22, 0x2C33, 0x0C33, 0x8B32, 0x2719,
    0xC510, 0xA508, 0xA400, 0xCF63, 0x19BF, 0x159E, 0xEB32, 0x0D3B, 0x2D3B, 0x2D33, 0xAB2A, 0x0922,
    0xA819, 0xA408, 0x8308, 0x0000, 0x0000, 0x0000, 0x0000, 0x0000, 0x0000, 0x0000, 0x0000, 0x0000,
    0x0000, 0x0000, 0x0000, 0x0000, 0x0000, 0x0000, 0x0000, 0x0000, 0x0000, 0x0000, 0x0000, 0x0000,
    0x0000, 0x0000, 0x0000, 0x0000, 0x0000, 0x0000, 0x0000, 0x0000, 0x0000, 0x0000, 0x0000, 0x0000,
    0x0000, 0x0000, 0x0000, 0x0000, 0x0000, 0x0000, 0x0000, 0x0000, 0x0000, 0x0000, 0x0000, 0x6200,
    0xA308, 0xC408, 0x6719, 0x8819, 0xEA21, 0xC921, 0xAF53, 0x19B7, 0x57A6, 0x6A32, 0x4A2A, 0x4A2A,
    0x8819, 0xC508, 0xC508, 0x2711, 0x2A2A, 0xEC32, 0x0C33, 0xC919, 0x6B32, 0xCC32, 0x2D33, 0x2E3C,
    0x114D, 0xEE33, 0xCE33, 0x6F44, 0xCE3B, 0xED32, 0xA921, 0xA919, 0x2D33, 0x8B2A, 0x6819, 0xE610,
    0xE510, 0x4719, 0x4711, 0xEF63, 0xB7B6, 0x738D, 0x6A32, 0x8B32, 0xC921, 0x8819, 0x6719, 0x8308,
    0x8308, 0x0000, 0x0000, 0x0000, 0x0000, 0x0000, 0x0000, 0x0000, 0x0000, 0x0000, 0x0000, 0x0000,
    0x0000, 0x0000, 0x0000, 0x0000, 0x0000, 0x0000, 0x0000, 0x0000, 0x0000, 0x0000, 0x0000, 0x0000,
    0x0000, 0x0000, 0x0000, 0x0000, 0x0000, 0x0000, 0x0000, 0x0000, 0x0000, 0x0000, 0x0000, 0x0000,
    0x0000, 0x0000, 0x0000, 0x0000, 0x0000, 0x0000, 0x0000, 0x0000, 0x0000, 0x0000, 0x0000, 0x0000,
    0x0000, 0x0000, 0x6208, 0x4200, 0xE510, 0x2711, 0x8719, 0x1064, 0x6E53, 0x4A2A, 0xAB2A, 0xAB2A,
    0x4A2A, 0xE921, 0x0611, 0xA400, 0x0611, 0xC921, 0xCC32, 0xAC32, 0xCA21, 0x2B2A, 0x2D3B, 0xAE33,
    0xF14C, 0xB044, 0xD14C, 0x4F44, 0x4D3B, 0x2B2A, 0x4811, 0x4B2A, 0x2A2A, 0x4811, 0xC608, 0xE608,
    0x6819, 0x092A, 0xE921, 0x4A32, 0x6D53, 0xCC42, 0x4611, 0x4719, 0xC510, 0x6208, 0x6100, 0x0000,
    0x0000, 0x0000, 0x0000, 0x0000, 0x0000, 0x0000, 0x0000, 0x0000, 0x0000, 0x0000, 0x0000, 0x0000,
    0x0000, 0x0000, 0x0000, 0x0000, 0x0000, 0x0000, 0x0000, 0x0000, 0x0000, 0x0000, 0x0000, 0x0000,
    0x0000, 0x0000, 0x0000, 0x0000, 0x0000, 0x0000, 0x0000, 0x0000, 0x0000, 0x0000, 0x0000, 0x0000,
    0x0000, 0x0000, 0x0000, 0x0000, 0x0000, 0x0000, 0x0000, 0x0000, 0x0000, 0x0000, 0x0000, 0x0000,
    0x0000, 0x0000, 0x0000, 0x0000, 0x2100, 0x6208, 0x0511, 0xE510, 0x2611, 0x6B32, 0xCC2A, 0xEC32,
    0xAB2A, 0xEC32, 0xEC32, 0xC819, 0x0611, 0x0611, 0x6819, 0x8819, 0x4819, 0x8919, 0x4B2A, 0xED32,
    0x2D33, 0x0D2B, 0x2D33, 0x4D3B, 0x6B2A, 0x4811, 0x4711, 0x6819, 0x0711, 0x2711, 0x8711, 0x8B2A,
    0x0C3B, 0x4A2A, 0x2A2A, 0xCA21, 0x0611, 0x0611, 0x8308, 0x8308, 0x0100, 0x0000, 0x0000, 0x0000,
    0x0000, 0x0000, 0x0000, 0x0000, 0x0000, 0x0000, 0x0000, 0x0000, 0x0000, 0x0000, 0x0000, 0x0000,
    0x0000, 0x0000, 0x0000, 0x0000, 0x0000, 0x0000, 0x0000, 0x0000, 0x0000, 0x0000, 0x0000, 0x0000,
    0x0000, 0x0000, 0x0000, 0x0000, 0x0000, 0x0000, 0x0000, 0x0000, 0x0000, 0x0000, 0x0000, 0x0000,
    0x0000, 0x0000, 0x0000, 0x0000, 0x0000, 0x0000, 0x0000, 0x0000, 0x0000, 0x0000, 0x0000, 0x0000,
    0x0000, 0x0000, 0x0000, 0x0000, 0x0000, 0x0000, 0x2100, 0x4200, 0x8308, 0xA821, 0xA821, 0xC921,
    0x0A22, 0x4D3B, 0xCE3B, 0xCF43, 0x4611, 0x0611, 0xE610, 0xC608, 0xE608, 0xE608, 0x2711, 0xA921,
    0x8819, 0x8819, 0x8819, 0xA921, 0x4719, 0xE610, 0x0711, 0xE610, 0xC608, 0xCB32, 0x0F54, 0x2D3B,
    0xCC32, 0x4B2A, 0xA919, 0x0611, 0x8208, 0x4108, 0x0000, 0x0000, 0x0000, 0x0000, 0x0000, 0x0000,
    0x0000, 0x0000, 0x0000, 0x0000, 0x0000, 0x0000, 0x0000, 0x0000, 0x0000, 0x0000, 0x0000, 0x0000,
    0x0000, 0x0000, 0x0000, 0x0000, 0x0000, 0x0000, 0x0000, 0x0000, 0x0000, 0x0000, 0x0000, 0x0000,
    0x0000, 0x0000, 0x0000, 0x0000, 0x0000, 0x0000, 0x0000, 0x0000, 0x0000, 0x0000, 0x0000, 0x0000,
    0x0000, 0x0000, 0x0000, 0x0000, 0x0000, 0x0000, 0x0000, 0x0000, 0x0000, 0x0000, 0x0000, 0x0000,
    0x0000, 0x0000, 0x0000, 0x0000, 0x0000, 0x0000, 0x0000, 0x0000, 0x0000, 0x4100, 0x6208, 0x4719,
    0x8819, 0x0922, 0x0922, 0x0C33, 0x2C3B, 0x4611, 0x2619, 0x8929, 0x6829, 0xE610, 0xC508, 0xA508,
    0xA508, 0xA508, 0xA508, 0xA508, 0xC610, 0x0711, 0xE608, 0xA819, 0xCB3A, 0xAE4B, 0xCB32, 0x8811,
    0xA919, 0x2719, 0x6208, 0x4100, 0x0000, 0x0000, 0x0000, 0x0000, 0x0000, 0x0000, 0x0000, 0x0000,
    0x0000, 0x0000, 0x0000, 0x0000, 0x0000, 0x0000, 0x0000, 0x0000, 0x0000, 0x0000, 0x0000, 0x0000,
    0x0000, 0x0000, 0x0000, 0x0000, 0x0000, 0x0000, 0x0000, 0x0000, 0x0000, 0x0000, 0x0000, 0x0000,
};

static const uint16_t ARGUS_SPR_STERN[ARGUS_PIXELS] = {
    0x0000, 0x0000, 0x0000, 0x0000, 0x0000, 0x0000, 0x0000, 0x0000, 0x0000, 0x0000, 0x0000, 0x0000,
    0x0000, 0x0000, 0x0000, 0x0000, 0x0000, 0x0000, 0x0000, 0x0000, 0x0000, 0x0000, 0x0000, 0x0000,
    0x0000, 0x0000, 0x0000, 0x0000, 0x0000, 0x0000, 0x0000, 0x0000, 0x0000, 0x0000, 0x0000, 0x0000,
    0x0000, 0x0000, 0x0000, 0x0000, 0x0000, 0x0000, 0x0000, 0x0000, 0x0000, 0x0000, 0x0000, 0x0000,
    0x0000, 0x0000, 0x0000, 0x0000, 0x0000, 0x0000, 0x0000, 0x0000, 0x0000, 0x0000, 0x0000, 0x0000,
    0x0000, 0x0000, 0x0000, 0x0000, 0x0000, 0x0000, 0x0000, 0x0000, 0x0000, 0x0000, 0x0000, 0x0000,
    0x0000, 0x0000, 0x0000, 0x0000, 0x0000, 0x0000, 0x0000, 0x0000, 0x0000, 0x0000, 0x0000, 0x0000,
    0x0000, 0x0000, 0x0000, 0x0000, 0x0000, 0x0000, 0x0000, 0x0000, 0x0000, 0x0000, 0x0000, 0x0000,
    0x0000, 0x0000, 0x0000, 0x0000, 0x0000, 0x0000, 0x0000, 0x0000, 0x0000, 0x0000, 0x0000, 0x0000,
    0x0000, 0x0000, 0x0000, 0x0000, 0x0000, 0x0000, 0x0000, 0x0000, 0x0000, 0x0000, 0x0000, 0x0000,
    0x0000, 0x0000, 0x0000, 0x0000, 0x0000, 0x0000, 0x0000, 0x0000, 0x0000, 0x0000, 0x0000, 0x0000,
    0x0000, 0x0000, 0x0000, 0x0000, 0x0000, 0x0000, 0x0000, 0x0000, 0x0000, 0x0000, 0x0000, 0x0000,
    0x0000, 0x0000, 0x0000, 0x0000, 0x0000, 0x0000, 0x0000, 0x0000, 0x0000, 0x0000, 0x0000, 0x0000,
    0x0000, 0x0000, 0x0000, 0x0000, 0x0000, 0x0000, 0x0000, 0x0000, 0x0000, 0x0000, 0x0000, 0x0000,
    0x0000, 0x0000, 0x0000, 0x0000, 0x0000, 0x0000, 0x0000, 0x0000, 0x0000, 0x0000, 0x0000, 0x0000,
    0x0000, 0x0000, 0x0000, 0x0000, 0x0000, 0x0000, 0x0000, 0x0000, 0x0000, 0x0000, 0x0000, 0x0000,
    0x0000, 0x0000, 0x0000, 0x0000, 0x0000, 0x0000, 0x0000, 0x0000, 0x0000, 0x0000, 0x0000, 0x0000,
    0x0000, 0x0000, 0x0000, 0x0000, 0x0000, 0x0000, 0x0000, 0x0000, 0x0000, 0x0000, 0x0000, 0x0000,
    0x0000, 0x0000, 0x0000, 0x0000, 0x0000, 0x0000, 0x0000, 0x0000, 0x0000, 0x0000, 0x0000, 0x0000,
    0x0000, 0x0000, 0x0000, 0x0000, 0x0000, 0x0000, 0x0000, 0x0000, 0x0000, 0x0000, 0x0000, 0x0000,
    0x0000, 0x0000, 0x0000, 0x0000, 0x0000, 0x0000, 0x0000, 0x0000, 0x0000, 0x0000, 0x0000, 0x0000,
    0x0000, 0x0000, 0x0000, 0x0000, 0x0000, 0x0000, 0x0000, 0x0000, 0x0000, 0x0000, 0x0000, 0x0000,
    0x0000, 0x0000, 0x0000, 0x0000, 0x0000, 0x0000, 0x0000, 0x0000, 0x0000, 0x0000, 0x0000, 0x0000,
    0x0000, 0x0000, 0x0000, 0x0000, 0x0000, 0x0000, 0x0000, 0x0000, 0x0000, 0x0000, 0x0000, 0x0000,
    0x0000, 0x0000, 0x0000, 0x0000, 0x0000, 0x0000, 0x0000, 0x0000, 0x0000, 0x0000, 0x0000, 0x0000,
    0x0000, 0x0000, 0x0000, 0x0000, 0x0000, 0x0000, 0x0000, 0x0000, 0x0000, 0x0000, 0x0000, 0x0000,
    0x0000, 0x0000, 0x0000, 0x0000, 0x0000, 0x0000, 0x0000, 0x0000, 0x0000, 0x0000, 0x0000, 0x0000,
    0x0000, 0x0000, 0x0000, 0x0000, 0x0000, 0x0000, 0x0000, 0x0000, 0x0000, 0x0000, 0x0000, 0x0000,
    0x0000, 0x0000, 0x0000, 0x0000, 0x0000, 0x0000, 0x0000, 0x0000, 0x0000, 0x0000, 0x0000, 0x0000,
    0x0000, 0x0000, 0x0000, 0x0000, 0x0000, 0x0000, 0x0000, 0x0000, 0x0000, 0x0000, 0x0000, 0x0000,
    0x0000, 0x0000, 0x0000, 0x0000, 0x0000, 0x0000, 0x0000, 0x0000, 0x0000, 0x0000, 0x0000, 0x0000,
    0x0000, 0x0000, 0x0000, 0x0000, 0x0000, 0x0000, 0x0000, 0x0000, 0x0000, 0x0000, 0x0000, 0x0000,
    0x0000, 0x0000, 0x0000, 0x0000, 0x0000, 0x0000, 0x0000, 0x0000, 0x0000, 0x0000, 0x0000, 0x0000,
    0x0000, 0x0000, 0x0000, 0x0000, 0x0000, 0x0000, 0x0000, 0x0000, 0x0000, 0x0000, 0x0000, 0x0000,
    0x0000, 0x0000, 0x0000, 0x0000, 0x0000, 0x0000, 0x0000, 0x0000, 0x0000, 0x0000, 0x0000, 0x0000,
    0x0000, 0x0000, 0x0000, 0x0000, 0x0000, 0x0000, 0x0000, 0x0000, 0x0000, 0x0000, 0x0000, 0x0000,
    0x0000, 0x0000, 0x0000, 0x0000, 0x0000, 0x0000, 0x0000, 0x0000, 0x0000, 0x0000, 0x0000, 0x0000,
    0x0000, 0x0000, 0x0000, 0x0000, 0x0000, 0x0000, 0x0000, 0x0000, 0x0000, 0x0000, 0x0000, 0x0000,
    0x0000, 0x0000, 0x0000, 0x0000, 0x0000, 0x0000, 0x0000, 0x0000, 0x0000, 0x0000, 0x0000, 0x0000,
    0x0000, 0x0000, 0x0000, 0x0000, 0x0000, 0x0000, 0x0000, 0x0000, 0x0000, 0x0000, 0x0000, 0x0000,
    0x0000, 0x0000, 0x0000, 0x0000, 0x0000, 0x0000, 0x0000, 0x0000, 0x0000, 0x0000, 0x0000, 0x0000,
    0x0000, 0x0000, 0x0000, 0x0000, 0x0000, 0x0000, 0x0000, 0x0000, 0x0000, 0x0000, 0x0000, 0x0000,
    0x0000, 0x0000, 0x0000, 0x0000, 0x0000, 0x0000, 0x0000, 0x0000, 0x0000, 0x0000, 0x0000, 0x0000,
    0x0000, 0x0000, 0x0000, 0x0000, 0x0000, 0x0000, 0x0000, 0x0000, 0x0000, 0x0000, 0x0000, 0x0000,
    0x0000, 0x0000, 0x0000, 0x0000, 0x0000, 0x0000, 0x0000, 0x0000, 0x0000, 0x0000, 0x0000, 0x0000,
    0x0000, 0x0000, 0x0000, 0x0000, 0x0000, 0x0000, 0x0000, 0x0000, 0x0000, 0x0000, 0x0000, 0x0000,
    0x0000, 0x0000, 0x0000, 0x0000, 0x0000, 0x0000, 0x0000, 0x0000, 0x0000, 0x0000, 0x0000, 0x0000,
    0x0000, 0x0000, 0x0000, 0x0000, 0x0000, 0x0000, 0x0000, 0x0000, 0x0000, 0x0000, 0x0000, 0x0000,
    0x0000, 0x0000, 0x0000, 0x0000, 0x0000, 0x0000, 0x0000, 0x0000, 0x0000, 0x0000, 0x0000, 0x0000,
    0x0000, 0x0000, 0x0000, 0x0000, 0x0000, 0x0000, 0x0000, 0x0000, 0x0000, 0x0000, 0x0000, 0x0000,
    0x0000, 0x0000, 0x0000, 0x0000, 0x0000, 0x0000, 0x0000, 0x0000, 0x0000, 0x0000, 0x0000, 0x0000,
    0x0000, 0x0000, 0x0000, 0x0000, 0x0000, 0x0000, 0x0000, 0x0000, 0x0000, 0x0000, 0x0000, 0x0000,
    0x0000, 0x0000, 0x0000, 0x0000, 0x0000, 0x0000, 0x0000, 0x0000, 0x0000, 0x0000, 0x0000, 0x0000,
    0x0000, 0x0000, 0x0000, 0x0000, 0x0000, 0x0000, 0x0000, 0x0000, 0x0000, 0x0000, 0x0000, 0x0000,
    0x0000, 0x0000, 0x0000, 0x0000, 0x0000, 0x0000, 0x0000, 0x0000, 0x0000, 0x0000, 0x0000, 0x0000,
    0x0000, 0x0000, 0x0000, 0x0000, 0x0000, 0x0000, 0x0000, 0x0000, 0x0000, 0x0000, 0x0000, 0x0000,
    0x0000, 0x0000, 0x0000, 0x0000, 0x0000, 0x0000, 0x0000, 0x0000, 0x0000, 0x0000, 0x0000, 0x0000,
    0x0000, 0x0000, 0x0000, 0x0000, 0x0000, 0x0000, 0x0000, 0x0000, 0x0000, 0x0000, 0x0000, 0x0000,
    0x0000, 0x0000, 0x0000, 0x0000, 0x0000, 0x0000, 0x0000, 0x0000, 0x0000, 0x0000, 0x0000, 0x0000,
    0x0000, 0x0000, 0x0000, 0x0000, 0x0000, 0x0000, 0x0000, 0x0000, 0x0000, 0x0000, 0x0000, 0x0000,
    0x0000, 0x0000, 0x0000, 0x0000, 0x0000, 0x0000, 0x0000, 0x0000, 0x0000, 0x0000, 0x0000, 0x0000,
    0x0000, 0x0000, 0x0000, 0x0000, 0x0000, 0x0000, 0x0000, 0x0000, 0x0000, 0x0000, 0x0000, 0x0000,
    0x0000, 0x0000, 0x0000, 0x0000, 0x0000, 0x0000, 0x0000, 0x0000, 0x0000, 0x0000, 0x0000, 0x0000,
    0x0000, 0x0000, 0x0000, 0x0000, 0x0000, 0x0000, 0x0000, 0x0000, 0x0000, 0x0000, 0x0000, 0x0000,
    0x0000, 0x0000, 0x0000, 0x0000, 0x0000, 0x0000, 0x0000, 0x0000, 0x0000, 0x0000, 0x0000, 0x0000,
    0x0000, 0x0000, 0x0000, 0x0000, 0x0000, 0x0000, 0x0000, 0x0000, 0x0000, 0x0000, 0x0000, 0x0000,
    0x0000, 0x0000, 0x0000, 0x0000, 0x0000, 0x0000, 0x0000, 0x0000, 0x0000, 0x0000, 0x0000, 0x0000,
    0x0000, 0x0000, 0x0000, 0x0000, 0x0000, 0x0000, 0x0000, 0x0000, 0x0000, 0x0000, 0x0000, 0x0000,
    0x0000, 0x0000, 0x0000, 0x0000, 0x0000, 0x0000, 0x0000, 0x0000, 0x0000, 0x0000, 0x0000, 0x0000,
    0x0000, 0x0000, 0x0000, 0x0000, 0x0000, 0x0000, 0x0000, 0x0000, 0x0000, 0x0000, 0x0000, 0x0000,
    0x0000, 0x0000, 0x0000, 0x0000, 0x0000, 0x0000, 0x0000, 0x0000, 0x0000, 0x0000, 0x0000, 0x0000,
    0x0000, 0x0000, 0x0000, 0x0000, 0x0000, 0x0000, 0x0000, 0x0000, 0x0000, 0x0000, 0x0000, 0x0000,
    0x0000, 0x0000, 0x0000, 0x0000, 0x0000, 0x0000, 0x0000, 0x0000, 0x0000, 0x0000, 0x0000, 0x0000,
    0x0000, 0x0000, 0x0000, 0x0000, 0x0000, 0x0000, 0x0000, 0x0000, 0x0000, 0x0000, 0x0000, 0x0000,
    0x0000, 0x0000, 0x0000, 0x0000, 0x0000, 0x0000, 0x0000, 0x0000, 0x0000, 0x0000, 0x0000, 0x0000,
    0x0000, 0x0000, 0x0000, 0x0000, 0x0000, 0x0000, 0x0000, 0x0000, 0x0000, 0x0000, 0x0000, 0x0000,
    0x0000, 0x0000, 0x0000, 0x0000, 0x0000, 0x0000, 0x0000, 0x0000, 0x0000, 0x0000, 0x0000, 0x0000,
    0x0000, 0x0000, 0x0000, 0x0000, 0x0000, 0x0000, 0x0000, 0x0000, 0x0000, 0x0000, 0x0000, 0x0000,
    0x0000, 0x0000, 0x0000, 0x0000, 0x0000, 0x0000, 0x0000, 0x0000, 0x0000, 0x0000, 0x0000, 0x0000,
    0x0000, 0x0000, 0x0000, 0x0000, 0x0000, 0x0000, 0x0000, 0x0000, 0x0000, 0x0000, 0x0000, 0x0000,
    0x0000, 0x0000, 0x0000, 0x0000, 0x0000, 0x0000, 0x0000, 0x0000, 0x0000, 0x0000, 0x0000, 0x0000,
    0x0000, 0x0000, 0x0000, 0x0000, 0x0000, 0x0000, 0x0000, 0x0000, 0x0000, 0x0000, 0x0000, 0x0000,
    0x0000, 0x0000, 0x0000, 0x0000, 0x0000, 0x0000, 0x0000, 0x0000, 0x0000, 0x0000, 0x0000, 0x0000,
    0x0000, 0x0000, 0x0000, 0x0000, 0x0000, 0x0000, 0x0000, 0x0000, 0x0000, 0x0000, 0x0000, 0x0000,
    0x0000, 0x0000, 0x0000, 0x0000, 0x0000, 0x0000, 0x0000, 0x0000, 0x0000, 0x0000, 0x0000, 0x0000,
    0x0000, 0x0000, 0x0000, 0x0000, 0x0000, 0x0000, 0x0000, 0x0000, 0x0000, 0x0000, 0x0000, 0x0000,
    0x0000, 0x0000, 0x0000, 0x0000, 0x0000, 0x0000, 0x0000, 0x0000, 0x0000, 0x0000, 0x0000, 0x0000,
    0x0000, 0x0000, 0x0000, 0x0000, 0x0000, 0x0000, 0x0000, 0x0000, 0x0000, 0x0000, 0x0000, 0x0000,
    0x0000, 0x0000, 0x0000, 0x0000, 0x0000, 0x0000, 0x0000, 0x0000, 0x0000, 0x0000, 0x0000, 0x0000,
    0x0000, 0x0000, 0x0000, 0x0000, 0x0000, 0x0000, 0x0000, 0x0000, 0x0000, 0x0000, 0x0000, 0x0000,
    0x0000, 0x0000, 0x0000, 0x0000, 0x0000, 0x0000, 0x0000, 0x0000, 0x0000, 0x0000, 0x0000, 0x0000,
    0x0000, 0x0000, 0x0000, 0x0000, 0x0000, 0x0000, 0x0000, 0x0000, 0x0000, 0x0000, 0x0000, 0x0000,
    0x0000, 0x0000, 0x0000, 0x0000, 0x0000, 0x0000, 0x0000, 0x0000, 0x0000, 0x0000, 0x0000, 0x0000,
    0x0000, 0x0000, 0x0000, 0x0000, 0x0000, 0x0000, 0x0000, 0x0000, 0x0000, 0x0000, 0x0000, 0x0000,
    0x0000, 0x0000, 0x0000, 0x0000, 0x0000, 0x0000, 0x0000, 0x0000, 0x0000, 0x0000, 0x0000, 0x0000,
    0x0000, 0x0000, 0x0000, 0x0000, 0x0000, 0x0000, 0x0000, 0x0000, 0x0000, 0x0000, 0x0000, 0x0000,
    0x0000, 0x0000, 0x0000, 0x0000, 0x0000, 0x0000, 0x0000, 0x0000, 0x0000, 0x0000, 0x0000, 0x0000,
    0x0000, 0x0000, 0x0000, 0x0000, 0x0000, 0x0000, 0x0000, 0x0000, 0x0000, 0x0000, 0x0000, 0x0000,
    0x0000, 0x0000, 0x0000, 0x0000, 0x0000, 0x0000, 0x0000, 0x0000, 0x0000, 0x0000, 0x0000, 0x0000,
    0x0000, 0x0000, 0x0000, 0x0000, 0x0000, 0x0000, 0x0000, 0x0000, 0x0000, 0x0000, 0x0000, 0x0000,
    0x0000, 0x0000, 0x0000, 0x0000, 0x0000, 0x0000, 0x0000, 0x0000, 0x0000, 0x0000, 0x0000, 0x0000,
    0x0000, 0x0000, 0x0000, 0x0000, 0x0000, 0x0000, 0x0000, 0x0000, 0x0000, 0x0000, 0x0000, 0x0000,
    0x0000, 0x0000, 0x0000, 0x0000, 0x0000, 0x0000, 0x0000, 0x0000, 0x0000, 0x0000, 0x0000, 0x0000,
    0x0000, 0x0000, 0x0000, 0x0000, 0x0000, 0x0000, 0x0000, 0x0000, 0x0000, 0x0000, 0x0000, 0x0000,
    0x0000, 0x0000, 0x0000, 0x0000, 0x0000, 0x0000, 0x0000, 0x0000, 0x0000, 0x0000, 0x0000, 0x0000,
    0x0000, 0x0000, 0x0000, 0x0000, 0x0000, 0x0000, 0x0000, 0x0000, 0x0000, 0x0000, 0x0000, 0x0000,
    0x0000, 0x0000, 0x0000, 0x0000, 0x0000, 0x0000, 0x0000, 0x0000, 0x0000, 0x0000, 0x0000, 0x0000,
    0x0000, 0x0000, 0x0000, 0x0000, 0x0000, 0x0000, 0x0000, 0x0000, 0x0000, 0x0000, 0x0000, 0x0000,
    0x0000, 0x0000, 0x0000, 0x0000, 0x0000, 0x0000, 0x0000, 0x0000, 0x0000, 0x0000, 0x0000, 0x0000,
    0x0000, 0x0000, 0x0000, 0x0000, 0x0000, 0x0000, 0x0000, 0x0000, 0x0000, 0x0000, 0x0000, 0x0000,
    0x0000, 0x0000, 0x0000, 0x0000, 0x0000, 0x0000, 0x0000, 0x0000, 0x0000, 0x0000, 0x0000, 0x0000,
    0x0000, 0x0000, 0x0000, 0x0000, 0x0000, 0x0000, 0x0000, 0x0000, 0x0000, 0x0000, 0x0000, 0x0000,
    0x0000, 0x0000, 0x0000, 0x0000, 0x0000, 0x0000, 0x0000, 0x0000, 0x0000, 0x0000, 0x0000, 0x0000,
    0x0000, 0x0000, 0x0000, 0x0000, 0x0000, 0x0000, 0x0000, 0x0000, 0x0000, 0x0000, 0x0000, 0x0000,
    0x0000, 0x0000, 0x0000, 0x0000, 0x0000, 0x0000, 0x0000, 0x0000, 0x0000, 0x0000, 0x0000, 0x0000,
    0x0000, 0x0000, 0x0000, 0x0000, 0x0000, 0x0000, 0x0000, 0x0000, 0x0000, 0x0000, 0x0000, 0x0000,
    0x0000, 0x0000, 0x0000, 0x0000, 0x0000, 0x0000, 0x0000, 0x0000, 0x0000, 0x0000, 0x0000, 0x0000,
    0x0000, 0x0000, 0x0000, 0x0000, 0x0000, 0x0000, 0x0000, 0x0000, 0x0000, 0x0000, 0x0000, 0x0000,
    0x0000, 0x0000, 0x0000, 0x0000, 0x0000, 0x0000, 0x0000, 0x0000, 0x0000, 0x0000, 0x0000, 0x0000,
    0x0000, 0x0000, 0x0000, 0x0000, 0x0000, 0x0000, 0x0000, 0x0000, 0x0000, 0x0000, 0x0000, 0x0000,
    0x0000, 0x0000, 0x0000, 0x0000, 0x0000, 0x0000, 0x0000, 0x0000, 0x0000, 0x0000, 0x0000, 0x0000,
    0x0000, 0x0000, 0x0000, 0x0000, 0x0000, 0x0000, 0x0000, 0x0000, 0x0000, 0x0000, 0x0000, 0x0000,
    0x0000, 0x0000, 0x0000, 0x0000, 0x0000, 0x0000, 0x0000, 0x0000, 0x0000, 0x0000, 0x0000, 0x0000,
    0x0000, 0x0000, 0x0000, 0x0000, 0x0000, 0x0000, 0x0000, 0x0000, 0x0000, 0x0000, 0x0000, 0x0000,
    0x6208, 0x8308, 0x8308, 0x8308, 0x0000, 0x0000, 0x0000, 0x0000, 0x0000, 0x0000, 0x0000, 0x0000,
    0x0000, 0x0000, 0x0000, 0x0000, 0x0000, 0x0000, 0x0000, 0x0000, 0x0000, 0x0000, 0x0000, 0x0000,
    0x0000, 0x0000, 0x0000, 0x0000, 0x0000, 0x0000, 0x0000, 0x0000, 0x0000, 0x0000, 0x0000, 0x0000,
    0x0000, 0x0000, 0x0000, 0x0000, 0x0000, 0x0000, 0x0000, 0x0000, 0x0000, 0x0000, 0x0000, 0x0000,
    0x0000, 0x0000, 0x0000, 0x0000, 0x0000, 0x0000, 0x0000, 0x0000, 0x0000, 0x0000, 0x0000, 0x0000,
    0x0000, 0x0000, 0x0000, 0x0000, 0x0000, 0x0000, 0x0000, 0x0000, 0x0000, 0x0000, 0x0000, 0x0000,
    0x0000, 0x0000, 0x0000, 0x0000, 0x0000, 0x0000, 0x0000, 0x0000, 0x0000, 0x0000, 0x0000, 0x0000,
    0x0000, 0x0000, 0x0000, 0x0000, 0x0000, 0x0000, 0x0000, 0x0000, 0x0000, 0x0000, 0x0000, 0x2521,
    0x6C63, 0xED7B, 0x0E7C, 0x0B5B, 0xC310, 0x2100, 0x0000, 0x0000, 0x0000, 0x0000, 0x0000, 0x0000,
    0x0000, 0x0000, 0x0000, 0x0000, 0x0000, 0x0000, 0x0000, 0x0000, 0x0000, 0x0000, 0x0000, 0x0000,
    0x0000, 0x0000, 0x0000, 0x0000, 0x0000, 0x0000, 0x0000, 0x0000, 0x0000, 0x0000, 0x0000, 0x0000,
    0x0000, 0x0000, 0x0000, 0x0000, 0x0000, 0x0000, 0x0000, 0x0000, 0x0000, 0x0000, 0x0000, 0x0000,
    0x0000, 0x0000, 0x0000, 0x0000, 0x0000, 0x0000, 0x0000, 0x0000, 0x0000, 0x0000, 0x0000, 0x0000,
    0x0000, 0x0000, 0x0000, 0x0000, 0x0000, 0x0000, 0x0000, 0x0000, 0x0000, 0x0000, 0x0000, 0x0000,
    0x0000, 0x0000, 0x0000, 0x0000, 0x0000, 0x0000, 0x0000, 0x0000, 0x0000, 0x0000, 0x0000, 0x0000,
    0x0000, 0x0000, 0x0000, 0x0000, 0x0000, 0x0000, 0x0000, 0x6208, 0xC410, 0xA210, 0x6529, 0x6B6B,
    0x71AD, 0x34C6, 0x13C6, 0xD3B5, 0x6B6B, 0xE739, 0x0419, 0xA310, 0x4108, 0x0000, 0x0000, 0x0000,
    0x0000, 0x0000, 0x0000, 0x0000, 0x0000, 0x0000, 0x0000, 0x0000, 0x0000, 0x0000, 0x0000, 0x0000,
    0x0000, 0x0000, 0x0000, 0x0000, 0x0000, 0x0000, 0x0000, 0x0000, 0x0000, 0x0000, 0x0000, 0x0000,
    0x0000, 0x0000, 0x0000, 0x0000, 0x0000, 0x0000, 0x0000, 0x0000, 0x0000, 0x0000, 0x0000, 0x0000,
    0x0000, 0x0000, 0x0000, 0x0000, 0x0000, 0x0000, 0x0000, 0x0000, 0x0000, 0x0000, 0x0000, 0x0000,
    0x0000, 0x0000, 0x0000, 0x0000, 0x0000, 0x0000, 0x0000, 0x0000, 0x0000, 0x0000, 0x0000, 0x0000,
    0x0000, 0x0000, 0x0000, 0x0000, 0x0000, 0x0000, 0x0000, 0x0000, 0x0000, 0x0000, 0x0000, 0x0000,
    0x0000, 0x0000, 0x0000, 0x0000, 0x2100, 0x8308, 0x6308, 0xC631, 0x0B84, 0xA97B, 0x6E8C, 0x15AE,
    0x76BE, 0xD8CE, 0xD8C6, 0x56B6, 0x93A5, 0x0B84, 0xEA83, 0xE95A, 0xE310, 0x8308, 0x8308, 0x0000,
    0x0000, 0x0000, 0x0000, 0x0000, 0x0000, 0x0000, 0x0000, 0x0000, 0x0000, 0x0000, 0x0000, 0x0000,
    0x0000, 0x0000, 0x0000, 0x0000, 0x0000, 0x0000, 0x0000, 0x0000, 0x0000, 0x0000, 0x0000, 0x0000,
    0x0000, 0x0000, 0x0000, 0x0000, 0x0000, 0x0000, 0x0000, 0x0000, 0x0000, 0x0000, 0x0000, 0x0000,
    0x0000, 0x0000, 0x0000, 0x0000, 0x0000, 0x0000, 0x0000, 0x0000, 0x0000, 0x0000, 0x0000, 0x0000,
    0x0000, 0x0000, 0x0000, 0x0000, 0x0000, 0x0000, 0x0000, 0x0000, 0x0000, 0x0000, 0x0000, 0x0000,
    0x0000, 0x0000, 0x0000, 0x0000, 0x0000, 0x0000, 0x0000, 0x0000, 0x0000, 0x0000, 0x0000, 0x0000,
    0x0000, 0x0000, 0x8208, 0x4200, 0x4619, 0xC821, 0x8529, 0xCE9C, 0x31C6, 0xF1BD, 0x719D, 0xF5A5,
    0x1ACF, 0x5BD7, 0x3BCF, 0x57B6, 0xB4A5, 0x50A5, 0x53C6, 0xD1B5, 0x2A63, 0x6521, 0x6721, 0xA408,
    0xA308, 0x0000, 0x0000, 0x0000, 0x0000, 0x0000, 0x0000, 0x0000, 0x0000, 0x0000, 0x0000, 0x0000,
    0x0000, 0x0000, 0x0000, 0x0000, 0x0000, 0x0000, 0x0000, 0x0000, 0x0000, 0x0000, 0x0000, 0x0000,
    0x0000, 0x0000, 0x0000, 0x0000, 0x0000, 0x0000, 0x0000, 0x0000, 0x0000, 0x0000, 0x0000, 0x0000,
    0x0000, 0x0000, 0x0000, 0x0000, 0x0000, 0x0000, 0x0000, 0x0000, 0x0000, 0x0000, 0x0000, 0x0000,
    0x0000, 0x0000, 0x0000, 0x0000, 0x0000, 0x0000, 0x0000, 0x0000, 0x0000, 0x0000, 0x0000, 0x0000,
    0x0000, 0x0000, 0x0000, 0x0000, 0x0000, 0x0000, 0x0000, 0x0000, 0x0000, 0x0000, 0x0000, 0x0000,
    0x4200, 0x6200, 0x8719, 0x2922, 0xAA32, 0xEA42, 0x8D94, 0x50AD, 0x55BE, 0xB8C6, 0x529D, 0xB49D,
    0xD9C6, 0x3ACF, 0x1ACF, 0x57AE, 0x949D, 0xB4A5, 0x19CF, 0x34B6, 0x0EA5, 0x6D8C, 0xAA3A, 0x8A2A,
    0xE821, 0xA308, 0xA308, 0x2100, 0x0000, 0x0000, 0x0000, 0x0000, 0x0000, 0x0000, 0x0000, 0x0000,
    0x0000, 0x0000, 0x0000, 0x0000, 0x0000, 0x0000, 0x0000, 0x0000, 0x0000, 0x0000, 0x0000, 0x0000,
    0x0000, 0x0000, 0x0000, 0x0000, 0x0000, 0x0000, 0x0000, 0x0000, 0x0000, 0x0000, 0x0000, 0x0000,
    0x0000, 0x0000, 0x0000, 0x0000, 0x0000, 0x0000, 0x0000, 0x0000, 0x0000, 0x0000, 0x0000, 0x0000,
    0x0000, 0x0000, 0x0000, 0x0000, 0x0000, 0x0000, 0x0000, 0x0000, 0x0000, 0x0000, 0x0000, 0x0000,
    0x0000, 0x0000, 0x0000, 0x0000, 0x0000, 0x0000, 0x0000, 0x0000, 0x0000, 0x0000, 0x4208, 0xC410,
    0x2511, 0x0922, 0x2C33, 0x304C, 0x6C3B, 0x2C7C, 0x4FAD, 0x72A5, 0x97B6, 0x19CF, 0x5395, 0x5295,
    0x97BE, 0x19CF, 0x19C7, 0x36AE, 0x3295, 0xF5AD, 0x19CF, 0x36B6, 0x50A5, 0x90B5, 0xEC6B, 0x6C3B,
    0x2C33, 0x2922, 0xA819, 0x4619, 0x6208, 0x0000, 0x0000, 0x0000, 0x0000, 0x0000, 0x0000, 0x0000,
    0x0000, 0x0000, 0x0000, 0x0000, 0x0000, 0x0000, 0x0000, 0x0000, 0x0000, 0x0000, 0x0000, 0x0000,
    0x0000, 0x0000, 0x0000, 0x0000, 0x0000, 0x0000, 0x0000, 0x0000, 0x0000, 0x0000, 0x0000, 0x0000,
    0x0000, 0x0000, 0x0000, 0x0000, 0x0000, 0x0000, 0x0000, 0x0000, 0x0000, 0x0000, 0x0000, 0x0000,
    0x0000, 0x0000, 0x0000, 0x0000, 0x0000, 0x0000, 0x0000, 0x0000, 0x0000, 0x0000, 0x0000, 0x0000,
    0x0000, 0x0000, 0x0000, 0x0000, 0x0000, 0x0000, 0x0000, 0x2000, 0x2100, 0x2100, 0x8308, 0x6A2A,
    0xAD3B, 0xAD33, 0x4F44, 0xAD3B, 0xCC5B, 0x0EA5, 0x0FA5, 0xD4A5, 0x97BE, 0x19CF, 0x739D, 0x5295,
    0x97BE, 0x19CF, 0x19C7, 0x36AE, 0x5395, 0x77BE, 0x3AD7, 0x77BE, 0x72A5, 0xB1B5, 0xEF9C, 0x8C53,
    0xCE3B, 0xCE3B, 0x2C33, 0xEC32, 0x6619, 0xC310, 0x8208, 0x0000, 0x0000, 0x0000, 0x0000, 0x0000,
    0x0000, 0x0000, 0x0000, 0x0000, 0x0000, 0x0000, 0x0000, 0x0000, 0x0000, 0x0000, 0x0000, 0x0000,
    0x0000, 0x0000, 0x0000, 0x0000, 0x0000, 0x0000, 0x0000, 0x0000, 0x0000, 0x0000, 0x0000, 0x0000,
    0x0000, 0x0000, 0x0000, 0x0000, 0x0000, 0x0000, 0x0000, 0x0000, 0x0000, 0x0000, 0x0000, 0x0000,
    0x0000, 0x0000, 0x0000, 0x0000, 0x0000, 0x0000, 0x0000, 0x0000, 0x0000, 0x0000, 0x0000, 0x0000,
    0x0000, 0x0000, 0x0000, 0x0000, 0x0000, 0x0000, 0x0000, 0x8308, 0x8300, 0xA408, 0x8400, 0x081A,
    0x2F44, 0x0E3C, 0x4F44, 0xCA2A, 0x2D7C, 0x13BE, 0xF5B5, 0x94A5, 0x98BE, 0x19CF, 0x15A6, 0x328D,
    0x97BE, 0x3ACF, 0x3ACF, 0x56AE, 0x3295, 0xB8C6, 0x19CF, 0xF5AD, 0x94A5, 0xB7CE, 0x13C6, 0xAB6B,
    0xEB2A, 0xEE33, 0x2F44, 0xAE3B, 0x6611, 0xE408, 0xC408, 0x4100, 0x6208, 0x0000, 0x0000, 0x0000,
    0x0000, 0x0000, 0x0000, 0x0000, 0x0000, 0x0000, 0x0000, 0x0000, 0x0000, 0x0000, 0x0000, 0x0000,
    0x0000, 0x0000, 0x0000, 0x0000, 0x0000, 0x0000, 0x0000, 0x0000, 0x0000, 0x0000, 0x0000, 0x0000,
    0x0000, 0x0000, 0x0000, 0x0000, 0x0000, 0x0000, 0x0000, 0x0000, 0x0000, 0x0000, 0x0000, 0x0000,
    0x0000, 0x0000, 0x0000, 0x0000, 0x0000, 0x0000, 0x0000, 0x0000, 0x0000, 0x0000, 0x0000, 0x0000,
    0x0000, 0x0000, 0x0000, 0x0000, 0x0000, 0x4100, 0x8308, 0xAB42, 0xD284, 0x917C, 0x9284, 0x306C,
    0x2922, 0x4C33, 0x504C, 0xCB32, 0xED73, 0x96C6, 0xD9C6, 0x3395, 0x98BE, 0x3ACF, 0xD8C6, 0x128D,
    0x16AE, 0x77BE, 0x77BE, 0x15AE, 0x5395, 0xD8C6, 0x19CF, 0x949D, 0x16AE, 0x19CF, 0x34BE, 0x4A63,
    0x8A2A, 0xEF43, 0x0C2B, 0xEB32, 0x9174, 0xD284, 0xB27C, 0x7174, 0x6621, 0x4100, 0x0000, 0x0000,
    0x0000, 0x0000, 0x0000, 0x0000, 0x0000, 0x0000, 0x0000, 0x0000, 0x0000, 0x0000, 0x0000, 0x0000,
    0x0000, 0x0000, 0x0000, 0x0000, 0x0000, 0x0000, 0x0000, 0x0000, 0x0000, 0x0000, 0x0000, 0x0000,
    0x0000, 0x0000, 0x0000, 0x0000, 0x0000, 0x0000, 0x0000, 0x0000, 0x0000, 0x0000, 0x0000, 0x0000,
    0x0000, 0x0000, 0x0000, 0x0000, 0x0000, 0x0000, 0x0000, 0x0000, 0x0000, 0x0000, 0x0000, 0x0000,
    0x0000, 0x0000, 0x0000, 0x0000, 0x2100, 0x6200, 0xCB4A, 0xF6A5, 0x7BD7, 0x7BD7, 0x9BD7, 0x1ACF,
    0x348D, 0xCB3A, 0xEC32, 0x8A32, 0xED73, 0x56BE, 0xB8BE, 0x949D, 0xD5A5, 0xF9CE, 0x77BE, 0x128D,
    0xB4A5, 0xF5B5, 0xF5AD, 0x94A5, 0x3395, 0x98C6, 0x97BE, 0x739D, 0x57B6, 0xF8C6, 0x13B6, 0x095B,
    0x2A2A, 0xCC32, 0xCB32, 0xB595, 0x7BCF, 0x5AC7, 0x3AC7, 0x3AC7, 0x548D, 0x6519, 0x0000, 0x0000,
    0x0000, 0x0000, 0x0000, 0x0000, 0x0000, 0x0000, 0x0000, 0x0000, 0x0000, 0x0000, 0x0000, 0x0000,
    0x0000, 0x0000, 0x0000, 0x0000, 0x0000, 0x0000, 0x0000, 0x0000, 0x0000, 0x0000, 0x0000, 0x0000,
    0x0000, 0x0000, 0x0000, 0x0000, 0x0000, 0x0000, 0x0000, 0x0000, 0x0000, 0x0000, 0x0000, 0x0000,
    0x0000, 0x0000, 0x0000, 0x0000, 0x0000, 0x0000, 0x0000, 0x0000, 0x0000, 0x0000, 0x0000, 0x0000,
    0x0000, 0x0000, 0x0000, 0x0000, 0xE410, 0x0832, 0xB59D, 0x19C7, 0x98B6, 0xF69D, 0xD595, 0xD59D,
    0x3BCF, 0xF384, 0xAB3A, 0x0A53, 0x4E84, 0xB3A5, 0x97BE, 0x36B6, 0xB4A5, 0x56BE, 0x56B6, 0xD5A5,
    0x749D, 0x16B6, 0xF5B5, 0x539D, 0xB4A5, 0x97BE, 0x949D, 0x3295, 0x97BE, 0x97BE, 0x92A5, 0x2C84,
    0x893A, 0xCB3A, 0x748D, 0x3AC7, 0xB48D, 0x9485, 0x57A6, 0xD8B6, 0x5BC7, 0xF384, 0x4619, 0x0000,
    0x0000, 0x0000, 0x0000, 0x0000, 0x0000, 0x0000, 0x0000, 0x0000, 0x0000, 0x0000, 0x0000, 0x0000,
    0x0000, 0x0000, 0x0000, 0x0000, 0x0000, 0x0000, 0x0000, 0x0000, 0x0000, 0x0000, 0x0000, 0x0000,
    0x0000, 0x0000, 0x0000, 0x0000, 0x0000, 0x0000, 0x0000, 0x0000, 0x0000, 0x0000, 0x0000, 0x0000,
    0x0000, 0x0000, 0x0000, 0x0000, 0x0000, 0x0000, 0x0000, 0x0000, 0x0000, 0x0000, 0x0000, 0x0000,
    0x0000, 0x0000, 0x2000, 0x6200, 0x0509, 0x0F64, 0x3ACF, 0x36A6, 0xD274, 0x5164, 0x515C, 0xD26C,
    0x169E, 0xF9BE, 0xCD5B, 0xCC7B, 0x10A5, 0x3295, 0xF5AD, 0x97BE, 0x16AE, 0xD5AD, 0x57BE, 0xD5A5,
    0x539D, 0xF5B5, 0xB5AD, 0x539D, 0x16B6, 0x56B6, 0x3295, 0xF5AD, 0xD8C6, 0x939D, 0x529D, 0xEE9C,
    0x095B, 0x706C, 0xD9B6, 0x9485, 0x926C, 0x5164, 0x7164, 0x7485, 0x98AE, 0x1ABF, 0x0C43, 0xE410,
    0x0000, 0x0000, 0x0000, 0x0000, 0x0000, 0x0000, 0x0000, 0x0000, 0x0000, 0x0000, 0x0000, 0x0000,
    0x0000, 0x0000, 0x0000, 0x0000, 0x0000, 0x0000, 0x0000, 0x0000, 0x0000, 0x0000, 0x0000, 0x0000,
    0x0000, 0x0000, 0x0000, 0x0000, 0x0000, 0x0000, 0x0000, 0x0000, 0x0000, 0x0000, 0x0000, 0x0000,
    0x0000, 0x0000, 0x0000, 0x0000, 0x0000, 0x0000, 0x0000, 0x0000, 0x0000, 0x0000, 0x0000, 0x2000,
    0x2100, 0x2000, 0x0411, 0xA719, 0x6709, 0xCF5B, 0x3AC7, 0x3385, 0x7064, 0x958D, 0x7485, 0x505C,
    0xB16C, 0x57A6, 0x8D5B, 0x8B6B, 0xF09C, 0x73A5, 0x1295, 0x16B6, 0x57BE, 0x3395, 0xB5AD, 0xB5AD,
    0x539D, 0xD5AD, 0xB5A5, 0x539D, 0x36BE, 0x739D, 0x739D, 0x76BE, 0xD4A5, 0x739D, 0x93A5, 0xEE9C,
    0x095B, 0x0F5C, 0x1375, 0x505C, 0xB26C, 0x7585, 0x9585, 0x916C, 0xB58D, 0xB8AE, 0xCB3A, 0x6719,
    0xC410, 0x6208, 0x4208, 0x0000, 0x0000, 0x0000, 0x0000, 0x0000, 0x0000, 0x0000, 0x0000, 0x0000,
    0x0000, 0x0000, 0x0000, 0x0000, 0x0000, 0x0000, 0x0000, 0x0000, 0x0000, 0x0000, 0x0000, 0x0000,
    0x0000, 0x0000, 0x0000, 0x0000, 0x0000, 0x0000, 0x0000, 0x0000, 0x0000, 0x0000, 0x0000, 0x0000,
    0x0000, 0x0000, 0x0000, 0x0000, 0x0000, 0x0000, 0x0000, 0x0000, 0x0000, 0x0000, 0x6208, 0xA310,
    0x8308, 0xA308, 0x8619, 0x8A22, 0xE811, 0x0F64, 0x3AC7, 0xF27C, 0xF59D, 0x1ABF, 0x337D, 0xB26C,
    0xB26C, 0xB26C, 0x8E53, 0x283A, 0xED73, 0xB4AD, 0xB4A5, 0x539D, 0x16B6, 0xB5A5, 0xD28C, 0xB5AD,
    0x3395, 0xD5AD, 0x94A5, 0x539D, 0xB4AD, 0x128D, 0xF5AD, 0x94A5, 0xD18C, 0x94A5, 0x319D, 0x4E84,
    0x283A, 0x305C, 0x7164, 0xD36C, 0x3054, 0xD58D, 0x3ABF, 0xD274, 0x7485, 0xD9B6, 0x2D43, 0x4711,
    0x4619, 0x2511, 0xE410, 0x6208, 0x0000, 0x0000, 0x0000, 0x0000, 0x0000, 0x0000, 0x0000, 0x0000,
    0x0000, 0x0000, 0x0000, 0x0000, 0x0000, 0x0000, 0x0000, 0x0000, 0x0000, 0x0000, 0x0000, 0x0000,
    0x0000, 0x0000, 0x0000, 0x0000, 0x0000, 0x0000, 0x0000, 0x0000, 0x0000, 0x0000, 0x0000, 0x0000,
    0x0000, 0x0000, 0x0000, 0x0000, 0x0000, 0x0000, 0x0000, 0x0000, 0x0000, 0x2100, 0x2200, 0x6942,
    0x749D, 0x5395, 0x3385, 0x0C3B, 0x291A, 0x2D43, 0xB595, 0x37A6, 0xD9B6, 0x98AE, 0xAE4B, 0xB26C,
    0xB68D, 0x3054, 0x1054, 0xAB3A, 0xEB4A, 0xD094, 0xF5B5, 0x94A5, 0xF28C, 0xB5A5, 0x539D, 0x128D,
    0x3395, 0xD5AD, 0x94A5, 0x5395, 0xF28C, 0x949D, 0xF5AD, 0xD28C, 0xB5AD, 0x73A5, 0x9084, 0x693A,
    0x0C43, 0x305C, 0x1375, 0xF795, 0xAE4B, 0x547D, 0x1ABF, 0x77A6, 0x77A6, 0x3485, 0x2A2A, 0x292A,
    0xD27C, 0xB59D, 0x7495, 0xA621, 0x0000, 0x0000, 0x0000, 0x0000, 0x0000, 0x0000, 0x0000, 0x0000,
    0x0000, 0x0000, 0x0000, 0x0000, 0x0000, 0x0000, 0x0000, 0x0000, 0x0000, 0x0000, 0x0000, 0x0000,
    0x0000, 0x0000, 0x0000, 0x0000, 0x0000, 0x0000, 0x0000, 0x0000, 0x0000, 0x0000, 0x0000, 0x0000,
    0x0000, 0x0000, 0x0000, 0x0000, 0x0000, 0x0000, 0x0000, 0x0000, 0x2100, 0xC410, 0x2932, 0xD184,
    0x19C7, 0xD8BE, 0x19BF, 0xF59D, 0x6D4B, 0xC719, 0x8A32, 0xD27C, 0x916C, 0x3475, 0xAE43, 0xB264,
    0xD695, 0x715C, 0x137D, 0x3485, 0xEB42, 0x4C5B, 0xB08C, 0x539D, 0x5395, 0xF28C, 0x949D, 0xD284,
    0xB17C, 0xD27C, 0xD27C, 0x7174, 0x3395, 0xB4A5, 0xD184, 0x749D, 0x73A5, 0x7084, 0xAA42, 0x1064,
    0x5485, 0xB164, 0xF374, 0xD695, 0xCF4B, 0x8E4B, 0x7164, 0xD68D, 0x7164, 0x0922, 0x6A2A, 0xD595,
    0x3AC7, 0xF9BE, 0x3AC7, 0x7495, 0xC729, 0x2100, 0x0000, 0x0000, 0x0000, 0x0000, 0x0000, 0x0000,
    0x0000, 0x0000, 0x0000, 0x0000, 0x0000, 0x0000, 0x0000, 0x0000, 0x0000, 0x0000, 0x0000, 0x0000,
    0x0000, 0x0000, 0x0000, 0x0000, 0x0000, 0x0000, 0x0000, 0x0000, 0x0000, 0x0000, 0x0000, 0x0000,
    0x0000, 0x0000, 0x0000, 0x0000, 0x0000, 0x0000, 0x0000, 0x0000, 0x4208, 0x0511, 0xB59D, 0xD9BE,
    0x7485, 0x1275, 0xD58D, 0x369E, 0xD595, 0x916C, 0x4D4B, 0xAA2A, 0x4D3B, 0x6E3B, 0x5154, 0x9264,
    0xD695, 0x505C, 0xF69D, 0x37A6, 0x758D, 0x2C43, 0x493A, 0x2B5B, 0x329D, 0x1295, 0xB17C, 0xD27C,
    0xB274, 0xD595, 0xF695, 0xB174, 0xF384, 0xF28C, 0x1295, 0x7084, 0x8D6B, 0x8A42, 0x3064, 0x179E,
    0x57A6, 0x179E, 0x515C, 0xF374, 0xD374, 0x5164, 0x4E43, 0x8F4B, 0xCC32, 0x8E4B, 0xB595, 0x19BF,
    0xF595, 0xF274, 0xD595, 0x3BC7, 0xEB42, 0x4100, 0x0000, 0x0000, 0x0000, 0x0000, 0x0000, 0x0000,
    0x0000, 0x0000, 0x0000, 0x0000, 0x0000, 0x0000, 0x0000, 0x0000, 0x0000, 0x0000, 0x0000, 0x0000,
    0x0000, 0x0000, 0x0000, 0x0000, 0x0000, 0x0000, 0x0000, 0x0000, 0x0000, 0x0000, 0x0000, 0x0000,
    0x0000, 0x0000, 0x0000, 0x0000, 0x0000, 0x0000, 0x0000, 0x0000, 0xA408, 0x2611, 0x959D, 0xB8B6,
    0xD274, 0xEF4B, 0xB264, 0xD68D, 0x579E, 0x379E, 0x8E4B, 0xCF53, 0xEF4B, 0xAF43, 0x146D, 0x9585,
    0xB26C, 0x8E4B, 0x179E, 0x379E, 0x547D, 0x8E4B, 0x6A3A, 0xC731, 0x6842, 0x707C, 0x1385, 0x916C,
    0x169E, 0xD8B6, 0xD8B6, 0xF695, 0x305C, 0xD37C, 0x0F6C, 0x493A, 0xE829, 0xAB3A, 0x7164, 0xD58D,
    0x379E, 0xB58D, 0xAE4B, 0x1475, 0x547D, 0x515C, 0xCF53, 0x105C, 0x1054, 0x5485, 0x1ABF, 0xB8AE,
    0x7485, 0x0F54, 0x5064, 0xB9B6, 0xEC42, 0x4100, 0x0000, 0x0000, 0x0000, 0x0000, 0x0000, 0x0000,
    0x0000, 0x0000, 0x0000, 0x0000, 0x0000, 0x0000, 0x0000, 0x0000, 0x0000, 0x0000, 0x0000, 0x0000,
    0x0000, 0x0000, 0x0000, 0x0000, 0x0000, 0x0000, 0x0000, 0x0000, 0x0000, 0x0000, 0x0000, 0x0000,
    0x0000, 0x0000, 0x0000, 0x0000, 0x0000, 0x0000, 0x0000, 0x4200, 0x6719, 0x0611, 0xF384, 0x98B6,
    0x58AE, 0xD26C, 0xCF3B, 0x3054, 0xB58D, 0x1375, 0x7164, 0xD68D, 0xB68D, 0x3475, 0x6E3B, 0x3475,
    0x1375, 0x3154, 0x3475, 0x7064, 0x2F64, 0x0A53, 0x073A, 0x684A, 0x0A5B, 0xEA42, 0x4D43, 0x9164,
    0xD9B6, 0xB8B6, 0xF9B6, 0x369E, 0x9164, 0xEC3A, 0xA94A, 0x6B6B, 0x4842, 0xA94A, 0x8D53, 0xB16C,
    0x916C, 0x3054, 0x9164, 0x5475, 0x3054, 0x5164, 0x179E, 0x179E, 0x137D, 0x305C, 0xF695, 0x347D,
    0x4D3B, 0x137D, 0xB9B6, 0x179E, 0x092A, 0x6200, 0x0000, 0x0000, 0x0000, 0x0000, 0x0000, 0x0000,
    0x0000, 0x0000, 0x0000, 0x0000, 0x0000, 0x0000, 0x0000, 0x0000, 0x0000, 0x0000, 0x0000, 0x0000,
    0x0000, 0x0000, 0x0000, 0x0000, 0x0000, 0x0000, 0x0000, 0x0000, 0x0000, 0x0000, 0x0000, 0x0000,
    0x0000, 0x0000, 0x0000, 0x0000, 0x0000, 0x0000, 0x0000, 0x4100, 0x8719, 0x2D43, 0x2C43, 0xAE53,
    0x105C, 0xEF4B, 0xCF43, 0x104C, 0x3054, 0xCF43, 0xD36C, 0x1796, 0x1696, 0xB68D, 0x8E3B, 0xAE43,
    0xF36C, 0xB26C, 0x6C4B, 0x0D74, 0x4B8C, 0x2DB5, 0xCA8B, 0xC95A, 0x31A5, 0xCD63, 0xE819, 0xAF53,
    0xB8AE, 0x369E, 0x98AE, 0x379E, 0x2D43, 0xAA3A, 0xF094, 0xEFA4, 0x6752, 0x6C9C, 0xEDA4, 0xCA73,
    0x8C63, 0x0F6C, 0xF27C, 0x9164, 0x0D33, 0xF374, 0xB8AE, 0xB8AE, 0x7585, 0x4D3B, 0xF053, 0xD36C,
    0xF053, 0x105C, 0xB26C, 0xAF53, 0x4611, 0x8308, 0x0000, 0x0000, 0x0000, 0x0000, 0x0000, 0x0000,
    0x0000, 0x0000, 0x0000, 0x0000, 0x0000, 0x0000, 0x0000, 0x0000, 0x0000, 0x0000, 0x0000, 0x0000,
    0x0000, 0x0000, 0x0000, 0x0000, 0x0000, 0x0000, 0x0000, 0x0000, 0x0000, 0x0000, 0x0000, 0x0000,
    0x0000, 0x0000, 0x0000, 0x0000, 0x0000, 0x0000, 0x0000, 0x2100, 0xC819, 0xF264, 0x4C33, 0x8E43,
    0xD04B, 0x0C2B, 0x715C, 0xB685, 0x9585, 0xEF4B, 0x8E43, 0x7585, 0xF795, 0x7585, 0xEF4B, 0xCF53,
    0xCD63, 0x6E8C, 0xED9C, 0xEFCD, 0x0EDE, 0xADD5, 0x4B9C, 0x2842, 0x0B5B, 0x4D5B, 0x2E53, 0x8B3A,
    0xD37C, 0x3485, 0x958D, 0x716C, 0xEC42, 0x2D53, 0x4C5B, 0xEA52, 0x6752, 0xECB4, 0xCED5, 0xEFCD,
    0x6EBD, 0x8C9C, 0x6D84, 0x8C5B, 0x2D43, 0x5164, 0x1796, 0xF695, 0xD36C, 0x2D3B, 0x1475, 0x9585,
    0x757D, 0x4D3B, 0xAF4B, 0xD053, 0x092A, 0xA308, 0x0000, 0x0000, 0x0000, 0x0000, 0x0000, 0x0000,
    0x0000, 0x0000, 0x0000, 0x0000, 0x0000, 0x0000, 0x0000, 0x0000, 0x0000, 0x0000, 0x0000, 0x0000,
    0x0000, 0x0000, 0x0000, 0x0000, 0x0000, 0x0000, 0x0000, 0x0000, 0x0000, 0x0000, 0x0000, 0x0000,
    0x0000, 0x0000, 0x0000, 0x0000, 0x0000, 0x0000, 0x0000, 0x2100, 0x8719, 0xEF4B, 0x547D, 0xD695,
    0xD695, 0xB264, 0x1054, 0x147D, 0xD695, 0x515C, 0x6E43, 0x105C, 0xCF53, 0xCF5B, 0x2F6C, 0x0D74,
    0x8D94, 0xCFCD, 0x2FDE, 0xADCD, 0xC983, 0x6552, 0xE641, 0x6621, 0xC829, 0xA821, 0xA821, 0xC829,
    0x2A2A, 0xCC3A, 0xAC3A, 0x6A32, 0xE921, 0xE929, 0xC829, 0xA821, 0xA729, 0xA539, 0x464A, 0x4B94,
    0x10D6, 0x50DE, 0x30D6, 0x0DAD, 0xCB73, 0x4B53, 0xCE53, 0xAE4B, 0xEC32, 0x515C, 0xD68D, 0x757D,
    0x3154, 0x515C, 0x179E, 0x58A6, 0x2D4B, 0xA308, 0x0000, 0x0000, 0x0000, 0x0000, 0x0000, 0x0000,
    0x0000, 0x0000, 0x0000, 0x0000, 0x0000, 0x0000, 0x0000, 0x0000, 0x0000, 0x0000, 0x0000, 0x0000,
    0x0000, 0x0000, 0x0000, 0x0000, 0x0000, 0x0000, 0x0000, 0x0000, 0x0000, 0x0000, 0x0000, 0x0000,
    0x0000, 0x0000, 0x0000, 0x0000, 0x0000, 0x0000, 0x0000, 0x2100, 0x0611, 0xEC3A, 0xB68D, 0x179E,
    0xB595, 0x758D, 0x8E43, 0x315C, 0x968D, 0x305C, 0x8E53, 0x2C4B, 0xCD6B, 0x2C84, 0xEEA4, 0x0DB5,
    0x6EC5, 0xCA83, 0xC762, 0xA75A, 0x8629, 0x493A, 0x0832, 0xF06B, 0x348D, 0xD37C, 0xF384, 0xF384,
    0x4D4B, 0xAB3A, 0xAB3A, 0xAE5B, 0x548D, 0x3485, 0x1385, 0x548D, 0xAE5B, 0xAB42, 0xCB42, 0x2419,
    0x474A, 0x6752, 0xA983, 0x4DC5, 0x2DBD, 0xEDA4, 0x095B, 0xEB42, 0x2C43, 0x8E4B, 0xF36C, 0x5575,
    0x8E43, 0xD374, 0x1ABF, 0xF9BE, 0x6E53, 0x8300, 0x0000, 0x0000, 0x0000, 0x0000, 0x0000, 0x0000,
    0x0000, 0x0000, 0x0000, 0x0000, 0x0000, 0x0000, 0x0000, 0x0000, 0x0000, 0x0000, 0x0000, 0x0000,
    0x0000, 0x0000, 0x0000, 0x0000, 0x0000, 0x0000, 0x0000, 0x0000, 0x0000, 0x0000, 0x0000, 0x0000,
    0x0000, 0x0000, 0x0000, 0x0000, 0x0000, 0x0000, 0x0000, 0x2100, 0x0611, 0xEC3A, 0x7585, 0xD695,
    0xB695, 0x3485, 0xAF53, 0xF05B, 0xAE53, 0x8D5B, 0xCC6B, 0xEC73, 0xAB7B, 0x6C94, 0x0C8C, 0xC539,
    0x8852, 0xEB52, 0x0C4B, 0x6D5B, 0xB284, 0x99BE, 0xB9BE, 0x98B6, 0x98B6, 0x98AE, 0xB8B6, 0xB8B6,
    0xD9BE, 0xD9BE, 0xD9BE, 0xD9BE, 0xB8B6, 0x98AE, 0x98B6, 0x98B6, 0xB8B6, 0xDABE, 0x99B6, 0xD284,
    0x106C, 0xAB42, 0xE731, 0x6752, 0xC762, 0x4C9C, 0xEB83, 0x6A6B, 0x4A5B, 0x4B53, 0xCE5B, 0x3054,
    0xAF43, 0x515C, 0x3796, 0xF69D, 0x2D4B, 0x6300, 0x0000, 0x0000, 0x0000, 0x0000, 0x0000, 0x0000,
    0x0000, 0x0000, 0x0000, 0x0000, 0x0000, 0x0000, 0x0000, 0x0000, 0x0000, 0x0000, 0x0000, 0x0000,
    0x0000, 0x0000, 0x0000, 0x0000, 0x0000, 0x0000, 0x0000, 0x0000, 0x0000, 0x0000, 0x0000, 0x0000,
    0x0000, 0x0000, 0x0000, 0x0000, 0x0000, 0x0000, 0x0000, 0x2100, 0x0611, 0x8B32, 0xF05B, 0xD374,
    0x926C, 0xAF53, 0xAE5B, 0x6D5B, 0x2A5B, 0x2D84, 0x8A73, 0x0A5B, 0x083A, 0xA629, 0x082A, 0x2D4B,
    0x2D4B, 0x7174, 0x17A6, 0xF9BE, 0xD9BE, 0xB8B6, 0x98B6, 0x98B6, 0x98B6, 0x98B6, 0x77A6, 0xB595,
    0x9495, 0x948D, 0x948D, 0x948D, 0xF69D, 0xB8B6, 0x98B6, 0x98B6, 0x98B6, 0x98B6, 0x98B6, 0xFABE,
    0x98B6, 0x338D, 0x306C, 0xEC42, 0x4932, 0x8629, 0xA631, 0xA952, 0xEC83, 0x0C7C, 0xAB63, 0xAD53,
    0xAE4B, 0xAF4B, 0x515C, 0x8E4B, 0xA821, 0x8308, 0x0000, 0x0000, 0x0000, 0x0000, 0x0000, 0x0000,
    0x0000, 0x0000, 0x0000, 0x0000, 0x0000, 0x0000, 0x0000, 0x0000, 0x0000, 0x0000, 0x0000, 0x0000,
    0x0000, 0x0000, 0x0000, 0x0000, 0x0000, 0x0000, 0x0000, 0x0000, 0x0000, 0x0000, 0x0000, 0x0000,
    0x0000, 0x0000, 0x0000, 0x0000, 0x0000, 0x0000, 0x0000, 0x0000, 0x6208, 0x2611, 0x6B32, 0x6E4B,
    0xCC3A, 0x0C4B, 0x2B5B, 0xAB73, 0xCB7B, 0x884A, 0xC729, 0x2511, 0x2A2A, 0xCC3A, 0x4D4B, 0x716C,
    0xB59D, 0xB8B6, 0x98B6, 0x98B6, 0x98AE, 0x98B6, 0x98B6, 0x78B6, 0xB8B6, 0x77AE, 0x9495, 0xB595,
    0xB595, 0xD59D, 0xD69D, 0xD69D, 0x7495, 0xF59D, 0x98B6, 0x98B6, 0x77AE, 0x77AE, 0x77AE, 0x77AE,
    0x77AE, 0xB8B6, 0x57A6, 0xF384, 0x1064, 0x2A2A, 0xE921, 0xA721, 0xA631, 0x0A63, 0x0C7C, 0xAB6B,
    0x2B4B, 0x6D43, 0xAF4B, 0x2D43, 0x8308, 0x0000, 0x0000, 0x0000, 0x0000, 0x0000, 0x0000, 0x0000,
    0x0000, 0x0000, 0x0000, 0x0000, 0x0000, 0x0000, 0x0000, 0x0000, 0x0000, 0x0000, 0x0000, 0x0000,
    0x0000, 0x0000, 0x0000, 0x0000, 0x0000, 0x0000, 0x0000, 0x0000, 0x0000, 0x0000, 0x0000, 0x0000,
    0x0000, 0x0000, 0x0000, 0x0000, 0x0000, 0x0000, 0x0000, 0x0000, 0x0000, 0x0611, 0x2A2A, 0x6A3A,
    0xEB4A, 0x0A5B, 0x8B73, 0xC85A, 0x6842, 0xC821, 0x4A2A, 0x8B2A, 0x8B32, 0x9274, 0x927C, 0x338D,
    0x98B6, 0x97AE, 0x97AE, 0x78AE, 0x98AE, 0x97AE, 0x77AE, 0xB8B6, 0x57AE, 0xB59D, 0x57A6, 0xB8B6,
    0xB8B6, 0xB8B6, 0xB8B6, 0xD8B6, 0x78AE, 0x9595, 0xB595, 0x77AE, 0x97AE, 0x77AE, 0x77AE, 0x98AE,
    0x98AE, 0x97AE, 0x97AE, 0x98AE, 0x1385, 0xCF5B, 0x6A2A, 0x4A2A, 0x092A, 0x8721, 0x4842, 0x6B6B,
    0xCC73, 0xEA42, 0xEC42, 0x082A, 0x6208, 0x0000, 0x0000, 0x0000, 0x0000, 0x0000, 0x0000, 0x0000,
    0x0000, 0x0000, 0x0000, 0x0000, 0x0000, 0x0000, 0x0000, 0x0000, 0x0000, 0x0000, 0x0000, 0x0000,
    0x0000, 0x0000, 0x0000, 0x0000, 0x0000, 0x0000, 0x0000, 0x0000, 0x0000, 0x0000, 0x0000, 0x0000,
    0x0000, 0x0000, 0x0000, 0x0000, 0x0000, 0x0000, 0x0000, 0x0000, 0x2000, 0x8308, 0xC829, 0xAA4A,
    0x0963, 0x4A6B, 0x073A, 0xA721, 0xA719, 0x6A2A, 0x0C3B, 0x8A2A, 0xEF63, 0xB27C, 0xF284, 0x98B6,
    0x98B6, 0x97AE, 0x97AE, 0x78AE, 0x77AE, 0x77AE, 0x98B6, 0x98B6, 0x17A6, 0x57AE, 0x98AE, 0x98AE,
    0x98AE, 0x98AE, 0x98AE, 0x98AE, 0x98AE, 0x77AE, 0xB595, 0x169E, 0x97AE, 0x77AE, 0x98AE, 0x98AE,
    0x98B6, 0x98B6, 0x98B6, 0xD8B6, 0x16A6, 0x7174, 0xAF5B, 0x4A2A, 0x6B2A, 0x6B32, 0x8719, 0x6621,
    0xA952, 0x6B6B, 0x8A42, 0xC410, 0x0000, 0x0000, 0x0000, 0x0000, 0x0000, 0x0000, 0x0000, 0x0000,
    0x0000, 0x0000, 0x0000, 0x0000, 0x0000, 0x0000, 0x0000, 0x0000, 0x0000, 0x0000, 0x0000, 0x0000,
    0x0000, 0x0000, 0x0000, 0x0000, 0x0000, 0x0000, 0x0000, 0x0000, 0x0000, 0x0000, 0x0000, 0x0000,
    0x0000, 0x0000, 0x0000, 0x0000, 0x0000, 0x0000, 0x0000, 0x0000, 0x0000, 0x2100, 0xE510, 0x073A,
    0x4A6B, 0xE631, 0xA821, 0x6B32, 0x0C3B, 0x4D3B, 0x2D3B, 0x2922, 0x7174, 0xB27C, 0xB59D, 0xB8B6,
    0x98B6, 0x77B6, 0x77AE, 0x77AE, 0x77AE, 0x97AE, 0x98AE, 0x3385, 0x516C, 0xF7A5, 0xD9BE, 0x77AE,
    0x77AE, 0x77AE, 0x77AE, 0x77AE, 0x98AE, 0xF9BE, 0xB59D, 0x7174, 0xB495, 0xB8B6, 0x97AE, 0x98AE,
    0x98B6, 0x98B6, 0x98B6, 0xB8B6, 0x78AE, 0x3385, 0x316C, 0xE921, 0x2A22, 0x4D3B, 0x0C33, 0x292A,
    0x6619, 0x2842, 0x0832, 0xA308, 0x0000, 0x0000, 0x0000, 0x0000, 0x0000, 0x0000, 0x0000, 0x0000,
    0x0000, 0x0000, 0x0000, 0x0000, 0x0000, 0x0000, 0x0000, 0x0000, 0x0000, 0x0000, 0x0000, 0x0000,
    0x0000, 0x0000, 0x0000, 0x0000, 0x0000, 0x0000, 0x0000, 0x0000, 0x0000, 0x0000, 0x0000, 0x0000,
    0x0000, 0x0000, 0x0000, 0x0000, 0x0000, 0x0000, 0x0000, 0x0000, 0x0000, 0x2100, 0xE510, 0x2611,
    0xC829, 0xE921, 0xAB32, 0x4D33, 0x0F4C, 0x6D3B, 0x4A22, 0xAF5B, 0x5174, 0xD27C, 0x78AE, 0x98AE,
    0x98AE, 0x77AE, 0x77AE, 0x97AE, 0x77AE, 0x97AE, 0x97AE, 0xB27C, 0x0922, 0x8B32, 0x9595, 0x5BCF,
    0x1AC7, 0x3ACF, 0x3ACF, 0x3BCF, 0xFAC6, 0x306C, 0x082A, 0xAE5B, 0xD59D, 0xB8B6, 0x98B6, 0x98B6,
    0x98B6, 0x98B6, 0x98B6, 0x98AE, 0xB8B6, 0xD69D, 0x7174, 0xEC42, 0xE819, 0x6D3B, 0x2F4C, 0x4D33,
    0x6A2A, 0xA821, 0x4619, 0xA308, 0x0000, 0x0000, 0x0000, 0x0000, 0x0000, 0x0000, 0x0000, 0x0000,
    0x0000, 0x0000, 0x0000, 0x0000, 0x0000, 0x0000, 0x0000, 0x0000, 0x0000, 0x0000, 0x0000, 0x0000,
    0x0000, 0x0000, 0x0000, 0x0000, 0x0000, 0x0000, 0x0000, 0x0000, 0x0000, 0x0000, 0x0000, 0x0000,
    0x0000, 0x0000, 0x0000, 0x0000, 0x0000, 0x0000, 0x0000, 0x0000, 0x0000, 0x2100, 0x0611, 0x4711,
    0x6B2A, 0x0C33, 0xEF43, 0x9154, 0x8D33, 0x0C33, 0xE921, 0x3174, 0x5074, 0x548D, 0x77AE, 0x77AE,
    0x77AE, 0x77AE, 0x77AE, 0x77AE, 0x77AE, 0x77AE, 0x98AE, 0x78B6, 0x1385, 0x0C43, 0x6A32, 0xCB42,
    0x0C4B, 0x0C4B, 0x0C4B, 0x2C53, 0x2C53, 0xAB42, 0xCF63, 0x16A6, 0xB8B6, 0x77B6, 0x98B6, 0x78B6,
    0x98B6, 0x98AE, 0x77AE, 0x77AE, 0xB8AE, 0xD595, 0xF37C, 0x6E4B, 0xE919, 0x4D33, 0xAD3B, 0x704C,
    0x8E3B, 0xCC32, 0xA821, 0xA308, 0x0000, 0x0000, 0x0000, 0x0000, 0x0000, 0x0000, 0x0000, 0x0000,
    0x0000, 0x0000, 0x0000, 0x0000, 0x0000, 0x0000, 0x0000, 0x0000, 0x0000, 0x0000, 0x0000, 0x0000,
    0x0000, 0x0000, 0x0000, 0x0000, 0x0000, 0x0000, 0x0000, 0x0000, 0x0000, 0x0000, 0x0000, 0x0000,
    0x0000, 0x0000, 0x0000, 0x0000, 0x0000, 0x0000, 0x0000, 0x0000, 0x0000, 0x2100, 0x0511, 0xE921,
    0x4D3B, 0x504C, 0x7054, 0xCE3B, 0xAE3B, 0x2D3B, 0xE921, 0x306C, 0x506C, 0xB595, 0x98AE, 0x97AE,
    0xB8B6, 0xB8B6, 0xB8B6, 0xB8B6, 0xB8B6, 0xB8B6, 0xD8B6, 0x98AE, 0x77AE, 0x16A6, 0xEF63, 0xAB42,
    0x0C4B, 0x0C4B, 0x0D4B, 0xEC4A, 0x0C4B, 0x917C, 0x77AE, 0x98AE, 0xB8AE, 0xB8B6, 0xB8B6, 0xB8B6,
    0xB8B6, 0xB8B6, 0xB8B6, 0xB8B6, 0x97AE, 0x98AE, 0x548D, 0x4D4B, 0xC819, 0x0C33, 0x8E3B, 0xCE3B,
    0x704C, 0x0F4C, 0x092A, 0xA308, 0x0000, 0x0000, 0x0000, 0x0000, 0x0000, 0x0000, 0x0000, 0x0000,
    0x0000, 0x0000, 0x0000, 0x0000, 0x0000, 0x0000, 0x0000, 0x0000, 0x0000, 0x0000, 0x0000, 0x0000,
    0x0000, 0x0000, 0x0000, 0x0000, 0x0000, 0x0000, 0x0000, 0x0000, 0x0000, 0x0000, 0x0000, 0x0000,
    0x0000, 0x0000, 0x0000, 0x0000, 0x0000, 0x0000, 0x0000, 0x0000, 0x0000, 0x2100, 0x0511, 0x2922,
    0x504C, 0x704C, 0xCE3B, 0xAE3B, 0xCF4B, 0x2A22, 0x4A32, 0x5174, 0xB27C, 0x37A6, 0x77AE, 0x57A6,
    0xF6A5, 0xF6A5, 0x17A6, 0x17A6, 0x37A6, 0x37A6, 0x16A6, 0x78AE, 0xD8B6, 0xB8AE, 0x169E, 0x138D,
    0x548D, 0x548D, 0x548D, 0x348D, 0x338D, 0x169E, 0xB8AE, 0xD9B6, 0x57AE, 0x17A6, 0x37AE, 0x37AE,
    0x37AE, 0x17A6, 0x17A6, 0x58AE, 0xB8B6, 0xB8AE, 0x3385, 0x1064, 0xCC3A, 0x091A, 0xEF43, 0x6D33,
    0xAE3B, 0x5054, 0x292A, 0x8308, 0x0000, 0x0000, 0x0000, 0x0000, 0x0000, 0x0000, 0x0000, 0x0000,
    0x0000, 0x0000, 0x0000, 0x0000, 0x0000, 0x0000, 0x0000, 0x0000, 0x0000, 0x0000, 0x0000, 0x0000,
    0x0000, 0x0000, 0x0000, 0x0000, 0x0000, 0x0000, 0x0000, 0x0000, 0x0000, 0x0000, 0x0000, 0x0000,
    0x0000, 0x0000, 0x0000, 0x0000, 0x0000, 0x0000, 0x0000, 0x0000, 0x0000, 0x2100, 0x0611, 0x2922,
    0x9154, 0xCE3B, 0x0F44, 0xB15C, 0x6E43, 0x0922, 0x306C, 0x7174, 0xF384, 0x77AE, 0xF9BE, 0x338D,
    0x0509, 0x4611, 0x6711, 0x6719, 0x6719, 0x8719, 0x4611, 0x4D53, 0x9595, 0xD59D, 0x98AE, 0x77A6,
    0x77A6, 0x77AE, 0x77AE, 0x77A6, 0x57A6, 0xB8B6, 0xF69D, 0xF384, 0xCB42, 0x4611, 0x8719, 0x8719,
    0x8819, 0x8819, 0x2609, 0x4D4B, 0x98AE, 0xF9BE, 0x3385, 0x3064, 0x4D4B, 0x0922, 0x7154, 0xEE3B,
    0x2C33, 0x8E43, 0x2A2A, 0xA308, 0x0000, 0x0000, 0x0000, 0x0000, 0x0000, 0x0000, 0x0000, 0x0000,
    0x0000, 0x0000, 0x0000, 0x0000, 0x0000, 0x0000, 0x0000, 0x0000, 0x0000, 0x0000, 0x0000, 0x0000,
    0x0000, 0x0000, 0x0000, 0x0000, 0x0000, 0x0000, 0x0000, 0x0000, 0x0000, 0x0000, 0x0000, 0x0000,
    0x0000, 0x0000, 0x0000, 0x0000, 0x0000, 0x0000, 0x0000, 0x0000, 0x0000, 0x2100, 0xE510, 0x4A2A,
    0xCE43, 0xCE3B, 0xF25C, 0x504C, 0x6E3B, 0x2A22, 0x1064, 0x7174, 0x338D, 0x99B6, 0xAE53, 0xCB3A,
    0x6A2A, 0x6A2A, 0x6A2A, 0x6A2A, 0x4A2A, 0x4A2A, 0x4A2A, 0xA711, 0x6611, 0xEC42, 0x179E, 0xB8AE,
    0xB8B6, 0xB8AE, 0xB8B6, 0xB8AE, 0xB8B6, 0x9595, 0x0C43, 0x4611, 0x0922, 0x8A2A, 0x8B32, 0x8B32,
    0x8B32, 0x6A2A, 0x8B32, 0x6A2A, 0x6A32, 0x748D, 0x9595, 0x5064, 0x4D4B, 0xE921, 0x304C, 0x904C,
    0xEF43, 0x4E43, 0x2A2A, 0xA308, 0x0000, 0x0000, 0x0000, 0x0000, 0x0000, 0x0000, 0x0000, 0x0000,
    0x0000, 0x0000, 0x0000, 0x0000, 0x0000, 0x0000, 0x0000, 0x0000, 0x0000, 0x0000, 0x0000, 0x0000,
    0x0000, 0x0000, 0x0000, 0x0000, 0x0000, 0x0000, 0x0000, 0x0000, 0x0000, 0x0000, 0x0000, 0x0000,
    0x0000, 0x0000, 0x0000, 0x0000, 0x0000, 0x0000, 0x0000, 0x0000, 0x0000, 0x4100, 0x0611, 0x4A22,
    0xCE43, 0x704C, 0x7054, 0x8E43, 0x8E43, 0x092A, 0x1064, 0xB27C, 0xD27C, 0xAE53, 0x6A2A, 0x0922,
    0xC819, 0xC819, 0xC819, 0xA819, 0xC819, 0xA819, 0x2922, 0x0C3B, 0x0C33, 0xEC3A, 0x692A, 0x548D,
    0xB595, 0x9595, 0x9595, 0xD69D, 0xD27C, 0x492A, 0xAB32, 0x6D43, 0x4D43, 0x6A2A, 0xC819, 0xC821,
    0xC819, 0xC819, 0xC819, 0xC819, 0xC921, 0xC821, 0xB274, 0xB274, 0x2D4B, 0x0922, 0x6E3B, 0x5044,
    0xB154, 0xCE43, 0xE921, 0xA308, 0x0000, 0x0000, 0x0000, 0x0000, 0x0000, 0x0000, 0x0000, 0x0000,
    0x0000, 0x0000, 0x0000, 0x0000, 0x0000, 0x0000, 0x0000, 0x0000, 0x0000, 0x0000, 0x0000, 0x0000,
    0x0000, 0x0000, 0x0000, 0x0000, 0x0000, 0x0000, 0x0000, 0x0000, 0x0000, 0x0000, 0x0000, 0x0000,
    0x0000, 0x0000, 0x0000, 0x0000, 0x0000, 0x0000, 0x0000, 0x0000, 0x0000, 0x2100, 0x0611, 0x4A22,
    0x7054, 0x904C, 0x6D3B, 0x8E43, 0x0C3B, 0xE921, 0x1064, 0x9174, 0xCB3A, 0x2609, 0xC919, 0xE921,
    0xAC3A, 0xAC3A, 0xAB3A, 0xAB3A, 0xAB3A, 0x6B32, 0x4711, 0xA819, 0xA819, 0xC819, 0x4A2A, 0x506C,
    0xD27C, 0xB27C, 0x9174, 0xD27C, 0xAE5B, 0xC819, 0xC821, 0xC821, 0xC819, 0xA819, 0x6B3A, 0x6B3A,
    0x6B3A, 0x6B3A, 0x8B3A, 0x6B32, 0x8811, 0xC919, 0x0922, 0xAF53, 0x6E53, 0xE921, 0x2D3B, 0xAD3B,
    0x704C, 0x9154, 0x0922, 0x8308, 0x0000, 0x0000, 0x0000, 0x0000, 0x0000, 0x0000, 0x0000, 0x0000,
    0x0000, 0x0000, 0x0000, 0x0000, 0x0000, 0x0000, 0x0000, 0x0000, 0x0000, 0x0000, 0x0000, 0x0000,
    0x0000, 0x0000, 0x0000, 0x0000, 0x0000, 0x0000, 0x0000, 0x0000, 0x0000, 0x0000, 0x0000, 0x0000,
    0x0000, 0x0000, 0x0000, 0x0000, 0x0000, 0x0000, 0x0000, 0x0000, 0x2000, 0xA410, 0x0611, 0x2A2A,
    0xEF53, 0x6D3B, 0x0F4C, 0x6D3B, 0x8B2A, 0xC821, 0x1064, 0x1064, 0x0822, 0x4A2A, 0x4A32, 0xEC42,
    0xEF5B, 0xCF5B, 0xCE5B, 0xCE5B, 0xCF5B, 0xCF5B, 0xAB3A, 0x6B32, 0x6B3A, 0x8B3A, 0xF063, 0x306C,
    0xD27C, 0xF27C, 0xF27C, 0xB27C, 0x716C, 0x4D4B, 0x4A32, 0x4A32, 0x4A32, 0xCC42, 0x8E53, 0x8E53,
    0x8E5B, 0x8E5B, 0xAF5B, 0xAF5B, 0xEC42, 0x0922, 0x6711, 0x0C43, 0x4D4B, 0xA821, 0x0C3B, 0x4C33,
    0xAE3B, 0x6E3B, 0xA819, 0xE510, 0x6100, 0x0000, 0x0000, 0x0000, 0x0000, 0x0000, 0x0000, 0x0000,
    0x0000, 0x0000, 0x0000, 0x0000, 0x0000, 0x0000, 0x0000, 0x0000, 0x0000, 0x0000, 0x0000, 0x0000,
    0x0000, 0x0000, 0x0000, 0x0000, 0x0000, 0x0000, 0x0000, 0x0000, 0x0000, 0x0000, 0x0000, 0x0000,
    0x0000, 0x0000, 0x0000, 0x0000, 0x0000, 0x0000, 0x0000, 0x0000, 0x4208, 0x2619, 0xC508, 0xC408,
    0x4611, 0x4D43, 0x2F4C, 0x2C33, 0xAB32, 0xC821, 0xEF63, 0x0F64, 0xAE53, 0xAE53, 0xEF5B, 0xCF5B,
    0xAE5B, 0xAE5B, 0xCE5B, 0xCF5B, 0xCE5B, 0xAE5B, 0xEF63, 0xF063, 0xEF5B, 0x306C, 0x106C, 0xEF63,
    0x9174, 0xD27C, 0xD27C, 0xB174, 0x306C, 0x306C, 0xCF63, 0x6D53, 0xAE53, 0x8E53, 0xAE53, 0xCF5B,
    0xCF5B, 0xCF5B, 0xCF5B, 0xCF5B, 0xCF63, 0x8E53, 0x6D4B, 0xCE5B, 0x0C4B, 0xA719, 0x0C3B, 0x8E3B,
    0xEC32, 0xC819, 0x8719, 0x4619, 0x8208, 0x0000, 0x0000, 0x0000, 0x0000, 0x0000, 0x0000, 0x0000,
    0x0000, 0x0000, 0x0000, 0x0000, 0x0000, 0x0000, 0x0000, 0x0000, 0x0000, 0x0000, 0x0000, 0x0000,
    0x0000, 0x0000, 0x0000, 0x0000, 0x0000, 0x0000, 0x0000, 0x0000, 0x0000, 0x0000, 0x0000, 0x0000,
    0x0000, 0x0000, 0x0000, 0x0000, 0x0000, 0x0000, 0x0000, 0x0000, 0x4200, 0x0611, 0xAB42, 0xAE5B,
    0xCB42, 0x8B32, 0x0C3B, 0x0C3B, 0xAB32, 0xC821, 0xEF63, 0xEF63, 0x1064, 0x2C43, 0x8E53, 0x506C,
    0x506C, 0x506C, 0x506C, 0x506C, 0x706C, 0x3064, 0x4D4B, 0x4D4B, 0x8E53, 0x306C, 0x306C, 0x106C,
    0xB27C, 0xF27C, 0xD27C, 0x9174, 0x506C, 0x5074, 0xCF5B, 0x2D4B, 0x0C43, 0x6D53, 0x716C, 0x716C,
    0x716C, 0x716C, 0x716C, 0x516C, 0x8E53, 0x8E53, 0xCF5B, 0xEF5B, 0x0C43, 0xA819, 0x6D43, 0xEB32,
    0xE819, 0x1064, 0x759D, 0x493A, 0x4100, 0x0000, 0x0000, 0x0000, 0x0000, 0x0000, 0x0000, 0x0000,
    0x0000, 0x0000, 0x0000, 0x0000, 0x0000, 0x0000, 0x0000, 0x0000, 0x0000, 0x0000, 0x0000, 0x0000,
    0x0000, 0x0000, 0x0000, 0x0000, 0x0000, 0x0000, 0x0000, 0x0000, 0x0000, 0x0000, 0x0000, 0x0000,
    0x0000, 0x0000, 0x0000, 0x0000, 0x0000, 0x0000, 0x0000, 0x0000, 0x4208, 0x0511, 0x9174, 0x77AE,
    0xF6A5, 0xCB3A, 0x0922, 0xCC32, 0xAB32, 0xC821, 0xEF63, 0xEF63, 0xCF5B, 0xEF5B, 0x306C, 0x506C,
    0x506C, 0x506C, 0x506C, 0x506C, 0x506C, 0x506C, 0x0F64, 0xEF5B, 0xCF5B, 0x306C, 0x306C, 0x306C,
    0xF27C, 0xD595, 0xD595, 0xF27C, 0x506C, 0x516C, 0xCF5B, 0x6D53, 0x0F64, 0x506C, 0x516C, 0x506C,
    0x506C, 0x506C, 0x306C, 0x306C, 0x306C, 0xEF5B, 0xCF5B, 0xEF5B, 0x0C43, 0x292A, 0xEC3A, 0x492A,
    0x516C, 0x7495, 0xD59D, 0x8A42, 0x2100, 0x0000, 0x0000, 0x0000, 0x0000, 0x0000, 0x0000, 0x0000,
    0x0000, 0x0000, 0x0000, 0x0000, 0x0000, 0x0000, 0x0000, 0x0000, 0x0000, 0x0000, 0x0000, 0x0000,
    0x0000, 0x0000, 0x0000, 0x0000, 0x0000, 0x0000, 0x0000, 0x0000, 0x0000, 0x0000, 0x0000, 0x0000,
    0x0000, 0x0000, 0x0000, 0x0000, 0x0000, 0x0000, 0x0000, 0x0000, 0x6208, 0xE508, 0x9274, 0xF27C,
    0x5074, 0xF6A5, 0xAB3A, 0x4A2A, 0xEC3A, 0xE829, 0x1064, 0xEF63, 0xEF63, 0xEF63, 0x7174, 0x516C,
    0x506C, 0x506C, 0x506C, 0x506C, 0x506C, 0x506C, 0x9174, 0x7174, 0xCE5B, 0x506C, 0x306C, 0x9174,
    0x77AE, 0x77AE, 0x97AE, 0x77AE, 0xD27C, 0x5074, 0xEF63, 0x8E53, 0x516C, 0x706C, 0x506C, 0x506C,
    0x506C, 0x506C, 0x506C, 0x506C, 0x516C, 0xCF5B, 0xCF5B, 0x1064, 0x2D4B, 0x6A32, 0x6A2A, 0x1064,
    0x7595, 0x8D5B, 0x17AE, 0xAB42, 0x2100, 0x0000, 0x0000, 0x0000, 0x0000, 0x0000, 0x0000, 0x0000,
    0x0000, 0x0000, 0x0000, 0x0000, 0x0000, 0x0000, 0x0000, 0x0000, 0x0000, 0x0000, 0x0000, 0x0000,
    0x0000, 0x0000, 0x0000, 0x0000, 0x0000, 0x0000, 0x0000, 0x0000, 0x0000, 0x0000, 0x0000, 0x0000,
    0x0000, 0x0000, 0x0000, 0x0000, 0x0000, 0x0000, 0x0000, 0x0000, 0x4208, 0xE508, 0x9174, 0x3385,
    0xEB42, 0xD27C, 0x4A32, 0x2A2A, 0x6E53, 0xE829, 0x306C, 0x7174, 0x306C, 0x8B32, 0xA819, 0x4E4B,
    0xB27C, 0x9274, 0x9274, 0x9174, 0x7174, 0x9274, 0x492A, 0x0822, 0xEF63, 0x506C, 0x306C, 0xD27C,
    0x98B6, 0x77AE, 0x97AE, 0xB8B6, 0x1285, 0x7174, 0x1064, 0x4D4B, 0x8711, 0x6E53, 0xB274, 0x7174,
    0x9174, 0x716C, 0x9274, 0xEF5B, 0xA719, 0x4932, 0x3064, 0x3064, 0x2D4B, 0x6A32, 0x8B3A, 0x8A3A,
    0xAF63, 0x8E5B, 0x37AE, 0x8A3A, 0x2100, 0x0000, 0x0000, 0x0000, 0x0000, 0x0000, 0x0000, 0x0000,
    0x0000, 0x0000, 0x0000, 0x0000, 0x0000, 0x0000, 0x0000, 0x0000, 0x0000, 0x0000, 0x0000, 0x0000,
    0x0000, 0x0000, 0x0000, 0x0000, 0x0000, 0x0000, 0x0000, 0x0000, 0x0000, 0x0000, 0x0000, 0x0000,
    0x0000, 0x0000, 0x0000, 0x0000, 0x0000, 0x0000, 0x0000, 0x0000, 0x4108, 0xC508, 0x516C, 0x9495,
    0x0F64, 0x4D53, 0xC821, 0x6A32, 0x6D53, 0x082A, 0xB27C, 0x57AE, 0x138D, 0x316C, 0x0D4B, 0x8719,
    0xA821, 0xA821, 0xA819, 0x8719, 0x8719, 0x6611, 0x492A, 0x4D53, 0xB174, 0x548D, 0x106C, 0xB27C,
    0x98B6, 0x97AE, 0x97AE, 0xB8B6, 0xF284, 0x7174, 0x548D, 0x1064, 0xEC3A, 0xC821, 0xC821, 0xC821,
    0xA821, 0xC819, 0xC821, 0x8719, 0xAB3A, 0x106C, 0x548D, 0x958D, 0x2C4B, 0x492A, 0x6A32, 0xA721,
    0x2D53, 0x917C, 0x58AE, 0x6A3A, 0x2100, 0x0000, 0x0000, 0x0000, 0x0000, 0x0000, 0x0000, 0x0000,
    0x0000, 0x0000, 0x0000, 0x0000, 0x0000, 0x0000, 0x0000, 0x0000, 0x0000, 0x0000, 0x0000, 0x0000,
    0x0000, 0x0000, 0x0000, 0x0000, 0x0000, 0x0000, 0x0000, 0x0000, 0x0000, 0x0000, 0x0000, 0x0000,
    0x0000, 0x0000, 0x0000, 0x0000, 0x0000, 0x0000, 0x0000, 0x0000, 0x4108, 0xC510, 0x7174, 0xD595,
    0xD27C, 0xCF5B, 0xE929, 0x6A32, 0x8E53, 0x0932, 0xD284, 0xB8BE, 0x77AE, 0x7495, 0xF384, 0xCF63,
    0x8E5B, 0x6E5B, 0x6E53, 0x4E53, 0x6D53, 0x4D4B, 0x0F64, 0x706C, 0xD595, 0xB595, 0x506C, 0xF284,
    0x98AE, 0x77AE, 0x98AE, 0x98AE, 0x338D, 0xB17C, 0x77AE, 0xF27C, 0x7174, 0xCF5B, 0x8E5B, 0x8E5B,
    0x8E5B, 0x8E5B, 0x8E5B, 0xAE5B, 0xB27C, 0xF384, 0x98AE, 0x169E, 0x4D4B, 0x492A, 0x6A32, 0xE929,
    0x2D53, 0x548D, 0x78B6, 0x6A3A, 0x2100, 0x0000, 0x0000, 0x0000, 0x0000, 0x0000, 0x0000, 0x0000,
    0x0000, 0x0000, 0x0000, 0x0000, 0x0000, 0x0000, 0x0000, 0x0000, 0x0000, 0x0000, 0x0000, 0x0000,
    0x0000, 0x0000, 0x0000, 0x0000, 0x0000, 0x0000, 0x0000, 0x0000, 0x0000, 0x0000, 0x0000, 0x0000,
    0x0000, 0x0000, 0x0000, 0x0000, 0x0000, 0x0000, 0x0000, 0x0000, 0x4208, 0xE510, 0x106C, 0xF69D,
    0x9495, 0xEF63, 0x0A2A, 0xAB32, 0xAE53, 0x092A, 0xF384, 0xB8B6, 0xD8B6, 0x37A6, 0xB27C, 0xF384,
    0x1385, 0x1385, 0x1385, 0x1385, 0xF384, 0xF384, 0x9174, 0x1385, 0x97AE, 0xD595, 0x127D, 0x748D,
    0x77AE, 0x97AE, 0x97AE, 0x97AE, 0x9495, 0x3385, 0x57AE, 0xF69D, 0xF284, 0xF384, 0x348D, 0x348D,
    0x348D, 0x348D, 0x348D, 0x138D, 0xF384, 0xB59D, 0xB8B6, 0xF69D, 0x6D53, 0x8A32, 0x8B32, 0xE929,
    0x4D53, 0x3385, 0x5495, 0xE829, 0x4100, 0x0000, 0x0000, 0x0000, 0x0000, 0x0000, 0x0000, 0x0000,
    0x0000, 0x0000, 0x0000, 0x0000, 0x0000, 0x0000, 0x0000, 0x0000, 0x0000, 0x0000, 0x0000, 0x0000,
    0x0000, 0x0000, 0x0000, 0x0000, 0x0000, 0x0000, 0x0000, 0x0000, 0x0000, 0x0000, 0x0000, 0x0000,
    0x0000, 0x0000, 0x0000, 0x0000, 0x0000, 0x0000, 0x0000, 0x0000, 0x2000, 0x4200, 0x8721, 0xD69D,
    0x948D, 0xEF63, 0x0A2A, 0x8B32, 0x8E4B, 0x4A32, 0xF38C, 0x57AE, 0xB8B6, 0x98AE, 0xF59D, 0x1385,
    0x9174, 0xB174, 0xB174, 0x9174, 0x9174, 0xB274, 0x548D, 0x57AE, 0x98AE, 0xB595, 0xF27C, 0x748D,
    0x77AE, 0x77AE, 0x77AE, 0x77AE, 0x7495, 0x1385, 0x36A6, 0xB8B6, 0x37A6, 0x338D, 0xD27C, 0xB27C,
    0xB27C, 0xB27C, 0xB27C, 0xF384, 0xF6A5, 0xB8B6, 0x98B6, 0x36A6, 0x8E53, 0xAB3A, 0xAB3A, 0x092A,
    0x2D53, 0xB59D, 0x6D5B, 0x6200, 0x2000, 0x0000, 0x0000, 0x0000, 0x0000, 0x0000, 0x0000, 0x0000,
    0x0000, 0x0000, 0x0000, 0x0000, 0x0000, 0x0000, 0x0000, 0x0000, 0x0000, 0x0000, 0x0000, 0x0000,
    0x0000, 0x0000, 0x0000, 0x0000, 0x0000, 0x0000, 0x0000, 0x0000, 0x0000, 0x0000, 0x0000, 0x0000,
    0x0000, 0x0000, 0x0000, 0x0000, 0x0000, 0x0000, 0x0000, 0x0000, 0x0000, 0x0000, 0x0511, 0x1385,
    0x748D, 0x1064, 0x092A, 0x8B32, 0x8F53, 0xA821, 0xAF63, 0x959D, 0xB8B6, 0x57AE, 0x98B6, 0xF59D,
    0x538D, 0x748D, 0x748D, 0x748D, 0x548D, 0xB595, 0x98AE, 0x77AE, 0x97AE, 0xB595, 0x1385, 0x748D,
    0x98AE, 0x97AE, 0x97AE, 0x77AE, 0x9495, 0x1385, 0x16A6, 0x77AE, 0x77AE, 0x57AE, 0x7495, 0x748D,
    0x758D, 0x7495, 0x7495, 0x36A6, 0xB8B6, 0x77AE, 0xB8B6, 0xD69D, 0xAF5B, 0xCB3A, 0xAB3A, 0x292A,
    0xAE5B, 0x306C, 0x4A3A, 0x6208, 0x0000, 0x0000, 0x0000, 0x0000, 0x0000, 0x0000, 0x0000, 0x0000,
    0x0000, 0x0000, 0x0000, 0x0000, 0x0000, 0x0000, 0x0000, 0x0000, 0x0000, 0x0000, 0x0000, 0x0000,
    0x0000, 0x0000, 0x0000, 0x0000, 0x0000, 0x0000, 0x0000, 0x0000, 0x0000, 0x0000, 0x0000, 0x0000,
    0x0000, 0x0000, 0x0000, 0x0000, 0x0000, 0x0000, 0x0000, 0x0000, 0x0000, 0x0000, 0x0519, 0xA821,
    0x9274, 0x516C, 0x092A, 0x6B32, 0xAF53, 0x8711, 0x2A2A, 0x7174, 0xF69D, 0x98AE, 0x77AE, 0x97AE,
    0x98B6, 0xB8B6, 0x98AE, 0x98AE, 0x98B6, 0x98AE, 0x77AE, 0x97AE, 0x77AE, 0x338D, 0x338D, 0x7495,
    0x98B6, 0x97AE, 0x97AE, 0x97AE, 0x7495, 0xF384, 0x1385, 0x97AE, 0x77A6, 0x77AE, 0x98B6, 0x98B6,
    0x98B6, 0x98B6, 0x98B6, 0x98AE, 0x77AE, 0x98AE, 0x37AE, 0x7174, 0x0922, 0x0C43, 0xCB3A, 0x2A2A,
    0x306C, 0x6A3A, 0x8300, 0x8208, 0x0000, 0x0000, 0x0000, 0x0000, 0x0000, 0x0000, 0x0000, 0x0000,
    0x0000, 0x0000, 0x0000, 0x0000, 0x0000, 0x0000, 0x0000, 0x0000, 0x0000, 0x0000, 0x0000, 0x0000,
    0x0000, 0x0000, 0x0000, 0x0000, 0x0000, 0x0000, 0x0000, 0x0000, 0x0000, 0x0000, 0x0000, 0x0000,
    0x0000, 0x0000, 0x0000, 0x0000, 0x0000, 0x0000, 0x0000, 0x0000, 0x0000, 0x0000, 0x0100, 0xE510,
    0x927C, 0x506C, 0xE929, 0x4A32, 0x8E4B, 0xEC3A, 0xA819, 0xF063, 0xB174, 0x36A6, 0x98AE, 0x77AE,
    0x97AE, 0x97AE, 0x77AE, 0x77AE, 0x97AE, 0x77AE, 0x98B6, 0x37AE, 0xD27C, 0x37AE, 0x9495, 0xB59D,
    0x98B6, 0x97AE, 0x97AE, 0x77AE, 0x9495, 0xB595, 0xD59D, 0x3385, 0x77AE, 0x77AE, 0x77AE, 0x77AE,
    0x77AE, 0x77AE, 0x77AE, 0x77AE, 0x97AE, 0x57AE, 0x348D, 0x106C, 0x2609, 0x2D43, 0xCB3A, 0x292A,
    0x7174, 0x4E5B, 0x4200, 0x0000, 0x0000, 0x0000, 0x0000, 0x0000, 0x0000, 0x0000, 0x0000, 0x0000,
    0x0000, 0x0000, 0x0000, 0x0000, 0x0000, 0x0000, 0x0000, 0x0000, 0x0000, 0x0000, 0x0000, 0x0000,
    0x0000, 0x0000, 0x0000, 0x0000, 0x0000, 0x0000, 0x0000, 0x0000, 0x0000, 0x0000, 0x0000, 0x0000,
    0x0000, 0x0000, 0x0000, 0x0000, 0x0000, 0x0000, 0x0000, 0x0000, 0x0000, 0x0000, 0x0100, 0x0611,
    0x8F5B, 0x106C, 0xE929, 0x2A2A, 0x6D43, 0x2D3B, 0x0922, 0x2D4B, 0x316C, 0x1385, 0x97AE, 0x77AE,
    0x97AE, 0x97AE, 0x98B6, 0x98AE, 0x97AE, 0x77AE, 0x98B6, 0xD27C, 0xEF63, 0x98B6, 0xB59D, 0xF6A5,
    0x98B6, 0x77AE, 0x97AE, 0x78AE, 0x9595, 0xD59D, 0x57AE, 0x6D53, 0x7495, 0x98AE, 0x77AE, 0x77AE,
    0x77AE, 0x78AE, 0x77AE, 0x98AE, 0x77AE, 0x338D, 0x306C, 0x4A32, 0x0922, 0xAF4B, 0xAB32, 0x4A32,
    0x8E5B, 0xE831, 0x8308, 0x0000, 0x0000, 0x0000, 0x0000, 0x0000, 0x0000, 0x0000, 0x0000, 0x0000,
    0x0000, 0x0000, 0x0000, 0x0000, 0x0000, 0x0000, 0x0000, 0x0000, 0x0000, 0x0000, 0x0000, 0x0000,
    0x0000, 0x0000, 0x0000, 0x0000, 0x0000, 0x0000, 0x0000, 0x0000, 0x0000, 0x0000, 0x0000, 0x0000,
    0x0000, 0x0000, 0x0000, 0x0000, 0x0000, 0x0000, 0x0000, 0x0000, 0x0000, 0x0000, 0x0000, 0xC410,
    0x0611, 0x8F5B, 0x4A32, 0x0922, 0x4D43, 0x6D3B, 0x6E3B, 0xE921, 0xAF5B, 0x9274, 0x36A6, 0xB8AE,
    0x97AE, 0x98AE, 0x98AE, 0x98B6, 0x97AE, 0x98B6, 0x16A6, 0x7174, 0x306C, 0xFABE, 0xB59D, 0x16A6,
    0xB8B6, 0x77AE, 0x77AE, 0x98AE, 0x9595, 0x16A6, 0x98B6, 0xCF5B, 0x9174, 0x57AE, 0x97AE, 0x77AE,
    0x97AE, 0x97AE, 0x97AE, 0x98B6, 0x9495, 0xB27C, 0xAF63, 0x4711, 0x0C33, 0xAE43, 0x0922, 0x8B3A,
    0x8B3A, 0x6300, 0x4100, 0x0000, 0x0000, 0x0000, 0x0000, 0x0000, 0x0000, 0x0000, 0x0000, 0x0000,
    0x0000, 0x0000, 0x0000, 0x0000, 0x0000, 0x0000, 0x0000, 0x0000, 0x0000, 0x0000, 0x0000, 0x0000,
    0x0000, 0x0000, 0x0000, 0x0000, 0x0000, 0x0000, 0x0000, 0x0000, 0x0000, 0x0000, 0x0000, 0x0000,
    0x0000, 0x0000, 0x0000, 0x0000, 0x0000, 0x0000, 0x0000, 0x0000, 0x0000, 0x0000, 0x0000, 0x0000,
    0x0611, 0xA821, 0x4719, 0x2A2A, 0x6D43, 0x4F4C, 0xAE3B, 0x4A2A, 0xAC3A, 0xCF5B, 0x1385, 0xB8B6,
    0x98B6, 0x98B6, 0x98B6, 0x98AE, 0x77AE, 0x98B6, 0xD59D, 0x5174, 0x8F5B, 0x316C, 0x927C, 0x7495,
    0x98B6, 0x97AE, 0x98AE, 0x77AE, 0x7495, 0xB27C, 0xD37C, 0xCF63, 0x927C, 0x16A6, 0xB8B6, 0x97AE,
    0x98B6, 0x98B6, 0x98B6, 0x57AE, 0x1385, 0xEF63, 0xC821, 0xAB2A, 0xCE3B, 0x8D3B, 0xA819, 0x4719,
    0x6719, 0x8308, 0x0000, 0x0000, 0x0000, 0x0000, 0x0000, 0x0000, 0x0000, 0x0000, 0x0000, 0x0000,
    0x0000, 0x0000, 0x0000, 0x0000, 0x0000, 0x0000, 0x0000, 0x0000, 0x0000, 0x0000, 0x0000, 0x0000,
    0x0000, 0x0000, 0x0000, 0x0000, 0x0000, 0x0000, 0x0000, 0x0000, 0x0000, 0x0000, 0x0000, 0x0000,
    0x0000, 0x0000, 0x0000, 0x0000, 0x0000, 0x0000, 0x0000, 0x0000, 0x0000, 0x0000, 0x0000, 0x0000,
    0x0611, 0x0611, 0xC608, 0x4A32, 0xCE43, 0x3255, 0xCE3B, 0x2D3B, 0xA819, 0x4E4B, 0x306C, 0xD59D,
    0xB8B6, 0x97B6, 0x98B6, 0x77AE, 0x98AE, 0x57AE, 0xB27C, 0x4E4B, 0x8811, 0x0709, 0xC921, 0x4E53,
    0x548D, 0x17A6, 0x16A6, 0x7595, 0x4E53, 0x8819, 0x2709, 0x4B32, 0xD063, 0x1385, 0x98B6, 0x98B6,
    0x98B6, 0x98B6, 0xB8B6, 0x16A6, 0x9174, 0xEC4A, 0xA819, 0xEF43, 0xEE3B, 0xCE43, 0xA819, 0xA508,
    0xE610, 0x6308, 0x0000, 0x0000, 0x0000, 0x0000, 0x0000, 0x0000, 0x0000, 0x0000, 0x0000, 0x0000,
    0x0000, 0x0000, 0x0000, 0x0000, 0x0000, 0x0000, 0x0000, 0x0000, 0x0000, 0x0000, 0x0000, 0x0000,
    0x0000, 0x0000, 0x0000, 0x0000, 0x0000, 0x0000, 0x0000, 0x0000, 0x0000, 0x0000, 0x0000, 0x0000,
    0x0000, 0x0000, 0x0000, 0x0000, 0x0000, 0x0000, 0x0000, 0x0000, 0x0000, 0x0000, 0x0000, 0x0000,
    0x4100, 0xE510, 0x0A2A, 0x0C3B, 0x4F44, 0xF14C, 0xEE3B, 0x8E43, 0xED3A, 0x4A2A, 0x516C, 0x1385,
    0x77AE, 0x98B6, 0x77AE, 0x97AE, 0x77AE, 0x9174, 0x8B32, 0x4A22, 0x4B22, 0x2B2A, 0x0709, 0x6819,
    0x4E53, 0xCF63, 0xD063, 0x2E53, 0x4711, 0x6819, 0x6C2A, 0x6B2A, 0x8B2A, 0x6D4B, 0xB595, 0xD9BE,
    0x98B6, 0x98B6, 0x98B6, 0x16A6, 0xEF6B, 0x8B3A, 0x8A2A, 0xEE3B, 0x2F3C, 0xCE3B, 0x6A2A, 0x4719,
    0x8408, 0x0000, 0x0000, 0x0000, 0x0000, 0x0000, 0x0000, 0x0000, 0x0000, 0x0000, 0x0000, 0x0000,
    0x0000, 0x0000, 0x0000, 0x0000, 0x0000, 0x0000, 0x0000, 0x0000, 0x0000, 0x0000, 0x0000, 0x0000,
    0x0000, 0x0000, 0x0000, 0x0000, 0x0000, 0x0000, 0x0000, 0x0000, 0x0000, 0x0000, 0x0000, 0x0000,
    0x0000, 0x0000, 0x0000, 0x0000, 0x0000, 0x0000, 0x0000, 0x0000, 0x0000, 0x0000, 0x0000, 0x0000,
    0x0000, 0xC510, 0x6B2A, 0x0E44, 0xB044, 0x2F3C, 0xEE3B, 0xEF43, 0x8E43, 0x6B2A, 0xAC3A, 0xB27C,
    0x78AE, 0x98AE, 0xB8B6, 0x77AE, 0xB16C, 0x6D3B, 0x8E3B, 0xEE43, 0x704C, 0x8E43, 0x8B32, 0x6811,
    0x2711, 0x4819, 0x4819, 0x4811, 0xEA21, 0x4E43, 0xEF4B, 0x504C, 0x2F44, 0x8D3B, 0xEF53, 0x748D,
    0xB8B6, 0xD9B6, 0x36AE, 0x548D, 0xEC4A, 0xA711, 0xCE4B, 0xCE3B, 0xB044, 0x0E3C, 0xEC32, 0xA821,
    0x8308, 0x0000, 0x0000, 0x0000, 0x0000, 0x0000, 0x0000, 0x0000, 0x0000, 0x0000, 0x0000, 0x0000,
    0x0000, 0x0000, 0x0000, 0x0000, 0x0000, 0x0000, 0x0000, 0x0000, 0x0000, 0x0000, 0x0000, 0x0000,
    0x0000, 0x0000, 0x0000, 0x0000, 0x0000, 0x0000, 0x0000, 0x0000, 0x0000, 0x0000, 0x0000, 0x0000,
    0x0000, 0x0000, 0x0000, 0x0000, 0x0000, 0x0000, 0x0000, 0x0000, 0x0000, 0x0000, 0x0000, 0x0000,
    0x2000, 0xC510, 0x6A2A, 0xB054, 0x8F44, 0xEE3B, 0x0E3C, 0x2F44, 0x0F44, 0x4D3B, 0x0A22, 0x8F5B,
    0x57AE, 0xB8B6, 0xB595, 0x2F5C, 0x0F44, 0xD154, 0xD154, 0x325D, 0xB054, 0xAD3B, 0x6D43, 0xAC32,
    0x6811, 0x6919, 0x6919, 0xCA21, 0x4E43, 0xAE43, 0xAE3B, 0x704C, 0x525D, 0x1155, 0x4F44, 0xAE43,
    0x137D, 0x78AE, 0x37AE, 0x9174, 0x2A2A, 0x6A2A, 0xCE43, 0xCE3B, 0xF14C, 0x6F3C, 0x0C33, 0x8819,
    0x8308, 0x0000, 0x0000, 0x0000, 0x0000, 0x0000, 0x0000, 0x0000, 0x0000, 0x0000, 0x0000, 0x0000,
    0x0000, 0x0000, 0x0000, 0x0000, 0x0000, 0x0000, 0x0000, 0x0000, 0x0000, 0x0000, 0x0000, 0x0000,
    0x0000, 0x0000, 0x0000, 0x0000, 0x0000, 0x0000, 0x0000, 0x0000, 0x0000, 0x0000, 0x0000, 0x0000,
    0x0000, 0x0000, 0x0000, 0x0000, 0x0000, 0x0000, 0x0000, 0x0000, 0x0000, 0x0000, 0x0000, 0x0000,
    0x2100, 0xC508, 0x6B2A, 0x4F4C, 0x2E3C, 0x0E3C, 0x0E3C, 0xF14C, 0x9044, 0xCE3B, 0xEC32, 0xCC3A,
    0x7595, 0x5485, 0x8D43, 0x0F44, 0xF154, 0x7365, 0x5365, 0x6F4C, 0x8D3B, 0x8D3B, 0xAE43, 0x6D3B,
    0x6B2A, 0x8B2A, 0x8B2A, 0xAB32, 0x8E43, 0x8D43, 0x8D3B, 0xAD3B, 0x6F4C, 0x525D, 0x525D, 0x904C,
    0x8D43, 0x5064, 0x748D, 0x8E5B, 0x6A22, 0xAE43, 0xCE3B, 0xCE3B, 0x6F44, 0x5255, 0xCE43, 0x6719,
    0x8308, 0x0000, 0x0000, 0x0000, 0x0000, 0x0000, 0x0000, 0x0000, 0x0000, 0x0000, 0x0000, 0x0000,
    0x0000, 0x0000, 0x0000, 0x0000, 0x0000, 0x0000, 0x0000, 0x0000, 0x0000, 0x0000, 0x0000, 0x0000,
    0x0000, 0x0000, 0x0000, 0x0000, 0x0000, 0x0000, 0x0000, 0x0000, 0x0000, 0x0000, 0x0000, 0x0000,
    0x0000, 0x0000, 0x0000, 0x0000, 0x0000, 0x0000, 0x0000, 0x0000, 0x0000, 0x0000, 0x0000, 0x0000,
    0x2100, 0xE508, 0x4B2A, 0xAE43, 0x0E44, 0x0E3C, 0xB044, 0xF14C, 0xEE33, 0xCE3B, 0x6D3B, 0x2A22,
    0x316C, 0xAE4B, 0x0F44, 0xD14C, 0x7365, 0x325D, 0x2F4C, 0xCE43, 0xCE43, 0xAE43, 0xAE43, 0xAE43,
    0x8D43, 0x6D3B, 0x6D3B, 0x8D43, 0xAD43, 0x8D43, 0xAE43, 0xAE43, 0x8D3B, 0x4F4C, 0x5365, 0x735D,
    0x904C, 0x6D3B, 0x5064, 0x8E53, 0xEB2A, 0x1155, 0x2E3C, 0xAE3B, 0xCD33, 0xF14C, 0x0F44, 0x6719,
    0x8308, 0x0000, 0x0000, 0x0000, 0x0000, 0x0000, 0x0000, 0x0000, 0x0000, 0x0000, 0x0000, 0x0000,
    0x0000, 0x0000, 0x0000, 0x0000, 0x0000, 0x0000, 0x0000, 0x0000, 0x0000, 0x0000, 0x0000, 0x0000,
    0x0000, 0x0000, 0x0000, 0x0000, 0x0000, 0x0000, 0x0000, 0x0000, 0x0000, 0x0000, 0x0000, 0x0000,
    0x0000, 0x0000, 0x0000, 0x0000, 0x0000, 0x0000, 0x0000, 0x0000, 0x0000, 0x0000, 0x0000, 0x0000,
    0x2000, 0xE510, 0xEA21, 0xAC32, 0x6D3B, 0xB044, 0x314D, 0xEE33, 0xAD33, 0xCD33, 0xCE3B, 0x0C33,
    0x2922, 0x8D3B, 0xB14C, 0x9365, 0xF15C, 0x0F44, 0x6E43, 0x8E43, 0xAE43, 0x8D43, 0x8E43, 0x6D43,
    0xB26C, 0x547D, 0x747D, 0xD26C, 0x8D43, 0xAE43, 0xAE43, 0x8E43, 0x2D3B, 0x6E3B, 0x504C, 0x535D,
    0x735D, 0x704C, 0x8A2A, 0xC819, 0x0C33, 0x6F44, 0xB044, 0xEE3B, 0xAD33, 0x9044, 0x304C, 0x6719,
    0x8308, 0x0000, 0x0000, 0x0000, 0x0000, 0x0000, 0x0000, 0x0000, 0x0000, 0x0000, 0x0000, 0x0000,
    0x0000, 0x0000, 0x0000, 0x0000, 0x0000, 0x0000, 0x0000, 0x0000, 0x0000, 0x0000, 0x0000, 0x0000,
    0x0000, 0x0000, 0x0000, 0x0000, 0x0000, 0x0000, 0x0000, 0x0000, 0x0000, 0x0000, 0x0000, 0x0000,
    0x0000, 0x0000, 0x0000, 0x0000, 0x0000, 0x0000, 0x0000, 0x0000, 0x0000, 0x0000, 0x0000, 0x2100,
    0x6200, 0xC508, 0xA921, 0x4B32, 0x4D3B, 0x114D, 0x2E3C, 0xCD33, 0xCE33, 0xCD33, 0xEE33, 0x2C33,
    0xCB2A, 0x6F4C, 0x1155, 0xB054, 0xCE43, 0x8B32, 0xCC3A, 0x3064, 0x1064, 0x3064, 0x3064, 0x1064,
    0x5485, 0xD69D, 0xF69D, 0x5485, 0xEF5B, 0x105C, 0xEF5B, 0xCF53, 0x4E43, 0x6B2A, 0xED32, 0x0F44,
    0x325D, 0x325D, 0xCB2A, 0x2922, 0xAE43, 0x6C33, 0x904C, 0x2E3C, 0xAD33, 0x4F44, 0x8E3B, 0x6719,
    0xA408, 0x0000, 0x0000, 0x0000, 0x0000, 0x0000, 0x0000, 0x0000, 0x0000, 0x0000, 0x0000, 0x0000,
    0x0000, 0x0000, 0x0000, 0x0000, 0x0000, 0x0000, 0x0000, 0x0000, 0x0000, 0x0000, 0x0000, 0x0000,
    0x0000, 0x0000, 0x0000, 0x0000, 0x0000, 0x0000, 0x0000, 0x0000, 0x0000, 0x0000, 0x0000, 0x0000,
    0x0000, 0x0000, 0x0000, 0x0000, 0x0000, 0x0000, 0x0000, 0x0000, 0x0000, 0x0000, 0x2100, 0x8408,
    0xE510, 0xA508, 0x4819, 0xEA29, 0x0C33, 0x0E44, 0xAD33, 0xCD3B, 0xCE33, 0xCD33, 0xEE33, 0x2C33,
    0x4D33, 0x725D, 0xB04C, 0x8E43, 0x0A22, 0x6E53, 0xD384, 0xF384, 0x1385, 0xF063, 0xAE5B, 0xAF5B,
    0x4E53, 0x2D4B, 0x2D4B, 0x4E53, 0xAF5B, 0xAF5B, 0x516C, 0xD37C, 0xB37C, 0xAF5B, 0x0A22, 0x2D3B,
    0x2F44, 0x9365, 0x8E3B, 0xAA2A, 0xAD3B, 0x6C33, 0xEE3B, 0xB04C, 0xAD3B, 0x4D33, 0xCC32, 0x4719,
    0x0611, 0xE510, 0x6208, 0x0000, 0x0000, 0x0000, 0x0000, 0x0000, 0x0000, 0x0000, 0x0000, 0x0000,
    0x0000, 0x0000, 0x0000, 0x0000, 0x0000, 0x0000, 0x0000, 0x0000, 0x0000, 0x0000, 0x0000, 0x0000,
    0x0000, 0x0000, 0x0000, 0x0000, 0x0000, 0x0000, 0x0000, 0x0000, 0x0000, 0x0000, 0x0000, 0x0000,
    0x0000, 0x0000, 0x0000, 0x0000, 0x0000, 0x0000, 0x0000, 0x0000, 0x2100, 0x8308, 0xE510, 0x2711,
    0x0611, 0x0611, 0x8400, 0x6719, 0x8B32, 0xAB2A, 0xAD3B, 0xCD33, 0xCD33, 0xCD33, 0xEE33, 0x2C33,
    0x6D33, 0x3255, 0x0E44, 0x2A22, 0x4B32, 0xD384, 0x348D, 0x106C, 0xCC42, 0x0509, 0x4611, 0x4611,
    0x4611, 0x4611, 0x2611, 0x4611, 0x4611, 0x0609, 0xE921, 0x2D4B, 0xEF5B, 0xB274, 0x8F53, 0xC819,
    0x2C33, 0x1255, 0xCE3B, 0xEB2A, 0xAD3B, 0x6D33, 0xEE3B, 0xF254, 0x6D33, 0x0C33, 0x2A2A, 0x0711,
    0x0711, 0x2711, 0x4719, 0x6200, 0xC310, 0xC318, 0x0000, 0x0000, 0x0000, 0x0000, 0x0000, 0x0000,
    0x0000, 0x0000, 0x0000, 0x0000, 0x0000, 0x0000, 0x0000, 0x0000, 0x0000, 0x0000, 0x0000, 0x0000,
    0x0000, 0x0000, 0x0000, 0x0000, 0x0000, 0x0000, 0x0000, 0x0000, 0x0000, 0x0000, 0x0000, 0x0000,
    0x0000, 0x0000, 0x0000, 0x0000, 0x0000, 0x0000, 0x0000, 0x0000, 0xC410, 0x4719, 0x4711, 0x0A2A,
    0x2A22, 0xE921, 0x8400, 0xE510, 0x092A, 0x6B2A, 0x2C33, 0xEE3B, 0xCD33, 0xCE33, 0xEE3B, 0x4C33,
    0xAD33, 0x3255, 0x0F44, 0x2B22, 0x4E53, 0x98BE, 0xB8BE, 0xD27C, 0x0C4B, 0x7174, 0xB9BE, 0x78B6,
    0x98B6, 0x98B6, 0x98B6, 0x78B6, 0x98B6, 0x17A6, 0x4D4B, 0xEC42, 0x748D, 0xD9BE, 0xB274, 0xA811,
    0x0C33, 0xB04C, 0x4F44, 0x4D33, 0x8D33, 0x6D33, 0x8D3B, 0xCE3B, 0x2C3B, 0xEC3A, 0x4711, 0xC608,
    0x2711, 0x4819, 0x2711, 0xE608, 0x0D5B, 0x0C63, 0x0000, 0x0000, 0x0000, 0x0000, 0x0000, 0x0000,
    0x0000, 0x0000, 0x0000, 0x0000, 0x0000, 0x0000, 0x0000, 0x0000, 0x0000, 0x0000, 0x0000, 0x0000,
    0x0000, 0x0000, 0x0000, 0x0000, 0x0000, 0x0000, 0x0000, 0x0000, 0x0000, 0x0000, 0x0000, 0x0000,
    0x0000, 0x0000, 0x0000, 0x0000, 0x0000, 0xC410, 0x2619, 0x0611, 0x4819, 0x8919, 0xC921, 0x0922,
    0xAE53, 0xB374, 0x6A3A, 0x6400, 0x0611, 0xEA29, 0x6B2A, 0x8D3B, 0xAE3B, 0xCE3B, 0x0E3C, 0x2F3C,
    0xD144, 0x324D, 0xEF3B, 0x0A22, 0x4E53, 0x3ACF, 0x98B6, 0xF9BE, 0x3AC7, 0xB8B6, 0x57AE, 0x77AE,
    0x77AE, 0x77AE, 0x77AE, 0x77AE, 0x77AE, 0xD8B6, 0x39BF, 0xF9BE, 0xD9B6, 0x98B6, 0xD37C, 0xC919,
    0x4D3B, 0x7044, 0xB044, 0x4F3C, 0x9044, 0xCE3B, 0x4D33, 0x0C33, 0x0D3B, 0x4711, 0x2611, 0xF063,
    0xCC3A, 0x4811, 0x4819, 0x4811, 0x127C, 0x738C, 0x2619, 0x6208, 0x0000, 0x0000, 0x0000, 0x0000,
    0x0000, 0x0000, 0x0000, 0x0000, 0x0000, 0x0000, 0x0000, 0x0000, 0x0000, 0x0000, 0x0000, 0x0000,
    0x0000, 0x0000, 0x0000, 0x0000, 0x0000, 0x0000, 0x0000, 0x0000, 0x0000, 0x0000, 0x0000, 0x0000,
    0x0000, 0x0000, 0x0000, 0x0000, 0xC410, 0x4719, 0x4819, 0xA819, 0x0A22, 0x0A22, 0x0A22, 0x4A2A,
    0x57AE, 0x5AC7, 0x7174, 0x0611, 0xA508, 0x4819, 0x2A2A, 0xEC3A, 0xCC32, 0x6D33, 0x0E3C, 0x9044,
    0x314D, 0xF14C, 0xEF3B, 0x4B22, 0x2B2A, 0x959D, 0xD8B6, 0x77AE, 0x57A6, 0x538D, 0xCF63, 0x0C4B,
    0x2D4B, 0x0D4B, 0x2D4B, 0x2D4B, 0x6D53, 0x1385, 0x16A6, 0x97AE, 0xB8AE, 0x98B6, 0x2D53, 0xE919,
    0xCE43, 0xCE3B, 0x0E3C, 0x2F3C, 0x5355, 0xEE3B, 0x6D3B, 0x0D33, 0xEA21, 0xA500, 0xB27C, 0xFDDF,
    0x1385, 0x6811, 0xEA21, 0x4E53, 0x3595, 0xF494, 0x0E53, 0xE610, 0xE410, 0x0000, 0x0000, 0x0000,
    0x0000, 0x0000, 0x0000, 0x0000, 0x0000, 0x0000, 0x0000, 0x0000, 0x0000, 0x0000, 0x0000, 0x0000,
    0x0000, 0x0000, 0x0000, 0x0000, 0x0000, 0x0000, 0x0000, 0x0000, 0x0000, 0x0000, 0x0000, 0x0000,
    0x0000, 0x0000, 0x0000, 0xA410, 0x2719, 0x4719, 0x0922, 0x2C33, 0x8D3B, 0x8B2A, 0xE921, 0x2A2A,
    0x548D, 0x57A6, 0xCF5B, 0xA921, 0x0711, 0xA508, 0xA921, 0x8C32, 0x8C32, 0x6D3B, 0x0E3C, 0x9044,
    0xF144, 0xEE33, 0xAE3B, 0x6E43, 0x4811, 0xEC4A, 0x98B6, 0xD8B6, 0x57A6, 0x548D, 0x6B3A, 0x0709,
    0x6819, 0x4711, 0x4819, 0x2811, 0x6819, 0x6E53, 0x538D, 0xF9BE, 0x78AE, 0x7174, 0xC821, 0xEC32,
    0xCE3B, 0xEE3B, 0xCE3B, 0x0E3C, 0x124D, 0xCE3B, 0x4D3B, 0x8B2A, 0x6819, 0xA500, 0x1385, 0x16A6,
    0xF063, 0x6811, 0x6A2A, 0x5595, 0xD69D, 0x969D, 0xD48C, 0x0A32, 0x0611, 0xA410, 0x0000, 0x0000,
    0x0000, 0x0000, 0x0000, 0x0000, 0x0000, 0x0000, 0x0000, 0x0000, 0x0000, 0x0000, 0x0000, 0x0000,
    0x0000, 0x0000, 0x0000, 0x0000, 0x0000, 0x0000, 0x0000, 0x0000, 0x0000, 0x0000, 0x0000, 0x0000,
    0x0000, 0x0000, 0x2100, 0x2619, 0xA921, 0x8A2A, 0x6D3B, 0x6D33, 0x6D33, 0x2C33, 0x6A2A, 0xE921,
    0x092A, 0x2A2A, 0x2A22, 0x4B2A, 0xE921, 0x2711, 0xC608, 0xEA21, 0x6B2A, 0x6E3B, 0x0E3C, 0x903C,
    0xF144, 0xCE33, 0xAD3B, 0xAD3B, 0xCC32, 0x4719, 0x8E5B, 0xD59D, 0xD6A5, 0x5174, 0x4B32, 0x4B2A,
    0xAB32, 0x0C3B, 0xEC32, 0xAC32, 0x0A2A, 0x8F5B, 0x348D, 0x16A6, 0x927C, 0x6719, 0xAB32, 0xAE43,
    0x8E3B, 0xAD3B, 0xEE3B, 0x0E3C, 0x3255, 0xCE3B, 0xAB2A, 0xEA21, 0xE708, 0x8819, 0xE929, 0xC921,
    0x8819, 0xE921, 0xD37C, 0xF7A5, 0xD69D, 0xD69D, 0x969D, 0x9384, 0xC929, 0xA408, 0x0000, 0x0000,
    0x0000, 0x0000, 0x0000, 0x0000, 0x0000, 0x0000, 0x0000, 0x0000, 0x0000, 0x0000, 0x0000, 0x0000,
    0x0000, 0x0000, 0x0000, 0x0000, 0x0000, 0x0000, 0x0000, 0x0000, 0x0000, 0x0000, 0x0000, 0x0000,
    0x0000, 0x0000, 0x2100, 0x0611, 0x0A22, 0x4C33, 0x8D33, 0x6C33, 0x6D33, 0x6D33, 0x6D3B, 0x8B2A,
    0xE921, 0x0A22, 0x4B2A, 0x4A22, 0x2A22, 0xC921, 0xE610, 0xE610, 0x2A2A, 0xCC32, 0xAE3B, 0x8F3C,
    0xF144, 0x6D33, 0x6D3B, 0xAD3B, 0xAE43, 0xCC32, 0x8819, 0xC929, 0x2A32, 0xC921, 0xE921, 0xEC32,
    0xEE43, 0x8D3B, 0xAE3B, 0x8D3B, 0xAB32, 0x092A, 0x8C3A, 0x0A2A, 0x8819, 0x8B32, 0xCE43, 0x0E44,
    0x0D33, 0x6D3B, 0x0F3C, 0x0E3C, 0x7044, 0x6D3B, 0x6B2A, 0x4811, 0xA600, 0x6819, 0x6C32, 0xC919,
    0x2A22, 0xB37C, 0xF7A5, 0xB69D, 0xD69D, 0xD69D, 0xB69D, 0x759D, 0x7284, 0x4621, 0x0000, 0x0000,
    0x0000, 0x0000, 0x0000, 0x0000, 0x0000, 0x0000, 0x0000, 0x0000, 0x0000, 0x0000, 0x0000, 0x0000,
    0x0000, 0x0000, 0x0000, 0x0000, 0x0000, 0x0000, 0x0000, 0x0000, 0x0000, 0x0000, 0x0000, 0x0000,
    0x0000, 0x0000, 0x2000, 0xE510, 0x6819, 0xAB2A, 0x8D3B, 0x8D33, 0x8D33, 0x8D33, 0x8D33, 0x6D3B,
    0x8B2A, 0x2A22, 0xAC3A, 0x9595, 0x758D, 0xAB32, 0x4711, 0xC608, 0xC921, 0x2A2A, 0x2D3B, 0x6F44,
    0xD044, 0xAB22, 0x0C33, 0xCE3B, 0xAD3B, 0xAE43, 0x4D3B, 0x2A22, 0xEA21, 0x6B2A, 0x2D3B, 0x4F44,
    0x904C, 0x6D33, 0xAD33, 0x6F44, 0x8D3B, 0x0D3B, 0x0922, 0x0A22, 0x8B2A, 0x4D3B, 0xEE43, 0x0E44,
    0x0C3B, 0x0D3B, 0x0F3C, 0x2F44, 0x0C33, 0xEC32, 0x8C32, 0xA500, 0xAB42, 0x716C, 0xC919, 0xCC3A,
    0x348D, 0x17A6, 0xD69D, 0xD69D, 0xD69D, 0xD69D, 0x969D, 0x1595, 0xF494, 0x3184, 0xA631, 0x0000,
    0x0000, 0x0000, 0x0000, 0x0000, 0x0000, 0x0000, 0x0000, 0x0000, 0x0000, 0x0000, 0x0000, 0x0000,
    0x0000, 0x0000, 0x0000, 0x0000, 0x0000, 0x0000, 0x0000, 0x0000, 0x0000, 0x0000, 0x0000, 0x0000,
    0x0000, 0x0000, 0x0000, 0x2000, 0xE510, 0x8819, 0xCB32, 0x8D3B, 0xAD33, 0x8D33, 0x8D33, 0xAD33,
    0x6D3B, 0x8B2A, 0x2D4B, 0x3AC7, 0x1AC7, 0xAF5B, 0x8819, 0xC608, 0x0611, 0xEA21, 0xAB32, 0xAD3B,
    0x0F44, 0x4A22, 0xEC32, 0xAD3B, 0x8D3B, 0xAD3B, 0x2F44, 0xCE43, 0x6E43, 0x6D3B, 0x6D33, 0xD14C,
    0x2F44, 0x8D33, 0x8D33, 0x9044, 0xB04C, 0xCE3B, 0x8E43, 0xAE43, 0xEF43, 0x0F44, 0xEE3B, 0xCE43,
    0x0C3B, 0x4A2A, 0x4D33, 0xAE3B, 0xAB32, 0x8B32, 0x2711, 0x2611, 0x17AE, 0xB9BE, 0x106C, 0xB69D,
    0xF79D, 0xD69D, 0xD69D, 0xD69D, 0xD69D, 0xB69D, 0x3595, 0xB48C, 0x728C, 0x1084, 0x3084, 0x2C63,
    0xC739, 0xC318, 0x0000, 0x0000, 0x0000, 0x0000, 0x0000, 0x0000, 0x0000, 0x0000, 0x0000, 0x0000,
    0x0000, 0x0000, 0x0000, 0x0000, 0x0000, 0x0000, 0x0000, 0x0000, 0x0000, 0x0000, 0x0000, 0x0000,
    0x0000, 0x0000, 0x0000, 0x0000, 0x0000, 0xE510, 0x6819, 0xAB2A, 0xCE43, 0xAD33, 0xAD33, 0x8D33,
    0xAD3B, 0x2C33, 0xAB32, 0xF384, 0x1385, 0xAC3A, 0x8921, 0xE610, 0xA508, 0x4719, 0x2A2A, 0x6A2A,
    0x8B2A, 0xA819, 0xAB32, 0x6D3B, 0x6D3B, 0x6D33, 0xB044, 0x0E3C, 0x6D3B, 0x8D3B, 0x4F44, 0xF14C,
    0xCD33, 0xCE3B, 0xCE3B, 0xEE33, 0x114D, 0x2F44, 0x6D3B, 0x6D3B, 0x904C, 0x9044, 0x8D33, 0xAD43,
    0xCC32, 0xE921, 0xAB2A, 0xCB2A, 0x8B32, 0x8821, 0x6400, 0x6721, 0xF38C, 0x759D, 0x969D, 0xF7A5,
    0xD69D, 0xD69D, 0xD69D, 0xD79D, 0xD79D, 0xF494, 0xB48C, 0x5184, 0xF07B, 0xEF7B, 0x1084, 0x718C,
    0x1084, 0x2842, 0x0000, 0x0000, 0x0000, 0x0000, 0x0000, 0x0000, 0x0000, 0x0000, 0x0000, 0x0000,
    0x0000, 0x0000, 0x0000, 0x0000, 0x0000, 0x0000, 0x0000, 0x0000, 0x0000, 0x0000, 0x0000, 0x0000,
    0x0000, 0x0000, 0x0000, 0x0000, 0x0000, 0x2100, 0xC410, 0x4719, 0x4A2A, 0xAB2A, 0x6D3B, 0xAD33,
    0xAD33, 0x8D33, 0x0C33, 0xE921, 0xA819, 0xE921, 0xE921, 0xC921, 0xC508, 0x8408, 0x2611, 0x2A2A,
    0x2A2A, 0x6819, 0xE921, 0xAB32, 0x2C3B, 0x8D33, 0x8F44, 0x0E3C, 0x8D3B, 0xAD3B, 0xB044, 0x324D,
    0xEE3B, 0xCE3B, 0xEE3B, 0xEE3B, 0x114D, 0x2F3C, 0x6D3B, 0x2C3B, 0x4F44, 0x4F44, 0x8D3B, 0x2C3B,
    0x4A2A, 0xA921, 0x6A2A, 0xAB32, 0x092A, 0xA508, 0xA508, 0x6719, 0x4609, 0xEB32, 0x3054, 0x5485,
    0xF7A5, 0xD69D, 0xB69D, 0x5595, 0xF494, 0xB38C, 0x3184, 0xEF7B, 0x0F7C, 0x3084, 0x8E73, 0xA631,
    0x4108, 0x0000, 0x0000, 0x0000, 0x0000, 0x0000, 0x0000, 0x0000, 0x0000, 0x0000, 0x0000, 0x0000,
    0x0000, 0x0000, 0x0000, 0x0000, 0x0000, 0x0000, 0x0000, 0x0000, 0x0000, 0x0000, 0x0000, 0x0000,
    0x0000, 0x0000, 0x0000, 0x0000, 0x0000, 0x0000, 0x0000, 0x4200, 0xC410, 0x0611, 0xC819, 0xCC32,
    0x0C33, 0x6D33, 0xAD3B, 0xEB32, 0x6B2A, 0x4A2A, 0x8A32, 0xCB3A, 0x8A3A, 0x2619, 0x8400, 0x2619,
    0x2A32, 0x6819, 0xA921, 0x2A2A, 0xEB32, 0xAD3B, 0xB044, 0xCE3B, 0x2D3B, 0xAE3B, 0xD044, 0x524D,
    0x0E3C, 0xEE3B, 0xEE3B, 0xEE33, 0x114D, 0x4F44, 0x8E43, 0x8B2A, 0xAE3B, 0x6F44, 0x8D3B, 0xCB32,
    0xEA29, 0x4811, 0x2A2A, 0x2A2A, 0xE610, 0x8400, 0xA819, 0x4A22, 0xCB2A, 0x6D33, 0x4C2B, 0x6D33,
    0x716C, 0x3595, 0x1595, 0xB38C, 0x728C, 0x1084, 0xEF7B, 0xF07B, 0x3184, 0x694A, 0x4108, 0x0000,
    0x0000, 0x0000, 0x0000, 0x0000, 0x0000, 0x0000, 0x0000, 0x0000, 0x0000, 0x0000, 0x0000, 0x0000,
    0x0000, 0x0000, 0x0000, 0x0000, 0x0000, 0x0000, 0x0000, 0x0000, 0x0000, 0x0000, 0x0000, 0x0000,
    0x0000, 0x0000, 0x0000, 0x0000, 0x0000, 0x0000, 0x0000, 0x0000, 0x0000, 0x4208, 0xA408, 0x0511,
    0xC919, 0x4A22, 0xCB2A, 0x0C33, 0x8B2A, 0x4A22, 0x7164, 0x57A6, 0xD69D, 0x092A, 0xA508, 0xA508,
    0x2719, 0x0711, 0x8919, 0x2A2A, 0x0C3B, 0xCD3B, 0xD04C, 0x4D33, 0x8B2A, 0xAE43, 0x8F44, 0x314D,
    0x0E3C, 0xEE3B, 0xEE3B, 0xEE33, 0x114D, 0x2F44, 0x8E43, 0x8B32, 0xAE3B, 0x9044, 0x8D3B, 0xAB32,
    0xE929, 0xE608, 0xC921, 0x0611, 0x2300, 0xEC42, 0x0C3B, 0x8A22, 0x0C33, 0x2C33, 0xEC32, 0x2A22,
    0x8811, 0x0A3A, 0x728C, 0x3184, 0xEF7B, 0x1084, 0xEF7B, 0x3084, 0xE739, 0x0000, 0x0000, 0x0000,
    0x0000, 0x0000, 0x0000, 0x0000, 0x0000, 0x0000, 0x0000, 0x0000, 0x0000, 0x0000, 0x0000, 0x0000,
    0x0000, 0x0000, 0x0000, 0x0000, 0x0000, 0x0000, 0x0000, 0x0000, 0x0000, 0x0000, 0x0000, 0x0000,
    0x0000, 0x0000, 0x0000, 0x0000, 0x0000, 0x0000, 0x0000, 0x0000, 0x0000, 0x0000, 0x0000, 0x4100,
    0xC410, 0xC408, 0x4711, 0x8819, 0xE921, 0xE921, 0x2D43, 0xF9B6, 0x98AE, 0xCC3A, 0x6711, 0x0611,
    0xC508, 0xE610, 0x2711, 0xA919, 0xEC3A, 0xED3B, 0x9044, 0x0C33, 0xAC32, 0x2D3B, 0x8D33, 0x114D,
    0xCD33, 0xAD3B, 0xCE3B, 0xAD33, 0xF14C, 0x0E3C, 0x6D3B, 0x8B2A, 0x4D3B, 0x9044, 0x4C33, 0xAB32,
    0xEA29, 0xC508, 0xC608, 0xC508, 0xEC4A, 0xF27C, 0x6A2A, 0x4A22, 0x2A22, 0x8819, 0x6719, 0xC408,
    0xC410, 0x0000, 0x8631, 0x3084, 0xEF7B, 0xEF7B, 0x518C, 0x694A, 0x0000, 0x0000, 0x0000, 0x0000,
    0x0000, 0x0000, 0x0000, 0x0000, 0x0000, 0x0000, 0x0000, 0x0000, 0x0000, 0x0000, 0x0000, 0x0000,
    0x0000, 0x0000, 0x0000, 0x0000, 0x0000, 0x0000, 0x0000, 0x0000, 0x0000, 0x0000, 0x0000, 0x0000,
    0x0000, 0x0000, 0x0000, 0x0000, 0x0000, 0x0000, 0x0000, 0x0000, 0x0000, 0x0000, 0x0000, 0x0000,
    0x0000, 0x0000, 0x6208, 0x6300, 0xE510, 0x0611, 0xA819, 0x7174, 0xEF5B, 0xAB2A, 0x8B2A, 0x0A22,
    0x0709, 0xC608, 0xE608, 0x4819, 0x0A22, 0xEF43, 0xAD3B, 0x4A2A, 0x6B2A, 0xCC32, 0x0C33, 0x2F44,
    0x8F44, 0xCD3B, 0x8D3B, 0x0E3C, 0x6F44, 0x6D3B, 0x0D3B, 0x4B2A, 0xCB32, 0x8D3B, 0x2D3B, 0x6B32,
    0xE708, 0xE708, 0x0711, 0x0709, 0x316C, 0x2D4B, 0x2711, 0x8821, 0x4619, 0x6208, 0x6208, 0x0000,
    0x0000, 0x0000, 0x0000, 0xAA52, 0x3084, 0x1084, 0x4D6B, 0x2000, 0x0000, 0x0000, 0x0000, 0x0000,
    0x0000, 0x0000, 0x0000, 0x0000, 0x0000, 0x0000, 0x0000, 0x0000, 0x0000, 0x0000, 0x0000, 0x0000,
    0x0000, 0x0000, 0x0000, 0x0000, 0x0000, 0x0000, 0x0000, 0x0000, 0x0000, 0x0000, 0x0000, 0x0000,
    0x0000, 0x0000, 0x0000, 0x0000, 0x0000, 0x0000, 0x0000, 0x0000, 0x0000, 0x0000, 0x0000, 0x0000,
    0x0000, 0x0000, 0x0000, 0x0000, 0x2100, 0x6308, 0x0611, 0xE608, 0x2711, 0x6B2A, 0xAB2A, 0xEC2A,
    0xCC32, 0x0A22, 0x6819, 0x0711, 0xA921, 0x6B2A, 0xAC32, 0x6B32, 0xA919, 0x4B32, 0xCC32, 0x4C33,
    0xD04C, 0x2E3C, 0xAD33, 0xD04C, 0xCD3B, 0x2C3B, 0x6B32, 0xC921, 0xCC32, 0xCC32, 0x6B32, 0xE608,
    0x2811, 0xC921, 0xEA21, 0x8919, 0xE608, 0xE508, 0xC410, 0x6208, 0x2000, 0x0000, 0x0000, 0x0000,
    0x0000, 0x0000, 0x0000, 0xA210, 0xEF7B, 0x3084, 0x2421, 0x0000, 0x0000, 0x0000, 0x0000, 0x0000,
    0x0000, 0x0000, 0x0000, 0x0000, 0x0000, 0x0000, 0x0000, 0x0000, 0x0000, 0x0000, 0x0000, 0x0000,
    0x0000, 0x0000, 0x0000, 0x0000, 0x0000, 0x0000, 0x0000, 0x0000, 0x0000, 0x0000, 0x0000, 0x0000,
    0x0000, 0x0000, 0x0000, 0x0000, 0x0000, 0x0000, 0x0000, 0x0000, 0x0000, 0x0000, 0x0000, 0x0000,
    0x0000, 0x0000, 0x0000, 0x0000, 0x0000, 0x0000, 0x4200, 0x6208, 0xA408, 0x8921, 0xC919, 0x6B2A,
    0x8B2A, 0xEC32, 0xAF4B, 0xE919, 0xE710, 0xE710, 0x2711, 0x0A2A, 0x8819, 0x4811, 0x4B2A, 0xAB32,
    0xCE43, 0xAD3B, 0x8D3B, 0xCE43, 0xCB32, 0x8B32, 0x6719, 0x0A2A, 0xA819, 0x2711, 0xE710, 0x8919,
    0x6B32, 0x2B2A, 0xC921, 0x4719, 0xE510, 0x0000, 0x0000, 0x0000, 0x0000, 0x0000, 0x0000, 0x0000,
    0x0000, 0x0000, 0x0000, 0x0000, 0xEB5A, 0x8E73, 0x0000, 0x0000, 0x0000, 0x0000, 0x0000, 0x0000,
    0x0000, 0x0000, 0x0000, 0x0000, 0x0000, 0x0000, 0x0000, 0x0000, 0x0000, 0x0000, 0x0000, 0x0000,
    0x0000, 0x0000, 0x0000, 0x0000, 0x0000, 0x0000, 0x0000, 0x0000, 0x0000, 0x0000, 0x0000, 0x0000,
    0x0000, 0x0000, 0x0000, 0x0000, 0x0000, 0x0000, 0x0000, 0x0000, 0x0000, 0x0000, 0x0000, 0x0000,
    0x0000, 0x0000, 0x0000, 0x0000, 0x0000, 0x0000, 0x0000, 0x0000, 0x0000, 0x6208, 0xC410, 0x4719,
    0x4711, 0xEA21, 0xAB32, 0x2D43, 0x6719, 0x6400, 0xA508, 0xE608, 0xE610, 0xE610, 0x8819, 0x4A32,
    0x4A2A, 0x6A2A, 0x6A32, 0x6A2A, 0xAB32, 0x8719, 0x2711, 0xE608, 0xC508, 0xC608, 0xE608, 0x0A2A,
    0xA921, 0x0611, 0x4200, 0x4100, 0x0000, 0x0000, 0x0000, 0x0000, 0x0000, 0x0000, 0x0000, 0x0000,
    0x0000, 0x0000, 0x0000, 0x0000, 0xA631, 0x494A, 0x0000, 0x0000, 0x0000, 0x0000, 0x0000, 0x0000,
    0x0000, 0x0000, 0x0000, 0x0000, 0x0000, 0x0000, 0x0000, 0x0000, 0x0000, 0x0000, 0x0000, 0x0000,
};

/* Table of sprite pointers for runtime indexing. */
static const uint16_t *const ARGUS_SPRITES[ARGUS_MOOD_COUNT] = {
    ARGUS_SPR_WATCHING,
    ARGUS_SPR_INTERESTED,
    ARGUS_SPR_PLEASED,
    ARGUS_SPR_ANNOYED,
    ARGUS_SPR_RESIGNED,
    ARGUS_SPR_CALCULATING,
    ARGUS_SPR_CYNICAL,
    ARGUS_SPR_OLD_FURY,
    ARGUS_SPR_SLEEPING,
    ARGUS_SPR_REFLECTIVE,
    ARGUS_SPR_CURIOUS,
    ARGUS_SPR_STERN,
};